record	entry	name	from	to	type	symbol	value
program					sha256		8aa2f918844bce3afe21f1204f69757a443e32eb2f2f616936b1d9bfe215f593
program					image_base		00400000
function	00484d44	FUN_00484d44			unknown		undefined FUN_00484d44(void)
incoming	00484d44	FUN_00484d44	00493037	00484d44	UNCONDITIONAL_CALL	FUN_00492e7d	
caller	00484d44	FUN_00484d44	00492e7d	00484d44	call	FUN_00492e7d	
callee	00484d44	FUN_00484d44	00484d44	00403df2	call	FUN_00403df2	
callee	00484d44	FUN_00484d44	00484d44	00423f37	call	FUN_00423f37	
callee	00484d44	FUN_00484d44	00484d44	00494d83	call	FUN_00494d83	
callee	00484d44	FUN_00484d44	00484d44	0055f2dd	call	FUN_0055f2dd	
callee	00484d44	FUN_00484d44	00484d44	0058ef10	call	_strlen	
callee	00484d44	FUN_00484d44	00484d44	0058f020	call	_memset	
callee	00484d44	FUN_00484d44	00484d44	0058f078	call	FUN_0058f078	
callee	00484d44	FUN_00484d44	00484d44	0058f0f0	call	_strncpy	
callee	00484d44	FUN_00484d44	00484d44	0058f220	call	FUN_0058f220	
callee	00484d44	FUN_00484d44	00484d44	0058fe9e	call	_malloc	
callee	00484d44	FUN_00484d44	00484d44	0058ffd8	call	FUN_0058ffd8	
callee	00484d44	FUN_00484d44	00484d44	005909d2	call	FUN_005909d2	
callee	00484d44	FUN_00484d44	00484d44	0059dca8	call	GetAdaptersInfo	
reference	00484d44	FUN_00484d44	00484d5c	013b71e8	READ	DAT_013b71e8	0x0
reference	00484d44	FUN_00484d44	00484d6e	013b71e4	READ	DAT_013b71e4	0x0
reference	00484d44	FUN_00484d44	00484d87	00a344f8	DATA	DAT_00a344f8	
reference	00484d44	FUN_00484d44	00484dc1	005d04e0	WRITE	DAT_005d04e0	0x0
reference	00484d44	FUN_00484d44	00484ddc	005b8870	DATA	PTR_DAT_005b8870	0064252a
reference	00484d44	FUN_00484d44	00484df3	013b71e8	READ	DAT_013b71e8	0x0
reference	00484d44	FUN_00484d44	00484e05	013b71e8	READ	DAT_013b71e8	0x0
reference	00484d44	FUN_00484d44	00484e27	013b71e8	READ	DAT_013b71e8	0x0
reference	00484d44	FUN_00484d44	00484e4d	009325f8	DATA	DAT_009325f8	
reference	00484d44	FUN_00484d44	00484e55	005b8874	DATA	DAT_005b8874	
reference	00484d44	FUN_00484d44	00484e5a	013b71e0	READ	DAT_013b71e0	0x0
reference	00484d44	FUN_00484d44	00484e78	013b71e0	READ	DAT_013b71e0	0x0
reference	00484d44	FUN_00484d44	00484e81	013b71e4	READ	DAT_013b71e4	0x0
reference	00484d44	FUN_00484d44	00484e95	00a34578	DATA	DAT_00a34578	
reference	00484d44	FUN_00484d44	00484ee0	013b71e8	READ	DAT_013b71e8	0x0
reference	00484d44	FUN_00484d44	00484ee8	013b71e8	READ	DAT_013b71e8	0x0
reference	00484d44	FUN_00484d44	004850e5	005b8878	DATA	s_%x_%x_%x_%x_005b8878	%x %x %x %x
reference	00484d44	FUN_00484d44	0048513e	005d04d0	DATA	DAT_005d04d0	
reference	00484d44	FUN_00484d44	0048516e	013b71e8	READ	DAT_013b71e8	0x0
reference	00484d44	FUN_00484d44	0048517c	013b71e4	READ	DAT_013b71e4	0x0
instruction	00484d44	FUN_00484d44	00484d44	00484d45	FALL_THROUGH	FUN_00484d44	bytes=55;mnemonic=PUSH;instruction=PUSH EBP;inputs=ESP,EBP,0x4;results=ESP;flows=;fallthrough=00484d45
instruction	00484d44	FUN_00484d44	00484d45	00484d47	FALL_THROUGH	FUN_00484d44	bytes=8BEC;mnemonic=MOV;instruction=MOV EBP,ESP;inputs=ESP;results=EBP;flows=;fallthrough=00484d47
instruction	00484d44	FUN_00484d44	00484d47	00484d4d	FALL_THROUGH	FUN_00484d44	bytes=81EC20040000;mnemonic=SUB;instruction=SUB ESP,0x420;inputs=ESP,0x420,0x0,0x1,0xff;results=CF,ESP,PF,ZF,SF,OF;flows=;fallthrough=00484d4d
instruction	00484d44	FUN_00484d44	00484d4d	00484d53	FALL_THROUGH	FUN_00484d44	bytes=898DE0FBFFFF;mnemonic=MOV;instruction=MOV dword ptr [EBP + 0xfffffbe0],ECX;inputs=EBP,ECX,0xfffffbe0;results=;flows=;fallthrough=00484d53
instruction_reference	00484d44	FUN_00484d44	00484d4d	Stack[-0x424]	WRITE		operand_index=0;primary=true;source=ANALYSIS
instruction	00484d44	FUN_00484d44	00484d53	00484d56	FALL_THROUGH	FUN_00484d44	bytes=8B4508;mnemonic=MOV;instruction=MOV EAX,dword ptr [EBP + 0x8];inputs=EBP,0x8;results=EAX;flows=;fallthrough=00484d56
instruction_reference	00484d44	FUN_00484d44	00484d53	Stack[0x4]	READ		operand_index=1;primary=true;source=ANALYSIS
instruction	00484d44	FUN_00484d44	00484d56	00484d58	FALL_THROUGH	FUN_00484d44	bytes=33C9;mnemonic=XOR;instruction=XOR ECX,ECX;inputs=0x0,0x1,ECX,0xff;results=CF,PF,ECX,ZF,SF,OF;flows=;fallthrough=00484d58
instruction	00484d44	FUN_00484d44	00484d58	00484d5c	FALL_THROUGH	FUN_00484d44	bytes=668B4806;mnemonic=MOV;instruction=MOV CX,word ptr [EAX + 0x6];inputs=EAX,0x6;results=CX;flows=;fallthrough=00484d5c
instruction	00484d44	FUN_00484d44	00484d5c	00484d62	FALL_THROUGH	FUN_00484d44	bytes=8B15E8713B01;mnemonic=MOV;instruction=MOV EDX,dword ptr [0x013b71e8];inputs=013b71e8;results=EDX;flows=;fallthrough=00484d62
instruction_reference	00484d44	FUN_00484d44	00484d5c	013b71e8	READ	DAT_013b71e8	operand_index=1;primary=true;source=DEFAULT
instruction	00484d44	FUN_00484d44	00484d62	00484d68	FALL_THROUGH	FUN_00484d44	bytes=3B8A5C0C0000;mnemonic=CMP;instruction=CMP ECX,dword ptr [EDX + 0xc5c];inputs=0x0,0x1,ECX,EDX,0xc5c,0xff;results=CF,PF,ZF,SF,OF;flows=;fallthrough=00484d68
instruction	00484d44	FUN_00484d44	00484d68	00484d6e	CONDITIONAL_JUMP	FUN_00484d44	bytes=0F85F7030000;mnemonic=JNZ;instruction=JNZ 0x00485165;inputs=ZF;results=;flows=00485165;fallthrough=00484d6e
instruction_reference	00484d44	FUN_00484d44	00484d68	00485165	CONDITIONAL_JUMP	LAB_00485165	operand_index=0;primary=true;source=DEFAULT
instruction	00484d44	FUN_00484d44	00484d6e	00484d73	FALL_THROUGH	FUN_00484d44	bytes=A1E4713B01;mnemonic=MOV;instruction=MOV EAX,[0x013b71e4];inputs=013b71e4;results=EAX;flows=;fallthrough=00484d73
instruction_reference	00484d44	FUN_00484d44	00484d6e	013b71e4	READ	DAT_013b71e4	operand_index=1;primary=true;source=DEFAULT
instruction	00484d44	FUN_00484d44	00484d73	00484d76	FALL_THROUGH	FUN_00484d44	bytes=833800;mnemonic=CMP;instruction=CMP dword ptr [EAX],0x0;inputs=EAX,0x0,0x1,0xff;results=CF,PF,ZF,SF,OF;flows=;fallthrough=00484d76
instruction	00484d44	FUN_00484d44	00484d76	00484d7c	CONDITIONAL_JUMP	FUN_00484d44	bytes=0F85E9030000;mnemonic=JNZ;instruction=JNZ 0x00485165;inputs=ZF;results=;flows=00485165;fallthrough=00484d7c
instruction_reference	00484d44	FUN_00484d44	00484d76	00485165	CONDITIONAL_JUMP	LAB_00485165	operand_index=0;primary=true;source=DEFAULT
instruction	00484d44	FUN_00484d44	00484d7c	00484d7f	FALL_THROUGH	FUN_00484d44	bytes=8B4D08;mnemonic=MOV;instruction=MOV ECX,dword ptr [EBP + 0x8];inputs=EBP,0x8;results=ECX;flows=;fallthrough=00484d7f
instruction_reference	00484d44	FUN_00484d44	00484d7c	Stack[0x4]	READ		operand_index=1;primary=true;source=ANALYSIS
instruction	00484d44	FUN_00484d44	00484d7f	00484d85	FALL_THROUGH	FUN_00484d44	bytes=898D08FDFFFF;mnemonic=MOV;instruction=MOV dword ptr [EBP + 0xfffffd08],ECX;inputs=EBP,ECX,0xfffffd08;results=;flows=;fallthrough=00484d85
instruction_reference	00484d44	FUN_00484d44	00484d7f	Stack[-0x2fc]	WRITE		operand_index=0;primary=true;source=ANALYSIS
instruction	00484d44	FUN_00484d44	00484d85	00484d87	FALL_THROUGH	FUN_00484d44	bytes=6A00;mnemonic=PUSH;instruction=PUSH 0x0;inputs=0x0,ESP,0x4;results=ESP;flows=;fallthrough=00484d87
instruction	00484d44	FUN_00484d44	00484d87	00484d8c	FALL_THROUGH	FUN_00484d44	bytes=68F844A300;mnemonic=PUSH;instruction=PUSH 0xa344f8;inputs=ESP,0x4,0xa344f8;results=ESP;flows=;fallthrough=00484d8c
instruction_reference	00484d44	FUN_00484d44	00484d87	00a344f8	DATA	DAT_00a344f8	operand_index=0;primary=true;source=ANALYSIS
instruction	00484d44	FUN_00484d44	00484d8c	00484d92	FALL_THROUGH	FUN_00484d44	bytes=8B95E0FBFFFF;mnemonic=MOV;instruction=MOV EDX,dword ptr [EBP + 0xfffffbe0];inputs=EBP,0xfffffbe0;results=EDX;flows=;fallthrough=00484d92
instruction_reference	00484d44	FUN_00484d44	00484d8c	Stack[-0x424]	READ		operand_index=1;primary=true;source=ANALYSIS
instruction	00484d44	FUN_00484d44	00484d92	00484d98	FALL_THROUGH	FUN_00484d44	bytes=8B8A84000000;mnemonic=MOV;instruction=MOV ECX,dword ptr [EDX + 0x84];inputs=0x84,EDX;results=ECX;flows=;fallthrough=00484d98
instruction	00484d44	FUN_00484d44	00484d98	00484d9d	UNCONDITIONAL_CALL	FUN_00484d44	bytes=E855F0F7FF;mnemonic=CALL;instruction=CALL 0x00403df2;inputs=ESP,0x4,0x484d9d;results=ESP;flows=00403df2;fallthrough=00484d9d
instruction_reference	00484d44	FUN_00484d44	00484d98	00403df2	UNCONDITIONAL_CALL	FUN_00403df2	operand_index=0;primary=true;source=DEFAULT
instruction	00484d44	FUN_00484d44	00484d9d	00484d9f	FALL_THROUGH	FUN_00484d44	bytes=6A00;mnemonic=PUSH;instruction=PUSH 0x0;inputs=0x0,ESP,0x4;results=ESP;flows=;fallthrough=00484d9f
instruction	00484d44	FUN_00484d44	00484d9f	00484da1	FALL_THROUGH	FUN_00484d44	bytes=6A01;mnemonic=PUSH;instruction=PUSH 0x1;inputs=ESP,0x1,0x4;results=ESP;flows=;fallthrough=00484da1
instruction	00484d44	FUN_00484d44	00484da1	00484da7	FALL_THROUGH	FUN_00484d44	bytes=8B85E0FBFFFF;mnemonic=MOV;instruction=MOV EAX,dword ptr [EBP + 0xfffffbe0];inputs=EBP,0xfffffbe0;results=EAX;flows=;fallthrough=00484da7
instruction_reference	00484d44	FUN_00484d44	00484da1	Stack[-0x424]	READ		operand_index=1;primary=true;source=ANALYSIS
instruction	00484d44	FUN_00484d44	00484da7	00484dad	FALL_THROUGH	FUN_00484d44	bytes=8B8884000000;mnemonic=MOV;instruction=MOV ECX,dword ptr [EAX + 0x84];inputs=EAX,0x84;results=ECX;flows=;fallthrough=00484dad
instruction	00484d44	FUN_00484d44	00484dad	00484db3	FALL_THROUGH	FUN_00484d44	bytes=8B95E0FBFFFF;mnemonic=MOV;instruction=MOV EDX,dword ptr [EBP + 0xfffffbe0];inputs=EBP,0xfffffbe0;results=EDX;flows=;fallthrough=00484db3
instruction_reference	00484d44	FUN_00484d44	00484dad	Stack[-0x424]	READ		operand_index=1;primary=true;source=ANALYSIS
instruction	00484d44	FUN_00484d44	00484db3	00484db9	FALL_THROUGH	FUN_00484d44	bytes=8B8284000000;mnemonic=MOV;instruction=MOV EAX,dword ptr [EDX + 0x84];inputs=0x84,EDX;results=EAX;flows=;fallthrough=00484db9
instruction	00484d44	FUN_00484d44	00484db9	00484dbb	FALL_THROUGH	FUN_00484d44	bytes=8B10;mnemonic=MOV;instruction=MOV EDX,dword ptr [EAX];inputs=EAX;results=EDX;flows=;fallthrough=00484dbb
instruction	00484d44	FUN_00484d44	00484dbb	00484dc1	COMPUTED_CALL	FUN_00484d44	bytes=FF9288000000;mnemonic=CALL;instruction=CALL dword ptr [EDX + 0x88];inputs=ESP,0x4,EDX,0x88,0x484dc1;results=ESP;flows=;fallthrough=00484dc1
instruction	00484d44	FUN_00484d44	00484dc1	00484dcb	FALL_THROUGH	FUN_00484d44	bytes=C705E0045D0000000000;mnemonic=MOV;instruction=MOV dword ptr [0x005d04e0],0x0;inputs=0x0;results=005d04e0;flows=;fallthrough=00484dcb
instruction_reference	00484d44	FUN_00484d44	00484dc1	005d04e0	WRITE	DAT_005d04e0	operand_index=0;primary=true;source=DEFAULT
instruction	00484d44	FUN_00484d44	00484dcb	00484dd5	FALL_THROUGH	FUN_00484d44	bytes=C78500FDFFFF00000000;mnemonic=MOV;instruction=MOV dword ptr [EBP + 0xfffffd00],0x0;inputs=0x0,EBP,0xfffffd00;results=;flows=;fallthrough=00484dd5
instruction_reference	00484d44	FUN_00484d44	00484dcb	Stack[-0x304]	WRITE		operand_index=0;primary=true;source=ANALYSIS
instruction	00484d44	FUN_00484d44	00484dd5	00484ddb	FALL_THROUGH	FUN_00484d44	bytes=8D8500FDFFFF;mnemonic=LEA;instruction=LEA EAX,[EBP + 0xfffffd00];inputs=EBP,0xfffffd00;results=EAX;flows=;fallthrough=00484ddb
instruction_reference	00484d44	FUN_00484d44	00484dd5	Stack[-0x304]	DATA		operand_index=0;primary=true;source=ANALYSIS
instruction	00484d44	FUN_00484d44	00484ddb	00484ddc	FALL_THROUGH	FUN_00484d44	bytes=50;mnemonic=PUSH;instruction=PUSH EAX;inputs=EAX,ESP,0x4;results=ESP;flows=;fallthrough=00484ddc
instruction	00484d44	FUN_00484d44	00484ddc	00484de1	FALL_THROUGH	FUN_00484d44	bytes=6870885B00;mnemonic=PUSH;instruction=PUSH 0x5b8870;inputs=ESP,0x4,0x5b8870;results=ESP;flows=;fallthrough=00484de1
instruction_reference	00484d44	FUN_00484d44	00484ddc	005b8870	DATA	PTR_DAT_005b8870	operand_index=0;primary=true;source=ANALYSIS
instruction	00484d44	FUN_00484d44	00484de1	00484de7	FALL_THROUGH	FUN_00484d44	bytes=8B8D08FDFFFF;mnemonic=MOV;instruction=MOV ECX,dword ptr [EBP + 0xfffffd08];inputs=EBP,0xfffffd08;results=ECX;flows=;fallthrough=00484de7
instruction_reference	00484d44	FUN_00484d44	00484de1	Stack[-0x2fc]	READ		operand_index=1;primary=true;source=ANALYSIS
instruction	00484d44	FUN_00484d44	00484de7	00484dea	FALL_THROUGH	FUN_00484d44	bytes=83C11C;mnemonic=ADD;instruction=ADD ECX,0x1c;inputs=0x0,0x1,ECX,0x1c,0xff;results=CF,PF,ECX,ZF,SF,OF;flows=;fallthrough=00484dea
instruction	00484d44	FUN_00484d44	00484dea	00484deb	FALL_THROUGH	FUN_00484d44	bytes=51;mnemonic=PUSH;instruction=PUSH ECX;inputs=ESP,ECX,0x4;results=ESP;flows=;fallthrough=00484deb
instruction	00484d44	FUN_00484d44	00484deb	00484df0	UNCONDITIONAL_CALL	FUN_00484d44	bytes=E8E2BB1000;mnemonic=CALL;instruction=CALL 0x005909d2;inputs=ESP,0x4,0x484df0;results=ESP;flows=005909d2;fallthrough=00484df0
instruction_reference	00484d44	FUN_00484d44	00484deb	005909d2	UNCONDITIONAL_CALL	FUN_005909d2	operand_index=0;primary=true;source=DEFAULT
instruction	00484d44	FUN_00484d44	00484df0	00484df3	FALL_THROUGH	FUN_00484d44	bytes=83C40C;mnemonic=ADD;instruction=ADD ESP,0xc;inputs=ESP,0x0,0x1,0xc,0xff;results=CF,ESP,PF,ZF,SF,OF;flows=;fallthrough=00484df3
instruction	00484d44	FUN_00484d44	00484df3	00484df9	FALL_THROUGH	FUN_00484d44	bytes=8B15E8713B01;mnemonic=MOV;instruction=MOV EDX,dword ptr [0x013b71e8];inputs=013b71e8;results=EDX;flows=;fallthrough=00484df9
instruction_reference	00484d44	FUN_00484d44	00484df3	013b71e8	READ	DAT_013b71e8	operand_index=1;primary=true;source=DEFAULT
instruction	00484d44	FUN_00484d44	00484df9	00484dff	FALL_THROUGH	FUN_00484d44	bytes=8B8500FDFFFF;mnemonic=MOV;instruction=MOV EAX,dword ptr [EBP + 0xfffffd00];inputs=EBP,0xfffffd00;results=EAX;flows=;fallthrough=00484dff
instruction_reference	00484d44	FUN_00484d44	00484df9	Stack[-0x304]	READ		operand_index=1;primary=true;source=ANALYSIS
instruction	00484d44	FUN_00484d44	00484dff	00484e05	FALL_THROUGH	FUN_00484d44	bytes=898250AF0100;mnemonic=MOV;instruction=MOV dword ptr [EDX + 0x1af50],EAX;inputs=EAX,0x1af50,EDX;results=;flows=;fallthrough=00484e05
instruction	00484d44	FUN_00484d44	00484e05	00484e0b	FALL_THROUGH	FUN_00484d44	bytes=8B0DE8713B01;mnemonic=MOV;instruction=MOV ECX,dword ptr [0x013b71e8];inputs=013b71e8;results=ECX;flows=;fallthrough=00484e0b
instruction_reference	00484d44	FUN_00484d44	00484e05	013b71e8	READ	DAT_013b71e8	operand_index=1;primary=true;source=DEFAULT
instruction	00484d44	FUN_00484d44	00484e0b	00484e11	FALL_THROUGH	FUN_00484d44	bytes=8B9150AF0100;mnemonic=MOV;instruction=MOV EDX,dword ptr [ECX + 0x1af50];inputs=0x1af50,ECX;results=EDX;flows=;fallthrough=00484e11
instruction	00484d44	FUN_00484d44	00484e11	00484e12	FALL_THROUGH	FUN_00484d44	bytes=52;mnemonic=PUSH;instruction=PUSH EDX;inputs=ESP,0x4,EDX;results=ESP;flows=;fallthrough=00484e12
instruction	00484d44	FUN_00484d44	00484e12	00484e18	FALL_THROUGH	FUN_00484d44	bytes=8B8DE0FBFFFF;mnemonic=MOV;instruction=MOV ECX,dword ptr [EBP + 0xfffffbe0];inputs=EBP,0xfffffbe0;results=ECX;flows=;fallthrough=00484e18
instruction_reference	00484d44	FUN_00484d44	00484e12	Stack[-0x424]	READ		operand_index=1;primary=true;source=ANALYSIS
instruction	00484d44	FUN_00484d44	00484e18	00484e1d	UNCONDITIONAL_CALL	FUN_00484d44	bytes=E866FF0000;mnemonic=CALL;instruction=CALL 0x00494d83;inputs=ESP,0x4,0x484e1d;results=ESP;flows=00494d83;fallthrough=00484e1d
instruction_reference	00484d44	FUN_00484d44	00484e18	00494d83	UNCONDITIONAL_CALL	FUN_00494d83	operand_index=0;primary=true;source=DEFAULT
instruction	00484d44	FUN_00484d44	00484e1d	00484e27	FALL_THROUGH	FUN_00484d44	bytes=C785FCFCFFFF00000000;mnemonic=MOV;instruction=MOV dword ptr [EBP + 0xfffffcfc],0x0;inputs=0x0,0xfffffcfc,EBP;results=;flows=;fallthrough=00484e27
instruction_reference	00484d44	FUN_00484d44	00484e1d	Stack[-0x308]	WRITE		operand_index=0;primary=true;source=ANALYSIS
instruction	00484d44	FUN_00484d44	00484e27	00484e2c	FALL_THROUGH	FUN_00484d44	bytes=A1E8713B01;mnemonic=MOV;instruction=MOV EAX,[0x013b71e8];inputs=013b71e8;results=EAX;flows=;fallthrough=00484e2c
instruction_reference	00484d44	FUN_00484d44	00484e27	013b71e8	READ	DAT_013b71e8	operand_index=1;primary=true;source=DEFAULT
instruction	00484d44	FUN_00484d44	00484e2c	00484e32	FALL_THROUGH	FUN_00484d44	bytes=8B884CAF0100;mnemonic=MOV;instruction=MOV ECX,dword ptr [EAX + 0x1af4c];inputs=EAX,0x1af4c;results=ECX;flows=;fallthrough=00484e32
instruction	00484d44	FUN_00484d44	00484e32	00484e38	FALL_THROUGH	FUN_00484d44	bytes=898DFCFCFFFF;mnemonic=MOV;instruction=MOV dword ptr [EBP + 0xfffffcfc],ECX;inputs=0xfffffcfc,EBP,ECX;results=;flows=;fallthrough=00484e38
instruction_reference	00484d44	FUN_00484d44	00484e32	Stack[-0x308]	WRITE		operand_index=0;primary=true;source=ANALYSIS
instruction	00484d44	FUN_00484d44	00484e38	00484e3e	FALL_THROUGH	FUN_00484d44	bytes=8B95FCFCFFFF;mnemonic=MOV;instruction=MOV EDX,dword ptr [EBP + 0xfffffcfc];inputs=0xfffffcfc,EBP;results=EDX;flows=;fallthrough=00484e3e
instruction_reference	00484d44	FUN_00484d44	00484e38	Stack[-0x308]	READ		operand_index=1;primary=true;source=ANALYSIS
instruction	00484d44	FUN_00484d44	00484e3e	00484e44	FALL_THROUGH	FUN_00484d44	bytes=69D2C0020000;mnemonic=IMUL;instruction=IMUL EDX,EDX,0x2c0;inputs=0x2c0,0x0,0x4,EDX;results=CF,EDX,OF;flows=;fallthrough=00484e44
instruction	00484d44	FUN_00484d44	00484e44	00484e4a	FALL_THROUGH	FUN_00484d44	bytes=8B8500FDFFFF;mnemonic=MOV;instruction=MOV EAX,dword ptr [EBP + 0xfffffd00];inputs=EBP,0xfffffd00;results=EAX;flows=;fallthrough=00484e4a
instruction_reference	00484d44	FUN_00484d44	00484e44	Stack[-0x304]	READ		operand_index=1;primary=true;source=ANALYSIS
instruction	00484d44	FUN_00484d44	00484e4a	00484e4d	FALL_THROUGH	FUN_00484d44	bytes=C1E006;mnemonic=SHL;instruction=SHL EAX,0x6;inputs=EAX,0x0,CF,0x1,PF,0x6,ZF,SF,OF,0x1f,0xff;results=EAX,CF,PF,ZF,SF,OF;flows=;fallthrough=00484e4d
instruction	00484d44	FUN_00484d44	00484e4d	00484e54	FALL_THROUGH	FUN_00484d44	bytes=8D8C02F8259300;mnemonic=LEA;instruction=LEA ECX,[EDX + EAX*0x1 + 0x9325f8];inputs=EAX,0x1,EDX,0x9325f8;results=ECX;flows=;fallthrough=00484e54
instruction_reference	00484d44	FUN_00484d44	00484e4d	009325f8	DATA	DAT_009325f8	operand_index=1;primary=true;source=ANALYSIS
instruction	00484d44	FUN_00484d44	00484e54	00484e55	FALL_THROUGH	FUN_00484d44	bytes=51;mnemonic=PUSH;instruction=PUSH ECX;inputs=ESP,ECX,0x4;results=ESP;flows=;fallthrough=00484e55
instruction	00484d44	FUN_00484d44	00484e55	00484e5a	FALL_THROUGH	FUN_00484d44	bytes=6874885B00;mnemonic=PUSH;instruction=PUSH 0x5b8874;inputs=ESP,0x4,0x5b8874;results=ESP;flows=;fallthrough=00484e5a
instruction_reference	00484d44	FUN_00484d44	00484e55	005b8874	DATA	DAT_005b8874	operand_index=0;primary=true;source=ANALYSIS
instruction	00484d44	FUN_00484d44	00484e5a	00484e60	FALL_THROUGH	FUN_00484d44	bytes=8B15E0713B01;mnemonic=MOV;instruction=MOV EDX,dword ptr [0x013b71e0];inputs=013b71e0;results=EDX;flows=;fallthrough=00484e60
instruction_reference	00484d44	FUN_00484d44	00484e5a	013b71e0	READ	DAT_013b71e0	operand_index=1;primary=true;source=DEFAULT
instruction	00484d44	FUN_00484d44	00484e60	00484e63	FALL_THROUGH	FUN_00484d44	bytes=83C260;mnemonic=ADD;instruction=ADD EDX,0x60;inputs=0x60,0x0,0x1,EDX,0xff;results=CF,PF,ZF,SF,EDX,OF;flows=;fallthrough=00484e63
instruction	00484d44	FUN_00484d44	00484e63	00484e64	FALL_THROUGH	FUN_00484d44	bytes=52;mnemonic=PUSH;instruction=PUSH EDX;inputs=ESP,0x4,EDX;results=ESP;flows=;fallthrough=00484e64
instruction	00484d44	FUN_00484d44	00484e64	00484e69	UNCONDITIONAL_CALL	FUN_00484d44	bytes=E80FA21000;mnemonic=CALL;instruction=CALL 0x0058f078;inputs=ESP,0x484e69,0x4;results=ESP;flows=0058f078;fallthrough=00484e69
instruction_reference	00484d44	FUN_00484d44	00484e64	0058f078	UNCONDITIONAL_CALL	FUN_0058f078	operand_index=0;primary=true;source=DEFAULT
instruction	00484d44	FUN_00484d44	00484e69	00484e6c	FALL_THROUGH	FUN_00484d44	bytes=83C40C;mnemonic=ADD;instruction=ADD ESP,0xc;inputs=ESP,0x0,0x1,0xc,0xff;results=CF,ESP,PF,ZF,SF,OF;flows=;fallthrough=00484e6c
instruction	00484d44	FUN_00484d44	00484e6c	00484e71	FALL_THROUGH	FUN_00484d44	bytes=6864040000;mnemonic=PUSH;instruction=PUSH 0x464;inputs=ESP,0x464,0x4;results=ESP;flows=;fallthrough=00484e71
instruction	00484d44	FUN_00484d44	00484e71	00484e73	FALL_THROUGH	FUN_00484d44	bytes=6A00;mnemonic=PUSH;instruction=PUSH 0x0;inputs=0x0,ESP,0x4;results=ESP;flows=;fallthrough=00484e73
instruction	00484d44	FUN_00484d44	00484e73	00484e78	FALL_THROUGH	FUN_00484d44	bytes=6859200000;mnemonic=PUSH;instruction=PUSH 0x2059;inputs=ESP,0x4,0x2059;results=ESP;flows=;fallthrough=00484e78
instruction	00484d44	FUN_00484d44	00484e78	00484e7d	FALL_THROUGH	FUN_00484d44	bytes=A1E0713B01;mnemonic=MOV;instruction=MOV EAX,[0x013b71e0];inputs=013b71e0;results=EAX;flows=;fallthrough=00484e7d
instruction_reference	00484d44	FUN_00484d44	00484e78	013b71e0	READ	DAT_013b71e0	operand_index=1;primary=true;source=DEFAULT
instruction	00484d44	FUN_00484d44	00484e7d	00484e80	FALL_THROUGH	FUN_00484d44	bytes=83C060;mnemonic=ADD;instruction=ADD EAX,0x60;inputs=EAX,0x60,0x0,0x1,0xff;results=CF,EAX,PF,ZF,SF,OF;flows=;fallthrough=00484e80
instruction	00484d44	FUN_00484d44	00484e80	00484e81	FALL_THROUGH	FUN_00484d44	bytes=50;mnemonic=PUSH;instruction=PUSH EAX;inputs=EAX,ESP,0x4;results=ESP;flows=;fallthrough=00484e81
instruction	00484d44	FUN_00484d44	00484e81	00484e87	FALL_THROUGH	FUN_00484d44	bytes=8B0DE4713B01;mnemonic=MOV;instruction=MOV ECX,dword ptr [0x013b71e4];inputs=013b71e4;results=ECX;flows=;fallthrough=00484e87
instruction_reference	00484d44	FUN_00484d44	00484e81	013b71e4	READ	DAT_013b71e4	operand_index=1;primary=true;source=DEFAULT
instruction	00484d44	FUN_00484d44	00484e87	00484e8c	UNCONDITIONAL_CALL	FUN_00484d44	bytes=E8ABF0F9FF;mnemonic=CALL;instruction=CALL 0x00423f37;inputs=ESP,0x4,0x484e8c;results=ESP;flows=00423f37;fallthrough=00484e8c
instruction_reference	00484d44	FUN_00484d44	00484e87	00423f37	UNCONDITIONAL_CALL	FUN_00423f37	operand_index=0;primary=true;source=DEFAULT
instruction	00484d44	FUN_00484d44	00484e8c	00484e8e	FALL_THROUGH	FUN_00484d44	bytes=85C0;mnemonic=TEST;instruction=TEST EAX,EAX;inputs=0x0,EAX,0x1,0xff;results=CF,PF,ZF,SF,OF;flows=;fallthrough=00484e8e
instruction	00484d44	FUN_00484d44	00484e8e	00484e90	CONDITIONAL_JUMP	FUN_00484d44	bytes=756B;mnemonic=JNZ;instruction=JNZ 0x00484efb;inputs=ZF;results=;flows=00484efb;fallthrough=00484e90
instruction_reference	00484d44	FUN_00484d44	00484e8e	00484efb	CONDITIONAL_JUMP	LAB_00484efb	operand_index=0;primary=true;source=DEFAULT
instruction	00484d44	FUN_00484d44	00484e90	00484e95	FALL_THROUGH	FUN_00484d44	bytes=68A00F0000;mnemonic=PUSH;instruction=PUSH 0xfa0;inputs=0xfa0,ESP,0x4;results=ESP;flows=;fallthrough=00484e95
instruction	00484d44	FUN_00484d44	00484e95	00484e9a	FALL_THROUGH	FUN_00484d44	bytes=687845A300;mnemonic=PUSH;instruction=PUSH 0xa34578;inputs=ESP,0x4,0xa34578;results=ESP;flows=;fallthrough=00484e9a
instruction_reference	00484d44	FUN_00484d44	00484e95	00a34578	DATA	DAT_00a34578	operand_index=0;primary=true;source=ANALYSIS
instruction	00484d44	FUN_00484d44	00484e9a	00484ea0	FALL_THROUGH	FUN_00484d44	bytes=8B8DE0FBFFFF;mnemonic=MOV;instruction=MOV ECX,dword ptr [EBP + 0xfffffbe0];inputs=EBP,0xfffffbe0;results=ECX;flows=;fallthrough=00484ea0
instruction_reference	00484d44	FUN_00484d44	00484e9a	Stack[-0x424]	READ		operand_index=1;primary=true;source=ANALYSIS
instruction	00484d44	FUN_00484d44	00484ea0	00484ea6	FALL_THROUGH	FUN_00484d44	bytes=8B8984000000;mnemonic=MOV;instruction=MOV ECX,dword ptr [ECX + 0x84];inputs=ECX,0x84;results=ECX;flows=;fallthrough=00484ea6
instruction	00484d44	FUN_00484d44	00484ea6	00484eab	UNCONDITIONAL_CALL	FUN_00484d44	bytes=E847EFF7FF;mnemonic=CALL;instruction=CALL 0x00403df2;inputs=ESP,0x484eab,0x4;results=ESP;flows=00403df2;fallthrough=00484eab
instruction_reference	00484d44	FUN_00484d44	00484ea6	00403df2	UNCONDITIONAL_CALL	FUN_00403df2	operand_index=0;primary=true;source=DEFAULT
instruction	00484d44	FUN_00484d44	00484eab	00484ead	FALL_THROUGH	FUN_00484d44	bytes=6A01;mnemonic=PUSH;instruction=PUSH 0x1;inputs=ESP,0x1,0x4;results=ESP;flows=;fallthrough=00484ead
instruction	00484d44	FUN_00484d44	00484ead	00484eaf	FALL_THROUGH	FUN_00484d44	bytes=6A01;mnemonic=PUSH;instruction=PUSH 0x1;inputs=ESP,0x1,0x4;results=ESP;flows=;fallthrough=00484eaf
instruction	00484d44	FUN_00484d44	00484eaf	00484eb5	FALL_THROUGH	FUN_00484d44	bytes=8B95E0FBFFFF;mnemonic=MOV;instruction=MOV EDX,dword ptr [EBP + 0xfffffbe0];inputs=EBP,0xfffffbe0;results=EDX;flows=;fallthrough=00484eb5
instruction_reference	00484d44	FUN_00484d44	00484eaf	Stack[-0x424]	READ		operand_index=1;primary=true;source=ANALYSIS
instruction	00484d44	FUN_00484d44	00484eb5	00484ebb	FALL_THROUGH	FUN_00484d44	bytes=8B8A84000000;mnemonic=MOV;instruction=MOV ECX,dword ptr [EDX + 0x84];inputs=0x84,EDX;results=ECX;flows=;fallthrough=00484ebb
instruction	00484d44	FUN_00484d44	00484ebb	00484ec1	FALL_THROUGH	FUN_00484d44	bytes=8B85E0FBFFFF;mnemonic=MOV;instruction=MOV EAX,dword ptr [EBP + 0xfffffbe0];inputs=EBP,0xfffffbe0;results=EAX;flows=;fallthrough=00484ec1
instruction_reference	00484d44	FUN_00484d44	00484ebb	Stack[-0x424]	READ		operand_index=1;primary=true;source=ANALYSIS
instruction	00484d44	FUN_00484d44	00484ec1	00484ec7	FALL_THROUGH	FUN_00484d44	bytes=8B9084000000;mnemonic=MOV;instruction=MOV EDX,dword ptr [EAX + 0x84];inputs=EAX,0x84;results=EDX;flows=;fallthrough=00484ec7
instruction	00484d44	FUN_00484d44	00484ec7	00484ec9	FALL_THROUGH	FUN_00484d44	bytes=8B02;mnemonic=MOV;instruction=MOV EAX,dword ptr [EDX];inputs=EDX;results=EAX;flows=;fallthrough=00484ec9
instruction	00484d44	FUN_00484d44	00484ec9	00484ecf	COMPUTED_CALL	FUN_00484d44	bytes=FF9088000000;mnemonic=CALL;instruction=CALL dword ptr [EAX + 0x88];inputs=EAX,ESP,0x4,0x484ecf,0x88;results=ESP;flows=;fallthrough=00484ecf
instruction	00484d44	FUN_00484d44	00484ecf	00484ed5	FALL_THROUGH	FUN_00484d44	bytes=8B8DE0FBFFFF;mnemonic=MOV;instruction=MOV ECX,dword ptr [EBP + 0xfffffbe0];inputs=EBP,0xfffffbe0;results=ECX;flows=;fallthrough=00484ed5
instruction_reference	00484d44	FUN_00484d44	00484ecf	Stack[-0x424]	READ		operand_index=1;primary=true;source=ANALYSIS
instruction	00484d44	FUN_00484d44	00484ed5	00484edc	FALL_THROUGH	FUN_00484d44	bytes=81792432750000;mnemonic=CMP;instruction=CMP dword ptr [ECX + 0x24],0x7532;inputs=0x0,0x1,0x7532,ECX,0x24,0xff;results=CF,PF,ZF,SF,OF;flows=;fallthrough=00484edc
instruction	00484d44	FUN_00484d44	00484edc	00484ede	CONDITIONAL_JUMP	FUN_00484d44	bytes=7413;mnemonic=JZ;instruction=JZ 0x00484ef1;inputs=ZF;results=;flows=00484ef1;fallthrough=00484ede
instruction_reference	00484d44	FUN_00484d44	00484edc	00484ef1	CONDITIONAL_JUMP	LAB_00484ef1	operand_index=0;primary=true;source=DEFAULT
instruction	00484d44	FUN_00484d44	00484ede	00484ee0	FALL_THROUGH	FUN_00484d44	bytes=6A07;mnemonic=PUSH;instruction=PUSH 0x7;inputs=ESP,0x4,0x7;results=ESP;flows=;fallthrough=00484ee0
instruction	00484d44	FUN_00484d44	00484ee0	00484ee6	FALL_THROUGH	FUN_00484d44	bytes=8B15E8713B01;mnemonic=MOV;instruction=MOV EDX,dword ptr [0x013b71e8];inputs=013b71e8;results=EDX;flows=;fallthrough=00484ee6
instruction_reference	00484d44	FUN_00484d44	00484ee0	013b71e8	READ	DAT_013b71e8	operand_index=1;primary=true;source=DEFAULT
instruction	00484d44	FUN_00484d44	00484ee6	00484ee8	FALL_THROUGH	FUN_00484d44	bytes=8B02;mnemonic=MOV;instruction=MOV EAX,dword ptr [EDX];inputs=EDX;results=EAX;flows=;fallthrough=00484ee8
instruction	00484d44	FUN_00484d44	00484ee8	00484eee	FALL_THROUGH	FUN_00484d44	bytes=8B0DE8713B01;mnemonic=MOV;instruction=MOV ECX,dword ptr [0x013b71e8];inputs=013b71e8;results=ECX;flows=;fallthrough=00484eee
instruction_reference	00484d44	FUN_00484d44	00484ee8	013b71e8	READ	DAT_013b71e8	operand_index=1;primary=true;source=DEFAULT
instruction	00484d44	FUN_00484d44	00484eee	00484ef1	COMPUTED_CALL	FUN_00484d44	bytes=FF5054;mnemonic=CALL;instruction=CALL dword ptr [EAX + 0x54];inputs=EAX,ESP,0x54,0x4,0x484ef1;results=ESP;flows=;fallthrough=00484ef1
instruction	00484d44	FUN_00484d44	00484ef1	00484ef6	FALL_THROUGH	FUN_00484d44	bytes=B801000000;mnemonic=MOV;instruction=MOV EAX,0x1;inputs=0x1;results=EAX;flows=;fallthrough=00484ef6
instruction	00484d44	FUN_00484d44	00484ef6		UNCONDITIONAL_JUMP	FUN_00484d44	bytes=E9BB020000;mnemonic=JMP;instruction=JMP 0x004851b6;inputs=;results=;flows=004851b6;fallthrough=
instruction_reference	00484d44	FUN_00484d44	00484ef6	004851b6	UNCONDITIONAL_JUMP	LAB_004851b6	operand_index=0;primary=true;source=DEFAULT
instruction	00484d44	FUN_00484d44	00484efb	00484efd	FALL_THROUGH	FUN_00484d44	bytes=6A74;mnemonic=PUSH;instruction=PUSH 0x74;inputs=ESP,0x74,0x4;results=ESP;flows=;fallthrough=00484efd
instruction	00484d44	FUN_00484d44	00484efd	00484eff	FALL_THROUGH	FUN_00484d44	bytes=6A00;mnemonic=PUSH;instruction=PUSH 0x0;inputs=0x0,ESP,0x4;results=ESP;flows=;fallthrough=00484eff
instruction	00484d44	FUN_00484d44	00484eff	00484f05	FALL_THROUGH	FUN_00484d44	bytes=8D8D0CFDFFFF;mnemonic=LEA;instruction=LEA ECX,[EBP + 0xfffffd0c];inputs=0xfffffd0c,EBP;results=ECX;flows=;fallthrough=00484f05
instruction_reference	00484d44	FUN_00484d44	00484eff	Stack[-0x2f8]	DATA		operand_index=0;primary=true;source=ANALYSIS
instruction	00484d44	FUN_00484d44	00484f05	00484f06	FALL_THROUGH	FUN_00484d44	bytes=51;mnemonic=PUSH;instruction=PUSH ECX;inputs=ESP,ECX,0x4;results=ESP;flows=;fallthrough=00484f06
instruction	00484d44	FUN_00484d44	00484f06	00484f0b	UNCONDITIONAL_CALL	FUN_00484d44	bytes=E815A11000;mnemonic=CALL;instruction=CALL 0x0058f020;inputs=ESP,0x484f0b,0x4;results=ESP;flows=0058f020;fallthrough=00484f0b
instruction_reference	00484d44	FUN_00484d44	00484f06	0058f020	UNCONDITIONAL_CALL	_memset	operand_index=0;primary=true;source=DEFAULT
instruction	00484d44	FUN_00484d44	00484f0b	00484f0e	FALL_THROUGH	FUN_00484d44	bytes=83C40C;mnemonic=ADD;instruction=ADD ESP,0xc;inputs=ESP,0x0,0x1,0xc,0xff;results=CF,ESP,PF,ZF,SF,OF;flows=;fallthrough=00484f0e
instruction	00484d44	FUN_00484d44	00484f0e	00484f17	FALL_THROUGH	FUN_00484d44	bytes=66C78512FDFFFF0000;mnemonic=MOV;instruction=MOV word ptr [EBP + 0xfffffd12],0x0;inputs=0x0,EBP,0xfffffd12;results=;flows=;fallthrough=00484f17
instruction_reference	00484d44	FUN_00484d44	00484f0e	Stack[-0x2f2]	WRITE		operand_index=0;primary=true;source=ANALYSIS
instruction	00484d44	FUN_00484d44	00484f17	00484f20	FALL_THROUGH	FUN_00484d44	bytes=66C78510FDFFFF0D02;mnemonic=MOV;instruction=MOV word ptr [EBP + 0xfffffd10],0x20d;inputs=EBP,0x20d,0xfffffd10;results=;flows=;fallthrough=00484f20
instruction_reference	00484d44	FUN_00484d44	00484f17	Stack[-0x2f4]	WRITE		operand_index=0;primary=true;source=ANALYSIS
instruction	00484d44	FUN_00484d44	00484f20	00484f2a	FALL_THROUGH	FUN_00484d44	bytes=C78534FDFFFFEC020000;mnemonic=MOV;instruction=MOV dword ptr [EBP + 0xfffffd34],0x2ec;inputs=EBP,0xfffffd34,0x2ec;results=;flows=;fallthrough=00484f2a
instruction_reference	00484d44	FUN_00484d44	00484f20	Stack[-0x2d0]	WRITE		operand_index=0;primary=true;source=ANALYSIS
instruction	00484d44	FUN_00484d44	00484f2a	00484f34	FALL_THROUGH	FUN_00484d44	bytes=C78538FDFFFF01000000;mnemonic=MOV;instruction=MOV dword ptr [EBP + 0xfffffd38],0x1;inputs=0x1,EBP,0xfffffd38;results=;flows=;fallthrough=00484f34
instruction_reference	00484d44	FUN_00484d44	00484f2a	Stack[-0x2cc]	WRITE		operand_index=0;primary=true;source=ANALYSIS
instruction	00484d44	FUN_00484d44	00484f34	00484f3e	FALL_THROUGH	FUN_00484d44	bytes=C78504FDFFFF00000000;mnemonic=MOV;instruction=MOV dword ptr [EBP + 0xfffffd04],0x0;inputs=0x0,EBP,0xfffffd04;results=;flows=;fallthrough=00484f3e
instruction_reference	00484d44	FUN_00484d44	00484f34	Stack[-0x300]	WRITE		operand_index=0;primary=true;source=ANALYSIS
instruction	00484d44	FUN_00484d44	00484f3e	00484f43	FALL_THROUGH	FUN_00484d44	bytes=6880020000;mnemonic=PUSH;instruction=PUSH 0x280;inputs=0x280,ESP,0x4;results=ESP;flows=;fallthrough=00484f43
instruction	00484d44	FUN_00484d44	00484f43	00484f45	FALL_THROUGH	FUN_00484d44	bytes=6A00;mnemonic=PUSH;instruction=PUSH 0x0;inputs=0x0,ESP,0x4;results=ESP;flows=;fallthrough=00484f45
instruction	00484d44	FUN_00484d44	00484f45	00484f4b	FALL_THROUGH	FUN_00484d44	bytes=8D9580FDFFFF;mnemonic=LEA;instruction=LEA EDX,[EBP + 0xfffffd80];inputs=EBP,0xfffffd80;results=EDX;flows=;fallthrough=00484f4b
instruction_reference	00484d44	FUN_00484d44	00484f45	Stack[-0x284]	DATA		operand_index=0;primary=true;source=ANALYSIS
instruction	00484d44	FUN_00484d44	00484f4b	00484f4c	FALL_THROUGH	FUN_00484d44	bytes=52;mnemonic=PUSH;instruction=PUSH EDX;inputs=ESP,0x4,EDX;results=ESP;flows=;fallthrough=00484f4c
instruction	00484d44	FUN_00484d44	00484f4c	00484f51	UNCONDITIONAL_CALL	FUN_00484d44	bytes=E8CFA01000;mnemonic=CALL;instruction=CALL 0x0058f020;inputs=ESP,0x4,0x484f51;results=ESP;flows=0058f020;fallthrough=00484f51
instruction_reference	00484d44	FUN_00484d44	00484f4c	0058f020	UNCONDITIONAL_CALL	_memset	operand_index=0;primary=true;source=DEFAULT
instruction	00484d44	FUN_00484d44	00484f51	00484f54	FALL_THROUGH	FUN_00484d44	bytes=83C40C;mnemonic=ADD;instruction=ADD ESP,0xc;inputs=ESP,0x0,0x1,0xc,0xff;results=CF,ESP,PF,ZF,SF,OF;flows=;fallthrough=00484f54
instruction	00484d44	FUN_00484d44	00484f54	00484f5a	FALL_THROUGH	FUN_00484d44	bytes=8D8504FDFFFF;mnemonic=LEA;instruction=LEA EAX,[EBP + 0xfffffd04];inputs=EBP,0xfffffd04;results=EAX;flows=;fallthrough=00484f5a
instruction_reference	00484d44	FUN_00484d44	00484f54	Stack[-0x300]	DATA		operand_index=0;primary=true;source=ANALYSIS
instruction	00484d44	FUN_00484d44	00484f5a	00484f5b	FALL_THROUGH	FUN_00484d44	bytes=50;mnemonic=PUSH;instruction=PUSH EAX;inputs=EAX,ESP,0x4;results=ESP;flows=;fallthrough=00484f5b
instruction	00484d44	FUN_00484d44	00484f5b	00484f61	FALL_THROUGH	FUN_00484d44	bytes=8D8D80FDFFFF;mnemonic=LEA;instruction=LEA ECX,[EBP + 0xfffffd80];inputs=EBP,0xfffffd80;results=ECX;flows=;fallthrough=00484f61
instruction_reference	00484d44	FUN_00484d44	00484f5b	Stack[-0x284]	DATA		operand_index=0;primary=true;source=ANALYSIS
instruction	00484d44	FUN_00484d44	00484f61	00484f62	FALL_THROUGH	FUN_00484d44	bytes=51;mnemonic=PUSH;instruction=PUSH ECX;inputs=ESP,ECX,0x4;results=ESP;flows=;fallthrough=00484f62
instruction	00484d44	FUN_00484d44	00484f62	00484f67	UNCONDITIONAL_CALL	FUN_00484d44	bytes=E8418D1100;mnemonic=CALL;instruction=CALL 0x0059dca8;inputs=ESP,0x4,0x484f67;results=ESP;flows=0059dca8;fallthrough=00484f67
instruction_reference	00484d44	FUN_00484d44	00484f62	0059dca8	UNCONDITIONAL_CALL	GetAdaptersInfo	operand_index=0;primary=true;source=DEFAULT
instruction	00484d44	FUN_00484d44	00484f67	00484f6e	FALL_THROUGH	FUN_00484d44	bytes=83BD04FDFFFF00;mnemonic=CMP;instruction=CMP dword ptr [EBP + 0xfffffd04],0x0;inputs=0x0,0x1,EBP,0xfffffd04,0xff;results=CF,PF,ZF,SF,OF;flows=;fallthrough=00484f6e
instruction_reference	00484d44	FUN_00484d44	00484f67	Stack[-0x300]	READ		operand_index=0;primary=true;source=ANALYSIS
instruction	00484d44	FUN_00484d44	00484f6e	00484f74	CONDITIONAL_JUMP	FUN_00484d44	bytes=0F8694010000;mnemonic=JBE;instruction=JBE 0x00485108;inputs=CF,ZF;results=;flows=00485108;fallthrough=00484f74
instruction_reference	00484d44	FUN_00484d44	00484f6e	00485108	CONDITIONAL_JUMP	LAB_00485108	operand_index=0;primary=true;source=DEFAULT
instruction	00484d44	FUN_00484d44	00484f74	00484f7e	FALL_THROUGH	FUN_00484d44	bytes=C785E8FBFFFF00000000;mnemonic=MOV;instruction=MOV dword ptr [EBP + 0xfffffbe8],0x0;inputs=0x0,EBP,0xfffffbe8;results=;flows=;fallthrough=00484f7e
instruction_reference	00484d44	FUN_00484d44	00484f74	Stack[-0x41c]	WRITE		operand_index=0;primary=true;source=ANALYSIS
instruction	00484d44	FUN_00484d44	00484f7e	00484f84	FALL_THROUGH	FUN_00484d44	bytes=8B9504FDFFFF;mnemonic=MOV;instruction=MOV EDX,dword ptr [EBP + 0xfffffd04];inputs=EBP,0xfffffd04;results=EDX;flows=;fallthrough=00484f84
instruction_reference	00484d44	FUN_00484d44	00484f7e	Stack[-0x300]	READ		operand_index=1;primary=true;source=ANALYSIS
instruction	00484d44	FUN_00484d44	00484f84	00484f85	FALL_THROUGH	FUN_00484d44	bytes=52;mnemonic=PUSH;instruction=PUSH EDX;inputs=ESP,0x4,EDX;results=ESP;flows=;fallthrough=00484f85
instruction	00484d44	FUN_00484d44	00484f85	00484f8a	UNCONDITIONAL_CALL	FUN_00484d44	bytes=E814AF1000;mnemonic=CALL;instruction=CALL 0x0058fe9e;inputs=ESP,0x484f8a,0x4;results=ESP;flows=0058fe9e;fallthrough=00484f8a
instruction_reference	00484d44	FUN_00484d44	00484f85	0058fe9e	UNCONDITIONAL_CALL	_malloc	operand_index=0;primary=true;source=DEFAULT
instruction	00484d44	FUN_00484d44	00484f8a	00484f8d	FALL_THROUGH	FUN_00484d44	bytes=83C404;mnemonic=ADD;instruction=ADD ESP,0x4;inputs=ESP,0x0,0x1,0x4,0xff;results=CF,ESP,PF,ZF,SF,OF;flows=;fallthrough=00484f8d
instruction	00484d44	FUN_00484d44	00484f8d	00484f93	FALL_THROUGH	FUN_00484d44	bytes=8985E8FBFFFF;mnemonic=MOV;instruction=MOV dword ptr [EBP + 0xfffffbe8],EAX;inputs=EAX,EBP,0xfffffbe8;results=;flows=;fallthrough=00484f93
instruction_reference	00484d44	FUN_00484d44	00484f8d	Stack[-0x41c]	WRITE		operand_index=0;primary=true;source=ANALYSIS
instruction	00484d44	FUN_00484d44	00484f93	00484f99	FALL_THROUGH	FUN_00484d44	bytes=8D8504FDFFFF;mnemonic=LEA;instruction=LEA EAX,[EBP + 0xfffffd04];inputs=EBP,0xfffffd04;results=EAX;flows=;fallthrough=00484f99
instruction_reference	00484d44	FUN_00484d44	00484f93	Stack[-0x300]	DATA		operand_index=0;primary=true;source=ANALYSIS
instruction	00484d44	FUN_00484d44	00484f99	00484f9a	FALL_THROUGH	FUN_00484d44	bytes=50;mnemonic=PUSH;instruction=PUSH EAX;inputs=EAX,ESP,0x4;results=ESP;flows=;fallthrough=00484f9a
instruction	00484d44	FUN_00484d44	00484f9a	00484fa0	FALL_THROUGH	FUN_00484d44	bytes=8B8DE8FBFFFF;mnemonic=MOV;instruction=MOV ECX,dword ptr [EBP + 0xfffffbe8];inputs=EBP,0xfffffbe8;results=ECX;flows=;fallthrough=00484fa0
instruction_reference	00484d44	FUN_00484d44	00484f9a	Stack[-0x41c]	READ		operand_index=1;primary=true;source=ANALYSIS
instruction	00484d44	FUN_00484d44	00484fa0	00484fa1	FALL_THROUGH	FUN_00484d44	bytes=51;mnemonic=PUSH;instruction=PUSH ECX;inputs=ESP,ECX,0x4;results=ESP;flows=;fallthrough=00484fa1
instruction	00484d44	FUN_00484d44	00484fa1	00484fa6	UNCONDITIONAL_CALL	FUN_00484d44	bytes=E8028D1100;mnemonic=CALL;instruction=CALL 0x0059dca8;inputs=ESP,0x4,0x484fa6;results=ESP;flows=0059dca8;fallthrough=00484fa6
instruction_reference	00484d44	FUN_00484d44	00484fa1	0059dca8	UNCONDITIONAL_CALL	GetAdaptersInfo	operand_index=0;primary=true;source=DEFAULT
instruction	00484d44	FUN_00484d44	00484fa6	00484fac	FALL_THROUGH	FUN_00484d44	bytes=8B95E8FBFFFF;mnemonic=MOV;instruction=MOV EDX,dword ptr [EBP + 0xfffffbe8];inputs=EBP,0xfffffbe8;results=EDX;flows=;fallthrough=00484fac
instruction_reference	00484d44	FUN_00484d44	00484fa6	Stack[-0x41c]	READ		operand_index=1;primary=true;source=ANALYSIS
instruction	00484d44	FUN_00484d44	00484fac	00484faf	FALL_THROUGH	FUN_00484d44	bytes=83C208;mnemonic=ADD;instruction=ADD EDX,0x8;inputs=0x0,0x1,EDX,0x8,0xff;results=CF,PF,ZF,SF,EDX,OF;flows=;fallthrough=00484faf
instruction	00484d44	FUN_00484d44	00484faf	00484fb5	FALL_THROUGH	FUN_00484d44	bytes=8995F8FCFFFF;mnemonic=MOV;instruction=MOV dword ptr [EBP + 0xfffffcf8],EDX;inputs=EBP,0xfffffcf8,EDX;results=;flows=;fallthrough=00484fb5
instruction_reference	00484d44	FUN_00484d44	00484faf	Stack[-0x30c]	WRITE		operand_index=0;primary=true;source=ANALYSIS
instruction	00484d44	FUN_00484d44	00484fb5	00484fbf	FALL_THROUGH	FUN_00484d44	bytes=C785ECFBFFFF00000000;mnemonic=MOV;instruction=MOV dword ptr [EBP + 0xfffffbec],0x0;inputs=0x0,0xfffffbec,EBP;results=;flows=;fallthrough=00484fbf
instruction_reference	00484d44	FUN_00484d44	00484fb5	Stack[-0x418]	WRITE		operand_index=0;primary=true;source=ANALYSIS
instruction	00484d44	FUN_00484d44	00484fbf	00484fc9	FALL_THROUGH	FUN_00484d44	bytes=C785F0FBFFFF00000000;mnemonic=MOV;instruction=MOV dword ptr [EBP + 0xfffffbf0],0x0;inputs=0x0,EBP,0xfffffbf0;results=;flows=;fallthrough=00484fc9
instruction_reference	00484d44	FUN_00484d44	00484fbf	Stack[-0x414]	WRITE		operand_index=0;primary=true;source=ANALYSIS
instruction	00484d44	FUN_00484d44	00484fc9	00484fcf	FALL_THROUGH	FUN_00484d44	bytes=8B85F8FCFFFF;mnemonic=MOV;instruction=MOV EAX,dword ptr [EBP + 0xfffffcf8];inputs=EBP,0xfffffcf8;results=EAX;flows=;fallthrough=00484fcf
instruction_reference	00484d44	FUN_00484d44	00484fc9	Stack[-0x30c]	READ		operand_index=1;primary=true;source=ANALYSIS
instruction	00484d44	FUN_00484d44	00484fcf	00484fd0	FALL_THROUGH	FUN_00484d44	bytes=50;mnemonic=PUSH;instruction=PUSH EAX;inputs=EAX,ESP,0x4;results=ESP;flows=;fallthrough=00484fd0
instruction	00484d44	FUN_00484d44	00484fd0	00484fd5	UNCONDITIONAL_CALL	FUN_00484d44	bytes=E83B9F1000;mnemonic=CALL;instruction=CALL 0x0058ef10;inputs=ESP,0x4,0x484fd5;results=ESP;flows=0058ef10;fallthrough=00484fd5
instruction_reference	00484d44	FUN_00484d44	00484fd0	0058ef10	UNCONDITIONAL_CALL	_strlen	operand_index=0;primary=true;source=DEFAULT
instruction	00484d44	FUN_00484d44	00484fd5	00484fd8	FALL_THROUGH	FUN_00484d44	bytes=83C404;mnemonic=ADD;instruction=ADD ESP,0x4;inputs=ESP,0x0,0x1,0x4,0xff;results=CF,ESP,PF,ZF,SF,OF;flows=;fallthrough=00484fd8
instruction	00484d44	FUN_00484d44	00484fd8	00484fde	FALL_THROUGH	FUN_00484d44	bytes=8985E4FBFFFF;mnemonic=MOV;instruction=MOV dword ptr [EBP + 0xfffffbe4],EAX;inputs=EAX,EBP,0xfffffbe4;results=;flows=;fallthrough=00484fde
instruction_reference	00484d44	FUN_00484d44	00484fd8	Stack[-0x420]	WRITE		operand_index=0;primary=true;source=ANALYSIS
instruction	00484d44	FUN_00484d44	00484fde	00484fe8	FALL_THROUGH	FUN_00484d44	bytes=C785F4FBFFFF00000000;mnemonic=MOV;instruction=MOV dword ptr [EBP + 0xfffffbf4],0x0;inputs=0x0,EBP,0xfffffbf4;results=;flows=;fallthrough=00484fe8
instruction_reference	00484d44	FUN_00484d44	00484fde	Stack[-0x410]	WRITE		operand_index=0;primary=true;source=ANALYSIS
instruction	00484d44	FUN_00484d44	00484fe8		UNCONDITIONAL_JUMP	FUN_00484d44	bytes=EB0F;mnemonic=JMP;instruction=JMP 0x00484ff9;inputs=;results=;flows=00484ff9;fallthrough=
instruction_reference	00484d44	FUN_00484d44	00484fe8	00484ff9	UNCONDITIONAL_JUMP	LAB_00484ff9	operand_index=0;primary=true;source=DEFAULT
instruction	00484d44	FUN_00484d44	00484fea	00484ff0	FALL_THROUGH	FUN_00484d44	bytes=8B8DF4FBFFFF;mnemonic=MOV;instruction=MOV ECX,dword ptr [EBP + 0xfffffbf4];inputs=EBP,0xfffffbf4;results=ECX;flows=;fallthrough=00484ff0
instruction_reference	00484d44	FUN_00484d44	00484fea	Stack[-0x410]	READ		operand_index=1;primary=true;source=ANALYSIS
instruction	00484d44	FUN_00484d44	00484ff0	00484ff3	FALL_THROUGH	FUN_00484d44	bytes=83C101;mnemonic=ADD;instruction=ADD ECX,0x1;inputs=0x0,0x1,ECX,0xff;results=CF,PF,ECX,ZF,SF,OF;flows=;fallthrough=00484ff3
instruction	00484d44	FUN_00484d44	00484ff3	00484ff9	FALL_THROUGH	FUN_00484d44	bytes=898DF4FBFFFF;mnemonic=MOV;instruction=MOV dword ptr [EBP + 0xfffffbf4],ECX;inputs=EBP,ECX,0xfffffbf4;results=;flows=;fallthrough=00484ff9
instruction_reference	00484d44	FUN_00484d44	00484ff3	Stack[-0x410]	WRITE		operand_index=0;primary=true;source=ANALYSIS
instruction	00484d44	FUN_00484d44	00484ff9	00484fff	FALL_THROUGH	FUN_00484d44	bytes=8B95F4FBFFFF;mnemonic=MOV;instruction=MOV EDX,dword ptr [EBP + 0xfffffbf4];inputs=EBP,0xfffffbf4;results=EDX;flows=;fallthrough=00484fff
instruction_reference	00484d44	FUN_00484d44	00484ff9	Stack[-0x410]	READ		operand_index=1;primary=true;source=ANALYSIS
instruction	00484d44	FUN_00484d44	00484fff	00485005	FALL_THROUGH	FUN_00484d44	bytes=3B95E4FBFFFF;mnemonic=CMP;instruction=CMP EDX,dword ptr [EBP + 0xfffffbe4];inputs=0x0,0x1,EBP,EDX,0xfffffbe4,0xff;results=CF,PF,ZF,SF,OF;flows=;fallthrough=00485005
instruction_reference	00484d44	FUN_00484d44	00484fff	Stack[-0x420]	READ		operand_index=1;primary=true;source=ANALYSIS
instruction	00484d44	FUN_00484d44	00485005	0048500b	CONDITIONAL_JUMP	FUN_00484d44	bytes=0F8DB0000000;mnemonic=JGE;instruction=JGE 0x004850bb;inputs=SF,OF;results=;flows=004850bb;fallthrough=0048500b
instruction_reference	00484d44	FUN_00484d44	00485005	004850bb	CONDITIONAL_JUMP	LAB_004850bb	operand_index=0;primary=true;source=DEFAULT
instruction	00484d44	FUN_00484d44	0048500b	00485011	FALL_THROUGH	FUN_00484d44	bytes=8B85F8FCFFFF;mnemonic=MOV;instruction=MOV EAX,dword ptr [EBP + 0xfffffcf8];inputs=EBP,0xfffffcf8;results=EAX;flows=;fallthrough=00485011
instruction_reference	00484d44	FUN_00484d44	0048500b	Stack[-0x30c]	READ		operand_index=1;primary=true;source=ANALYSIS
instruction	00484d44	FUN_00484d44	00485011	00485017	FALL_THROUGH	FUN_00484d44	bytes=0385F4FBFFFF;mnemonic=ADD;instruction=ADD EAX,dword ptr [EBP + 0xfffffbf4];inputs=EAX,0x0,0x1,EBP,0xfffffbf4,0xff;results=CF,EAX,PF,ZF,SF,OF;flows=;fallthrough=00485017
instruction_reference	00484d44	FUN_00484d44	00485011	Stack[-0x410]	READ		operand_index=1;primary=true;source=ANALYSIS
instruction	00484d44	FUN_00484d44	00485017	0048501a	FALL_THROUGH	FUN_00484d44	bytes=0FBE08;mnemonic=MOVSX;instruction=MOVSX ECX,byte ptr [EAX];inputs=EAX;results=ECX;flows=;fallthrough=0048501a
instruction	00484d44	FUN_00484d44	0048501a	0048501d	FALL_THROUGH	FUN_00484d44	bytes=83F97B;mnemonic=CMP;instruction=CMP ECX,0x7b;inputs=0x0,0x1,ECX,0x7b,0xff;results=CF,PF,ZF,SF,OF;flows=;fallthrough=0048501d
instruction	00484d44	FUN_00484d44	0048501d	0048501f	CONDITIONAL_JUMP	FUN_00484d44	bytes=7428;mnemonic=JZ;instruction=JZ 0x00485047;inputs=ZF;results=;flows=00485047;fallthrough=0048501f
instruction_reference	00484d44	FUN_00484d44	0048501d	00485047	CONDITIONAL_JUMP	LAB_00485047	operand_index=0;primary=true;source=DEFAULT
instruction	00484d44	FUN_00484d44	0048501f	00485025	FALL_THROUGH	FUN_00484d44	bytes=8B95F8FCFFFF;mnemonic=MOV;instruction=MOV EDX,dword ptr [EBP + 0xfffffcf8];inputs=EBP,0xfffffcf8;results=EDX;flows=;fallthrough=00485025
instruction_reference	00484d44	FUN_00484d44	0048501f	Stack[-0x30c]	READ		operand_index=1;primary=true;source=ANALYSIS
instruction	00484d44	FUN_00484d44	00485025	0048502b	FALL_THROUGH	FUN_00484d44	bytes=0395F4FBFFFF;mnemonic=ADD;instruction=ADD EDX,dword ptr [EBP + 0xfffffbf4];inputs=0x0,0x1,EBP,EDX,0xfffffbf4,0xff;results=CF,PF,ZF,SF,EDX,OF;flows=;fallthrough=0048502b
instruction_reference	00484d44	FUN_00484d44	00485025	Stack[-0x410]	READ		operand_index=1;primary=true;source=ANALYSIS
instruction	00484d44	FUN_00484d44	0048502b	0048502e	FALL_THROUGH	FUN_00484d44	bytes=0FBE02;mnemonic=MOVSX;instruction=MOVSX EAX,byte ptr [EDX];inputs=EDX;results=EAX;flows=;fallthrough=0048502e
instruction	00484d44	FUN_00484d44	0048502e	00485031	FALL_THROUGH	FUN_00484d44	bytes=83F87D;mnemonic=CMP;instruction=CMP EAX,0x7d;inputs=EAX,0x0,0x1,0x7d,0xff;results=CF,PF,ZF,SF,OF;flows=;fallthrough=00485031
instruction	00484d44	FUN_00484d44	00485031	00485033	CONDITIONAL_JUMP	FUN_00484d44	bytes=7414;mnemonic=JZ;instruction=JZ 0x00485047;inputs=ZF;results=;flows=00485047;fallthrough=00485033
instruction_reference	00484d44	FUN_00484d44	00485031	00485047	CONDITIONAL_JUMP	LAB_00485047	operand_index=0;primary=true;source=DEFAULT
instruction	00484d44	FUN_00484d44	00485033	00485039	FALL_THROUGH	FUN_00484d44	bytes=8B8DF8FCFFFF;mnemonic=MOV;instruction=MOV ECX,dword ptr [EBP + 0xfffffcf8];inputs=EBP,0xfffffcf8;results=ECX;flows=;fallthrough=00485039
instruction_reference	00484d44	FUN_00484d44	00485033	Stack[-0x30c]	READ		operand_index=1;primary=true;source=ANALYSIS
instruction	00484d44	FUN_00484d44	00485039	0048503f	FALL_THROUGH	FUN_00484d44	bytes=038DF4FBFFFF;mnemonic=ADD;instruction=ADD ECX,dword ptr [EBP + 0xfffffbf4];inputs=0x0,0x1,EBP,ECX,0xfffffbf4,0xff;results=CF,PF,ECX,ZF,SF,OF;flows=;fallthrough=0048503f
instruction_reference	00484d44	FUN_00484d44	00485039	Stack[-0x410]	READ		operand_index=1;primary=true;source=ANALYSIS
instruction	00484d44	FUN_00484d44	0048503f	00485042	FALL_THROUGH	FUN_00484d44	bytes=0FBE11;mnemonic=MOVSX;instruction=MOVSX EDX,byte ptr [ECX];inputs=ECX;results=EDX;flows=;fallthrough=00485042
instruction	00484d44	FUN_00484d44	00485042	00485045	FALL_THROUGH	FUN_00484d44	bytes=83FA2D;mnemonic=CMP;instruction=CMP EDX,0x2d;inputs=0x0,0x1,EDX,0x2d,0xff;results=CF,PF,ZF,SF,OF;flows=;fallthrough=00485045
instruction	00484d44	FUN_00484d44	00485045	00485047	CONDITIONAL_JUMP	FUN_00484d44	bytes=7502;mnemonic=JNZ;instruction=JNZ 0x00485049;inputs=ZF;results=;flows=00485049;fallthrough=00485047
instruction_reference	00484d44	FUN_00484d44	00485045	00485049	CONDITIONAL_JUMP	LAB_00485049	operand_index=0;primary=true;source=DEFAULT
instruction	00484d44	FUN_00484d44	00485047		UNCONDITIONAL_JUMP	FUN_00484d44	bytes=EBA1;mnemonic=JMP;instruction=JMP 0x00484fea;inputs=;results=;flows=00484fea;fallthrough=
instruction_reference	00484d44	FUN_00484d44	00485047	00484fea	UNCONDITIONAL_JUMP	LAB_00484fea	operand_index=0;primary=true;source=DEFAULT
instruction	00484d44	FUN_00484d44	00485049	0048504f	FALL_THROUGH	FUN_00484d44	bytes=8B85F8FCFFFF;mnemonic=MOV;instruction=MOV EAX,dword ptr [EBP + 0xfffffcf8];inputs=EBP,0xfffffcf8;results=EAX;flows=;fallthrough=0048504f
instruction_reference	00484d44	FUN_00484d44	00485049	Stack[-0x30c]	READ		operand_index=1;primary=true;source=ANALYSIS
instruction	00484d44	FUN_00484d44	0048504f	00485055	FALL_THROUGH	FUN_00484d44	bytes=0385F4FBFFFF;mnemonic=ADD;instruction=ADD EAX,dword ptr [EBP + 0xfffffbf4];inputs=EAX,0x0,0x1,EBP,0xfffffbf4,0xff;results=CF,EAX,PF,ZF,SF,OF;flows=;fallthrough=00485055
instruction_reference	00484d44	FUN_00484d44	0048504f	Stack[-0x410]	READ		operand_index=1;primary=true;source=ANALYSIS
instruction	00484d44	FUN_00484d44	00485055	0048505b	FALL_THROUGH	FUN_00484d44	bytes=8B8DECFBFFFF;mnemonic=MOV;instruction=MOV ECX,dword ptr [EBP + 0xfffffbec];inputs=0xfffffbec,EBP;results=ECX;flows=;fallthrough=0048505b
instruction_reference	00484d44	FUN_00484d44	00485055	Stack[-0x418]	READ		operand_index=1;primary=true;source=ANALYSIS
instruction	00484d44	FUN_00484d44	0048505b	0048505d	FALL_THROUGH	FUN_00484d44	bytes=8A10;mnemonic=MOV;instruction=MOV DL,byte ptr [EAX];inputs=EAX;results=DL;flows=;fallthrough=0048505d
instruction	00484d44	FUN_00484d44	0048505d	00485064	FALL_THROUGH	FUN_00484d44	bytes=88940DF8FBFFFF;mnemonic=MOV;instruction=MOV byte ptr [EBP + ECX*0x1 + 0xfffffbf8],DL;inputs=0x1,EBP,ECX,0xfffffbf8,DL;results=;flows=;fallthrough=00485064
instruction	00484d44	FUN_00484d44	00485064	0048506a	FALL_THROUGH	FUN_00484d44	bytes=8B85ECFBFFFF;mnemonic=MOV;instruction=MOV EAX,dword ptr [EBP + 0xfffffbec];inputs=0xfffffbec,EBP;results=EAX;flows=;fallthrough=0048506a
instruction_reference	00484d44	FUN_00484d44	00485064	Stack[-0x418]	READ		operand_index=1;primary=true;source=ANALYSIS
instruction	00484d44	FUN_00484d44	0048506a	0048506d	FALL_THROUGH	FUN_00484d44	bytes=83C001;mnemonic=ADD;instruction=ADD EAX,0x1;inputs=EAX,0x0,0x1,0xff;results=CF,EAX,PF,ZF,SF,OF;flows=;fallthrough=0048506d
instruction	00484d44	FUN_00484d44	0048506d	00485073	FALL_THROUGH	FUN_00484d44	bytes=8985ECFBFFFF;mnemonic=MOV;instruction=MOV dword ptr [EBP + 0xfffffbec],EAX;inputs=EAX,0xfffffbec,EBP;results=;flows=;fallthrough=00485073
instruction_reference	00484d44	FUN_00484d44	0048506d	Stack[-0x418]	WRITE		operand_index=0;primary=true;source=ANALYSIS
instruction	00484d44	FUN_00484d44	00485073	00485079	FALL_THROUGH	FUN_00484d44	bytes=8B8DF0FBFFFF;mnemonic=MOV;instruction=MOV ECX,dword ptr [EBP + 0xfffffbf0];inputs=EBP,0xfffffbf0;results=ECX;flows=;fallthrough=00485079
instruction_reference	00484d44	FUN_00484d44	00485073	Stack[-0x414]	READ		operand_index=1;primary=true;source=ANALYSIS
instruction	00484d44	FUN_00484d44	00485079	0048507c	FALL_THROUGH	FUN_00484d44	bytes=83C101;mnemonic=ADD;instruction=ADD ECX,0x1;inputs=0x0,0x1,ECX,0xff;results=CF,PF,ECX,ZF,SF,OF;flows=;fallthrough=0048507c
instruction	00484d44	FUN_00484d44	0048507c	00485082	FALL_THROUGH	FUN_00484d44	bytes=898DF0FBFFFF;mnemonic=MOV;instruction=MOV dword ptr [EBP + 0xfffffbf0],ECX;inputs=EBP,ECX,0xfffffbf0;results=;flows=;fallthrough=00485082
instruction_reference	00484d44	FUN_00484d44	0048507c	Stack[-0x414]	WRITE		operand_index=0;primary=true;source=ANALYSIS
instruction	00484d44	FUN_00484d44	00485082	00485088	FALL_THROUGH	FUN_00484d44	bytes=8B95F0FBFFFF;mnemonic=MOV;instruction=MOV EDX,dword ptr [EBP + 0xfffffbf0];inputs=EBP,0xfffffbf0;results=EDX;flows=;fallthrough=00485088
instruction_reference	00484d44	FUN_00484d44	00485082	Stack[-0x414]	READ		operand_index=1;primary=true;source=ANALYSIS
instruction	00484d44	FUN_00484d44	00485088	0048508e	FALL_THROUGH	FUN_00484d44	bytes=81E207000080;mnemonic=AND;instruction=AND EDX,0x80000007;inputs=0x0,0x1,0x80000007,EDX,0xff;results=CF,PF,ZF,SF,EDX,OF;flows=;fallthrough=0048508e
instruction	00484d44	FUN_00484d44	0048508e	00485090	CONDITIONAL_JUMP	FUN_00484d44	bytes=7905;mnemonic=JNS;instruction=JNS 0x00485095;inputs=SF;results=;flows=00485095;fallthrough=00485090
instruction_reference	00484d44	FUN_00484d44	0048508e	00485095	CONDITIONAL_JUMP	LAB_00485095	operand_index=0;primary=true;source=DEFAULT
instruction	00484d44	FUN_00484d44	00485090	00485091	FALL_THROUGH	FUN_00484d44	bytes=4A;mnemonic=DEC;instruction=DEC EDX;inputs=0x0,0x1,EDX,0xff;results=PF,ZF,SF,EDX,OF;flows=;fallthrough=00485091
instruction	00484d44	FUN_00484d44	00485091	00485094	FALL_THROUGH	FUN_00484d44	bytes=83CAF8;mnemonic=OR;instruction=OR EDX,0xfffffff8;inputs=0x0,0x1,0xfffffff8,EDX,0xff;results=CF,PF,ZF,SF,EDX,OF;flows=;fallthrough=00485094
instruction	00484d44	FUN_00484d44	00485094	00485095	FALL_THROUGH	FUN_00484d44	bytes=42;mnemonic=INC;instruction=INC EDX;inputs=0x0,0x1,EDX,0xff;results=PF,ZF,SF,EDX,OF;flows=;fallthrough=00485095
instruction	00484d44	FUN_00484d44	00485095	00485097	FALL_THROUGH	FUN_00484d44	bytes=85D2;mnemonic=TEST;instruction=TEST EDX,EDX;inputs=0x0,0x1,EDX,0xff;results=CF,PF,ZF,SF,OF;flows=;fallthrough=00485097
instruction	00484d44	FUN_00484d44	00485097	00485099	CONDITIONAL_JUMP	FUN_00484d44	bytes=751D;mnemonic=JNZ;instruction=JNZ 0x004850b6;inputs=ZF;results=;flows=004850b6;fallthrough=00485099
instruction_reference	00484d44	FUN_00484d44	00485097	004850b6	CONDITIONAL_JUMP	LAB_004850b6	operand_index=0;primary=true;source=DEFAULT
instruction	00484d44	FUN_00484d44	00485099	0048509f	FALL_THROUGH	FUN_00484d44	bytes=8B85ECFBFFFF;mnemonic=MOV;instruction=MOV EAX,dword ptr [EBP + 0xfffffbec];inputs=0xfffffbec,EBP;results=EAX;flows=;fallthrough=0048509f
instruction_reference	00484d44	FUN_00484d44	00485099	Stack[-0x418]	READ		operand_index=1;primary=true;source=ANALYSIS
instruction	00484d44	FUN_00484d44	0048509f	004850a7	FALL_THROUGH	FUN_00484d44	bytes=C68405F8FBFFFF20;mnemonic=MOV;instruction=MOV byte ptr [EBP + EAX*0x1 + 0xfffffbf8],0x20;inputs=EAX,0x20,0x1,EBP,0xfffffbf8;results=;flows=;fallthrough=004850a7
instruction	00484d44	FUN_00484d44	004850a7	004850ad	FALL_THROUGH	FUN_00484d44	bytes=8B8DECFBFFFF;mnemonic=MOV;instruction=MOV ECX,dword ptr [EBP + 0xfffffbec];inputs=0xfffffbec,EBP;results=ECX;flows=;fallthrough=004850ad
instruction_reference	00484d44	FUN_00484d44	004850a7	Stack[-0x418]	READ		operand_index=1;primary=true;source=ANALYSIS
instruction	00484d44	FUN_00484d44	004850ad	004850b0	FALL_THROUGH	FUN_00484d44	bytes=83C101;mnemonic=ADD;instruction=ADD ECX,0x1;inputs=0x0,0x1,ECX,0xff;results=CF,PF,ECX,ZF,SF,OF;flows=;fallthrough=004850b0
instruction	00484d44	FUN_00484d44	004850b0	004850b6	FALL_THROUGH	FUN_00484d44	bytes=898DECFBFFFF;mnemonic=MOV;instruction=MOV dword ptr [EBP + 0xfffffbec],ECX;inputs=0xfffffbec,EBP,ECX;results=;flows=;fallthrough=004850b6
instruction_reference	00484d44	FUN_00484d44	004850b0	Stack[-0x418]	WRITE		operand_index=0;primary=true;source=ANALYSIS
instruction	00484d44	FUN_00484d44	004850b6		UNCONDITIONAL_JUMP	FUN_00484d44	bytes=E92FFFFFFF;mnemonic=JMP;instruction=JMP 0x00484fea;inputs=;results=;flows=00484fea;fallthrough=
instruction_reference	00484d44	FUN_00484d44	004850b6	00484fea	UNCONDITIONAL_JUMP	LAB_00484fea	operand_index=0;primary=true;source=DEFAULT
instruction	00484d44	FUN_00484d44	004850bb	004850c1	FALL_THROUGH	FUN_00484d44	bytes=8B95ECFBFFFF;mnemonic=MOV;instruction=MOV EDX,dword ptr [EBP + 0xfffffbec];inputs=0xfffffbec,EBP;results=EDX;flows=;fallthrough=004850c1
instruction_reference	00484d44	FUN_00484d44	004850bb	Stack[-0x418]	READ		operand_index=1;primary=true;source=ANALYSIS
instruction	00484d44	FUN_00484d44	004850c1	004850c9	FALL_THROUGH	FUN_00484d44	bytes=C68415F8FBFFFF00;mnemonic=MOV;instruction=MOV byte ptr [EBP + EDX*0x1 + 0xfffffbf8],0x0;inputs=0x0,0x1,EBP,0xfffffbf8,EDX;results=;flows=;fallthrough=004850c9
instruction	00484d44	FUN_00484d44	004850c9	004850cf	FALL_THROUGH	FUN_00484d44	bytes=8D8548FDFFFF;mnemonic=LEA;instruction=LEA EAX,[EBP + 0xfffffd48];inputs=EBP,0xfffffd48;results=EAX;flows=;fallthrough=004850cf
instruction_reference	00484d44	FUN_00484d44	004850c9	Stack[-0x2bc]	DATA		operand_index=0;primary=true;source=ANALYSIS
instruction	00484d44	FUN_00484d44	004850cf	004850d0	FALL_THROUGH	FUN_00484d44	bytes=50;mnemonic=PUSH;instruction=PUSH EAX;inputs=EAX,ESP,0x4;results=ESP;flows=;fallthrough=004850d0
instruction	00484d44	FUN_00484d44	004850d0	004850d6	FALL_THROUGH	FUN_00484d44	bytes=8D8D44FDFFFF;mnemonic=LEA;instruction=LEA ECX,[EBP + 0xfffffd44];inputs=EBP,0xfffffd44;results=ECX;flows=;fallthrough=004850d6
instruction_reference	00484d44	FUN_00484d44	004850d0	Stack[-0x2c0]	DATA		operand_index=0;primary=true;source=ANALYSIS
instruction	00484d44	FUN_00484d44	004850d6	004850d7	FALL_THROUGH	FUN_00484d44	bytes=51;mnemonic=PUSH;instruction=PUSH ECX;inputs=ESP,ECX,0x4;results=ESP;flows=;fallthrough=004850d7
instruction	00484d44	FUN_00484d44	004850d7	004850dd	FALL_THROUGH	FUN_00484d44	bytes=8D9540FDFFFF;mnemonic=LEA;instruction=LEA EDX,[EBP + 0xfffffd40];inputs=EBP,0xfffffd40;results=EDX;flows=;fallthrough=004850dd
instruction_reference	00484d44	FUN_00484d44	004850d7	Stack[-0x2c4]	DATA		operand_index=0;primary=true;source=ANALYSIS
instruction	00484d44	FUN_00484d44	004850dd	004850de	FALL_THROUGH	FUN_00484d44	bytes=52;mnemonic=PUSH;instruction=PUSH EDX;inputs=ESP,0x4,EDX;results=ESP;flows=;fallthrough=004850de
instruction	00484d44	FUN_00484d44	004850de	004850e4	FALL_THROUGH	FUN_00484d44	bytes=8D853CFDFFFF;mnemonic=LEA;instruction=LEA EAX,[EBP + 0xfffffd3c];inputs=0xfffffd3c,EBP;results=EAX;flows=;fallthrough=004850e4
instruction_reference	00484d44	FUN_00484d44	004850de	Stack[-0x2c8]	DATA		operand_index=0;primary=true;source=ANALYSIS
instruction	00484d44	FUN_00484d44	004850e4	004850e5	FALL_THROUGH	FUN_00484d44	bytes=50;mnemonic=PUSH;instruction=PUSH EAX;inputs=EAX,ESP,0x4;results=ESP;flows=;fallthrough=004850e5
instruction	00484d44	FUN_00484d44	004850e5	004850ea	FALL_THROUGH	FUN_00484d44	bytes=6878885B00;mnemonic=PUSH;instruction=PUSH 0x5b8878;inputs=ESP,0x5b8878,0x4;results=ESP;flows=;fallthrough=004850ea
instruction_reference	00484d44	FUN_00484d44	004850e5	005b8878	DATA	s_%x_%x_%x_%x_005b8878	operand_index=0;primary=true;source=ANALYSIS
instruction	00484d44	FUN_00484d44	004850ea	004850f0	FALL_THROUGH	FUN_00484d44	bytes=8D8DF8FBFFFF;mnemonic=LEA;instruction=LEA ECX,[EBP + 0xfffffbf8];inputs=EBP,0xfffffbf8;results=ECX;flows=;fallthrough=004850f0
instruction_reference	00484d44	FUN_00484d44	004850ea	Stack[-0x40c]	DATA		operand_index=0;primary=true;source=ANALYSIS
instruction	00484d44	FUN_00484d44	004850f0	004850f1	FALL_THROUGH	FUN_00484d44	bytes=51;mnemonic=PUSH;instruction=PUSH ECX;inputs=ESP,ECX,0x4;results=ESP;flows=;fallthrough=004850f1
instruction	00484d44	FUN_00484d44	004850f1	004850f6	UNCONDITIONAL_CALL	FUN_00484d44	bytes=E8DCB81000;mnemonic=CALL;instruction=CALL 0x005909d2;inputs=ESP,0x4,0x4850f6;results=ESP;flows=005909d2;fallthrough=004850f6
instruction_reference	00484d44	FUN_00484d44	004850f1	005909d2	UNCONDITIONAL_CALL	FUN_005909d2	operand_index=0;primary=true;source=DEFAULT
instruction	00484d44	FUN_00484d44	004850f6	004850f9	FALL_THROUGH	FUN_00484d44	bytes=83C418;mnemonic=ADD;instruction=ADD ESP,0x18;inputs=ESP,0x0,0x1,0x18,0xff;results=CF,ESP,PF,ZF,SF,OF;flows=;fallthrough=004850f9
instruction	00484d44	FUN_00484d44	004850f9	004850ff	FALL_THROUGH	FUN_00484d44	bytes=8B95E8FBFFFF;mnemonic=MOV;instruction=MOV EDX,dword ptr [EBP + 0xfffffbe8];inputs=EBP,0xfffffbe8;results=EDX;flows=;fallthrough=004850ff
instruction_reference	00484d44	FUN_00484d44	004850f9	Stack[-0x41c]	READ		operand_index=1;primary=true;source=ANALYSIS
instruction	00484d44	FUN_00484d44	004850ff	00485100	FALL_THROUGH	FUN_00484d44	bytes=52;mnemonic=PUSH;instruction=PUSH EDX;inputs=ESP,0x4,EDX;results=ESP;flows=;fallthrough=00485100
instruction	00484d44	FUN_00484d44	00485100	00485105	UNCONDITIONAL_CALL	FUN_00484d44	bytes=E8D3AE1000;mnemonic=CALL;instruction=CALL 0x0058ffd8;inputs=ESP,0x4,0x485105;results=ESP;flows=0058ffd8;fallthrough=00485105
instruction_reference	00484d44	FUN_00484d44	00485100	0058ffd8	UNCONDITIONAL_CALL	FUN_0058ffd8	operand_index=0;primary=true;source=DEFAULT
instruction	00484d44	FUN_00484d44	00485105	00485108	FALL_THROUGH	FUN_00484d44	bytes=83C404;mnemonic=ADD;instruction=ADD ESP,0x4;inputs=ESP,0x0,0x1,0x4,0xff;results=CF,ESP,PF,ZF,SF,OF;flows=;fallthrough=00485108
instruction	00484d44	FUN_00484d44	00485108	0048510a	FALL_THROUGH	FUN_00484d44	bytes=6A10;mnemonic=PUSH;instruction=PUSH 0x10;inputs=0x10,ESP,0x4;results=ESP;flows=;fallthrough=0048510a
instruction	00484d44	FUN_00484d44	0048510a	00485110	FALL_THROUGH	FUN_00484d44	bytes=8B8508FDFFFF;mnemonic=MOV;instruction=MOV EAX,dword ptr [EBP + 0xfffffd08];inputs=EBP,0xfffffd08;results=EAX;flows=;fallthrough=00485110
instruction_reference	00484d44	FUN_00484d44	0048510a	Stack[-0x2fc]	READ		operand_index=1;primary=true;source=ANALYSIS
instruction	00484d44	FUN_00484d44	00485110	00485113	FALL_THROUGH	FUN_00484d44	bytes=83C00C;mnemonic=ADD;instruction=ADD EAX,0xc;inputs=EAX,0x0,0x1,0xc,0xff;results=CF,EAX,PF,ZF,SF,OF;flows=;fallthrough=00485113
instruction	00484d44	FUN_00484d44	00485113	00485114	FALL_THROUGH	FUN_00484d44	bytes=50;mnemonic=PUSH;instruction=PUSH EAX;inputs=EAX,ESP,0x4;results=ESP;flows=;fallthrough=00485114
instruction	00484d44	FUN_00484d44	00485114	0048511a	FALL_THROUGH	FUN_00484d44	bytes=8D8D18FDFFFF;mnemonic=LEA;instruction=LEA ECX,[EBP + 0xfffffd18];inputs=EBP,0xfffffd18;results=ECX;flows=;fallthrough=0048511a
instruction_reference	00484d44	FUN_00484d44	00485114	Stack[-0x2ec]	DATA		operand_index=0;primary=true;source=ANALYSIS
instruction	00484d44	FUN_00484d44	0048511a	0048511b	FALL_THROUGH	FUN_00484d44	bytes=51;mnemonic=PUSH;instruction=PUSH ECX;inputs=ESP,ECX,0x4;results=ESP;flows=;fallthrough=0048511b
instruction	00484d44	FUN_00484d44	0048511b	00485120	UNCONDITIONAL_CALL	FUN_00484d44	bytes=E8D09F1000;mnemonic=CALL;instruction=CALL 0x0058f0f0;inputs=ESP,0x4,0x485120;results=ESP;flows=0058f0f0;fallthrough=00485120
instruction_reference	00484d44	FUN_00484d44	0048511b	0058f0f0	UNCONDITIONAL_CALL	_strncpy	operand_index=0;primary=true;source=DEFAULT
instruction	00484d44	FUN_00484d44	00485120	00485123	FALL_THROUGH	FUN_00484d44	bytes=83C40C;mnemonic=ADD;instruction=ADD ESP,0xc;inputs=ESP,0x0,0x1,0xc,0xff;results=CF,ESP,PF,ZF,SF,OF;flows=;fallthrough=00485123
instruction	00484d44	FUN_00484d44	00485123	00485125	FALL_THROUGH	FUN_00484d44	bytes=6A34;mnemonic=PUSH;instruction=PUSH 0x34;inputs=ESP,0x34,0x4;results=ESP;flows=;fallthrough=00485125
instruction	00484d44	FUN_00484d44	00485125	0048512b	FALL_THROUGH	FUN_00484d44	bytes=8B9508FDFFFF;mnemonic=MOV;instruction=MOV EDX,dword ptr [EBP + 0xfffffd08];inputs=EBP,0xfffffd08;results=EDX;flows=;fallthrough=0048512b
instruction_reference	00484d44	FUN_00484d44	00485125	Stack[-0x2fc]	READ		operand_index=1;primary=true;source=ANALYSIS
instruction	00484d44	FUN_00484d44	0048512b	0048512e	FALL_THROUGH	FUN_00484d44	bytes=83C21C;mnemonic=ADD;instruction=ADD EDX,0x1c;inputs=0x0,0x1,EDX,0x1c,0xff;results=CF,PF,ZF,SF,EDX,OF;flows=;fallthrough=0048512e
instruction	00484d44	FUN_00484d44	0048512e	0048512f	FALL_THROUGH	FUN_00484d44	bytes=52;mnemonic=PUSH;instruction=PUSH EDX;inputs=ESP,0x4,EDX;results=ESP;flows=;fallthrough=0048512f
instruction	00484d44	FUN_00484d44	0048512f	00485135	FALL_THROUGH	FUN_00484d44	bytes=8D854CFDFFFF;mnemonic=LEA;instruction=LEA EAX,[EBP + 0xfffffd4c];inputs=0xfffffd4c,EBP;results=EAX;flows=;fallthrough=00485135
instruction_reference	00484d44	FUN_00484d44	0048512f	Stack[-0x2b8]	DATA		operand_index=0;primary=true;source=ANALYSIS
instruction	00484d44	FUN_00484d44	00485135	00485136	FALL_THROUGH	FUN_00484d44	bytes=50;mnemonic=PUSH;instruction=PUSH EAX;inputs=EAX,ESP,0x4;results=ESP;flows=;fallthrough=00485136
instruction	00484d44	FUN_00484d44	00485136	0048513b	UNCONDITIONAL_CALL	FUN_00484d44	bytes=E8B59F1000;mnemonic=CALL;instruction=CALL 0x0058f0f0;inputs=ESP,0x48513b,0x4;results=ESP;flows=0058f0f0;fallthrough=0048513b
instruction_reference	00484d44	FUN_00484d44	00485136	0058f0f0	UNCONDITIONAL_CALL	_strncpy	operand_index=0;primary=true;source=DEFAULT
instruction	00484d44	FUN_00484d44	0048513b	0048513e	FALL_THROUGH	FUN_00484d44	bytes=83C40C;mnemonic=ADD;instruction=ADD ESP,0xc;inputs=ESP,0x0,0x1,0xc,0xff;results=CF,ESP,PF,ZF,SF,OF;flows=;fallthrough=0048513e
instruction	00484d44	FUN_00484d44	0048513e	00485143	FALL_THROUGH	FUN_00484d44	bytes=68D0045D00;mnemonic=PUSH;instruction=PUSH 0x5d04d0;inputs=ESP,0x4,0x5d04d0;results=ESP;flows=;fallthrough=00485143
instruction_reference	00484d44	FUN_00484d44	0048513e	005d04d0	DATA	DAT_005d04d0	operand_index=0;primary=true;source=ANALYSIS
instruction	00484d44	FUN_00484d44	00485143	00485149	FALL_THROUGH	FUN_00484d44	bytes=8D8D28FDFFFF;mnemonic=LEA;instruction=LEA ECX,[EBP + 0xfffffd28];inputs=EBP,0xfffffd28;results=ECX;flows=;fallthrough=00485149
instruction_reference	00484d44	FUN_00484d44	00485143	Stack[-0x2dc]	DATA		operand_index=0;primary=true;source=ANALYSIS
instruction	00484d44	FUN_00484d44	00485149	0048514a	FALL_THROUGH	FUN_00484d44	bytes=51;mnemonic=PUSH;instruction=PUSH ECX;inputs=ESP,ECX,0x4;results=ESP;flows=;fallthrough=0048514a
instruction	00484d44	FUN_00484d44	0048514a	0048514f	UNCONDITIONAL_CALL	FUN_00484d44	bytes=E8299F1000;mnemonic=CALL;instruction=CALL 0x0058f078;inputs=ESP,0x4,0x48514f;results=ESP;flows=0058f078;fallthrough=0048514f
instruction_reference	00484d44	FUN_00484d44	0048514a	0058f078	UNCONDITIONAL_CALL	FUN_0058f078	operand_index=0;primary=true;source=DEFAULT
instruction	00484d44	FUN_00484d44	0048514f	00485152	FALL_THROUGH	FUN_00484d44	bytes=83C408;mnemonic=ADD;instruction=ADD ESP,0x8;inputs=ESP,0x0,0x1,0x8,0xff;results=CF,ESP,PF,ZF,SF,OF;flows=;fallthrough=00485152
instruction	00484d44	FUN_00484d44	00485152	00485154	FALL_THROUGH	FUN_00484d44	bytes=6A74;mnemonic=PUSH;instruction=PUSH 0x74;inputs=ESP,0x74,0x4;results=ESP;flows=;fallthrough=00485154
instruction	00484d44	FUN_00484d44	00485154	0048515a	FALL_THROUGH	FUN_00484d44	bytes=8D950CFDFFFF;mnemonic=LEA;instruction=LEA EDX,[EBP + 0xfffffd0c];inputs=0xfffffd0c,EBP;results=EDX;flows=;fallthrough=0048515a
instruction_reference	00484d44	FUN_00484d44	00485154	Stack[-0x2f8]	DATA		operand_index=0;primary=true;source=ANALYSIS
instruction	00484d44	FUN_00484d44	0048515a	0048515b	FALL_THROUGH	FUN_00484d44	bytes=52;mnemonic=PUSH;instruction=PUSH EDX;inputs=ESP,0x4,EDX;results=ESP;flows=;fallthrough=0048515b
instruction	00484d44	FUN_00484d44	0048515b	00485160	UNCONDITIONAL_CALL	FUN_00484d44	bytes=E87DA10D00;mnemonic=CALL;instruction=CALL 0x0055f2dd;inputs=ESP,0x4,0x485160;results=ESP;flows=0055f2dd;fallthrough=00485160
instruction_reference	00484d44	FUN_00484d44	0048515b	0055f2dd	UNCONDITIONAL_CALL	FUN_0055f2dd	operand_index=0;primary=true;source=DEFAULT
instruction	00484d44	FUN_00484d44	00485160	00485163	FALL_THROUGH	FUN_00484d44	bytes=83C408;mnemonic=ADD;instruction=ADD ESP,0x8;inputs=ESP,0x0,0x1,0x8,0xff;results=CF,ESP,PF,ZF,SF,OF;flows=;fallthrough=00485163
instruction	00484d44	FUN_00484d44	00485163		UNCONDITIONAL_JUMP	FUN_00484d44	bytes=EB4C;mnemonic=JMP;instruction=JMP 0x004851b1;inputs=;results=;flows=004851b1;fallthrough=
instruction_reference	00484d44	FUN_00484d44	00485163	004851b1	UNCONDITIONAL_JUMP	LAB_004851b1	operand_index=0;primary=true;source=DEFAULT
instruction	00484d44	FUN_00484d44	00485165	00485168	FALL_THROUGH	FUN_00484d44	bytes=8B4508;mnemonic=MOV;instruction=MOV EAX,dword ptr [EBP + 0x8];inputs=EBP,0x8;results=EAX;flows=;fallthrough=00485168
instruction_reference	00484d44	FUN_00484d44	00485165	Stack[0x4]	READ		operand_index=1;primary=true;source=ANALYSIS
instruction	00484d44	FUN_00484d44	00485168	0048516a	FALL_THROUGH	FUN_00484d44	bytes=33C9;mnemonic=XOR;instruction=XOR ECX,ECX;inputs=0x0,0x1,ECX,0xff;results=CF,PF,ECX,ZF,SF,OF;flows=;fallthrough=0048516a
instruction	00484d44	FUN_00484d44	0048516a	0048516e	FALL_THROUGH	FUN_00484d44	bytes=668B4806;mnemonic=MOV;instruction=MOV CX,word ptr [EAX + 0x6];inputs=EAX,0x6;results=CX;flows=;fallthrough=0048516e
instruction	00484d44	FUN_00484d44	0048516e	00485174	FALL_THROUGH	FUN_00484d44	bytes=8B15E8713B01;mnemonic=MOV;instruction=MOV EDX,dword ptr [0x013b71e8];inputs=013b71e8;results=EDX;flows=;fallthrough=00485174
instruction_reference	00484d44	FUN_00484d44	0048516e	013b71e8	READ	DAT_013b71e8	operand_index=1;primary=true;source=DEFAULT
instruction	00484d44	FUN_00484d44	00485174	0048517a	FALL_THROUGH	FUN_00484d44	bytes=3B8A5C0C0000;mnemonic=CMP;instruction=CMP ECX,dword ptr [EDX + 0xc5c];inputs=0x0,0x1,ECX,EDX,0xc5c,0xff;results=CF,PF,ZF,SF,OF;flows=;fallthrough=0048517a
instruction	00484d44	FUN_00484d44	0048517a	0048517c	CONDITIONAL_JUMP	FUN_00484d44	bytes=7535;mnemonic=JNZ;instruction=JNZ 0x004851b1;inputs=ZF;results=;flows=004851b1;fallthrough=0048517c
instruction_reference	00484d44	FUN_00484d44	0048517a	004851b1	CONDITIONAL_JUMP	LAB_004851b1	operand_index=0;primary=true;source=DEFAULT
instruction	00484d44	FUN_00484d44	0048517c	00485181	FALL_THROUGH	FUN_00484d44	bytes=A1E4713B01;mnemonic=MOV;instruction=MOV EAX,[0x013b71e4];inputs=013b71e4;results=EAX;flows=;fallthrough=00485181
instruction_reference	00484d44	FUN_00484d44	0048517c	013b71e4	READ	DAT_013b71e4	operand_index=1;primary=true;source=DEFAULT
instruction	00484d44	FUN_00484d44	00485181	00485184	FALL_THROUGH	FUN_00484d44	bytes=833800;mnemonic=CMP;instruction=CMP dword ptr [EAX],0x0;inputs=EAX,0x0,0x1,0xff;results=CF,PF,ZF,SF,OF;flows=;fallthrough=00485184
instruction	00484d44	FUN_00484d44	00485184	00485186	CONDITIONAL_JUMP	FUN_00484d44	bytes=742B;mnemonic=JZ;instruction=JZ 0x004851b1;inputs=ZF;results=;flows=004851b1;fallthrough=00485186
instruction_reference	00484d44	FUN_00484d44	00485184	004851b1	CONDITIONAL_JUMP	LAB_004851b1	operand_index=0;primary=true;source=DEFAULT
instruction	00484d44	FUN_00484d44	00485186	00485188	FALL_THROUGH	FUN_00484d44	bytes=6A50;mnemonic=PUSH;instruction=PUSH 0x50;inputs=0x50,ESP,0x4;results=ESP;flows=;fallthrough=00485188
instruction	00484d44	FUN_00484d44	00485188	0048518b	FALL_THROUGH	FUN_00484d44	bytes=8B4D08;mnemonic=MOV;instruction=MOV ECX,dword ptr [EBP + 0x8];inputs=EBP,0x8;results=ECX;flows=;fallthrough=0048518b
instruction_reference	00484d44	FUN_00484d44	00485188	Stack[0x4]	READ		operand_index=1;primary=true;source=ANALYSIS
instruction	00484d44	FUN_00484d44	0048518b	0048518c	FALL_THROUGH	FUN_00484d44	bytes=51;mnemonic=PUSH;instruction=PUSH ECX;inputs=ESP,ECX,0x4;results=ESP;flows=;fallthrough=0048518c
instruction	00484d44	FUN_00484d44	0048518c	00485192	FALL_THROUGH	FUN_00484d44	bytes=8B95E0FBFFFF;mnemonic=MOV;instruction=MOV EDX,dword ptr [EBP + 0xfffffbe0];inputs=EBP,0xfffffbe0;results=EDX;flows=;fallthrough=00485192
instruction_reference	00484d44	FUN_00484d44	0048518c	Stack[-0x424]	READ		operand_index=1;primary=true;source=ANALYSIS
instruction	00484d44	FUN_00484d44	00485192	00485198	FALL_THROUGH	FUN_00484d44	bytes=81C2BC8B0200;mnemonic=ADD;instruction=ADD EDX,0x28bbc;inputs=0x0,0x1,EDX,0x28bbc,0xff;results=CF,PF,ZF,SF,EDX,OF;flows=;fallthrough=00485198
instruction	00484d44	FUN_00484d44	00485198	00485199	FALL_THROUGH	FUN_00484d44	bytes=52;mnemonic=PUSH;instruction=PUSH EDX;inputs=ESP,0x4,EDX;results=ESP;flows=;fallthrough=00485199
instruction	00484d44	FUN_00484d44	00485199	0048519e	UNCONDITIONAL_CALL	FUN_00484d44	bytes=E882A01000;mnemonic=CALL;instruction=CALL 0x0058f220;inputs=ESP,0x4,0x48519e;results=ESP;flows=0058f220;fallthrough=0048519e
instruction_reference	00484d44	FUN_00484d44	00485199	0058f220	UNCONDITIONAL_CALL	FUN_0058f220	operand_index=0;primary=true;source=DEFAULT
instruction	00484d44	FUN_00484d44	0048519e	004851a1	FALL_THROUGH	FUN_00484d44	bytes=83C40C;mnemonic=ADD;instruction=ADD ESP,0xc;inputs=ESP,0x0,0x1,0xc,0xff;results=CF,ESP,PF,ZF,SF,OF;flows=;fallthrough=004851a1
instruction	00484d44	FUN_00484d44	004851a1	004851a7	FALL_THROUGH	FUN_00484d44	bytes=8B85E0FBFFFF;mnemonic=MOV;instruction=MOV EAX,dword ptr [EBP + 0xfffffbe0];inputs=EBP,0xfffffbe0;results=EAX;flows=;fallthrough=004851a7
instruction_reference	00484d44	FUN_00484d44	004851a1	Stack[-0x424]	READ		operand_index=1;primary=true;source=ANALYSIS
instruction	00484d44	FUN_00484d44	004851a7	004851b1	FALL_THROUGH	FUN_00484d44	bytes=C780186E020001000000;mnemonic=MOV;instruction=MOV dword ptr [EAX + 0x26e18],0x1;inputs=EAX,0x1,0x26e18;results=;flows=;fallthrough=004851b1
instruction	00484d44	FUN_00484d44	004851b1	004851b6	FALL_THROUGH	FUN_00484d44	bytes=B801000000;mnemonic=MOV;instruction=MOV EAX,0x1;inputs=0x1;results=EAX;flows=;fallthrough=004851b6
instruction	00484d44	FUN_00484d44	004851b6	004851b8	FALL_THROUGH	FUN_00484d44	bytes=8BE5;mnemonic=MOV;instruction=MOV ESP,EBP;inputs=EBP;results=ESP;flows=;fallthrough=004851b8
instruction	00484d44	FUN_00484d44	004851b8	004851b9	FALL_THROUGH	FUN_00484d44	bytes=5D;mnemonic=POP;instruction=POP EBP;inputs=0x0,ESP,0x4;results=ESP,EBP;flows=;fallthrough=004851b9
instruction	00484d44	FUN_00484d44	004851b9		TERMINATOR	FUN_00484d44	bytes=C20400;mnemonic=RET;instruction=RET 0x4;inputs=ESP,0x4;results=ESP,EIP;flows=;fallthrough=
instruction_search	00484d44	FUN_00484d44	00484d44	00484d44	instructions	FUN_00484d44	instructions=258;references=137;body_min=00484d44;body_max=004851bb
body_flow_incoming	00484d44	FUN_00484d44	00493037	00484d44	UNCONDITIONAL_CALL	FUN_00492e7d	owner_entry=00492e7d;source_block=.text
entry_boundary	00484d44	FUN_00484d44	00484d41	00484d44	TERMINATOR	RET 0x4	fallthrough=
body_search	00484d44	FUN_00484d44		00484d44	body_refs		external_flow_hits=1;external_data_hits=0;switch_table_hits=0;external_other_hits=0;thunk_hits=0;instructions=258;body_min=00484d44;body_max=004851bb;block=.text;execute=true;initialized=true
function	0049889a	FUN_0049889a			unknown		undefined FUN_0049889a(void)
incoming	0049889a	FUN_0049889a	004339ea	0049889a	UNCONDITIONAL_CALL	FUN_004339d8	
incoming	0049889a	FUN_0049889a	00492e91	0049889a	UNCONDITIONAL_CALL	FUN_00492e7d	
incoming	0049889a	FUN_0049889a	004ae3ea	0049889a	UNCONDITIONAL_CALL	FUN_004ae3d6	
incoming	0049889a	FUN_0049889a	005a4440	0049889a	DATA		
incoming	0049889a	FUN_0049889a	004a62a0	0049889a	UNCONDITIONAL_CALL	FUN_004a626e	
caller	0049889a	FUN_0049889a	004339d8	0049889a	call	FUN_004339d8	
caller	0049889a	FUN_0049889a	00492e7d	0049889a	call	FUN_00492e7d	
caller	0049889a	FUN_0049889a	004a626e	0049889a	call	FUN_004a626e	
caller	0049889a	FUN_0049889a	004ae3d6	0049889a	call	FUN_004ae3d6	
callee	0049889a	FUN_0049889a	0049889a	EXTERNAL:0000005b	call	GetLocalTime	
callee	0049889a	FUN_0049889a	0049889a	00403df2	call	FUN_00403df2	
callee	0049889a	FUN_0049889a	0049889a	00407203	call	FUN_00407203	
callee	0049889a	FUN_0049889a	0049889a	00408d33	call	FUN_00408d33	
callee	0049889a	FUN_0049889a	0049889a	0040c0f0	call	FUN_0040c0f0	
callee	0049889a	FUN_0049889a	0049889a	00430f50	call	FUN_00430f50	
callee	0049889a	FUN_0049889a	0049889a	0044edbc	call	FUN_0044edbc	
callee	0049889a	FUN_0049889a	0049889a	0044ee1f	call	FUN_0044ee1f	
callee	0049889a	FUN_0049889a	0049889a	0044ee77	call	FUN_0044ee77	
callee	0049889a	FUN_0049889a	0049889a	00494dcf	call	FUN_00494dcf	
callee	0049889a	FUN_0049889a	0049889a	004d01b0	call	FUN_004d01b0	
callee	0049889a	FUN_0049889a	0049889a	004ff388	call	FUN_004ff388	
callee	0049889a	FUN_0049889a	0049889a	0052355c	call	FUN_0052355c	
callee	0049889a	FUN_0049889a	0049889a	0054ab2a	call	FUN_0054ab2a	
callee	0049889a	FUN_0049889a	0049889a	0054ac09	call	FUN_0054ac09	
callee	0049889a	FUN_0049889a	0049889a	0058ef10	call	_strlen	
callee	0049889a	FUN_0049889a	0049889a	0058ef90	call	_strcmp	
callee	0049889a	FUN_0049889a	0049889a	0058f020	call	_memset	
callee	0049889a	FUN_0049889a	0049889a	0058f078	call	FUN_0058f078	
callee	0049889a	FUN_0049889a	0049889a	0058f0ca	call	operator_new	
callee	0049889a	FUN_0049889a	0049889a	0058f1f0	call	__ftol	
reference	0049889a	FUN_0049889a	0049889f	005a0160	DATA	LAB_005a0160	
reference	0049889a	FUN_0049889a	004988a4	ffdff000	READ	ExceptionList	00000000
reference	0049889a	FUN_0049889a	004988ab	ffdff000	WRITE	ExceptionList	00000000
reference	0049889a	FUN_0049889a	004988bf	0067cf38	READ	DAT_0067cf38	0x0
reference	0049889a	FUN_0049889a	004988d9	0092e654	READ	DAT_0092e654	0x0
reference	0049889a	FUN_0049889a	004988e1	0092e654	READ	DAT_0092e654	0x0
reference	0049889a	FUN_0049889a	0049893a	00a347f8	DATA	DAT_00a347f8	
reference	0049889a	FUN_0049889a	00498985	013b71e8	READ	DAT_013b71e8	0x0
reference	0049889a	FUN_0049889a	0049898d	013b71e8	READ	DAT_013b71e8	0x0
reference	0049889a	FUN_0049889a	004989e0	0067cf38	READ	DAT_0067cf38	0x0
reference	0049889a	FUN_0049889a	004989ef	0067cf38	READ	DAT_0067cf38	0x0
reference	0049889a	FUN_0049889a	00498a5f	00a347f8	DATA	DAT_00a347f8	
reference	0049889a	FUN_0049889a	00498aaa	013b71e8	READ	DAT_013b71e8	0x0
reference	0049889a	FUN_0049889a	00498ab2	013b71e8	READ	DAT_013b71e8	0x0
reference	0049889a	FUN_0049889a	00498ae6	013b71e8	READ	DAT_013b71e8	0x0
reference	0049889a	FUN_0049889a	00498afc	00a38378	DATA	DAT_00a38378	
reference	0049889a	FUN_0049889a	00498c36	005ccf88	WRITE	DAT_005ccf88	0x0
reference	0049889a	FUN_0049889a	00498c85	005c12b0	DATA	DAT_005c12b0	
reference	0049889a	FUN_0049889a	00498c91	005ccf88	WRITE	DAT_005ccf88	0x0
reference	0049889a	FUN_0049889a	00498cac	005c18fc	DATA	DAT_005c18fc	
reference	0049889a	FUN_0049889a	00498cb8	005ccf88	WRITE	DAT_005ccf88	0x0
reference	0049889a	FUN_0049889a	00498d25	005be888	DATA	DAT_005be888	
reference	0049889a	FUN_0049889a	00498d2c	005ccf88	WRITE	DAT_005ccf88	0x0
reference	0049889a	FUN_0049889a	00498de2	005b901c	DATA	DAT_005b901c	
reference	0049889a	FUN_0049889a	00498e6e	005b9020	DATA	DAT_005b9020	
reference	0049889a	FUN_0049889a	00498ee8	0067cf38	READ	DAT_0067cf38	0x0
reference	0049889a	FUN_0049889a	004990e6	005a3670	READ	DAT_005a3670	
reference	0049889a	FUN_0049889a	00499113	005a3670	READ	DAT_005a3670	
reference	0049889a	FUN_0049889a	0049919e	0067cf38	READ	DAT_0067cf38	0x0
reference	0049889a	FUN_0049889a	004992ac	0067cf38	READ	DAT_0067cf38	0x0
reference	0049889a	FUN_0049889a	004992cf	0067cf38	READ	DAT_0067cf38	0x0
reference	0049889a	FUN_0049889a	004992f7	013b71e8	READ	DAT_013b71e8	0x0
reference	0049889a	FUN_0049889a	004992ff	013b71e8	READ	DAT_013b71e8	0x0
reference	0049889a	FUN_0049889a	00499399	0067cf38	READ	DAT_0067cf38	0x0
reference	0049889a	FUN_0049889a	004993ab	0067cf38	READ	DAT_0067cf38	0x0
reference	0049889a	FUN_0049889a	004994a1	0092e654	READ	DAT_0092e654	0x0
reference	0049889a	FUN_0049889a	004994a9	0092e654	READ	DAT_0092e654	0x0
reference	0049889a	FUN_0049889a	004994e4	005a3208	READ	PTR_GetLocalTime_005a3208	001afda6
reference	0049889a	FUN_0049889a	004994ea	0067cf38	READ	DAT_0067cf38	0x0
reference	0049889a	FUN_0049889a	004994fd	0067cf38	READ	DAT_0067cf38	0x0
reference	0049889a	FUN_0049889a	00499546	005b9024	DATA	DAT_005b9024	
reference	0049889a	FUN_0049889a	004995ce	005b9028	DATA	s_SMS_[%02d:%02d:%02d]_005b9028	SMS [%02d:%02d:%02d]
reference	0049889a	FUN_0049889a	0049968e	005b9040	DATA	DAT_005b9040	
reference	0049889a	FUN_0049889a	004997ae	013b71e8	READ	DAT_013b71e8	0x0
reference	0049889a	FUN_0049889a	004997d3	013b71e8	READ	DAT_013b71e8	0x0
reference	0049889a	FUN_0049889a	004997f5	013b71e8	READ	DAT_013b71e8	0x0
reference	0049889a	FUN_0049889a	00499806	005b9044	DATA	DAT_005b9044	
reference	0049889a	FUN_0049889a	00499817	013b71e8	READ	DAT_013b71e8	0x0
reference	0049889a	FUN_0049889a	0049983c	013b71e8	READ	DAT_013b71e8	0x0
reference	0049889a	FUN_0049889a	00499873	005b9048	DATA	s_SMS_[%02d:%02d:%02d]_005b9048	SMS [%02d:%02d:%02d]
reference	0049889a	FUN_0049889a	00499887	013b71e8	READ	DAT_013b71e8	0x0
reference	0049889a	FUN_0049889a	004998ab	013b71e8	READ	DAT_013b71e8	0x0
reference	0049889a	FUN_0049889a	004998c2	005b9060	DATA	DAT_005b9060	
reference	0049889a	FUN_0049889a	004998d6	013b71e8	READ	DAT_013b71e8	0x0
reference	0049889a	FUN_0049889a	0049999e	013b71e8	READ	DAT_013b71e8	0x0
reference	0049889a	FUN_0049889a	004999b2	005b9064	DATA	s_%s_%d_%d,%d_005b9064	%s %d %d,%d
reference	0049889a	FUN_0049889a	004999c8	013b71e8	READ	DAT_013b71e8	0x0
reference	0049889a	FUN_0049889a	004999dc	005b9070	DATA	s_%s_%d_005b9070	%s %d
reference	0049889a	FUN_0049889a	00499b37	0092e654	READ	DAT_0092e654	0x0
reference	0049889a	FUN_0049889a	00499b3f	0092e654	READ	DAT_0092e654	0x0
reference	0049889a	FUN_0049889a	00499b54	0067cf38	READ	DAT_0067cf38	0x0
reference	0049889a	FUN_0049889a	00499b67	0067cf38	READ	DAT_0067cf38	0x0
reference	0049889a	FUN_0049889a	00499b72	005b9078	DATA	s_Whisper_:_Off_005b9078	Whisper : Off
reference	0049889a	FUN_0049889a	00499b97	005b9088	DATA	s_Whisper_:_On_005b9088	Whisper : On
reference	0049889a	FUN_0049889a	00499bbc	005b9098	DATA	s_Party_Chatting_:_Off_005b9098	Party Chatting : Off
reference	0049889a	FUN_0049889a	00499be1	005b90b0	DATA	s_Party_Chatting_:_On_005b90b0	Party Chatting : On
reference	0049889a	FUN_0049889a	00499c06	005b90c4	DATA	s_Guild_Chatting_:_Off_005b90c4	Guild Chatting : Off
reference	0049889a	FUN_0049889a	00499c2b	005b90dc	DATA	s_Guild_Chatting_:_On_005b90dc	Guild Chatting : On
reference	0049889a	FUN_0049889a	00499cbe	0067cf38	READ	DAT_0067cf38	0x0
reference	0049889a	FUN_0049889a	00499ceb	005b892c	READ	DAT_005b892c	0x2
reference	0049889a	FUN_0049889a	00499d8a	005a44a4	READ	DAT_005a44a4	
reference	0049889a	FUN_0049889a	00499e19	0092e654	READ	DAT_0092e654	0x0
reference	0049889a	FUN_0049889a	00499e20	0092e654	READ	DAT_0092e654	0x0
reference	0049889a	FUN_0049889a	00499e8b	ffdff000	WRITE	ExceptionList	00000000
instruction	0049889a	FUN_0049889a	0049889a	0049889b	FALL_THROUGH	FUN_0049889a	bytes=55;mnemonic=PUSH;instruction=PUSH EBP;inputs=ESP,EBP,0x4;results=ESP;flows=;fallthrough=0049889b
instruction	0049889a	FUN_0049889a	0049889b	0049889d	FALL_THROUGH	FUN_0049889a	bytes=8BEC;mnemonic=MOV;instruction=MOV EBP,ESP;inputs=ESP;results=EBP;flows=;fallthrough=0049889d
instruction	0049889a	FUN_0049889a	0049889d	0049889f	FALL_THROUGH	FUN_0049889a	bytes=6AFF;mnemonic=PUSH;instruction=PUSH -0x1;inputs=0xffffffff,ESP,0x4;results=ESP;flows=;fallthrough=0049889f
instruction	0049889a	FUN_0049889a	0049889f	004988a4	FALL_THROUGH	FUN_0049889a	bytes=6860015A00;mnemonic=PUSH;instruction=PUSH 0x5a0160;inputs=ESP,0x4,0x5a0160;results=ESP;flows=;fallthrough=004988a4
instruction_reference	0049889a	FUN_0049889a	0049889f	005a0160	DATA	LAB_005a0160	operand_index=0;primary=true;source=ANALYSIS
instruction	0049889a	FUN_0049889a	004988a4	004988aa	FALL_THROUGH	FUN_0049889a	bytes=64A100000000;mnemonic=MOV;instruction=MOV EAX,FS:[0x0];inputs=FS_OFFSET,0x0;results=EAX;flows=;fallthrough=004988aa
instruction_reference	0049889a	FUN_0049889a	004988a4	ffdff000	READ	ExceptionList	operand_index=1;primary=true;source=ANALYSIS
instruction	0049889a	FUN_0049889a	004988aa	004988ab	FALL_THROUGH	FUN_0049889a	bytes=50;mnemonic=PUSH;instruction=PUSH EAX;inputs=EAX,ESP,0x4;results=ESP;flows=;fallthrough=004988ab
instruction	0049889a	FUN_0049889a	004988ab	004988b2	FALL_THROUGH	FUN_0049889a	bytes=64892500000000;mnemonic=MOV;instruction=MOV dword ptr FS:[0x0],ESP;inputs=FS_OFFSET,0x0,ESP;results=;flows=;fallthrough=004988b2
instruction_reference	0049889a	FUN_0049889a	004988ab	ffdff000	WRITE	ExceptionList	operand_index=0;primary=true;source=ANALYSIS
instruction	0049889a	FUN_0049889a	004988b2	004988b8	FALL_THROUGH	FUN_0049889a	bytes=81ECA0030000;mnemonic=SUB;instruction=SUB ESP,0x3a0;inputs=ESP,0x3a0,0x0,0x1,0xff;results=CF,ESP,PF,ZF,SF,OF;flows=;fallthrough=004988b8
instruction	0049889a	FUN_0049889a	004988b8	004988b9	FALL_THROUGH	FUN_0049889a	bytes=56;mnemonic=PUSH;instruction=PUSH ESI;inputs=ESP,0x4,ESI;results=ESP;flows=;fallthrough=004988b9
instruction	0049889a	FUN_0049889a	004988b9	004988bf	FALL_THROUGH	FUN_0049889a	bytes=898D84FCFFFF;mnemonic=MOV;instruction=MOV dword ptr [EBP + 0xfffffc84],ECX;inputs=EBP,ECX,0xfffffc84;results=;flows=;fallthrough=004988bf
instruction_reference	0049889a	FUN_0049889a	004988b9	Stack[-0x380]	WRITE		operand_index=0;primary=true;source=ANALYSIS
instruction	0049889a	FUN_0049889a	004988bf	004988c4	FALL_THROUGH	FUN_0049889a	bytes=A138CF6700;mnemonic=MOV;instruction=MOV EAX,[0x0067cf38];inputs=0067cf38;results=EAX;flows=;fallthrough=004988c4
instruction_reference	0049889a	FUN_0049889a	004988bf	0067cf38	READ	DAT_0067cf38	operand_index=1;primary=true;source=DEFAULT
instruction	0049889a	FUN_0049889a	004988c4	004988ca	FALL_THROUGH	FUN_0049889a	bytes=3B8584FCFFFF;mnemonic=CMP;instruction=CMP EAX,dword ptr [EBP + 0xfffffc84];inputs=EAX,0x0,0x1,EBP,0xfffffc84,0xff;results=CF,PF,ZF,SF,OF;flows=;fallthrough=004988ca
instruction_reference	0049889a	FUN_0049889a	004988c4	Stack[-0x380]	READ		operand_index=1;primary=true;source=ANALYSIS
instruction	0049889a	FUN_0049889a	004988ca	004988cc	CONDITIONAL_JUMP	FUN_0049889a	bytes=7407;mnemonic=JZ;instruction=JZ 0x004988d3;inputs=ZF;results=;flows=004988d3;fallthrough=004988cc
instruction_reference	0049889a	FUN_0049889a	004988ca	004988d3	CONDITIONAL_JUMP	LAB_004988d3	operand_index=0;primary=true;source=DEFAULT
instruction	0049889a	FUN_0049889a	004988cc	004988ce	FALL_THROUGH	FUN_0049889a	bytes=33C0;mnemonic=XOR;instruction=XOR EAX,EAX;inputs=0x0,EAX,0x1,0xff;results=CF,EAX,PF,ZF,SF,OF;flows=;fallthrough=004988ce
instruction	0049889a	FUN_0049889a	004988ce		UNCONDITIONAL_JUMP	FUN_0049889a	bytes=E9B5150000;mnemonic=JMP;instruction=JMP 0x00499e88;inputs=;results=;flows=00499e88;fallthrough=
instruction_reference	0049889a	FUN_0049889a	004988ce	00499e88	UNCONDITIONAL_JUMP	LAB_00499e88	operand_index=0;primary=true;source=DEFAULT
instruction	0049889a	FUN_0049889a	004988d3	004988d6	FALL_THROUGH	FUN_0049889a	bytes=8B4D0C;mnemonic=MOV;instruction=MOV ECX,dword ptr [EBP + 0xc];inputs=EBP,0xc;results=ECX;flows=;fallthrough=004988d6
instruction_reference	0049889a	FUN_0049889a	004988d3	Stack[0x8]	READ		operand_index=1;primary=true;source=ANALYSIS
instruction	0049889a	FUN_0049889a	004988d6	004988d9	FALL_THROUGH	FUN_0049889a	bytes=894DEC;mnemonic=MOV;instruction=MOV dword ptr [EBP + -0x14],ECX;inputs=0xffffffec,EBP,ECX;results=;flows=;fallthrough=004988d9
instruction_reference	0049889a	FUN_0049889a	004988d6	Stack[-0x18]	WRITE		operand_index=0;primary=true;source=ANALYSIS
instruction	0049889a	FUN_0049889a	004988d9	004988df	FALL_THROUGH	FUN_0049889a	bytes=8B1554E69200;mnemonic=MOV;instruction=MOV EDX,dword ptr [0x0092e654];inputs=0092e654;results=EDX;flows=;fallthrough=004988df
instruction_reference	0049889a	FUN_0049889a	004988d9	0092e654	READ	DAT_0092e654	operand_index=1;primary=true;source=DEFAULT
instruction	0049889a	FUN_0049889a	004988df	004988e1	FALL_THROUGH	FUN_0049889a	bytes=8B02;mnemonic=MOV;instruction=MOV EAX,dword ptr [EDX];inputs=EDX;results=EAX;flows=;fallthrough=004988e1
instruction	0049889a	FUN_0049889a	004988e1	004988e7	FALL_THROUGH	FUN_0049889a	bytes=8B0D54E69200;mnemonic=MOV;instruction=MOV ECX,dword ptr [0x0092e654];inputs=0092e654;results=ECX;flows=;fallthrough=004988e7
instruction_reference	0049889a	FUN_0049889a	004988e1	0092e654	READ	DAT_0092e654	operand_index=1;primary=true;source=DEFAULT
instruction	0049889a	FUN_0049889a	004988e7	004988ea	COMPUTED_CALL	FUN_0049889a	bytes=FF5008;mnemonic=CALL;instruction=CALL dword ptr [EAX + 0x8];inputs=EAX,ESP,0x4988ea,0x4,0x8;results=ESP;flows=;fallthrough=004988ea
instruction	0049889a	FUN_0049889a	004988ea	004988ed	FALL_THROUGH	FUN_0049889a	bytes=8945F0;mnemonic=MOV;instruction=MOV dword ptr [EBP + -0x10],EAX;inputs=EAX,EBP,0xfffffff0;results=;flows=;fallthrough=004988ed
instruction_reference	0049889a	FUN_0049889a	004988ea	Stack[-0x14]	WRITE		operand_index=0;primary=true;source=ANALYSIS
instruction	0049889a	FUN_0049889a	004988ed	004988f1	FALL_THROUGH	FUN_0049889a	bytes=837DEC00;mnemonic=CMP;instruction=CMP dword ptr [EBP + -0x14],0x0;inputs=0x0,0x1,0xffffffec,EBP,0xff;results=CF,PF,ZF,SF,OF;flows=;fallthrough=004988f1
instruction_reference	0049889a	FUN_0049889a	004988ed	Stack[-0x18]	READ		operand_index=0;primary=true;source=ANALYSIS
instruction	0049889a	FUN_0049889a	004988f1	004988f7	CONDITIONAL_JUMP	FUN_0049889a	bytes=0F85B9000000;mnemonic=JNZ;instruction=JNZ 0x004989b0;inputs=ZF;results=;flows=004989b0;fallthrough=004988f7
instruction_reference	0049889a	FUN_0049889a	004988f1	004989b0	CONDITIONAL_JUMP	LAB_004989b0	operand_index=0;primary=true;source=DEFAULT
instruction	0049889a	FUN_0049889a	004988f7	004988fd	FALL_THROUGH	FUN_0049889a	bytes=8B8D84FCFFFF;mnemonic=MOV;instruction=MOV ECX,dword ptr [EBP + 0xfffffc84];inputs=EBP,0xfffffc84;results=ECX;flows=;fallthrough=004988fd
instruction_reference	0049889a	FUN_0049889a	004988f7	Stack[-0x380]	READ		operand_index=1;primary=true;source=ANALYSIS
instruction	0049889a	FUN_0049889a	004988fd	00498904	FALL_THROUGH	FUN_0049889a	bytes=83B9146E020000;mnemonic=CMP;instruction=CMP dword ptr [ECX + 0x26e14],0x0;inputs=0x0,0x1,ECX,0x26e14,0xff;results=CF,PF,ZF,SF,OF;flows=;fallthrough=00498904
instruction	0049889a	FUN_0049889a	00498904	00498906	CONDITIONAL_JUMP	FUN_0049889a	bytes=741A;mnemonic=JZ;instruction=JZ 0x00498920;inputs=ZF;results=;flows=00498920;fallthrough=00498906
instruction_reference	0049889a	FUN_0049889a	00498904	00498920	CONDITIONAL_JUMP	LAB_00498920	operand_index=0;primary=true;source=DEFAULT
instruction	0049889a	FUN_0049889a	00498906	0049890c	FALL_THROUGH	FUN_0049889a	bytes=8B9584FCFFFF;mnemonic=MOV;instruction=MOV EDX,dword ptr [EBP + 0xfffffc84];inputs=EBP,0xfffffc84;results=EDX;flows=;fallthrough=0049890c
instruction_reference	0049889a	FUN_0049889a	00498906	Stack[-0x380]	READ		operand_index=1;primary=true;source=ANALYSIS
instruction	0049889a	FUN_0049889a	0049890c	00498912	FALL_THROUGH	FUN_0049889a	bytes=8B82146E0200;mnemonic=MOV;instruction=MOV EAX,dword ptr [EDX + 0x26e14];inputs=0x26e14,EDX;results=EAX;flows=;fallthrough=00498912
instruction	0049889a	FUN_0049889a	00498912	00498917	FALL_THROUGH	FUN_0049889a	bytes=05983A0000;mnemonic=ADD;instruction=ADD EAX,0x3a98;inputs=EAX,0x0,0x1,0x3a98,0xff;results=CF,EAX,PF,ZF,SF,OF;flows=;fallthrough=00498917
instruction	0049889a	FUN_0049889a	00498917	0049891a	FALL_THROUGH	FUN_0049889a	bytes=3B45F0;mnemonic=CMP;instruction=CMP EAX,dword ptr [EBP + -0x10];inputs=EAX,0x0,0x1,EBP,0xfffffff0,0xff;results=CF,PF,ZF,SF,OF;flows=;fallthrough=0049891a
instruction_reference	0049889a	FUN_0049889a	00498917	Stack[-0x14]	READ		operand_index=1;primary=true;source=ANALYSIS
instruction	0049889a	FUN_0049889a	0049891a	00498920	CONDITIONAL_JUMP	FUN_0049889a	bytes=0F8390000000;mnemonic=JNC;instruction=JNC 0x004989b0;inputs=CF;results=;flows=004989b0;fallthrough=00498920
instruction_reference	0049889a	FUN_0049889a	0049891a	004989b0	CONDITIONAL_JUMP	LAB_004989b0	operand_index=0;primary=true;source=DEFAULT
instruction	0049889a	FUN_0049889a	00498920	00498926	FALL_THROUGH	FUN_0049889a	bytes=8B8D84FCFFFF;mnemonic=MOV;instruction=MOV ECX,dword ptr [EBP + 0xfffffc84];inputs=EBP,0xfffffc84;results=ECX;flows=;fallthrough=00498926
instruction_reference	0049889a	FUN_0049889a	00498920	Stack[-0x380]	READ		operand_index=1;primary=true;source=ANALYSIS
instruction	0049889a	FUN_0049889a	00498926	0049892c	FALL_THROUGH	FUN_0049889a	bytes=8B8984000000;mnemonic=MOV;instruction=MOV ECX,dword ptr [ECX + 0x84];inputs=ECX,0x84;results=ECX;flows=;fallthrough=0049892c
instruction	0049889a	FUN_0049889a	0049892c	00498931	UNCONDITIONAL_CALL	FUN_0049889a	bytes=E8BF37F7FF;mnemonic=CALL;instruction=CALL 0x0040c0f0;inputs=ESP,0x4,0x498931;results=ESP;flows=0040c0f0;fallthrough=00498931
instruction_reference	0049889a	FUN_0049889a	0049892c	0040c0f0	UNCONDITIONAL_CALL	FUN_0040c0f0	operand_index=0;primary=true;source=DEFAULT
instruction	0049889a	FUN_0049889a	00498931	00498933	FALL_THROUGH	FUN_0049889a	bytes=85C0;mnemonic=TEST;instruction=TEST EAX,EAX;inputs=0x0,EAX,0x1,0xff;results=CF,PF,ZF,SF,OF;flows=;fallthrough=00498933
instruction	0049889a	FUN_0049889a	00498933	00498935	CONDITIONAL_JUMP	FUN_0049889a	bytes=753F;mnemonic=JNZ;instruction=JNZ 0x00498974;inputs=ZF;results=;flows=00498974;fallthrough=00498935
instruction_reference	0049889a	FUN_0049889a	00498933	00498974	CONDITIONAL_JUMP	LAB_00498974	operand_index=0;primary=true;source=DEFAULT
instruction	0049889a	FUN_0049889a	00498935	0049893a	FALL_THROUGH	FUN_0049889a	bytes=68A00F0000;mnemonic=PUSH;instruction=PUSH 0xfa0;inputs=0xfa0,ESP,0x4;results=ESP;flows=;fallthrough=0049893a
instruction	0049889a	FUN_0049889a	0049893a	0049893f	FALL_THROUGH	FUN_0049889a	bytes=68F847A300;mnemonic=PUSH;instruction=PUSH 0xa347f8;inputs=ESP,0x4,0xa347f8;results=ESP;flows=;fallthrough=0049893f
instruction_reference	0049889a	FUN_0049889a	0049893a	00a347f8	DATA	DAT_00a347f8	operand_index=0;primary=true;source=ANALYSIS
instruction	0049889a	FUN_0049889a	0049893f	00498945	FALL_THROUGH	FUN_0049889a	bytes=8B9584FCFFFF;mnemonic=MOV;instruction=MOV EDX,dword ptr [EBP + 0xfffffc84];inputs=EBP,0xfffffc84;results=EDX;flows=;fallthrough=00498945
instruction_reference	0049889a	FUN_0049889a	0049893f	Stack[-0x380]	READ		operand_index=1;primary=true;source=ANALYSIS
instruction	0049889a	FUN_0049889a	00498945	0049894b	FALL_THROUGH	FUN_0049889a	bytes=8B8A84000000;mnemonic=MOV;instruction=MOV ECX,dword ptr [EDX + 0x84];inputs=0x84,EDX;results=ECX;flows=;fallthrough=0049894b
instruction	0049889a	FUN_0049889a	0049894b	00498950	UNCONDITIONAL_CALL	FUN_0049889a	bytes=E8A2B4F6FF;mnemonic=CALL;instruction=CALL 0x00403df2;inputs=ESP,0x4,0x498950;results=ESP;flows=00403df2;fallthrough=00498950
instruction_reference	0049889a	FUN_0049889a	0049894b	00403df2	UNCONDITIONAL_CALL	FUN_00403df2	operand_index=0;primary=true;source=DEFAULT
instruction	0049889a	FUN_0049889a	00498950	00498952	FALL_THROUGH	FUN_0049889a	bytes=6A01;mnemonic=PUSH;instruction=PUSH 0x1;inputs=ESP,0x1,0x4;results=ESP;flows=;fallthrough=00498952
instruction	0049889a	FUN_0049889a	00498952	00498954	FALL_THROUGH	FUN_0049889a	bytes=6A01;mnemonic=PUSH;instruction=PUSH 0x1;inputs=ESP,0x1,0x4;results=ESP;flows=;fallthrough=00498954
instruction	0049889a	FUN_0049889a	00498954	0049895a	FALL_THROUGH	FUN_0049889a	bytes=8B8584FCFFFF;mnemonic=MOV;instruction=MOV EAX,dword ptr [EBP + 0xfffffc84];inputs=EBP,0xfffffc84;results=EAX;flows=;fallthrough=0049895a
instruction_reference	0049889a	FUN_0049889a	00498954	Stack[-0x380]	READ		operand_index=1;primary=true;source=ANALYSIS
instruction	0049889a	FUN_0049889a	0049895a	00498960	FALL_THROUGH	FUN_0049889a	bytes=8B8884000000;mnemonic=MOV;instruction=MOV ECX,dword ptr [EAX + 0x84];inputs=EAX,0x84;results=ECX;flows=;fallthrough=00498960
instruction	0049889a	FUN_0049889a	00498960	00498966	FALL_THROUGH	FUN_0049889a	bytes=8B9584FCFFFF;mnemonic=MOV;instruction=MOV EDX,dword ptr [EBP + 0xfffffc84];inputs=EBP,0xfffffc84;results=EDX;flows=;fallthrough=00498966
instruction_reference	0049889a	FUN_0049889a	00498960	Stack[-0x380]	READ		operand_index=1;primary=true;source=ANALYSIS
instruction	0049889a	FUN_0049889a	00498966	0049896c	FALL_THROUGH	FUN_0049889a	bytes=8B8284000000;mnemonic=MOV;instruction=MOV EAX,dword ptr [EDX + 0x84];inputs=0x84,EDX;results=EAX;flows=;fallthrough=0049896c
instruction	0049889a	FUN_0049889a	0049896c	0049896e	FALL_THROUGH	FUN_0049889a	bytes=8B10;mnemonic=MOV;instruction=MOV EDX,dword ptr [EAX];inputs=EAX;results=EDX;flows=;fallthrough=0049896e
instruction	0049889a	FUN_0049889a	0049896e	00498974	COMPUTED_CALL	FUN_0049889a	bytes=FF9288000000;mnemonic=CALL;instruction=CALL dword ptr [EDX + 0x88];inputs=ESP,0x4,EDX,0x88,0x498974;results=ESP;flows=;fallthrough=00498974
instruction	0049889a	FUN_0049889a	00498974	0049897a	FALL_THROUGH	FUN_0049889a	bytes=8B8584FCFFFF;mnemonic=MOV;instruction=MOV EAX,dword ptr [EBP + 0xfffffc84];inputs=EBP,0xfffffc84;results=EAX;flows=;fallthrough=0049897a
instruction_reference	0049889a	FUN_0049889a	00498974	Stack[-0x380]	READ		operand_index=1;primary=true;source=ANALYSIS
instruction	0049889a	FUN_0049889a	0049897a	00498981	FALL_THROUGH	FUN_0049889a	bytes=81782432750000;mnemonic=CMP;instruction=CMP dword ptr [EAX + 0x24],0x7532;inputs=EAX,0x0,0x1,0x7532,0x24,0xff;results=CF,PF,ZF,SF,OF;flows=;fallthrough=00498981
instruction	0049889a	FUN_0049889a	00498981	00498983	CONDITIONAL_JUMP	FUN_0049889a	bytes=7413;mnemonic=JZ;instruction=JZ 0x00498996;inputs=ZF;results=;flows=00498996;fallthrough=00498983
instruction_reference	0049889a	FUN_0049889a	00498981	00498996	CONDITIONAL_JUMP	LAB_00498996	operand_index=0;primary=true;source=DEFAULT
instruction	0049889a	FUN_0049889a	00498983	00498985	FALL_THROUGH	FUN_0049889a	bytes=6A07;mnemonic=PUSH;instruction=PUSH 0x7;inputs=ESP,0x4,0x7;results=ESP;flows=;fallthrough=00498985
instruction	0049889a	FUN_0049889a	00498985	0049898b	FALL_THROUGH	FUN_0049889a	bytes=8B0DE8713B01;mnemonic=MOV;instruction=MOV ECX,dword ptr [0x013b71e8];inputs=013b71e8;results=ECX;flows=;fallthrough=0049898b
instruction_reference	0049889a	FUN_0049889a	00498985	013b71e8	READ	DAT_013b71e8	operand_index=1;primary=true;source=DEFAULT
instruction	0049889a	FUN_0049889a	0049898b	0049898d	FALL_THROUGH	FUN_0049889a	bytes=8B11;mnemonic=MOV;instruction=MOV EDX,dword ptr [ECX];inputs=ECX;results=EDX;flows=;fallthrough=0049898d
instruction	0049889a	FUN_0049889a	0049898d	00498993	FALL_THROUGH	FUN_0049889a	bytes=8B0DE8713B01;mnemonic=MOV;instruction=MOV ECX,dword ptr [0x013b71e8];inputs=013b71e8;results=ECX;flows=;fallthrough=00498993
instruction_reference	0049889a	FUN_0049889a	0049898d	013b71e8	READ	DAT_013b71e8	operand_index=1;primary=true;source=DEFAULT
instruction	0049889a	FUN_0049889a	00498993	00498996	COMPUTED_CALL	FUN_0049889a	bytes=FF5254;mnemonic=CALL;instruction=CALL dword ptr [EDX + 0x54];inputs=ESP,0x54,0x4,EDX,0x498996;results=ESP;flows=;fallthrough=00498996
instruction	0049889a	FUN_0049889a	00498996	0049899c	FALL_THROUGH	FUN_0049889a	bytes=8B8584FCFFFF;mnemonic=MOV;instruction=MOV EAX,dword ptr [EBP + 0xfffffc84];inputs=EBP,0xfffffc84;results=EAX;flows=;fallthrough=0049899c
instruction_reference	0049889a	FUN_0049889a	00498996	Stack[-0x380]	READ		operand_index=1;primary=true;source=ANALYSIS
instruction	0049889a	FUN_0049889a	0049899c	004989a6	FALL_THROUGH	FUN_0049889a	bytes=C780146E020000000000;mnemonic=MOV;instruction=MOV dword ptr [EAX + 0x26e14],0x0;inputs=EAX,0x0,0x26e14;results=;flows=;fallthrough=004989a6
instruction	0049889a	FUN_0049889a	004989a6	004989ab	FALL_THROUGH	FUN_0049889a	bytes=B801000000;mnemonic=MOV;instruction=MOV EAX,0x1;inputs=0x1;results=EAX;flows=;fallthrough=004989ab
instruction	0049889a	FUN_0049889a	004989ab		UNCONDITIONAL_JUMP	FUN_0049889a	bytes=E9D8140000;mnemonic=JMP;instruction=JMP 0x00499e88;inputs=;results=;flows=00499e88;fallthrough=
instruction_reference	0049889a	FUN_0049889a	004989ab	00499e88	UNCONDITIONAL_JUMP	LAB_00499e88	operand_index=0;primary=true;source=DEFAULT
instruction	0049889a	FUN_0049889a	004989b0	004989b4	FALL_THROUGH	FUN_0049889a	bytes=837DEC00;mnemonic=CMP;instruction=CMP dword ptr [EBP + -0x14],0x0;inputs=0x0,0x1,0xffffffec,EBP,0xff;results=CF,PF,ZF,SF,OF;flows=;fallthrough=004989b4
instruction_reference	0049889a	FUN_0049889a	004989b0	Stack[-0x18]	READ		operand_index=0;primary=true;source=ANALYSIS
instruction	0049889a	FUN_0049889a	004989b4	004989ba	CONDITIONAL_JUMP	FUN_0049889a	bytes=0F8581000000;mnemonic=JNZ;instruction=JNZ 0x00498a3b;inputs=ZF;results=;flows=00498a3b;fallthrough=004989ba
instruction_reference	0049889a	FUN_0049889a	004989b4	00498a3b	CONDITIONAL_JUMP	LAB_00498a3b	operand_index=0;primary=true;source=DEFAULT
instruction	0049889a	FUN_0049889a	004989ba	004989c0	FALL_THROUGH	FUN_0049889a	bytes=8B8D84FCFFFF;mnemonic=MOV;instruction=MOV ECX,dword ptr [EBP + 0xfffffc84];inputs=EBP,0xfffffc84;results=ECX;flows=;fallthrough=004989c0
instruction_reference	0049889a	FUN_0049889a	004989ba	Stack[-0x380]	READ		operand_index=1;primary=true;source=ANALYSIS
instruction	0049889a	FUN_0049889a	004989c0	004989c6	FALL_THROUGH	FUN_0049889a	bytes=8B91146E0200;mnemonic=MOV;instruction=MOV EDX,dword ptr [ECX + 0x26e14];inputs=ECX,0x26e14;results=EDX;flows=;fallthrough=004989c6
instruction	0049889a	FUN_0049889a	004989c6	004989cc	FALL_THROUGH	FUN_0049889a	bytes=81C2983A0000;mnemonic=ADD;instruction=ADD EDX,0x3a98;inputs=0x0,0x1,EDX,0x3a98,0xff;results=CF,PF,ZF,SF,EDX,OF;flows=;fallthrough=004989cc
instruction	0049889a	FUN_0049889a	004989cc	004989cf	FALL_THROUGH	FUN_0049889a	bytes=3B55F0;mnemonic=CMP;instruction=CMP EDX,dword ptr [EBP + -0x10];inputs=0x0,0x1,EBP,EDX,0xfffffff0,0xff;results=CF,PF,ZF,SF,OF;flows=;fallthrough=004989cf
instruction_reference	0049889a	FUN_0049889a	004989cc	Stack[-0x14]	READ		operand_index=1;primary=true;source=ANALYSIS
instruction	0049889a	FUN_0049889a	004989cf	004989d1	CONDITIONAL_JUMP	FUN_0049889a	bytes=726A;mnemonic=JC;instruction=JC 0x00498a3b;inputs=CF;results=;flows=00498a3b;fallthrough=004989d1
instruction_reference	0049889a	FUN_0049889a	004989cf	00498a3b	CONDITIONAL_JUMP	LAB_00498a3b	operand_index=0;primary=true;source=DEFAULT
instruction	0049889a	FUN_0049889a	004989d1	004989d7	FALL_THROUGH	FUN_0049889a	bytes=8B8584FCFFFF;mnemonic=MOV;instruction=MOV EAX,dword ptr [EBP + 0xfffffc84];inputs=EBP,0xfffffc84;results=EAX;flows=;fallthrough=004989d7
instruction_reference	0049889a	FUN_0049889a	004989d1	Stack[-0x380]	READ		operand_index=1;primary=true;source=ANALYSIS
instruction	0049889a	FUN_0049889a	004989d7	004989de	FALL_THROUGH	FUN_0049889a	bytes=83B8186E020001;mnemonic=CMP;instruction=CMP dword ptr [EAX + 0x26e18],0x1;inputs=EAX,0x0,0x1,0x26e18,0xff;results=CF,PF,ZF,SF,OF;flows=;fallthrough=004989de
instruction	0049889a	FUN_0049889a	004989de	004989e0	CONDITIONAL_JUMP	FUN_0049889a	bytes=755B;mnemonic=JNZ;instruction=JNZ 0x00498a3b;inputs=ZF;results=;flows=00498a3b;fallthrough=004989e0
instruction_reference	0049889a	FUN_0049889a	004989de	00498a3b	CONDITIONAL_JUMP	LAB_00498a3b	operand_index=0;primary=true;source=DEFAULT
instruction	0049889a	FUN_0049889a	004989e0	004989e6	FALL_THROUGH	FUN_0049889a	bytes=8B0D38CF6700;mnemonic=MOV;instruction=MOV ECX,dword ptr [0x0067cf38];inputs=0067cf38;results=ECX;flows=;fallthrough=004989e6
instruction_reference	0049889a	FUN_0049889a	004989e0	0067cf38	READ	DAT_0067cf38	operand_index=1;primary=true;source=DEFAULT
instruction	0049889a	FUN_0049889a	004989e6	004989ed	FALL_THROUGH	FUN_0049889a	bytes=81792430750000;mnemonic=CMP;instruction=CMP dword ptr [ECX + 0x24],0x7530;inputs=0x7530,0x0,0x1,ECX,0x24,0xff;results=CF,PF,ZF,SF,OF;flows=;fallthrough=004989ed
instruction	0049889a	FUN_0049889a	004989ed	004989ef	CONDITIONAL_JUMP	FUN_0049889a	bytes=7522;mnemonic=JNZ;instruction=JNZ 0x00498a11;inputs=ZF;results=;flows=00498a11;fallthrough=004989ef
instruction_reference	0049889a	FUN_0049889a	004989ed	00498a11	CONDITIONAL_JUMP	LAB_00498a11	operand_index=0;primary=true;source=DEFAULT
instruction	0049889a	FUN_0049889a	004989ef	004989f5	FALL_THROUGH	FUN_0049889a	bytes=8B1538CF6700;mnemonic=MOV;instruction=MOV EDX,dword ptr [0x0067cf38];inputs=0067cf38;results=EDX;flows=;fallthrough=004989f5
instruction_reference	0049889a	FUN_0049889a	004989ef	0067cf38	READ	DAT_0067cf38	operand_index=1;primary=true;source=DEFAULT
instruction	0049889a	FUN_0049889a	004989f5	004989f8	FALL_THROUGH	FUN_0049889a	bytes=8955E8;mnemonic=MOV;instruction=MOV dword ptr [EBP + -0x18],EDX;inputs=EBP,0xffffffe8,EDX;results=;flows=;fallthrough=004989f8
instruction_reference	0049889a	FUN_0049889a	004989f5	Stack[-0x1c]	WRITE		operand_index=0;primary=true;source=ANALYSIS
instruction	0049889a	FUN_0049889a	004989f8	004989fb	FALL_THROUGH	FUN_0049889a	bytes=8B45E8;mnemonic=MOV;instruction=MOV EAX,dword ptr [EBP + -0x18];inputs=EBP,0xffffffe8;results=EAX;flows=;fallthrough=004989fb
instruction_reference	0049889a	FUN_0049889a	004989f8	Stack[-0x1c]	READ		operand_index=1;primary=true;source=ANALYSIS
instruction	0049889a	FUN_0049889a	004989fb	00498a00	FALL_THROUGH	FUN_0049889a	bytes=05BC8B0200;mnemonic=ADD;instruction=ADD EAX,0x28bbc;inputs=EAX,0x0,0x1,0x28bbc,0xff;results=CF,EAX,PF,ZF,SF,OF;flows=;fallthrough=00498a00
instruction	0049889a	FUN_0049889a	00498a00	00498a01	FALL_THROUGH	FUN_0049889a	bytes=50;mnemonic=PUSH;instruction=PUSH EAX;inputs=EAX,ESP,0x4;results=ESP;flows=;fallthrough=00498a01
instruction	0049889a	FUN_0049889a	00498a01	00498a06	FALL_THROUGH	FUN_0049889a	bytes=682A050000;mnemonic=PUSH;instruction=PUSH 0x52a;inputs=ESP,0x4,0x52a;results=ESP;flows=;fallthrough=00498a06
instruction	0049889a	FUN_0049889a	00498a06	00498a09	FALL_THROUGH	FUN_0049889a	bytes=8B4DE8;mnemonic=MOV;instruction=MOV ECX,dword ptr [EBP + -0x18];inputs=EBP,0xffffffe8;results=ECX;flows=;fallthrough=00498a09
instruction_reference	0049889a	FUN_0049889a	00498a06	Stack[-0x1c]	READ		operand_index=1;primary=true;source=ANALYSIS
instruction	0049889a	FUN_0049889a	00498a09	00498a0b	FALL_THROUGH	FUN_0049889a	bytes=8B11;mnemonic=MOV;instruction=MOV EDX,dword ptr [ECX];inputs=ECX;results=EDX;flows=;fallthrough=00498a0b
instruction	0049889a	FUN_0049889a	00498a0b	00498a0e	FALL_THROUGH	FUN_0049889a	bytes=8B4DE8;mnemonic=MOV;instruction=MOV ECX,dword ptr [EBP + -0x18];inputs=EBP,0xffffffe8;results=ECX;flows=;fallthrough=00498a0e
instruction_reference	0049889a	FUN_0049889a	00498a0b	Stack[-0x1c]	READ		operand_index=1;primary=true;source=ANALYSIS
instruction	0049889a	FUN_0049889a	00498a0e	00498a11	COMPUTED_CALL	FUN_0049889a	bytes=FF5204;mnemonic=CALL;instruction=CALL dword ptr [EDX + 0x4];inputs=ESP,0x4,EDX,0x498a11;results=ESP;flows=;fallthrough=00498a11
instruction	0049889a	FUN_0049889a	00498a11	00498a17	FALL_THROUGH	FUN_0049889a	bytes=8B8584FCFFFF;mnemonic=MOV;instruction=MOV EAX,dword ptr [EBP + 0xfffffc84];inputs=EBP,0xfffffc84;results=EAX;flows=;fallthrough=00498a17
instruction_reference	0049889a	FUN_0049889a	00498a11	Stack[-0x380]	READ		operand_index=1;primary=true;source=ANALYSIS
instruction	0049889a	FUN_0049889a	00498a17	00498a21	FALL_THROUGH	FUN_0049889a	bytes=C780146E020000000000;mnemonic=MOV;instruction=MOV dword ptr [EAX + 0x26e14],0x0;inputs=EAX,0x0,0x26e14;results=;flows=;fallthrough=00498a21
instruction	0049889a	FUN_0049889a	00498a21	00498a27	FALL_THROUGH	FUN_0049889a	bytes=8B8D84FCFFFF;mnemonic=MOV;instruction=MOV ECX,dword ptr [EBP + 0xfffffc84];inputs=EBP,0xfffffc84;results=ECX;flows=;fallthrough=00498a27
instruction_reference	0049889a	FUN_0049889a	00498a21	Stack[-0x380]	READ		operand_index=1;primary=true;source=ANALYSIS
instruction	0049889a	FUN_0049889a	00498a27	00498a31	FALL_THROUGH	FUN_0049889a	bytes=C781186E020000000000;mnemonic=MOV;instruction=MOV dword ptr [ECX + 0x26e18],0x0;inputs=0x0,ECX,0x26e18;results=;flows=;fallthrough=00498a31
instruction	0049889a	FUN_0049889a	00498a31	00498a36	FALL_THROUGH	FUN_0049889a	bytes=B801000000;mnemonic=MOV;instruction=MOV EAX,0x1;inputs=0x1;results=EAX;flows=;fallthrough=00498a36
instruction	0049889a	FUN_0049889a	00498a36		UNCONDITIONAL_JUMP	FUN_0049889a	bytes=E94D140000;mnemonic=JMP;instruction=JMP 0x00499e88;inputs=;results=;flows=00499e88;fallthrough=
instruction_reference	0049889a	FUN_0049889a	00498a36	00499e88	UNCONDITIONAL_JUMP	LAB_00499e88	operand_index=0;primary=true;source=DEFAULT
instruction	0049889a	FUN_0049889a	00498a3b	00498a3f	FALL_THROUGH	FUN_0049889a	bytes=837DEC00;mnemonic=CMP;instruction=CMP dword ptr [EBP + -0x14],0x0;inputs=0x0,0x1,0xffffffec,EBP,0xff;results=CF,PF,ZF,SF,OF;flows=;fallthrough=00498a3f
instruction_reference	0049889a	FUN_0049889a	00498a3b	Stack[-0x18]	READ		operand_index=0;primary=true;source=ANALYSIS
instruction	0049889a	FUN_0049889a	00498a3f	00498a45	CONDITIONAL_JUMP	FUN_0049889a	bytes=0F8590000000;mnemonic=JNZ;instruction=JNZ 0x00498ad5;inputs=ZF;results=;flows=00498ad5;fallthrough=00498a45
instruction_reference	0049889a	FUN_0049889a	00498a3f	00498ad5	CONDITIONAL_JUMP	LAB_00498ad5	operand_index=0;primary=true;source=DEFAULT
instruction	0049889a	FUN_0049889a	00498a45	00498a4b	FALL_THROUGH	FUN_0049889a	bytes=8B9584FCFFFF;mnemonic=MOV;instruction=MOV EDX,dword ptr [EBP + 0xfffffc84];inputs=EBP,0xfffffc84;results=EDX;flows=;fallthrough=00498a4b
instruction_reference	0049889a	FUN_0049889a	00498a45	Stack[-0x380]	READ		operand_index=1;primary=true;source=ANALYSIS
instruction	0049889a	FUN_0049889a	00498a4b	00498a51	FALL_THROUGH	FUN_0049889a	bytes=8B8A84000000;mnemonic=MOV;instruction=MOV ECX,dword ptr [EDX + 0x84];inputs=0x84,EDX;results=ECX;flows=;fallthrough=00498a51
instruction	0049889a	FUN_0049889a	00498a51	00498a56	UNCONDITIONAL_CALL	FUN_0049889a	bytes=E89A36F7FF;mnemonic=CALL;instruction=CALL 0x0040c0f0;inputs=ESP,0x4,0x498a56;results=ESP;flows=0040c0f0;fallthrough=00498a56
instruction_reference	0049889a	FUN_0049889a	00498a51	0040c0f0	UNCONDITIONAL_CALL	FUN_0040c0f0	operand_index=0;primary=true;source=DEFAULT
instruction	0049889a	FUN_0049889a	00498a56	00498a58	FALL_THROUGH	FUN_0049889a	bytes=85C0;mnemonic=TEST;instruction=TEST EAX,EAX;inputs=0x0,EAX,0x1,0xff;results=CF,PF,ZF,SF,OF;flows=;fallthrough=00498a58
instruction	0049889a	FUN_0049889a	00498a58	00498a5a	CONDITIONAL_JUMP	FUN_0049889a	bytes=753F;mnemonic=JNZ;instruction=JNZ 0x00498a99;inputs=ZF;results=;flows=00498a99;fallthrough=00498a5a
instruction_reference	0049889a	FUN_0049889a	00498a58	00498a99	CONDITIONAL_JUMP	LAB_00498a99	operand_index=0;primary=true;source=DEFAULT
instruction	0049889a	FUN_0049889a	00498a5a	00498a5f	FALL_THROUGH	FUN_0049889a	bytes=68A00F0000;mnemonic=PUSH;instruction=PUSH 0xfa0;inputs=0xfa0,ESP,0x4;results=ESP;flows=;fallthrough=00498a5f
instruction	0049889a	FUN_0049889a	00498a5f	00498a64	FALL_THROUGH	FUN_0049889a	bytes=68F847A300;mnemonic=PUSH;instruction=PUSH 0xa347f8;inputs=ESP,0x4,0xa347f8;results=ESP;flows=;fallthrough=00498a64
instruction_reference	0049889a	FUN_0049889a	00498a5f	00a347f8	DATA	DAT_00a347f8	operand_index=0;primary=true;source=ANALYSIS
instruction	0049889a	FUN_0049889a	00498a64	00498a6a	FALL_THROUGH	FUN_0049889a	bytes=8B8584FCFFFF;mnemonic=MOV;instruction=MOV EAX,dword ptr [EBP + 0xfffffc84];inputs=EBP,0xfffffc84;results=EAX;flows=;fallthrough=00498a6a
instruction_reference	0049889a	FUN_0049889a	00498a64	Stack[-0x380]	READ		operand_index=1;primary=true;source=ANALYSIS
instruction	0049889a	FUN_0049889a	00498a6a	00498a70	FALL_THROUGH	FUN_0049889a	bytes=8B8884000000;mnemonic=MOV;instruction=MOV ECX,dword ptr [EAX + 0x84];inputs=EAX,0x84;results=ECX;flows=;fallthrough=00498a70
instruction	0049889a	FUN_0049889a	00498a70	00498a75	UNCONDITIONAL_CALL	FUN_0049889a	bytes=E87DB3F6FF;mnemonic=CALL;instruction=CALL 0x00403df2;inputs=ESP,0x4,0x498a75;results=ESP;flows=00403df2;fallthrough=00498a75
instruction_reference	0049889a	FUN_0049889a	00498a70	00403df2	UNCONDITIONAL_CALL	FUN_00403df2	operand_index=0;primary=true;source=DEFAULT
instruction	0049889a	FUN_0049889a	00498a75	00498a77	FALL_THROUGH	FUN_0049889a	bytes=6A01;mnemonic=PUSH;instruction=PUSH 0x1;inputs=ESP,0x1,0x4;results=ESP;flows=;fallthrough=00498a77
instruction	0049889a	FUN_0049889a	00498a77	00498a79	FALL_THROUGH	FUN_0049889a	bytes=6A01;mnemonic=PUSH;instruction=PUSH 0x1;inputs=ESP,0x1,0x4;results=ESP;flows=;fallthrough=00498a79
instruction	0049889a	FUN_0049889a	00498a79	00498a7f	FALL_THROUGH	FUN_0049889a	bytes=8B8D84FCFFFF;mnemonic=MOV;instruction=MOV ECX,dword ptr [EBP + 0xfffffc84];inputs=EBP,0xfffffc84;results=ECX;flows=;fallthrough=00498a7f
instruction_reference	0049889a	FUN_0049889a	00498a79	Stack[-0x380]	READ		operand_index=1;primary=true;source=ANALYSIS
instruction	0049889a	FUN_0049889a	00498a7f	00498a85	FALL_THROUGH	FUN_0049889a	bytes=8B8984000000;mnemonic=MOV;instruction=MOV ECX,dword ptr [ECX + 0x84];inputs=ECX,0x84;results=ECX;flows=;fallthrough=00498a85
instruction	0049889a	FUN_0049889a	00498a85	00498a8b	FALL_THROUGH	FUN_0049889a	bytes=8B9584FCFFFF;mnemonic=MOV;instruction=MOV EDX,dword ptr [EBP + 0xfffffc84];inputs=EBP,0xfffffc84;results=EDX;flows=;fallthrough=00498a8b
instruction_reference	0049889a	FUN_0049889a	00498a85	Stack[-0x380]	READ		operand_index=1;primary=true;source=ANALYSIS
instruction	0049889a	FUN_0049889a	00498a8b	00498a91	FALL_THROUGH	FUN_0049889a	bytes=8B8284000000;mnemonic=MOV;instruction=MOV EAX,dword ptr [EDX + 0x84];inputs=0x84,EDX;results=EAX;flows=;fallthrough=00498a91
instruction	0049889a	FUN_0049889a	00498a91	00498a93	FALL_THROUGH	FUN_0049889a	bytes=8B10;mnemonic=MOV;instruction=MOV EDX,dword ptr [EAX];inputs=EAX;results=EDX;flows=;fallthrough=00498a93
instruction	0049889a	FUN_0049889a	00498a93	00498a99	COMPUTED_CALL	FUN_0049889a	bytes=FF9288000000;mnemonic=CALL;instruction=CALL dword ptr [EDX + 0x88];inputs=ESP,0x498a99,0x4,EDX,0x88;results=ESP;flows=;fallthrough=00498a99
instruction	0049889a	FUN_0049889a	00498a99	00498a9f	FALL_THROUGH	FUN_0049889a	bytes=8B8584FCFFFF;mnemonic=MOV;instruction=MOV EAX,dword ptr [EBP + 0xfffffc84];inputs=EBP,0xfffffc84;results=EAX;flows=;fallthrough=00498a9f
instruction_reference	0049889a	FUN_0049889a	00498a99	Stack[-0x380]	READ		operand_index=1;primary=true;source=ANALYSIS
instruction	0049889a	FUN_0049889a	00498a9f	00498aa6	FALL_THROUGH	FUN_0049889a	bytes=81782432750000;mnemonic=CMP;instruction=CMP dword ptr [EAX + 0x24],0x7532;inputs=EAX,0x0,0x1,0x7532,0x24,0xff;results=CF,PF,ZF,SF,OF;flows=;fallthrough=00498aa6
instruction	0049889a	FUN_0049889a	00498aa6	00498aa8	CONDITIONAL_JUMP	FUN_0049889a	bytes=7413;mnemonic=JZ;instruction=JZ 0x00498abb;inputs=ZF;results=;flows=00498abb;fallthrough=00498aa8
instruction_reference	0049889a	FUN_0049889a	00498aa6	00498abb	CONDITIONAL_JUMP	LAB_00498abb	operand_index=0;primary=true;source=DEFAULT
instruction	0049889a	FUN_0049889a	00498aa8	00498aaa	FALL_THROUGH	FUN_0049889a	bytes=6A07;mnemonic=PUSH;instruction=PUSH 0x7;inputs=ESP,0x4,0x7;results=ESP;flows=;fallthrough=00498aaa
instruction	0049889a	FUN_0049889a	00498aaa	00498ab0	FALL_THROUGH	FUN_0049889a	bytes=8B0DE8713B01;mnemonic=MOV;instruction=MOV ECX,dword ptr [0x013b71e8];inputs=013b71e8;results=ECX;flows=;fallthrough=00498ab0
instruction_reference	0049889a	FUN_0049889a	00498aaa	013b71e8	READ	DAT_013b71e8	operand_index=1;primary=true;source=DEFAULT
instruction	0049889a	FUN_0049889a	00498ab0	00498ab2	FALL_THROUGH	FUN_0049889a	bytes=8B11;mnemonic=MOV;instruction=MOV EDX,dword ptr [ECX];inputs=ECX;results=EDX;flows=;fallthrough=00498ab2
instruction	0049889a	FUN_0049889a	00498ab2	00498ab8	FALL_THROUGH	FUN_0049889a	bytes=8B0DE8713B01;mnemonic=MOV;instruction=MOV ECX,dword ptr [0x013b71e8];inputs=013b71e8;results=ECX;flows=;fallthrough=00498ab8
instruction_reference	0049889a	FUN_0049889a	00498ab2	013b71e8	READ	DAT_013b71e8	operand_index=1;primary=true;source=DEFAULT
instruction	0049889a	FUN_0049889a	00498ab8	00498abb	COMPUTED_CALL	FUN_0049889a	bytes=FF5254;mnemonic=CALL;instruction=CALL dword ptr [EDX + 0x54];inputs=ESP,0x498abb,0x54,0x4,EDX;results=ESP;flows=;fallthrough=00498abb
instruction	0049889a	FUN_0049889a	00498abb	00498ac1	FALL_THROUGH	FUN_0049889a	bytes=8B8584FCFFFF;mnemonic=MOV;instruction=MOV EAX,dword ptr [EBP + 0xfffffc84];inputs=EBP,0xfffffc84;results=EAX;flows=;fallthrough=00498ac1
instruction_reference	0049889a	FUN_0049889a	00498abb	Stack[-0x380]	READ		operand_index=1;primary=true;source=ANALYSIS
instruction	0049889a	FUN_0049889a	00498ac1	00498acb	FALL_THROUGH	FUN_0049889a	bytes=C780146E020000000000;mnemonic=MOV;instruction=MOV dword ptr [EAX + 0x26e14],0x0;inputs=EAX,0x0,0x26e14;results=;flows=;fallthrough=00498acb
instruction	0049889a	FUN_0049889a	00498acb	00498ad0	FALL_THROUGH	FUN_0049889a	bytes=B801000000;mnemonic=MOV;instruction=MOV EAX,0x1;inputs=0x1;results=EAX;flows=;fallthrough=00498ad0
instruction	0049889a	FUN_0049889a	00498ad0		UNCONDITIONAL_JUMP	FUN_0049889a	bytes=E9B3130000;mnemonic=JMP;instruction=JMP 0x00499e88;inputs=;results=;flows=00499e88;fallthrough=
instruction_reference	0049889a	FUN_0049889a	00498ad0	00499e88	UNCONDITIONAL_JUMP	LAB_00499e88	operand_index=0;primary=true;source=DEFAULT
instruction	0049889a	FUN_0049889a	00498ad5	00498ad8	FALL_THROUGH	FUN_0049889a	bytes=8B4DEC;mnemonic=MOV;instruction=MOV ECX,dword ptr [EBP + -0x14];inputs=0xffffffec,EBP;results=ECX;flows=;fallthrough=00498ad8
instruction_reference	0049889a	FUN_0049889a	00498ad5	Stack[-0x18]	READ		operand_index=1;primary=true;source=ANALYSIS
instruction	0049889a	FUN_0049889a	00498ad8	00498ada	FALL_THROUGH	FUN_0049889a	bytes=33D2;mnemonic=XOR;instruction=XOR EDX,EDX;inputs=0x0,0x1,EDX,0xff;results=CF,PF,ZF,SF,EDX,OF;flows=;fallthrough=00498ada
instruction	0049889a	FUN_0049889a	00498ada	00498ade	FALL_THROUGH	FUN_0049889a	bytes=668B5104;mnemonic=MOV;instruction=MOV DX,word ptr [ECX + 0x4];inputs=ECX,0x4;results=DX;flows=;fallthrough=00498ade
instruction	0049889a	FUN_0049889a	00498ade	00498ae4	FALL_THROUGH	FUN_0049889a	bytes=81FA94010000;mnemonic=CMP;instruction=CMP EDX,0x194;inputs=0x0,0x1,0x194,EDX,0xff;results=CF,PF,ZF,SF,OF;flows=;fallthrough=00498ae4
instruction	0049889a	FUN_0049889a	00498ae4	00498ae6	CONDITIONAL_JUMP	FUN_0049889a	bytes=755A;mnemonic=JNZ;instruction=JNZ 0x00498b40;inputs=ZF;results=;flows=00498b40;fallthrough=00498ae6
instruction_reference	0049889a	FUN_0049889a	00498ae4	00498b40	CONDITIONAL_JUMP	LAB_00498b40	operand_index=0;primary=true;source=DEFAULT
instruction	0049889a	FUN_0049889a	00498ae6	00498aeb	FALL_THROUGH	FUN_0049889a	bytes=A1E8713B01;mnemonic=MOV;instruction=MOV EAX,[0x013b71e8];inputs=013b71e8;results=EAX;flows=;fallthrough=00498aeb
instruction_reference	0049889a	FUN_0049889a	00498ae6	013b71e8	READ	DAT_013b71e8	operand_index=1;primary=true;source=DEFAULT
instruction	0049889a	FUN_0049889a	00498aeb	00498af5	FALL_THROUGH	FUN_0049889a	bytes=C78090B0010001000000;mnemonic=MOV;instruction=MOV dword ptr [EAX + 0x1b090],0x1;inputs=EAX,0x1b090,0x1;results=;flows=;fallthrough=00498af5
instruction	0049889a	FUN_0049889a	00498af5	00498af7	FALL_THROUGH	FUN_0049889a	bytes=6A00;mnemonic=PUSH;instruction=PUSH 0x0;inputs=0x0,ESP,0x4;results=ESP;flows=;fallthrough=00498af7
instruction	0049889a	FUN_0049889a	00498af7	00498afc	FALL_THROUGH	FUN_0049889a	bytes=6802120000;mnemonic=PUSH;instruction=PUSH 0x1202;inputs=ESP,0x1202,0x4;results=ESP;flows=;fallthrough=00498afc
instruction	0049889a	FUN_0049889a	00498afc	00498b01	FALL_THROUGH	FUN_0049889a	bytes=687883A300;mnemonic=PUSH;instruction=PUSH 0xa38378;inputs=ESP,0x4,0xa38378;results=ESP;flows=;fallthrough=00498b01
instruction_reference	0049889a	FUN_0049889a	00498afc	00a38378	DATA	DAT_00a38378	operand_index=0;primary=true;source=ANALYSIS
instruction	0049889a	FUN_0049889a	00498b01	00498b07	FALL_THROUGH	FUN_0049889a	bytes=8B8D84FCFFFF;mnemonic=MOV;instruction=MOV ECX,dword ptr [EBP + 0xfffffc84];inputs=EBP,0xfffffc84;results=ECX;flows=;fallthrough=00498b07
instruction_reference	0049889a	FUN_0049889a	00498b01	Stack[-0x380]	READ		operand_index=1;primary=true;source=ANALYSIS
instruction	0049889a	FUN_0049889a	00498b07	00498b0d	FALL_THROUGH	FUN_0049889a	bytes=8B898C000000;mnemonic=MOV;instruction=MOV ECX,dword ptr [ECX + 0x8c];inputs=ECX,0x8c;results=ECX;flows=;fallthrough=00498b0d
instruction	0049889a	FUN_0049889a	00498b0d	00498b13	FALL_THROUGH	FUN_0049889a	bytes=8B9584FCFFFF;mnemonic=MOV;instruction=MOV EDX,dword ptr [EBP + 0xfffffc84];inputs=EBP,0xfffffc84;results=EDX;flows=;fallthrough=00498b13
instruction_reference	0049889a	FUN_0049889a	00498b0d	Stack[-0x380]	READ		operand_index=1;primary=true;source=ANALYSIS
instruction	0049889a	FUN_0049889a	00498b13	00498b19	FALL_THROUGH	FUN_0049889a	bytes=8B828C000000;mnemonic=MOV;instruction=MOV EAX,dword ptr [EDX + 0x8c];inputs=EDX,0x8c;results=EAX;flows=;fallthrough=00498b19
instruction	0049889a	FUN_0049889a	00498b19	00498b1b	FALL_THROUGH	FUN_0049889a	bytes=8B10;mnemonic=MOV;instruction=MOV EDX,dword ptr [EAX];inputs=EAX;results=EDX;flows=;fallthrough=00498b1b
instruction	0049889a	FUN_0049889a	00498b1b	00498b21	COMPUTED_CALL	FUN_0049889a	bytes=FF928C000000;mnemonic=CALL;instruction=CALL dword ptr [EDX + 0x8c];inputs=ESP,0x4,EDX,0x498b21,0x8c;results=ESP;flows=;fallthrough=00498b21
instruction	0049889a	FUN_0049889a	00498b21	00498b23	FALL_THROUGH	FUN_0049889a	bytes=6A01;mnemonic=PUSH;instruction=PUSH 0x1;inputs=ESP,0x1,0x4;results=ESP;flows=;fallthrough=00498b23
instruction	0049889a	FUN_0049889a	00498b23	00498b29	FALL_THROUGH	FUN_0049889a	bytes=8B8584FCFFFF;mnemonic=MOV;instruction=MOV EAX,dword ptr [EBP + 0xfffffc84];inputs=EBP,0xfffffc84;results=EAX;flows=;fallthrough=00498b29
instruction_reference	0049889a	FUN_0049889a	00498b23	Stack[-0x380]	READ		operand_index=1;primary=true;source=ANALYSIS
instruction	0049889a	FUN_0049889a	00498b29	00498b2f	FALL_THROUGH	FUN_0049889a	bytes=8B888C000000;mnemonic=MOV;instruction=MOV ECX,dword ptr [EAX + 0x8c];inputs=EAX,0x8c;results=ECX;flows=;fallthrough=00498b2f
instruction	0049889a	FUN_0049889a	00498b2f	00498b35	FALL_THROUGH	FUN_0049889a	bytes=8B9584FCFFFF;mnemonic=MOV;instruction=MOV EDX,dword ptr [EBP + 0xfffffc84];inputs=EBP,0xfffffc84;results=EDX;flows=;fallthrough=00498b35
instruction_reference	0049889a	FUN_0049889a	00498b2f	Stack[-0x380]	READ		operand_index=1;primary=true;source=ANALYSIS
instruction	0049889a	FUN_0049889a	00498b35	00498b3b	FALL_THROUGH	FUN_0049889a	bytes=8B828C000000;mnemonic=MOV;instruction=MOV EAX,dword ptr [EDX + 0x8c];inputs=EDX,0x8c;results=EAX;flows=;fallthrough=00498b3b
instruction	0049889a	FUN_0049889a	00498b3b	00498b3d	FALL_THROUGH	FUN_0049889a	bytes=8B10;mnemonic=MOV;instruction=MOV EDX,dword ptr [EAX];inputs=EAX;results=EDX;flows=;fallthrough=00498b3d
instruction	0049889a	FUN_0049889a	00498b3d	00498b40	COMPUTED_CALL	FUN_0049889a	bytes=FF5260;mnemonic=CALL;instruction=CALL dword ptr [EDX + 0x60];inputs=0x60,ESP,0x4,EDX,0x498b40;results=ESP;flows=;fallthrough=00498b40
instruction	0049889a	FUN_0049889a	00498b40	00498b43	FALL_THROUGH	FUN_0049889a	bytes=8B45EC;mnemonic=MOV;instruction=MOV EAX,dword ptr [EBP + -0x14];inputs=0xffffffec,EBP;results=EAX;flows=;fallthrough=00498b43
instruction_reference	0049889a	FUN_0049889a	00498b40	Stack[-0x18]	READ		operand_index=1;primary=true;source=ANALYSIS
instruction	0049889a	FUN_0049889a	00498b43	00498b45	FALL_THROUGH	FUN_0049889a	bytes=33C9;mnemonic=XOR;instruction=XOR ECX,ECX;inputs=0x0,0x1,ECX,0xff;results=CF,PF,ECX,ZF,SF,OF;flows=;fallthrough=00498b45
instruction	0049889a	FUN_0049889a	00498b45	00498b49	FALL_THROUGH	FUN_0049889a	bytes=668B4804;mnemonic=MOV;instruction=MOV CX,word ptr [EAX + 0x4];inputs=EAX,0x4;results=CX;flows=;fallthrough=00498b49
instruction	0049889a	FUN_0049889a	00498b49	00498b4f	FALL_THROUGH	FUN_0049889a	bytes=81F9BF0B0000;mnemonic=CMP;instruction=CMP ECX,0xbbf;inputs=0x0,0x1,ECX,0xbbf,0xff;results=CF,PF,ZF,SF,OF;flows=;fallthrough=00498b4f
instruction	0049889a	FUN_0049889a	00498b4f	00498b55	CONDITIONAL_JUMP	FUN_0049889a	bytes=0F8593000000;mnemonic=JNZ;instruction=JNZ 0x00498be8;inputs=ZF;results=;flows=00498be8;fallthrough=00498b55
instruction_reference	0049889a	FUN_0049889a	00498b4f	00498be8	CONDITIONAL_JUMP	LAB_00498be8	operand_index=0;primary=true;source=DEFAULT
instruction	0049889a	FUN_0049889a	00498b55	00498b58	FALL_THROUGH	FUN_0049889a	bytes=8B55EC;mnemonic=MOV;instruction=MOV EDX,dword ptr [EBP + -0x14];inputs=0xffffffec,EBP;results=EDX;flows=;fallthrough=00498b58
instruction_reference	0049889a	FUN_0049889a	00498b55	Stack[-0x18]	READ		operand_index=1;primary=true;source=ANALYSIS
instruction	0049889a	FUN_0049889a	00498b58	00498b5b	FALL_THROUGH	FUN_0049889a	bytes=8955E0;mnemonic=MOV;instruction=MOV dword ptr [EBP + -0x20],EDX;inputs=EBP,EDX,0xffffffe0;results=;flows=;fallthrough=00498b5b
instruction_reference	0049889a	FUN_0049889a	00498b58	Stack[-0x24]	WRITE		operand_index=0;primary=true;source=ANALYSIS
instruction	0049889a	FUN_0049889a	00498b5b	00498b5e	FALL_THROUGH	FUN_0049889a	bytes=8B45E0;mnemonic=MOV;instruction=MOV EAX,dword ptr [EBP + -0x20];inputs=EBP,0xffffffe0;results=EAX;flows=;fallthrough=00498b5e
instruction_reference	0049889a	FUN_0049889a	00498b5b	Stack[-0x24]	READ		operand_index=1;primary=true;source=ANALYSIS
instruction	0049889a	FUN_0049889a	00498b5e	00498b64	FALL_THROUGH	FUN_0049889a	bytes=8B88AC000000;mnemonic=MOV;instruction=MOV ECX,dword ptr [EAX + 0xac];inputs=EAX,0xac;results=ECX;flows=;fallthrough=00498b64
instruction	0049889a	FUN_0049889a	00498b64	00498b67	FALL_THROUGH	FUN_0049889a	bytes=894DD8;mnemonic=MOV;instruction=MOV dword ptr [EBP + -0x28],ECX;inputs=EBP,ECX,0xffffffd8;results=;flows=;fallthrough=00498b67
instruction_reference	0049889a	FUN_0049889a	00498b64	Stack[-0x2c]	WRITE		operand_index=0;primary=true;source=ANALYSIS
instruction	0049889a	FUN_0049889a	00498b67	00498b6a	FALL_THROUGH	FUN_0049889a	bytes=8B55E0;mnemonic=MOV;instruction=MOV EDX,dword ptr [EBP + -0x20];inputs=EBP,0xffffffe0;results=EDX;flows=;fallthrough=00498b6a
instruction_reference	0049889a	FUN_0049889a	00498b67	Stack[-0x24]	READ		operand_index=1;primary=true;source=ANALYSIS
instruction	0049889a	FUN_0049889a	00498b6a	00498b70	FALL_THROUGH	FUN_0049889a	bytes=8B82B0000000;mnemonic=MOV;instruction=MOV EAX,dword ptr [EDX + 0xb0];inputs=0xb0,EDX;results=EAX;flows=;fallthrough=00498b70
instruction	0049889a	FUN_0049889a	00498b70	00498b73	FALL_THROUGH	FUN_0049889a	bytes=8945DC;mnemonic=MOV;instruction=MOV dword ptr [EBP + -0x24],EAX;inputs=EAX,0xffffffdc,EBP;results=;flows=;fallthrough=00498b73
instruction_reference	0049889a	FUN_0049889a	00498b70	Stack[-0x28]	WRITE		operand_index=0;primary=true;source=ANALYSIS
instruction	0049889a	FUN_0049889a	00498b73	00498b76	FALL_THROUGH	FUN_0049889a	bytes=8B45D8;mnemonic=MOV;instruction=MOV EAX,dword ptr [EBP + -0x28];inputs=EBP,0xffffffd8;results=EAX;flows=;fallthrough=00498b76
instruction_reference	0049889a	FUN_0049889a	00498b73	Stack[-0x2c]	READ		operand_index=1;primary=true;source=ANALYSIS
instruction	0049889a	FUN_0049889a	00498b76	00498b77	FALL_THROUGH	FUN_0049889a	bytes=99;mnemonic=CDQ;instruction=CDQ;inputs=EAX,0x4;results=EDX;flows=;fallthrough=00498b77
instruction	0049889a	FUN_0049889a	00498b77	00498b7c	FALL_THROUGH	FUN_0049889a	bytes=B907000000;mnemonic=MOV;instruction=MOV ECX,0x7;inputs=0x7;results=ECX;flows=;fallthrough=00498b7c
instruction	0049889a	FUN_0049889a	00498b7c	00498b7e	FALL_THROUGH	FUN_0049889a	bytes=F7F9;mnemonic=IDIV;instruction=IDIV ECX;inputs=0x20,EAX,0x0,ECX,EDX;results=EAX,EDX;flows=;fallthrough=00498b7e
instruction	0049889a	FUN_0049889a	00498b7e	00498b80	FALL_THROUGH	FUN_0049889a	bytes=8BC8;mnemonic=MOV;instruction=MOV ECX,EAX;inputs=EAX;results=ECX;flows=;fallthrough=00498b80
instruction	0049889a	FUN_0049889a	00498b80	00498b83	FALL_THROUGH	FUN_0049889a	bytes=6BC903;mnemonic=IMUL;instruction=IMUL ECX,ECX,0x3;inputs=0x0,0x3,ECX,0x4;results=CF,ECX,OF;flows=;fallthrough=00498b83
instruction	0049889a	FUN_0049889a	00498b83	00498b86	FALL_THROUGH	FUN_0049889a	bytes=8B45DC;mnemonic=MOV;instruction=MOV EAX,dword ptr [EBP + -0x24];inputs=0xffffffdc,EBP;results=EAX;flows=;fallthrough=00498b86
instruction_reference	0049889a	FUN_0049889a	00498b83	Stack[-0x28]	READ		operand_index=1;primary=true;source=ANALYSIS
instruction	0049889a	FUN_0049889a	00498b86	00498b87	FALL_THROUGH	FUN_0049889a	bytes=99;mnemonic=CDQ;instruction=CDQ;inputs=EAX,0x4;results=EDX;flows=;fallthrough=00498b87
instruction	0049889a	FUN_0049889a	00498b87	00498b8c	FALL_THROUGH	FUN_0049889a	bytes=BE03000000;mnemonic=MOV;instruction=MOV ESI,0x3;inputs=0x3;results=ESI;flows=;fallthrough=00498b8c
instruction	0049889a	FUN_0049889a	00498b8c	00498b8e	FALL_THROUGH	FUN_0049889a	bytes=F7FE;mnemonic=IDIV;instruction=IDIV ESI;inputs=0x20,EAX,0x0,ESI,EDX;results=EAX,EDX;flows=;fallthrough=00498b8e
instruction	0049889a	FUN_0049889a	00498b8e	00498b91	FALL_THROUGH	FUN_0049889a	bytes=6BC007;mnemonic=IMUL;instruction=IMUL EAX,EAX,0x7;inputs=EAX,0x0,0x4,0x7;results=EAX,CF,OF;flows=;fallthrough=00498b91
instruction	0049889a	FUN_0049889a	00498b91	00498b98	FALL_THROUGH	FUN_0049889a	bytes=8D8401DC000000;mnemonic=LEA;instruction=LEA EAX,[ECX + EAX*0x1 + 0xdc];inputs=EAX,0x1,ECX,0xdc;results=EAX;flows=;fallthrough=00498b98
instruction	0049889a	FUN_0049889a	00498b98	00498b99	FALL_THROUGH	FUN_0049889a	bytes=99;mnemonic=CDQ;instruction=CDQ;inputs=EAX,0x4;results=EDX;flows=;fallthrough=00498b99
instruction	0049889a	FUN_0049889a	00498b99	00498b9e	FALL_THROUGH	FUN_0049889a	bytes=B903000000;mnemonic=MOV;instruction=MOV ECX,0x3;inputs=0x3;results=ECX;flows=;fallthrough=00498b9e
instruction	0049889a	FUN_0049889a	00498b9e	00498ba0	FALL_THROUGH	FUN_0049889a	bytes=F7F9;mnemonic=IDIV;instruction=IDIV ECX;inputs=0x20,EAX,0x0,ECX,EDX;results=EAX,EDX;flows=;fallthrough=00498ba0
instruction	0049889a	FUN_0049889a	00498ba0	00498ba3	FALL_THROUGH	FUN_0049889a	bytes=8955E4;mnemonic=MOV;instruction=MOV dword ptr [EBP + -0x1c],EDX;inputs=EBP,EDX,0xffffffe4;results=;flows=;fallthrough=00498ba3
instruction_reference	0049889a	FUN_0049889a	00498ba0	Stack[-0x20]	WRITE		operand_index=0;primary=true;source=ANALYSIS
instruction	0049889a	FUN_0049889a	00498ba3	00498ba6	FALL_THROUGH	FUN_0049889a	bytes=8B55E4;mnemonic=MOV;instruction=MOV EDX,dword ptr [EBP + -0x1c];inputs=EBP,0xffffffe4;results=EDX;flows=;fallthrough=00498ba6
instruction_reference	0049889a	FUN_0049889a	00498ba3	Stack[-0x20]	READ		operand_index=1;primary=true;source=ANALYSIS
instruction	0049889a	FUN_0049889a	00498ba6	00498bac	FALL_THROUGH	FUN_0049889a	bytes=899580FCFFFF;mnemonic=MOV;instruction=MOV dword ptr [EBP + 0xfffffc80],EDX;inputs=EBP,EDX,0xfffffc80;results=;flows=;fallthrough=00498bac
instruction_reference	0049889a	FUN_0049889a	00498ba6	Stack[-0x384]	WRITE		operand_index=0;primary=true;source=ANALYSIS
instruction	0049889a	FUN_0049889a	00498bac	00498bb3	FALL_THROUGH	FUN_0049889a	bytes=83BD80FCFFFF00;mnemonic=CMP;instruction=CMP dword ptr [EBP + 0xfffffc80],0x0;inputs=0x0,0x1,EBP,0xfffffc80,0xff;results=CF,PF,ZF,SF,OF;flows=;fallthrough=00498bb3
instruction_reference	0049889a	FUN_0049889a	00498bac	Stack[-0x384]	READ		operand_index=0;primary=true;source=ANALYSIS
instruction	0049889a	FUN_0049889a	00498bb3	00498bb5	CONDITIONAL_JUMP	FUN_0049889a	bytes=7414;mnemonic=JZ;instruction=JZ 0x00498bc9;inputs=ZF;results=;flows=00498bc9;fallthrough=00498bb5
instruction_reference	0049889a	FUN_0049889a	00498bb3	00498bc9	CONDITIONAL_JUMP	LAB_00498bc9	operand_index=0;primary=true;source=DEFAULT
instruction	0049889a	FUN_0049889a	00498bb5	00498bbc	FALL_THROUGH	FUN_0049889a	bytes=83BD80FCFFFF01;mnemonic=CMP;instruction=CMP dword ptr [EBP + 0xfffffc80],0x1;inputs=0x0,0x1,EBP,0xfffffc80,0xff;results=CF,PF,ZF,SF,OF;flows=;fallthrough=00498bbc
instruction_reference	0049889a	FUN_0049889a	00498bb5	Stack[-0x384]	READ		operand_index=0;primary=true;source=ANALYSIS
instruction	0049889a	FUN_0049889a	00498bbc	00498bbe	CONDITIONAL_JUMP	FUN_0049889a	bytes=7416;mnemonic=JZ;instruction=JZ 0x00498bd4;inputs=ZF;results=;flows=00498bd4;fallthrough=00498bbe
instruction_reference	0049889a	FUN_0049889a	00498bbc	00498bd4	CONDITIONAL_JUMP	LAB_00498bd4	operand_index=0;primary=true;source=DEFAULT
instruction	0049889a	FUN_0049889a	00498bbe	00498bc5	FALL_THROUGH	FUN_0049889a	bytes=83BD80FCFFFF02;mnemonic=CMP;instruction=CMP dword ptr [EBP + 0xfffffc80],0x2;inputs=0x0,0x1,0x2,EBP,0xfffffc80,0xff;results=CF,PF,ZF,SF,OF;flows=;fallthrough=00498bc5
instruction_reference	0049889a	FUN_0049889a	00498bbe	Stack[-0x384]	READ		operand_index=0;primary=true;source=ANALYSIS
instruction	0049889a	FUN_0049889a	00498bc5	00498bc7	CONDITIONAL_JUMP	FUN_0049889a	bytes=7418;mnemonic=JZ;instruction=JZ 0x00498bdf;inputs=ZF;results=;flows=00498bdf;fallthrough=00498bc7
instruction_reference	0049889a	FUN_0049889a	00498bc5	00498bdf	CONDITIONAL_JUMP	LAB_00498bdf	operand_index=0;primary=true;source=DEFAULT
instruction	0049889a	FUN_0049889a	00498bc7		UNCONDITIONAL_JUMP	FUN_0049889a	bytes=EB1F;mnemonic=JMP;instruction=JMP 0x00498be8;inputs=;results=;flows=00498be8;fallthrough=
instruction_reference	0049889a	FUN_0049889a	00498bc7	00498be8	UNCONDITIONAL_JUMP	LAB_00498be8	operand_index=0;primary=true;source=DEFAULT
instruction	0049889a	FUN_0049889a	00498bc9	00498bcc	FALL_THROUGH	FUN_0049889a	bytes=8B45EC;mnemonic=MOV;instruction=MOV EAX,dword ptr [EBP + -0x14];inputs=0xffffffec,EBP;results=EAX;flows=;fallthrough=00498bcc
instruction_reference	0049889a	FUN_0049889a	00498bc9	Stack[-0x18]	READ		operand_index=1;primary=true;source=ANALYSIS
instruction	0049889a	FUN_0049889a	00498bcc	00498bd2	FALL_THROUGH	FUN_0049889a	bytes=66C74004BC0F;mnemonic=MOV;instruction=MOV word ptr [EAX + 0x4],0xfbc;inputs=EAX,0x4,0xfbc;results=;flows=;fallthrough=00498bd2
instruction	0049889a	FUN_0049889a	00498bd2		UNCONDITIONAL_JUMP	FUN_0049889a	bytes=EB14;mnemonic=JMP;instruction=JMP 0x00498be8;inputs=;results=;flows=00498be8;fallthrough=
instruction_reference	0049889a	FUN_0049889a	00498bd2	00498be8	UNCONDITIONAL_JUMP	LAB_00498be8	operand_index=0;primary=true;source=DEFAULT
instruction	0049889a	FUN_0049889a	00498bd4	00498bd7	FALL_THROUGH	FUN_0049889a	bytes=8B4DEC;mnemonic=MOV;instruction=MOV ECX,dword ptr [EBP + -0x14];inputs=0xffffffec,EBP;results=ECX;flows=;fallthrough=00498bd7
instruction_reference	0049889a	FUN_0049889a	00498bd4	Stack[-0x18]	READ		operand_index=1;primary=true;source=ANALYSIS
instruction	0049889a	FUN_0049889a	00498bd7	00498bdd	FALL_THROUGH	FUN_0049889a	bytes=66C74104BD13;mnemonic=MOV;instruction=MOV word ptr [ECX + 0x4],0x13bd;inputs=ECX,0x4,0x13bd;results=;flows=;fallthrough=00498bdd
instruction	0049889a	FUN_0049889a	00498bdd		UNCONDITIONAL_JUMP	FUN_0049889a	bytes=EB09;mnemonic=JMP;instruction=JMP 0x00498be8;inputs=;results=;flows=00498be8;fallthrough=
instruction_reference	0049889a	FUN_0049889a	00498bdd	00498be8	UNCONDITIONAL_JUMP	LAB_00498be8	operand_index=0;primary=true;source=DEFAULT
instruction	0049889a	FUN_0049889a	00498bdf	00498be2	FALL_THROUGH	FUN_0049889a	bytes=8B55EC;mnemonic=MOV;instruction=MOV EDX,dword ptr [EBP + -0x14];inputs=0xffffffec,EBP;results=EDX;flows=;fallthrough=00498be2
instruction_reference	0049889a	FUN_0049889a	00498bdf	Stack[-0x18]	READ		operand_index=1;primary=true;source=ANALYSIS
instruction	0049889a	FUN_0049889a	00498be2	00498be8	FALL_THROUGH	FUN_0049889a	bytes=66C74204BE07;mnemonic=MOV;instruction=MOV word ptr [EDX + 0x4],0x7be;inputs=0x4,EDX,0x7be;results=;flows=;fallthrough=00498be8
instruction	0049889a	FUN_0049889a	00498be8	00498beb	FALL_THROUGH	FUN_0049889a	bytes=8B45EC;mnemonic=MOV;instruction=MOV EAX,dword ptr [EBP + -0x14];inputs=0xffffffec,EBP;results=EAX;flows=;fallthrough=00498beb
instruction_reference	0049889a	FUN_0049889a	00498be8	Stack[-0x18]	READ		operand_index=1;primary=true;source=ANALYSIS
instruction	0049889a	FUN_0049889a	00498beb	00498bed	FALL_THROUGH	FUN_0049889a	bytes=33C9;mnemonic=XOR;instruction=XOR ECX,ECX;inputs=0x0,0x1,ECX,0xff;results=CF,PF,ECX,ZF,SF,OF;flows=;fallthrough=00498bed
instruction	0049889a	FUN_0049889a	00498bed	00498bf1	FALL_THROUGH	FUN_0049889a	bytes=668B4804;mnemonic=MOV;instruction=MOV CX,word ptr [EAX + 0x4];inputs=EAX,0x4;results=CX;flows=;fallthrough=00498bf1
instruction	0049889a	FUN_0049889a	00498bf1	00498bf7	FALL_THROUGH	FUN_0049889a	bytes=81F9BC0F0000;mnemonic=CMP;instruction=CMP ECX,0xfbc;inputs=0x0,0x1,ECX,0xfbc,0xff;results=CF,PF,ZF,SF,OF;flows=;fallthrough=00498bf7
instruction	0049889a	FUN_0049889a	00498bf7	00498bf9	CONDITIONAL_JUMP	FUN_0049889a	bytes=7543;mnemonic=JNZ;instruction=JNZ 0x00498c3c;inputs=ZF;results=;flows=00498c3c;fallthrough=00498bf9
instruction_reference	0049889a	FUN_0049889a	00498bf7	00498c3c	CONDITIONAL_JUMP	LAB_00498c3c	operand_index=0;primary=true;source=DEFAULT
instruction	0049889a	FUN_0049889a	00498bf9	00498bfc	FALL_THROUGH	FUN_0049889a	bytes=8B55EC;mnemonic=MOV;instruction=MOV EDX,dword ptr [EBP + -0x14];inputs=0xffffffec,EBP;results=EDX;flows=;fallthrough=00498bfc
instruction_reference	0049889a	FUN_0049889a	00498bf9	Stack[-0x18]	READ		operand_index=1;primary=true;source=ANALYSIS
instruction	0049889a	FUN_0049889a	00498bfc	00498bff	FALL_THROUGH	FUN_0049889a	bytes=8955D0;mnemonic=MOV;instruction=MOV dword ptr [EBP + -0x30],EDX;inputs=EBP,EDX,0xffffffd0;results=;flows=;fallthrough=00498bff
instruction_reference	0049889a	FUN_0049889a	00498bfc	Stack[-0x34]	WRITE		operand_index=0;primary=true;source=ANALYSIS
instruction	0049889a	FUN_0049889a	00498bff	00498c02	FALL_THROUGH	FUN_0049889a	bytes=8B45D0;mnemonic=MOV;instruction=MOV EAX,dword ptr [EBP + -0x30];inputs=EBP,0xffffffd0;results=EAX;flows=;fallthrough=00498c02
instruction_reference	0049889a	FUN_0049889a	00498bff	Stack[-0x34]	READ		operand_index=1;primary=true;source=ANALYSIS
instruction	0049889a	FUN_0049889a	00498c02	00498c05	FALL_THROUGH	FUN_0049889a	bytes=8B4868;mnemonic=MOV;instruction=MOV ECX,dword ptr [EAX + 0x68];inputs=EAX,0x68;results=ECX;flows=;fallthrough=00498c05
instruction	0049889a	FUN_0049889a	00498c05	00498c08	FALL_THROUGH	FUN_0049889a	bytes=894DD4;mnemonic=MOV;instruction=MOV dword ptr [EBP + -0x2c],ECX;inputs=EBP,ECX,0xffffffd4;results=;flows=;fallthrough=00498c08
instruction_reference	0049889a	FUN_0049889a	00498c05	Stack[-0x30]	WRITE		operand_index=0;primary=true;source=ANALYSIS
instruction	0049889a	FUN_0049889a	00498c08	00498c0b	FALL_THROUGH	FUN_0049889a	bytes=8B55D4;mnemonic=MOV;instruction=MOV EDX,dword ptr [EBP + -0x2c];inputs=EBP,0xffffffd4;results=EDX;flows=;fallthrough=00498c0b
instruction_reference	0049889a	FUN_0049889a	00498c08	Stack[-0x30]	READ		operand_index=1;primary=true;source=ANALYSIS
instruction	0049889a	FUN_0049889a	00498c0b	00498c0e	FALL_THROUGH	FUN_0049889a	bytes=83F2FF;mnemonic=XOR;instruction=XOR EDX,0xffffffff;inputs=0x0,0xffffffff,0x1,EDX,0xff;results=CF,PF,ZF,SF,EDX,OF;flows=;fallthrough=00498c0e
instruction	0049889a	FUN_0049889a	00498c0e	00498c11	FALL_THROUGH	FUN_0049889a	bytes=8955D4;mnemonic=MOV;instruction=MOV dword ptr [EBP + -0x2c],EDX;inputs=EBP,EDX,0xffffffd4;results=;flows=;fallthrough=00498c11
instruction_reference	0049889a	FUN_0049889a	00498c0e	Stack[-0x30]	WRITE		operand_index=0;primary=true;source=ANALYSIS
instruction	0049889a	FUN_0049889a	00498c11	00498c14	FALL_THROUGH	FUN_0049889a	bytes=8B45D4;mnemonic=MOV;instruction=MOV EAX,dword ptr [EBP + -0x2c];inputs=EBP,0xffffffd4;results=EAX;flows=;fallthrough=00498c14
instruction_reference	0049889a	FUN_0049889a	00498c11	Stack[-0x30]	READ		operand_index=1;primary=true;source=ANALYSIS
instruction	0049889a	FUN_0049889a	00498c14	00498c15	FALL_THROUGH	FUN_0049889a	bytes=99;mnemonic=CDQ;instruction=CDQ;inputs=EAX,0x4;results=EDX;flows=;fallthrough=00498c15
instruction	0049889a	FUN_0049889a	00498c15	00498c1a	FALL_THROUGH	FUN_0049889a	bytes=B928000000;mnemonic=MOV;instruction=MOV ECX,0x28;inputs=0x28;results=ECX;flows=;fallthrough=00498c1a
instruction	0049889a	FUN_0049889a	00498c1a	00498c1c	FALL_THROUGH	FUN_0049889a	bytes=F7F9;mnemonic=IDIV;instruction=IDIV ECX;inputs=0x20,EAX,0x0,ECX,EDX;results=EAX,EDX;flows=;fallthrough=00498c1c
instruction	0049889a	FUN_0049889a	00498c1c	00498c1f	FALL_THROUGH	FUN_0049889a	bytes=8955D4;mnemonic=MOV;instruction=MOV dword ptr [EBP + -0x2c],EDX;inputs=EBP,EDX,0xffffffd4;results=;flows=;fallthrough=00498c1f
instruction_reference	0049889a	FUN_0049889a	00498c1c	Stack[-0x30]	WRITE		operand_index=0;primary=true;source=ANALYSIS
instruction	0049889a	FUN_0049889a	00498c1f	00498c23	FALL_THROUGH	FUN_0049889a	bytes=837DD417;mnemonic=CMP;instruction=CMP dword ptr [EBP + -0x2c],0x17;inputs=0x0,0x1,EBP,0x17,0xffffffd4,0xff;results=CF,PF,ZF,SF,OF;flows=;fallthrough=00498c23
instruction_reference	0049889a	FUN_0049889a	00498c1f	Stack[-0x30]	READ		operand_index=0;primary=true;source=ANALYSIS
instruction	0049889a	FUN_0049889a	00498c23	00498c25	CONDITIONAL_JUMP	FUN_0049889a	bytes=7507;mnemonic=JNZ;instruction=JNZ 0x00498c2c;inputs=ZF;results=;flows=00498c2c;fallthrough=00498c25
instruction_reference	0049889a	FUN_0049889a	00498c23	00498c2c	CONDITIONAL_JUMP	LAB_00498c2c	operand_index=0;primary=true;source=DEFAULT
instruction	0049889a	FUN_0049889a	00498c25	00498c2c	FALL_THROUGH	FUN_0049889a	bytes=C745D416000000;mnemonic=MOV;instruction=MOV dword ptr [EBP + -0x2c],0x16;inputs=EBP,0x16,0xffffffd4;results=;flows=;fallthrough=00498c2c
instruction_reference	0049889a	FUN_0049889a	00498c25	Stack[-0x30]	WRITE		operand_index=0;primary=true;source=ANALYSIS
instruction	0049889a	FUN_0049889a	00498c2c	00498c2f	FALL_THROUGH	FUN_0049889a	bytes=8B55D4;mnemonic=MOV;instruction=MOV EDX,dword ptr [EBP + -0x2c];inputs=EBP,0xffffffd4;results=EDX;flows=;fallthrough=00498c2f
instruction_reference	0049889a	FUN_0049889a	00498c2c	Stack[-0x30]	READ		operand_index=1;primary=true;source=ANALYSIS
instruction	0049889a	FUN_0049889a	00498c2f	00498c32	FALL_THROUGH	FUN_0049889a	bytes=8B45D0;mnemonic=MOV;instruction=MOV EAX,dword ptr [EBP + -0x30];inputs=EBP,0xffffffd0;results=EAX;flows=;fallthrough=00498c32
instruction_reference	0049889a	FUN_0049889a	00498c2f	Stack[-0x34]	READ		operand_index=1;primary=true;source=ANALYSIS
instruction	0049889a	FUN_0049889a	00498c32	00498c36	FALL_THROUGH	FUN_0049889a	bytes=8B4C900C;mnemonic=MOV;instruction=MOV ECX,dword ptr [EAX + EDX*0x4 + 0xc];inputs=EAX,0x4,EDX,0xc;results=ECX;flows=;fallthrough=00498c36
instruction	0049889a	FUN_0049889a	00498c36	00498c3c	FALL_THROUGH	FUN_0049889a	bytes=890D88CF5C00;mnemonic=MOV;instruction=MOV dword ptr [0x005ccf88],ECX;inputs=ECX;results=005ccf88;flows=;fallthrough=00498c3c
instruction_reference	0049889a	FUN_0049889a	00498c36	005ccf88	WRITE	DAT_005ccf88	operand_index=0;primary=true;source=DEFAULT
instruction	0049889a	FUN_0049889a	00498c3c	00498c3f	FALL_THROUGH	FUN_0049889a	bytes=8B55EC;mnemonic=MOV;instruction=MOV EDX,dword ptr [EBP + -0x14];inputs=0xffffffec,EBP;results=EDX;flows=;fallthrough=00498c3f
instruction_reference	0049889a	FUN_0049889a	00498c3c	Stack[-0x18]	READ		operand_index=1;primary=true;source=ANALYSIS
instruction	0049889a	FUN_0049889a	00498c3f	00498c41	FALL_THROUGH	FUN_0049889a	bytes=33C0;mnemonic=XOR;instruction=XOR EAX,EAX;inputs=0x0,EAX,0x1,0xff;results=CF,EAX,PF,ZF,SF,OF;flows=;fallthrough=00498c41
instruction	0049889a	FUN_0049889a	00498c41	00498c45	FALL_THROUGH	FUN_0049889a	bytes=668B4204;mnemonic=MOV;instruction=MOV AX,word ptr [EDX + 0x4];inputs=0x4,EDX;results=AX;flows=;fallthrough=00498c45
instruction	0049889a	FUN_0049889a	00498c45	00498c4a	FALL_THROUGH	FUN_0049889a	bytes=3DBD130000;mnemonic=CMP;instruction=CMP EAX,0x13bd;inputs=EAX,0x0,0x1,0x13bd,0xff;results=CF,PF,ZF,SF,OF;flows=;fallthrough=00498c4a
instruction	0049889a	FUN_0049889a	00498c4a	00498c4c	CONDITIONAL_JUMP	FUN_0049889a	bytes=7571;mnemonic=JNZ;instruction=JNZ 0x00498cbd;inputs=ZF;results=;flows=00498cbd;fallthrough=00498c4c
instruction_reference	0049889a	FUN_0049889a	00498c4a	00498cbd	CONDITIONAL_JUMP	LAB_00498cbd	operand_index=0;primary=true;source=DEFAULT
instruction	0049889a	FUN_0049889a	00498c4c	00498c4f	FALL_THROUGH	FUN_0049889a	bytes=8B4DEC;mnemonic=MOV;instruction=MOV ECX,dword ptr [EBP + -0x14];inputs=0xffffffec,EBP;results=ECX;flows=;fallthrough=00498c4f
instruction_reference	0049889a	FUN_0049889a	00498c4c	Stack[-0x18]	READ		operand_index=1;primary=true;source=ANALYSIS
instruction	0049889a	FUN_0049889a	00498c4f	00498c52	FALL_THROUGH	FUN_0049889a	bytes=894DC4;mnemonic=MOV;instruction=MOV dword ptr [EBP + -0x3c],ECX;inputs=EBP,ECX,0xffffffc4;results=;flows=;fallthrough=00498c52
instruction_reference	0049889a	FUN_0049889a	00498c4f	Stack[-0x40]	WRITE		operand_index=0;primary=true;source=ANALYSIS
instruction	0049889a	FUN_0049889a	00498c52	00498c55	FALL_THROUGH	FUN_0049889a	bytes=8B55C4;mnemonic=MOV;instruction=MOV EDX,dword ptr [EBP + -0x3c];inputs=EBP,0xffffffc4;results=EDX;flows=;fallthrough=00498c55
instruction_reference	0049889a	FUN_0049889a	00498c52	Stack[-0x40]	READ		operand_index=1;primary=true;source=ANALYSIS
instruction	0049889a	FUN_0049889a	00498c55	00498c58	FALL_THROUGH	FUN_0049889a	bytes=8B4238;mnemonic=MOV;instruction=MOV EAX,dword ptr [EDX + 0x38];inputs=EDX,0x38;results=EAX;flows=;fallthrough=00498c58
instruction	0049889a	FUN_0049889a	00498c58	00498c5b	FALL_THROUGH	FUN_0049889a	bytes=8945C8;mnemonic=MOV;instruction=MOV dword ptr [EBP + -0x38],EAX;inputs=EAX,EBP,0xffffffc8;results=;flows=;fallthrough=00498c5b
instruction_reference	0049889a	FUN_0049889a	00498c58	Stack[-0x3c]	WRITE		operand_index=0;primary=true;source=ANALYSIS
instruction	0049889a	FUN_0049889a	00498c5b	00498c5e	FALL_THROUGH	FUN_0049889a	bytes=8B4DC4;mnemonic=MOV;instruction=MOV ECX,dword ptr [EBP + -0x3c];inputs=EBP,0xffffffc4;results=ECX;flows=;fallthrough=00498c5e
instruction_reference	0049889a	FUN_0049889a	00498c5b	Stack[-0x40]	READ		operand_index=1;primary=true;source=ANALYSIS
instruction	0049889a	FUN_0049889a	00498c5e	00498c64	FALL_THROUGH	FUN_0049889a	bytes=8B9188000000;mnemonic=MOV;instruction=MOV EDX,dword ptr [ECX + 0x88];inputs=ECX,0x88;results=EDX;flows=;fallthrough=00498c64
instruction	0049889a	FUN_0049889a	00498c64	00498c67	FALL_THROUGH	FUN_0049889a	bytes=8955CC;mnemonic=MOV;instruction=MOV dword ptr [EBP + -0x34],EDX;inputs=0xffffffcc,EBP,EDX;results=;flows=;fallthrough=00498c67
instruction_reference	0049889a	FUN_0049889a	00498c64	Stack[-0x38]	WRITE		operand_index=0;primary=true;source=ANALYSIS
instruction	0049889a	FUN_0049889a	00498c67	00498c6a	FALL_THROUGH	FUN_0049889a	bytes=8B45C8;mnemonic=MOV;instruction=MOV EAX,dword ptr [EBP + -0x38];inputs=EBP,0xffffffc8;results=EAX;flows=;fallthrough=00498c6a
instruction_reference	0049889a	FUN_0049889a	00498c67	Stack[-0x3c]	READ		operand_index=1;primary=true;source=ANALYSIS
instruction	0049889a	FUN_0049889a	00498c6a	00498c6e	FALL_THROUGH	FUN_0049889a	bytes=0FAF45CC;mnemonic=IMUL;instruction=IMUL EAX,dword ptr [EBP + -0x34];inputs=EAX,0x0,0xffffffcc,EBP,0x4;results=EAX,CF,OF;flows=;fallthrough=00498c6e
instruction_reference	0049889a	FUN_0049889a	00498c6a	Stack[-0x38]	READ		operand_index=1;primary=true;source=ANALYSIS
instruction	0049889a	FUN_0049889a	00498c6e	00498c71	FALL_THROUGH	FUN_0049889a	bytes=0345C8;mnemonic=ADD;instruction=ADD EAX,dword ptr [EBP + -0x38];inputs=EAX,0x0,0x1,EBP,0xffffffc8,0xff;results=CF,EAX,PF,ZF,SF,OF;flows=;fallthrough=00498c71
instruction_reference	0049889a	FUN_0049889a	00498c6e	Stack[-0x3c]	READ		operand_index=1;primary=true;source=ANALYSIS
instruction	0049889a	FUN_0049889a	00498c71	00498c74	FALL_THROUGH	FUN_0049889a	bytes=8945C0;mnemonic=MOV;instruction=MOV dword ptr [EBP + -0x40],EAX;inputs=EAX,EBP,0xffffffc0;results=;flows=;fallthrough=00498c74
instruction_reference	0049889a	FUN_0049889a	00498c71	Stack[-0x44]	WRITE		operand_index=0;primary=true;source=ANALYSIS
instruction	0049889a	FUN_0049889a	00498c74	00498c77	FALL_THROUGH	FUN_0049889a	bytes=8B45C0;mnemonic=MOV;instruction=MOV EAX,dword ptr [EBP + -0x40];inputs=EBP,0xffffffc0;results=EAX;flows=;fallthrough=00498c77
instruction_reference	0049889a	FUN_0049889a	00498c74	Stack[-0x44]	READ		operand_index=1;primary=true;source=ANALYSIS
instruction	0049889a	FUN_0049889a	00498c77	00498c78	FALL_THROUGH	FUN_0049889a	bytes=99;mnemonic=CDQ;instruction=CDQ;inputs=EAX,0x4;results=EDX;flows=;fallthrough=00498c78
instruction	0049889a	FUN_0049889a	00498c78	00498c7d	FALL_THROUGH	FUN_0049889a	bytes=B990010000;mnemonic=MOV;instruction=MOV ECX,0x190;inputs=0x190;results=ECX;flows=;fallthrough=00498c7d
instruction	0049889a	FUN_0049889a	00498c7d	00498c7f	FALL_THROUGH	FUN_0049889a	bytes=F7F9;mnemonic=IDIV;instruction=IDIV ECX;inputs=0x20,EAX,0x0,ECX,EDX;results=EAX,EDX;flows=;fallthrough=00498c7f
instruction	0049889a	FUN_0049889a	00498c7f	00498c82	FALL_THROUGH	FUN_0049889a	bytes=8955C0;mnemonic=MOV;instruction=MOV dword ptr [EBP + -0x40],EDX;inputs=EBP,EDX,0xffffffc0;results=;flows=;fallthrough=00498c82
instruction_reference	0049889a	FUN_0049889a	00498c7f	Stack[-0x44]	WRITE		operand_index=0;primary=true;source=ANALYSIS
instruction	0049889a	FUN_0049889a	00498c82	00498c85	FALL_THROUGH	FUN_0049889a	bytes=8B55C0;mnemonic=MOV;instruction=MOV EDX,dword ptr [EBP + -0x40];inputs=EBP,0xffffffc0;results=EDX;flows=;fallthrough=00498c85
instruction_reference	0049889a	FUN_0049889a	00498c82	Stack[-0x44]	READ		operand_index=1;primary=true;source=ANALYSIS
instruction	0049889a	FUN_0049889a	00498c85	00498c8c	FALL_THROUGH	FUN_0049889a	bytes=8B0495B0125C00;mnemonic=MOV;instruction=MOV EAX,dword ptr [EDX*0x4 + 0x5c12b0];inputs=0x4,EDX,0x5c12b0;results=EAX;flows=;fallthrough=00498c8c
instruction_reference	0049889a	FUN_0049889a	00498c85	005c12b0	DATA	DAT_005c12b0	operand_index=1;primary=true;source=ANALYSIS
instruction	0049889a	FUN_0049889a	00498c8c	00498c91	FALL_THROUGH	FUN_0049889a	bytes=35FFFF0000;mnemonic=XOR;instruction=XOR EAX,0xffff;inputs=0x0,EAX,0x1,0xffff,0xff;results=CF,EAX,PF,ZF,SF,OF;flows=;fallthrough=00498c91
instruction	0049889a	FUN_0049889a	00498c91	00498c96	FALL_THROUGH	FUN_0049889a	bytes=A388CF5C00;mnemonic=MOV;instruction=MOV [0x005ccf88],EAX;inputs=EAX;results=005ccf88;flows=;fallthrough=00498c96
instruction_reference	0049889a	FUN_0049889a	00498c91	005ccf88	WRITE	DAT_005ccf88	operand_index=0;primary=true;source=DEFAULT
instruction	0049889a	FUN_0049889a	00498c96	00498c9c	FALL_THROUGH	FUN_0049889a	bytes=8B8D84FCFFFF;mnemonic=MOV;instruction=MOV ECX,dword ptr [EBP + 0xfffffc84];inputs=EBP,0xfffffc84;results=ECX;flows=;fallthrough=00498c9c
instruction_reference	0049889a	FUN_0049889a	00498c96	Stack[-0x380]	READ		operand_index=1;primary=true;source=ANALYSIS
instruction	0049889a	FUN_0049889a	00498c9c	00498c9f	FALL_THROUGH	FUN_0049889a	bytes=8B494C;mnemonic=MOV;instruction=MOV ECX,dword ptr [ECX + 0x4c];inputs=ECX,0x4c;results=ECX;flows=;fallthrough=00498c9f
instruction	0049889a	FUN_0049889a	00498c9f	00498ca4	UNCONDITIONAL_CALL	FUN_0049889a	bytes=E8E4660600;mnemonic=CALL;instruction=CALL 0x004ff388;inputs=ESP,0x4,0x498ca4;results=ESP;flows=004ff388;fallthrough=00498ca4
instruction_reference	0049889a	FUN_0049889a	00498c9f	004ff388	UNCONDITIONAL_CALL	FUN_004ff388	operand_index=0;primary=true;source=DEFAULT
instruction	0049889a	FUN_0049889a	00498ca4	00498ca7	FALL_THROUGH	FUN_0049889a	bytes=83F802;mnemonic=CMP;instruction=CMP EAX,0x2;inputs=EAX,0x0,0x1,0x2,0xff;results=CF,PF,ZF,SF,OF;flows=;fallthrough=00498ca7
instruction	0049889a	FUN_0049889a	00498ca7	00498ca9	CONDITIONAL_JUMP	FUN_0049889a	bytes=7514;mnemonic=JNZ;instruction=JNZ 0x00498cbd;inputs=ZF;results=;flows=00498cbd;fallthrough=00498ca9
instruction_reference	0049889a	FUN_0049889a	00498ca7	00498cbd	CONDITIONAL_JUMP	LAB_00498cbd	operand_index=0;primary=true;source=DEFAULT
instruction	0049889a	FUN_0049889a	00498ca9	00498cac	FALL_THROUGH	FUN_0049889a	bytes=8B55C0;mnemonic=MOV;instruction=MOV EDX,dword ptr [EBP + -0x40];inputs=EBP,0xffffffc0;results=EDX;flows=;fallthrough=00498cac
instruction_reference	0049889a	FUN_0049889a	00498ca9	Stack[-0x44]	READ		operand_index=1;primary=true;source=ANALYSIS
instruction	0049889a	FUN_0049889a	00498cac	00498cb3	FALL_THROUGH	FUN_0049889a	bytes=8B0495FC185C00;mnemonic=MOV;instruction=MOV EAX,dword ptr [EDX*0x4 + 0x5c18fc];inputs=0x5c18fc,0x4,EDX;results=EAX;flows=;fallthrough=00498cb3
instruction_reference	0049889a	FUN_0049889a	00498cac	005c18fc	DATA	DAT_005c18fc	operand_index=1;primary=true;source=ANALYSIS
instruction	0049889a	FUN_0049889a	00498cb3	00498cb8	FALL_THROUGH	FUN_0049889a	bytes=35FFFF0000;mnemonic=XOR;instruction=XOR EAX,0xffff;inputs=0x0,EAX,0x1,0xffff,0xff;results=CF,EAX,PF,ZF,SF,OF;flows=;fallthrough=00498cb8
instruction	0049889a	FUN_0049889a	00498cb8	00498cbd	FALL_THROUGH	FUN_0049889a	bytes=A388CF5C00;mnemonic=MOV;instruction=MOV [0x005ccf88],EAX;inputs=EAX;results=005ccf88;flows=;fallthrough=00498cbd
instruction_reference	0049889a	FUN_0049889a	00498cb8	005ccf88	WRITE	DAT_005ccf88	operand_index=0;primary=true;source=DEFAULT
instruction	0049889a	FUN_0049889a	00498cbd	00498cc0	FALL_THROUGH	FUN_0049889a	bytes=8B4DEC;mnemonic=MOV;instruction=MOV ECX,dword ptr [EBP + -0x14];inputs=0xffffffec,EBP;results=ECX;flows=;fallthrough=00498cc0
instruction_reference	0049889a	FUN_0049889a	00498cbd	Stack[-0x18]	READ		operand_index=1;primary=true;source=ANALYSIS
instruction	0049889a	FUN_0049889a	00498cc0	00498cc2	FALL_THROUGH	FUN_0049889a	bytes=33D2;mnemonic=XOR;instruction=XOR EDX,EDX;inputs=0x0,0x1,EDX,0xff;results=CF,PF,ZF,SF,EDX,OF;flows=;fallthrough=00498cc2
instruction	0049889a	FUN_0049889a	00498cc2	00498cc6	FALL_THROUGH	FUN_0049889a	bytes=668B5104;mnemonic=MOV;instruction=MOV DX,word ptr [ECX + 0x4];inputs=ECX,0x4;results=DX;flows=;fallthrough=00498cc6
instruction	0049889a	FUN_0049889a	00498cc6	00498ccc	FALL_THROUGH	FUN_0049889a	bytes=81FABE070000;mnemonic=CMP;instruction=CMP EDX,0x7be;inputs=0x0,0x1,EDX,0x7be,0xff;results=CF,PF,ZF,SF,OF;flows=;fallthrough=00498ccc
instruction	0049889a	FUN_0049889a	00498ccc	00498cce	CONDITIONAL_JUMP	FUN_0049889a	bytes=7564;mnemonic=JNZ;instruction=JNZ 0x00498d32;inputs=ZF;results=;flows=00498d32;fallthrough=00498cce
instruction_reference	0049889a	FUN_0049889a	00498ccc	00498d32	CONDITIONAL_JUMP	LAB_00498d32	operand_index=0;primary=true;source=DEFAULT
instruction	0049889a	FUN_0049889a	00498cce	00498cd1	FALL_THROUGH	FUN_0049889a	bytes=8B45EC;mnemonic=MOV;instruction=MOV EAX,dword ptr [EBP + -0x14];inputs=0xffffffec,EBP;results=EAX;flows=;fallthrough=00498cd1
instruction_reference	0049889a	FUN_0049889a	00498cce	Stack[-0x18]	READ		operand_index=1;primary=true;source=ANALYSIS
instruction	0049889a	FUN_0049889a	00498cd1	00498cd4	FALL_THROUGH	FUN_0049889a	bytes=8945AC;mnemonic=MOV;instruction=MOV dword ptr [EBP + -0x54],EAX;inputs=EAX,0xffffffac,EBP;results=;flows=;fallthrough=00498cd4
instruction_reference	0049889a	FUN_0049889a	00498cd1	Stack[-0x58]	WRITE		operand_index=0;primary=true;source=ANALYSIS
instruction	0049889a	FUN_0049889a	00498cd4	00498cd7	FALL_THROUGH	FUN_0049889a	bytes=8B4DAC;mnemonic=MOV;instruction=MOV ECX,dword ptr [EBP + -0x54];inputs=0xffffffac,EBP;results=ECX;flows=;fallthrough=00498cd7
instruction_reference	0049889a	FUN_0049889a	00498cd4	Stack[-0x58]	READ		operand_index=1;primary=true;source=ANALYSIS
instruction	0049889a	FUN_0049889a	00498cd7	00498cdd	FALL_THROUGH	FUN_0049889a	bytes=8B9184000000;mnemonic=MOV;instruction=MOV EDX,dword ptr [ECX + 0x84];inputs=ECX,0x84;results=EDX;flows=;fallthrough=00498cdd
instruction	0049889a	FUN_0049889a	00498cdd	00498ce0	FALL_THROUGH	FUN_0049889a	bytes=8955B4;mnemonic=MOV;instruction=MOV dword ptr [EBP + -0x4c],EDX;inputs=EBP,EDX,0xffffffb4;results=;flows=;fallthrough=00498ce0
instruction_reference	0049889a	FUN_0049889a	00498cdd	Stack[-0x50]	WRITE		operand_index=0;primary=true;source=ANALYSIS
instruction	0049889a	FUN_0049889a	00498ce0	00498ce3	FALL_THROUGH	FUN_0049889a	bytes=8B45B4;mnemonic=MOV;instruction=MOV EAX,dword ptr [EBP + -0x4c];inputs=EBP,0xffffffb4;results=EAX;flows=;fallthrough=00498ce3
instruction_reference	0049889a	FUN_0049889a	00498ce0	Stack[-0x50]	READ		operand_index=1;primary=true;source=ANALYSIS
instruction	0049889a	FUN_0049889a	00498ce3	00498ce4	FALL_THROUGH	FUN_0049889a	bytes=99;mnemonic=CDQ;instruction=CDQ;inputs=EAX,0x4;results=EDX;flows=;fallthrough=00498ce4
instruction	0049889a	FUN_0049889a	00498ce4	00498ce9	FALL_THROUGH	FUN_0049889a	bytes=B91E000000;mnemonic=MOV;instruction=MOV ECX,0x1e;inputs=0x1e;results=ECX;flows=;fallthrough=00498ce9
instruction	0049889a	FUN_0049889a	00498ce9	00498ceb	FALL_THROUGH	FUN_0049889a	bytes=F7F9;mnemonic=IDIV;instruction=IDIV ECX;inputs=0x20,EAX,0x0,ECX,EDX;results=EAX,EDX;flows=;fallthrough=00498ceb
instruction	0049889a	FUN_0049889a	00498ceb	00498cee	FALL_THROUGH	FUN_0049889a	bytes=8955B0;mnemonic=MOV;instruction=MOV dword ptr [EBP + -0x50],EDX;inputs=EBP,EDX,0xffffffb0;results=;flows=;fallthrough=00498cee
instruction_reference	0049889a	FUN_0049889a	00498ceb	Stack[-0x54]	WRITE		operand_index=0;primary=true;source=ANALYSIS
instruction	0049889a	FUN_0049889a	00498cee	00498cf1	FALL_THROUGH	FUN_0049889a	bytes=8B55B0;mnemonic=MOV;instruction=MOV EDX,dword ptr [EBP + -0x50];inputs=EBP,0xffffffb0;results=EDX;flows=;fallthrough=00498cf1
instruction_reference	0049889a	FUN_0049889a	00498cee	Stack[-0x54]	READ		operand_index=1;primary=true;source=ANALYSIS
instruction	0049889a	FUN_0049889a	00498cf1	00498cf4	FALL_THROUGH	FUN_0049889a	bytes=8B45AC;mnemonic=MOV;instruction=MOV EAX,dword ptr [EBP + -0x54];inputs=0xffffffac,EBP;results=EAX;flows=;fallthrough=00498cf4
instruction_reference	0049889a	FUN_0049889a	00498cf1	Stack[-0x58]	READ		operand_index=1;primary=true;source=ANALYSIS
instruction	0049889a	FUN_0049889a	00498cf4	00498cf8	FALL_THROUGH	FUN_0049889a	bytes=8B4C900C;mnemonic=MOV;instruction=MOV ECX,dword ptr [EAX + EDX*0x4 + 0xc];inputs=EAX,0x4,EDX,0xc;results=ECX;flows=;fallthrough=00498cf8
instruction	0049889a	FUN_0049889a	00498cf8	00498cfb	FALL_THROUGH	FUN_0049889a	bytes=894DB8;mnemonic=MOV;instruction=MOV dword ptr [EBP + -0x48],ECX;inputs=EBP,ECX,0xffffffb8;results=;flows=;fallthrough=00498cfb
instruction_reference	0049889a	FUN_0049889a	00498cf8	Stack[-0x4c]	WRITE		operand_index=0;primary=true;source=ANALYSIS
instruction	0049889a	FUN_0049889a	00498cfb	00498cfe	FALL_THROUGH	FUN_0049889a	bytes=8B55B4;mnemonic=MOV;instruction=MOV EDX,dword ptr [EBP + -0x4c];inputs=EBP,0xffffffb4;results=EDX;flows=;fallthrough=00498cfe
instruction_reference	0049889a	FUN_0049889a	00498cfb	Stack[-0x50]	READ		operand_index=1;primary=true;source=ANALYSIS
instruction	0049889a	FUN_0049889a	00498cfe	00498d04	FALL_THROUGH	FUN_0049889a	bytes=81E203000080;mnemonic=AND;instruction=AND EDX,0x80000003;inputs=0x0,0x1,0x80000003,EDX,0xff;results=CF,PF,ZF,SF,EDX,OF;flows=;fallthrough=00498d04
instruction	0049889a	FUN_0049889a	00498d04	00498d06	CONDITIONAL_JUMP	FUN_0049889a	bytes=7905;mnemonic=JNS;instruction=JNS 0x00498d0b;inputs=SF;results=;flows=00498d0b;fallthrough=00498d06
instruction_reference	0049889a	FUN_0049889a	00498d04	00498d0b	CONDITIONAL_JUMP	LAB_00498d0b	operand_index=0;primary=true;source=DEFAULT
instruction	0049889a	FUN_0049889a	00498d06	00498d07	FALL_THROUGH	FUN_0049889a	bytes=4A;mnemonic=DEC;instruction=DEC EDX;inputs=0x0,0x1,EDX,0xff;results=PF,ZF,SF,EDX,OF;flows=;fallthrough=00498d07
instruction	0049889a	FUN_0049889a	00498d07	00498d0a	FALL_THROUGH	FUN_0049889a	bytes=83CAFC;mnemonic=OR;instruction=OR EDX,0xfffffffc;inputs=0x0,0x1,0xfffffffc,EDX,0xff;results=CF,PF,ZF,SF,EDX,OF;flows=;fallthrough=00498d0a
instruction	0049889a	FUN_0049889a	00498d0a	00498d0b	FALL_THROUGH	FUN_0049889a	bytes=42;mnemonic=INC;instruction=INC EDX;inputs=0x0,0x1,EDX,0xff;results=PF,ZF,SF,EDX,OF;flows=;fallthrough=00498d0b
instruction	0049889a	FUN_0049889a	00498d0b	00498d0e	FALL_THROUGH	FUN_0049889a	bytes=8955A8;mnemonic=MOV;instruction=MOV dword ptr [EBP + -0x58],EDX;inputs=EBP,0xffffffa8,EDX;results=;flows=;fallthrough=00498d0e
instruction_reference	0049889a	FUN_0049889a	00498d0b	Stack[-0x5c]	WRITE		operand_index=0;primary=true;source=ANALYSIS
instruction	0049889a	FUN_0049889a	00498d0e	00498d11	FALL_THROUGH	FUN_0049889a	bytes=8B45B8;mnemonic=MOV;instruction=MOV EAX,dword ptr [EBP + -0x48];inputs=EBP,0xffffffb8;results=EAX;flows=;fallthrough=00498d11
instruction_reference	0049889a	FUN_0049889a	00498d0e	Stack[-0x4c]	READ		operand_index=1;primary=true;source=ANALYSIS
instruction	0049889a	FUN_0049889a	00498d11	00498d12	FALL_THROUGH	FUN_0049889a	bytes=99;mnemonic=CDQ;instruction=CDQ;inputs=EAX,0x4;results=EDX;flows=;fallthrough=00498d12
instruction	0049889a	FUN_0049889a	00498d12	00498d17	FALL_THROUGH	FUN_0049889a	bytes=B905000000;mnemonic=MOV;instruction=MOV ECX,0x5;inputs=0x5;results=ECX;flows=;fallthrough=00498d17
instruction	0049889a	FUN_0049889a	00498d17	00498d19	FALL_THROUGH	FUN_0049889a	bytes=F7F9;mnemonic=IDIV;instruction=IDIV ECX;inputs=0x20,EAX,0x0,ECX,EDX;results=EAX,EDX;flows=;fallthrough=00498d19
instruction	0049889a	FUN_0049889a	00498d19	00498d1c	FALL_THROUGH	FUN_0049889a	bytes=8955BC;mnemonic=MOV;instruction=MOV dword ptr [EBP + -0x44],EDX;inputs=0xffffffbc,EBP,EDX;results=;flows=;fallthrough=00498d1c
instruction_reference	0049889a	FUN_0049889a	00498d19	Stack[-0x48]	WRITE		operand_index=0;primary=true;source=ANALYSIS
instruction	0049889a	FUN_0049889a	00498d1c	00498d1f	FALL_THROUGH	FUN_0049889a	bytes=8B55A8;mnemonic=MOV;instruction=MOV EDX,dword ptr [EBP + -0x58];inputs=EBP,0xffffffa8;results=EDX;flows=;fallthrough=00498d1f
instruction_reference	0049889a	FUN_0049889a	00498d1c	Stack[-0x5c]	READ		operand_index=1;primary=true;source=ANALYSIS
instruction	0049889a	FUN_0049889a	00498d1f	00498d22	FALL_THROUGH	FUN_0049889a	bytes=6BD214;mnemonic=IMUL;instruction=IMUL EDX,EDX,0x14;inputs=0x0,0x14,0x4,EDX;results=CF,EDX,OF;flows=;fallthrough=00498d22
instruction	0049889a	FUN_0049889a	00498d22	00498d25	FALL_THROUGH	FUN_0049889a	bytes=8B45BC;mnemonic=MOV;instruction=MOV EAX,dword ptr [EBP + -0x44];inputs=0xffffffbc,EBP;results=EAX;flows=;fallthrough=00498d25
instruction_reference	0049889a	FUN_0049889a	00498d22	Stack[-0x48]	READ		operand_index=1;primary=true;source=ANALYSIS
instruction	0049889a	FUN_0049889a	00498d25	00498d2c	FALL_THROUGH	FUN_0049889a	bytes=8B8C8288E85B00;mnemonic=MOV;instruction=MOV ECX,dword ptr [EDX + EAX*0x4 + 0x5be888];inputs=EAX,0x5be888,0x4,EDX;results=ECX;flows=;fallthrough=00498d2c
instruction_reference	0049889a	FUN_0049889a	00498d25	005be888	DATA	DAT_005be888	operand_index=1;primary=true;source=ANALYSIS
instruction	0049889a	FUN_0049889a	00498d2c	00498d32	FALL_THROUGH	FUN_0049889a	bytes=890D88CF5C00;mnemonic=MOV;instruction=MOV dword ptr [0x005ccf88],ECX;inputs=ECX;results=005ccf88;flows=;fallthrough=00498d32
instruction_reference	0049889a	FUN_0049889a	00498d2c	005ccf88	WRITE	DAT_005ccf88	operand_index=0;primary=true;source=DEFAULT
instruction	0049889a	FUN_0049889a	00498d32	00498d35	FALL_THROUGH	FUN_0049889a	bytes=8B55EC;mnemonic=MOV;instruction=MOV EDX,dword ptr [EBP + -0x14];inputs=0xffffffec,EBP;results=EDX;flows=;fallthrough=00498d35
instruction_reference	0049889a	FUN_0049889a	00498d32	Stack[-0x18]	READ		operand_index=1;primary=true;source=ANALYSIS
instruction	0049889a	FUN_0049889a	00498d35	00498d37	FALL_THROUGH	FUN_0049889a	bytes=33C0;mnemonic=XOR;instruction=XOR EAX,EAX;inputs=0x0,EAX,0x1,0xff;results=CF,EAX,PF,ZF,SF,OF;flows=;fallthrough=00498d37
instruction	0049889a	FUN_0049889a	00498d37	00498d3b	FALL_THROUGH	FUN_0049889a	bytes=668B4206;mnemonic=MOV;instruction=MOV AX,word ptr [EDX + 0x6];inputs=0x6,EDX;results=AX;flows=;fallthrough=00498d3b
instruction	0049889a	FUN_0049889a	00498d3b	00498d3d	FALL_THROUGH	FUN_0049889a	bytes=85C0;mnemonic=TEST;instruction=TEST EAX,EAX;inputs=0x0,EAX,0x1,0xff;results=CF,PF,ZF,SF,OF;flows=;fallthrough=00498d3d
instruction	0049889a	FUN_0049889a	00498d3d	00498d43	CONDITIONAL_JUMP	FUN_0049889a	bytes=0F85490F0000;mnemonic=JNZ;instruction=JNZ 0x00499c8c;inputs=ZF;results=;flows=00499c8c;fallthrough=00498d43
instruction_reference	0049889a	FUN_0049889a	00498d3d	00499c8c	CONDITIONAL_JUMP	LAB_00499c8c	operand_index=0;primary=true;source=DEFAULT
instruction	0049889a	FUN_0049889a	00498d43	00498d46	FALL_THROUGH	FUN_0049889a	bytes=8B4DEC;mnemonic=MOV;instruction=MOV ECX,dword ptr [EBP + -0x14];inputs=0xffffffec,EBP;results=ECX;flows=;fallthrough=00498d46
instruction_reference	0049889a	FUN_0049889a	00498d43	Stack[-0x18]	READ		operand_index=1;primary=true;source=ANALYSIS
instruction	0049889a	FUN_0049889a	00498d46	00498d48	FALL_THROUGH	FUN_0049889a	bytes=33D2;mnemonic=XOR;instruction=XOR EDX,EDX;inputs=0x0,0x1,EDX,0xff;results=CF,PF,ZF,SF,EDX,OF;flows=;fallthrough=00498d48
instruction	0049889a	FUN_0049889a	00498d48	00498d4c	FALL_THROUGH	FUN_0049889a	bytes=668B5104;mnemonic=MOV;instruction=MOV DX,word ptr [ECX + 0x4];inputs=ECX,0x4;results=DX;flows=;fallthrough=00498d4c
instruction	0049889a	FUN_0049889a	00498d4c	00498d52	FALL_THROUGH	FUN_0049889a	bytes=81FA01010000;mnemonic=CMP;instruction=CMP EDX,0x101;inputs=0x0,0x101,0x1,EDX,0xff;results=CF,PF,ZF,SF,OF;flows=;fallthrough=00498d52
instruction	0049889a	FUN_0049889a	00498d52	00498d54	CONDITIONAL_JUMP	FUN_0049889a	bytes=7425;mnemonic=JZ;instruction=JZ 0x00498d79;inputs=ZF;results=;flows=00498d79;fallthrough=00498d54
instruction_reference	0049889a	FUN_0049889a	00498d52	00498d79	CONDITIONAL_JUMP	LAB_00498d79	operand_index=0;primary=true;source=DEFAULT
instruction	0049889a	FUN_0049889a	00498d54	00498d57	FALL_THROUGH	FUN_0049889a	bytes=8B45EC;mnemonic=MOV;instruction=MOV EAX,dword ptr [EBP + -0x14];inputs=0xffffffec,EBP;results=EAX;flows=;fallthrough=00498d57
instruction_reference	0049889a	FUN_0049889a	00498d54	Stack[-0x18]	READ		operand_index=1;primary=true;source=ANALYSIS
instruction	0049889a	FUN_0049889a	00498d57	00498d59	FALL_THROUGH	FUN_0049889a	bytes=33C9;mnemonic=XOR;instruction=XOR ECX,ECX;inputs=0x0,0x1,ECX,0xff;results=CF,PF,ECX,ZF,SF,OF;flows=;fallthrough=00498d59
instruction	0049889a	FUN_0049889a	00498d59	00498d5d	FALL_THROUGH	FUN_0049889a	bytes=668B4804;mnemonic=MOV;instruction=MOV CX,word ptr [EAX + 0x4];inputs=EAX,0x4;results=CX;flows=;fallthrough=00498d5d
instruction	0049889a	FUN_0049889a	00498d5d	00498d63	FALL_THROUGH	FUN_0049889a	bytes=81F902010000;mnemonic=CMP;instruction=CMP ECX,0x102;inputs=0x0,0x1,0x102,ECX,0xff;results=CF,PF,ZF,SF,OF;flows=;fallthrough=00498d63
instruction	0049889a	FUN_0049889a	00498d63	00498d65	CONDITIONAL_JUMP	FUN_0049889a	bytes=7414;mnemonic=JZ;instruction=JZ 0x00498d79;inputs=ZF;results=;flows=00498d79;fallthrough=00498d65
instruction_reference	0049889a	FUN_0049889a	00498d63	00498d79	CONDITIONAL_JUMP	LAB_00498d79	operand_index=0;primary=true;source=DEFAULT
instruction	0049889a	FUN_0049889a	00498d65	00498d68	FALL_THROUGH	FUN_0049889a	bytes=8B55EC;mnemonic=MOV;instruction=MOV EDX,dword ptr [EBP + -0x14];inputs=0xffffffec,EBP;results=EDX;flows=;fallthrough=00498d68
instruction_reference	0049889a	FUN_0049889a	00498d65	Stack[-0x18]	READ		operand_index=1;primary=true;source=ANALYSIS
instruction	0049889a	FUN_0049889a	00498d68	00498d6a	FALL_THROUGH	FUN_0049889a	bytes=33C0;mnemonic=XOR;instruction=XOR EAX,EAX;inputs=0x0,EAX,0x1,0xff;results=CF,EAX,PF,ZF,SF,OF;flows=;fallthrough=00498d6a
instruction	0049889a	FUN_0049889a	00498d6a	00498d6e	FALL_THROUGH	FUN_0049889a	bytes=668B4204;mnemonic=MOV;instruction=MOV AX,word ptr [EDX + 0x4];inputs=0x4,EDX;results=AX;flows=;fallthrough=00498d6e
instruction	0049889a	FUN_0049889a	00498d6e	00498d73	FALL_THROUGH	FUN_0049889a	bytes=3D04010000;mnemonic=CMP;instruction=CMP EAX,0x104;inputs=EAX,0x0,0x1,0x104,0xff;results=CF,PF,ZF,SF,OF;flows=;fallthrough=00498d73
instruction	0049889a	FUN_0049889a	00498d73	00498d79	CONDITIONAL_JUMP	FUN_0049889a	bytes=0F85130F0000;mnemonic=JNZ;instruction=JNZ 0x00499c8c;inputs=ZF;results=;flows=00499c8c;fallthrough=00498d79
instruction_reference	0049889a	FUN_0049889a	00498d73	00499c8c	CONDITIONAL_JUMP	LAB_00499c8c	operand_index=0;primary=true;source=DEFAULT
instruction	0049889a	FUN_0049889a	00498d79	00498d7c	FALL_THROUGH	FUN_0049889a	bytes=8B4DEC;mnemonic=MOV;instruction=MOV ECX,dword ptr [EBP + -0x14];inputs=0xffffffec,EBP;results=ECX;flows=;fallthrough=00498d7c
instruction_reference	0049889a	FUN_0049889a	00498d79	Stack[-0x18]	READ		operand_index=1;primary=true;source=ANALYSIS
instruction	0049889a	FUN_0049889a	00498d7c	00498d7e	FALL_THROUGH	FUN_0049889a	bytes=33D2;mnemonic=XOR;instruction=XOR EDX,EDX;inputs=0x0,0x1,EDX,0xff;results=CF,PF,ZF,SF,EDX,OF;flows=;fallthrough=00498d7e
instruction	0049889a	FUN_0049889a	00498d7e	00498d82	FALL_THROUGH	FUN_0049889a	bytes=668B5104;mnemonic=MOV;instruction=MOV DX,word ptr [ECX + 0x4];inputs=ECX,0x4;results=DX;flows=;fallthrough=00498d82
instruction	0049889a	FUN_0049889a	00498d82	00498d88	FALL_THROUGH	FUN_0049889a	bytes=81FA01010000;mnemonic=CMP;instruction=CMP EDX,0x101;inputs=0x0,0x101,0x1,EDX,0xff;results=CF,PF,ZF,SF,OF;flows=;fallthrough=00498d88
instruction	0049889a	FUN_0049889a	00498d88	00498d8e	CONDITIONAL_JUMP	FUN_0049889a	bytes=0F85F40E0000;mnemonic=JNZ;instruction=JNZ 0x00499c82;inputs=ZF;results=;flows=00499c82;fallthrough=00498d8e
instruction_reference	0049889a	FUN_0049889a	00498d88	00499c82	CONDITIONAL_JUMP	LAB_00499c82	operand_index=0;primary=true;source=DEFAULT
instruction	0049889a	FUN_0049889a	00498d8e	00498d91	FALL_THROUGH	FUN_0049889a	bytes=8B45EC;mnemonic=MOV;instruction=MOV EAX,dword ptr [EBP + -0x14];inputs=0xffffffec,EBP;results=EAX;flows=;fallthrough=00498d91
instruction_reference	0049889a	FUN_0049889a	00498d8e	Stack[-0x18]	READ		operand_index=1;primary=true;source=ANALYSIS
instruction	0049889a	FUN_0049889a	00498d91	00498d94	FALL_THROUGH	FUN_0049889a	bytes=8945A4;mnemonic=MOV;instruction=MOV dword ptr [EBP + -0x5c],EAX;inputs=EAX,EBP,0xffffffa4;results=;flows=;fallthrough=00498d94
instruction_reference	0049889a	FUN_0049889a	00498d91	Stack[-0x60]	WRITE		operand_index=0;primary=true;source=ANALYSIS
instruction	0049889a	FUN_0049889a	00498d94	00498d97	FALL_THROUGH	FUN_0049889a	bytes=8B4DA4;mnemonic=MOV;instruction=MOV ECX,dword ptr [EBP + -0x5c];inputs=EBP,0xffffffa4;results=ECX;flows=;fallthrough=00498d97
instruction_reference	0049889a	FUN_0049889a	00498d94	Stack[-0x60]	READ		operand_index=1;primary=true;source=ANALYSIS
instruction	0049889a	FUN_0049889a	00498d97	00498d9b	FALL_THROUGH	FUN_0049889a	bytes=C6416B00;mnemonic=MOV;instruction=MOV byte ptr [ECX + 0x6b],0x0;inputs=0x0,ECX,0x6b;results=;flows=;fallthrough=00498d9b
instruction	0049889a	FUN_0049889a	00498d9b	00498d9e	FALL_THROUGH	FUN_0049889a	bytes=8B55A4;mnemonic=MOV;instruction=MOV EDX,dword ptr [EBP + -0x5c];inputs=EBP,0xffffffa4;results=EDX;flows=;fallthrough=00498d9e
instruction_reference	0049889a	FUN_0049889a	00498d9b	Stack[-0x60]	READ		operand_index=1;primary=true;source=ANALYSIS
instruction	0049889a	FUN_0049889a	00498d9e	00498da2	FALL_THROUGH	FUN_0049889a	bytes=C6426A00;mnemonic=MOV;instruction=MOV byte ptr [EDX + 0x6a],0x0;inputs=0x0,EDX,0x6a;results=;flows=;fallthrough=00498da2
instruction	0049889a	FUN_0049889a	00498da2	00498da8	FALL_THROUGH	FUN_0049889a	bytes=8B8584FCFFFF;mnemonic=MOV;instruction=MOV EAX,dword ptr [EBP + 0xfffffc84];inputs=EBP,0xfffffc84;results=EAX;flows=;fallthrough=00498da8
instruction_reference	0049889a	FUN_0049889a	00498da2	Stack[-0x380]	READ		operand_index=1;primary=true;source=ANALYSIS
instruction	0049889a	FUN_0049889a	00498da8	00498daf	FALL_THROUGH	FUN_0049889a	bytes=81782431750000;mnemonic=CMP;instruction=CMP dword ptr [EAX + 0x24],0x7531;inputs=EAX,0x0,0x7531,0x1,0x24,0xff;results=CF,PF,ZF,SF,OF;flows=;fallthrough=00498daf
instruction	0049889a	FUN_0049889a	00498daf	00498db5	CONDITIONAL_JUMP	FUN_0049889a	bytes=0F8590000000;mnemonic=JNZ;instruction=JNZ 0x00498e45;inputs=ZF;results=;flows=00498e45;fallthrough=00498db5
instruction_reference	0049889a	FUN_0049889a	00498daf	00498e45	CONDITIONAL_JUMP	LAB_00498e45	operand_index=0;primary=true;source=DEFAULT
instruction	0049889a	FUN_0049889a	00498db5	00498db8	FALL_THROUGH	FUN_0049889a	bytes=8B4DA4;mnemonic=MOV;instruction=MOV ECX,dword ptr [EBP + -0x5c];inputs=EBP,0xffffffa4;results=ECX;flows=;fallthrough=00498db8
instruction_reference	0049889a	FUN_0049889a	00498db5	Stack[-0x60]	READ		operand_index=1;primary=true;source=ANALYSIS
instruction	0049889a	FUN_0049889a	00498db8	00498dbc	FALL_THROUGH	FUN_0049889a	bytes=0FBE510C;mnemonic=MOVSX;instruction=MOVSX EDX,byte ptr [ECX + 0xc];inputs=ECX,0xc;results=EDX;flows=;fallthrough=00498dbc
instruction	0049889a	FUN_0049889a	00498dbc	00498dbf	FALL_THROUGH	FUN_0049889a	bytes=83FA5E;mnemonic=CMP;instruction=CMP EDX,0x5e;inputs=0x0,0x1,EDX,0x5e,0xff;results=CF,PF,ZF,SF,OF;flows=;fallthrough=00498dbf
instruction	0049889a	FUN_0049889a	00498dbf	00498dc5	CONDITIONAL_JUMP	FUN_0049889a	bytes=0F8580000000;mnemonic=JNZ;instruction=JNZ 0x00498e45;inputs=ZF;results=;flows=00498e45;fallthrough=00498dc5
instruction_reference	0049889a	FUN_0049889a	00498dbf	00498e45	CONDITIONAL_JUMP	LAB_00498e45	operand_index=0;primary=true;source=DEFAULT
instruction	0049889a	FUN_0049889a	00498dc5	00498dca	FALL_THROUGH	FUN_0049889a	bytes=6880000000;mnemonic=PUSH;instruction=PUSH 0x80;inputs=0x80,ESP,0x4;results=ESP;flows=;fallthrough=00498dca
instruction	0049889a	FUN_0049889a	00498dca	00498dcc	FALL_THROUGH	FUN_0049889a	bytes=6A00;mnemonic=PUSH;instruction=PUSH 0x0;inputs=0x0,ESP,0x4;results=ESP;flows=;fallthrough=00498dcc
instruction	0049889a	FUN_0049889a	00498dcc	00498dd2	FALL_THROUGH	FUN_0049889a	bytes=8D851CFFFFFF;mnemonic=LEA;instruction=LEA EAX,[EBP + 0xffffff1c];inputs=0xffffff1c,EBP;results=EAX;flows=;fallthrough=00498dd2
instruction_reference	0049889a	FUN_0049889a	00498dcc	Stack[-0xe8]	DATA		operand_index=0;primary=true;source=ANALYSIS
instruction	0049889a	FUN_0049889a	00498dd2	00498dd3	FALL_THROUGH	FUN_0049889a	bytes=50;mnemonic=PUSH;instruction=PUSH EAX;inputs=EAX,ESP,0x4;results=ESP;flows=;fallthrough=00498dd3
instruction	0049889a	FUN_0049889a	00498dd3	00498dd8	UNCONDITIONAL_CALL	FUN_0049889a	bytes=E848620F00;mnemonic=CALL;instruction=CALL 0x0058f020;inputs=ESP,0x498dd8,0x4;results=ESP;flows=0058f020;fallthrough=00498dd8
instruction_reference	0049889a	FUN_0049889a	00498dd3	0058f020	UNCONDITIONAL_CALL	_memset	operand_index=0;primary=true;source=DEFAULT
instruction	0049889a	FUN_0049889a	00498dd8	00498ddb	FALL_THROUGH	FUN_0049889a	bytes=83C40C;mnemonic=ADD;instruction=ADD ESP,0xc;inputs=ESP,0x0,0x1,0xc,0xff;results=CF,ESP,PF,ZF,SF,OF;flows=;fallthrough=00498ddb
instruction	0049889a	FUN_0049889a	00498ddb	00498dde	FALL_THROUGH	FUN_0049889a	bytes=8B4DA4;mnemonic=MOV;instruction=MOV ECX,dword ptr [EBP + -0x5c];inputs=EBP,0xffffffa4;results=ECX;flows=;fallthrough=00498dde
instruction_reference	0049889a	FUN_0049889a	00498ddb	Stack[-0x60]	READ		operand_index=1;primary=true;source=ANALYSIS
instruction	0049889a	FUN_0049889a	00498dde	00498de1	FALL_THROUGH	FUN_0049889a	bytes=83C10D;mnemonic=ADD;instruction=ADD ECX,0xd;inputs=0x0,0x1,ECX,0xd,0xff;results=CF,PF,ECX,ZF,SF,OF;flows=;fallthrough=00498de1
instruction	0049889a	FUN_0049889a	00498de1	00498de2	FALL_THROUGH	FUN_0049889a	bytes=51;mnemonic=PUSH;instruction=PUSH ECX;inputs=ESP,ECX,0x4;results=ESP;flows=;fallthrough=00498de2
instruction	0049889a	FUN_0049889a	00498de2	00498de7	FALL_THROUGH	FUN_0049889a	bytes=681C905B00;mnemonic=PUSH;instruction=PUSH 0x5b901c;inputs=ESP,0x4,0x5b901c;results=ESP;flows=;fallthrough=00498de7
instruction_reference	0049889a	FUN_0049889a	00498de2	005b901c	DATA	DAT_005b901c	operand_index=0;primary=true;source=ANALYSIS
instruction	0049889a	FUN_0049889a	00498de7	00498ded	FALL_THROUGH	FUN_0049889a	bytes=8D951CFFFFFF;mnemonic=LEA;instruction=LEA EDX,[EBP + 0xffffff1c];inputs=0xffffff1c,EBP;results=EDX;flows=;fallthrough=00498ded
instruction_reference	0049889a	FUN_0049889a	00498de7	Stack[-0xe8]	DATA		operand_index=0;primary=true;source=ANALYSIS
instruction	0049889a	FUN_0049889a	00498ded	00498dee	FALL_THROUGH	FUN_0049889a	bytes=52;mnemonic=PUSH;instruction=PUSH EDX;inputs=ESP,0x4,EDX;results=ESP;flows=;fallthrough=00498dee
instruction	0049889a	FUN_0049889a	00498dee	00498df3	UNCONDITIONAL_CALL	FUN_0049889a	bytes=E885620F00;mnemonic=CALL;instruction=CALL 0x0058f078;inputs=ESP,0x4,0x498df3;results=ESP;flows=0058f078;fallthrough=00498df3
instruction_reference	0049889a	FUN_0049889a	00498dee	0058f078	UNCONDITIONAL_CALL	FUN_0058f078	operand_index=0;primary=true;source=DEFAULT
instruction	0049889a	FUN_0049889a	00498df3	00498df6	FALL_THROUGH	FUN_0049889a	bytes=83C40C;mnemonic=ADD;instruction=ADD ESP,0xc;inputs=ESP,0x0,0x1,0xc,0xff;results=CF,ESP,PF,ZF,SF,OF;flows=;fallthrough=00498df6
instruction	0049889a	FUN_0049889a	00498df6	00498df8	FALL_THROUGH	FUN_0049889a	bytes=6A00;mnemonic=PUSH;instruction=PUSH 0x0;inputs=0x0,ESP,0x4;results=ESP;flows=;fallthrough=00498df8
instruction	0049889a	FUN_0049889a	00498df8	00498dfa	FALL_THROUGH	FUN_0049889a	bytes=6A00;mnemonic=PUSH;instruction=PUSH 0x0;inputs=0x0,ESP,0x4;results=ESP;flows=;fallthrough=00498dfa
instruction	0049889a	FUN_0049889a	00498dfa	00498e00	FALL_THROUGH	FUN_0049889a	bytes=8D851CFFFFFF;mnemonic=LEA;instruction=LEA EAX,[EBP + 0xffffff1c];inputs=0xffffff1c,EBP;results=EAX;flows=;fallthrough=00498e00
instruction_reference	0049889a	FUN_0049889a	00498dfa	Stack[-0xe8]	DATA		operand_index=0;primary=true;source=ANALYSIS
instruction	0049889a	FUN_0049889a	00498e00	00498e01	FALL_THROUGH	FUN_0049889a	bytes=50;mnemonic=PUSH;instruction=PUSH EAX;inputs=EAX,ESP,0x4;results=ESP;flows=;fallthrough=00498e01
instruction	0049889a	FUN_0049889a	00498e01	00498e07	FALL_THROUGH	FUN_0049889a	bytes=8B8D84FCFFFF;mnemonic=MOV;instruction=MOV ECX,dword ptr [EBP + 0xfffffc84];inputs=EBP,0xfffffc84;results=ECX;flows=;fallthrough=00498e07
instruction_reference	0049889a	FUN_0049889a	00498e01	Stack[-0x380]	READ		operand_index=1;primary=true;source=ANALYSIS
instruction	0049889a	FUN_0049889a	00498e07	00498e0d	FALL_THROUGH	FUN_0049889a	bytes=8B8990000000;mnemonic=MOV;instruction=MOV ECX,dword ptr [ECX + 0x90];inputs=0x90,ECX;results=ECX;flows=;fallthrough=00498e0d
instruction	0049889a	FUN_0049889a	00498e0d	00498e13	FALL_THROUGH	FUN_0049889a	bytes=8B9584FCFFFF;mnemonic=MOV;instruction=MOV EDX,dword ptr [EBP + 0xfffffc84];inputs=EBP,0xfffffc84;results=EDX;flows=;fallthrough=00498e13
instruction_reference	0049889a	FUN_0049889a	00498e0d	Stack[-0x380]	READ		operand_index=1;primary=true;source=ANALYSIS
instruction	0049889a	FUN_0049889a	00498e13	00498e19	FALL_THROUGH	FUN_0049889a	bytes=8B8290000000;mnemonic=MOV;instruction=MOV EAX,dword ptr [EDX + 0x90];inputs=0x90,EDX;results=EAX;flows=;fallthrough=00498e19
instruction	0049889a	FUN_0049889a	00498e19	00498e1b	FALL_THROUGH	FUN_0049889a	bytes=8B10;mnemonic=MOV;instruction=MOV EDX,dword ptr [EAX];inputs=EAX;results=EDX;flows=;fallthrough=00498e1b
instruction	0049889a	FUN_0049889a	00498e1b	00498e21	COMPUTED_CALL	FUN_0049889a	bytes=FF928C000000;mnemonic=CALL;instruction=CALL dword ptr [EDX + 0x8c];inputs=ESP,0x4,EDX,0x498e21,0x8c;results=ESP;flows=;fallthrough=00498e21
instruction	0049889a	FUN_0049889a	00498e21	00498e23	FALL_THROUGH	FUN_0049889a	bytes=6A01;mnemonic=PUSH;instruction=PUSH 0x1;inputs=ESP,0x1,0x4;results=ESP;flows=;fallthrough=00498e23
instruction	0049889a	FUN_0049889a	00498e23	00498e29	FALL_THROUGH	FUN_0049889a	bytes=8B8584FCFFFF;mnemonic=MOV;instruction=MOV EAX,dword ptr [EBP + 0xfffffc84];inputs=EBP,0xfffffc84;results=EAX;flows=;fallthrough=00498e29
instruction_reference	0049889a	FUN_0049889a	00498e23	Stack[-0x380]	READ		operand_index=1;primary=true;source=ANALYSIS
instruction	0049889a	FUN_0049889a	00498e29	00498e2f	FALL_THROUGH	FUN_0049889a	bytes=8B8890000000;mnemonic=MOV;instruction=MOV ECX,dword ptr [EAX + 0x90];inputs=EAX,0x90;results=ECX;flows=;fallthrough=00498e2f
instruction	0049889a	FUN_0049889a	00498e2f	00498e35	FALL_THROUGH	FUN_0049889a	bytes=8B9584FCFFFF;mnemonic=MOV;instruction=MOV EDX,dword ptr [EBP + 0xfffffc84];inputs=EBP,0xfffffc84;results=EDX;flows=;fallthrough=00498e35
instruction_reference	0049889a	FUN_0049889a	00498e2f	Stack[-0x380]	READ		operand_index=1;primary=true;source=ANALYSIS
instruction	0049889a	FUN_0049889a	00498e35	00498e3b	FALL_THROUGH	FUN_0049889a	bytes=8B8290000000;mnemonic=MOV;instruction=MOV EAX,dword ptr [EDX + 0x90];inputs=0x90,EDX;results=EAX;flows=;fallthrough=00498e3b
instruction	0049889a	FUN_0049889a	00498e3b	00498e3d	FALL_THROUGH	FUN_0049889a	bytes=8B10;mnemonic=MOV;instruction=MOV EDX,dword ptr [EAX];inputs=EAX;results=EDX;flows=;fallthrough=00498e3d
instruction	0049889a	FUN_0049889a	00498e3d	00498e40	COMPUTED_CALL	FUN_0049889a	bytes=FF5260;mnemonic=CALL;instruction=CALL dword ptr [EDX + 0x60];inputs=0x60,ESP,0x4,EDX,0x498e40;results=ESP;flows=;fallthrough=00498e40
instruction	0049889a	FUN_0049889a	00498e40		UNCONDITIONAL_JUMP	FUN_0049889a	bytes=E92F0C0000;mnemonic=JMP;instruction=JMP 0x00499a74;inputs=;results=;flows=00499a74;fallthrough=
instruction_reference	0049889a	FUN_0049889a	00498e40	00499a74	UNCONDITIONAL_JUMP	LAB_00499a74	operand_index=0;primary=true;source=DEFAULT
instruction	0049889a	FUN_0049889a	00498e45	00498e48	FALL_THROUGH	FUN_0049889a	bytes=8B45A4;mnemonic=MOV;instruction=MOV EAX,dword ptr [EBP + -0x5c];inputs=EBP,0xffffffa4;results=EAX;flows=;fallthrough=00498e48
instruction_reference	0049889a	FUN_0049889a	00498e45	Stack[-0x60]	READ		operand_index=1;primary=true;source=ANALYSIS
instruction	0049889a	FUN_0049889a	00498e48	00498e4c	FALL_THROUGH	FUN_0049889a	bytes=0FBE480C;mnemonic=MOVSX;instruction=MOVSX ECX,byte ptr [EAX + 0xc];inputs=EAX,0xc;results=ECX;flows=;fallthrough=00498e4c
instruction	0049889a	FUN_0049889a	00498e4c	00498e4f	FALL_THROUGH	FUN_0049889a	bytes=83F95E;mnemonic=CMP;instruction=CMP ECX,0x5e;inputs=0x0,0x1,ECX,0x5e,0xff;results=CF,PF,ZF,SF,OF;flows=;fallthrough=00498e4f
instruction	0049889a	FUN_0049889a	00498e4f	00498e51	CONDITIONAL_JUMP	FUN_0049889a	bytes=7577;mnemonic=JNZ;instruction=JNZ 0x00498ec8;inputs=ZF;results=;flows=00498ec8;fallthrough=00498e51
instruction_reference	0049889a	FUN_0049889a	00498e4f	00498ec8	CONDITIONAL_JUMP	LAB_00498ec8	operand_index=0;primary=true;source=DEFAULT
instruction	0049889a	FUN_0049889a	00498e51	00498e56	FALL_THROUGH	FUN_0049889a	bytes=6880000000;mnemonic=PUSH;instruction=PUSH 0x80;inputs=0x80,ESP,0x4;results=ESP;flows=;fallthrough=00498e56
instruction	0049889a	FUN_0049889a	00498e56	00498e58	FALL_THROUGH	FUN_0049889a	bytes=6A00;mnemonic=PUSH;instruction=PUSH 0x0;inputs=0x0,ESP,0x4;results=ESP;flows=;fallthrough=00498e58
instruction	0049889a	FUN_0049889a	00498e58	00498e5e	FALL_THROUGH	FUN_0049889a	bytes=8D959CFEFFFF;mnemonic=LEA;instruction=LEA EDX,[EBP + 0xfffffe9c];inputs=0xfffffe9c,EBP;results=EDX;flows=;fallthrough=00498e5e
instruction_reference	0049889a	FUN_0049889a	00498e58	Stack[-0x168]	DATA		operand_index=0;primary=true;source=ANALYSIS
instruction	0049889a	FUN_0049889a	00498e5e	00498e5f	FALL_THROUGH	FUN_0049889a	bytes=52;mnemonic=PUSH;instruction=PUSH EDX;inputs=ESP,0x4,EDX;results=ESP;flows=;fallthrough=00498e5f
instruction	0049889a	FUN_0049889a	00498e5f	00498e64	UNCONDITIONAL_CALL	FUN_0049889a	bytes=E8BC610F00;mnemonic=CALL;instruction=CALL 0x0058f020;inputs=ESP,0x4,0x498e64;results=ESP;flows=0058f020;fallthrough=00498e64
instruction_reference	0049889a	FUN_0049889a	00498e5f	0058f020	UNCONDITIONAL_CALL	_memset	operand_index=0;primary=true;source=DEFAULT
instruction	0049889a	FUN_0049889a	00498e64	00498e67	FALL_THROUGH	FUN_0049889a	bytes=83C40C;mnemonic=ADD;instruction=ADD ESP,0xc;inputs=ESP,0x0,0x1,0xc,0xff;results=CF,ESP,PF,ZF,SF,OF;flows=;fallthrough=00498e67
instruction	0049889a	FUN_0049889a	00498e67	00498e6a	FALL_THROUGH	FUN_0049889a	bytes=8B45A4;mnemonic=MOV;instruction=MOV EAX,dword ptr [EBP + -0x5c];inputs=EBP,0xffffffa4;results=EAX;flows=;fallthrough=00498e6a
instruction_reference	0049889a	FUN_0049889a	00498e67	Stack[-0x60]	READ		operand_index=1;primary=true;source=ANALYSIS
instruction	0049889a	FUN_0049889a	00498e6a	00498e6d	FALL_THROUGH	FUN_0049889a	bytes=83C00D;mnemonic=ADD;instruction=ADD EAX,0xd;inputs=EAX,0x0,0x1,0xd,0xff;results=CF,EAX,PF,ZF,SF,OF;flows=;fallthrough=00498e6d
instruction	0049889a	FUN_0049889a	00498e6d	00498e6e	FALL_THROUGH	FUN_0049889a	bytes=50;mnemonic=PUSH;instruction=PUSH EAX;inputs=EAX,ESP,0x4;results=ESP;flows=;fallthrough=00498e6e
instruction	0049889a	FUN_0049889a	00498e6e	00498e73	FALL_THROUGH	FUN_0049889a	bytes=6820905B00;mnemonic=PUSH;instruction=PUSH 0x5b9020;inputs=ESP,0x4,0x5b9020;results=ESP;flows=;fallthrough=00498e73
instruction_reference	0049889a	FUN_0049889a	00498e6e	005b9020	DATA	DAT_005b9020	operand_index=0;primary=true;source=ANALYSIS
instruction	0049889a	FUN_0049889a	00498e73	00498e79	FALL_THROUGH	FUN_0049889a	bytes=8D8D9CFEFFFF;mnemonic=LEA;instruction=LEA ECX,[EBP + 0xfffffe9c];inputs=0xfffffe9c,EBP;results=ECX;flows=;fallthrough=00498e79
instruction_reference	0049889a	FUN_0049889a	00498e73	Stack[-0x168]	DATA		operand_index=0;primary=true;source=ANALYSIS
instruction	0049889a	FUN_0049889a	00498e79	00498e7a	FALL_THROUGH	FUN_0049889a	bytes=51;mnemonic=PUSH;instruction=PUSH ECX;inputs=ESP,ECX,0x4;results=ESP;flows=;fallthrough=00498e7a
instruction	0049889a	FUN_0049889a	00498e7a	00498e7f	UNCONDITIONAL_CALL	FUN_0049889a	bytes=E8F9610F00;mnemonic=CALL;instruction=CALL 0x0058f078;inputs=ESP,0x4,0x498e7f;results=ESP;flows=0058f078;fallthrough=00498e7f
instruction_reference	0049889a	FUN_0049889a	00498e7a	0058f078	UNCONDITIONAL_CALL	FUN_0058f078	operand_index=0;primary=true;source=DEFAULT
instruction	0049889a	FUN_0049889a	00498e7f	00498e82	FALL_THROUGH	FUN_0049889a	bytes=83C40C;mnemonic=ADD;instruction=ADD ESP,0xc;inputs=ESP,0x0,0x1,0xc,0xff;results=CF,ESP,PF,ZF,SF,OF;flows=;fallthrough=00498e82
instruction	0049889a	FUN_0049889a	00498e82	00498e87	FALL_THROUGH	FUN_0049889a	bytes=68581B0000;mnemonic=PUSH;instruction=PUSH 0x1b58;inputs=ESP,0x4,0x1b58;results=ESP;flows=;fallthrough=00498e87
instruction	0049889a	FUN_0049889a	00498e87	00498e8a	FALL_THROUGH	FUN_0049889a	bytes=8B55A4;mnemonic=MOV;instruction=MOV EDX,dword ptr [EBP + -0x5c];inputs=EBP,0xffffffa4;results=EDX;flows=;fallthrough=00498e8a
instruction_reference	0049889a	FUN_0049889a	00498e87	Stack[-0x60]	READ		operand_index=1;primary=true;source=ANALYSIS
instruction	0049889a	FUN_0049889a	00498e8a	00498e8d	FALL_THROUGH	FUN_0049889a	bytes=83C20C;mnemonic=ADD;instruction=ADD EDX,0xc;inputs=0x0,0x1,EDX,0xc,0xff;results=CF,PF,ZF,SF,EDX,OF;flows=;fallthrough=00498e8d
instruction	0049889a	FUN_0049889a	00498e8d	00498e8e	FALL_THROUGH	FUN_0049889a	bytes=52;mnemonic=PUSH;instruction=PUSH EDX;inputs=ESP,0x4,EDX;results=ESP;flows=;fallthrough=00498e8e
instruction	0049889a	FUN_0049889a	00498e8e	00498e94	FALL_THROUGH	FUN_0049889a	bytes=8B8584FCFFFF;mnemonic=MOV;instruction=MOV EAX,dword ptr [EBP + 0xfffffc84];inputs=EBP,0xfffffc84;results=EAX;flows=;fallthrough=00498e94
instruction_reference	0049889a	FUN_0049889a	00498e8e	Stack[-0x380]	READ		operand_index=1;primary=true;source=ANALYSIS
instruction	0049889a	FUN_0049889a	00498e94	00498e9a	FALL_THROUGH	FUN_0049889a	bytes=8B8884000000;mnemonic=MOV;instruction=MOV ECX,dword ptr [EAX + 0x84];inputs=EAX,0x84;results=ECX;flows=;fallthrough=00498e9a
instruction	0049889a	FUN_0049889a	00498e9a	00498e9f	UNCONDITIONAL_CALL	FUN_0049889a	bytes=E853AFF6FF;mnemonic=CALL;instruction=CALL 0x00403df2;inputs=ESP,0x4,0x498e9f;results=ESP;flows=00403df2;fallthrough=00498e9f
instruction_reference	0049889a	FUN_0049889a	00498e9a	00403df2	UNCONDITIONAL_CALL	FUN_00403df2	operand_index=0;primary=true;source=DEFAULT
instruction	0049889a	FUN_0049889a	00498e9f	00498ea1	FALL_THROUGH	FUN_0049889a	bytes=6A01;mnemonic=PUSH;instruction=PUSH 0x1;inputs=ESP,0x1,0x4;results=ESP;flows=;fallthrough=00498ea1
instruction	0049889a	FUN_0049889a	00498ea1	00498ea3	FALL_THROUGH	FUN_0049889a	bytes=6A01;mnemonic=PUSH;instruction=PUSH 0x1;inputs=ESP,0x1,0x4;results=ESP;flows=;fallthrough=00498ea3
instruction	0049889a	FUN_0049889a	00498ea3	00498ea9	FALL_THROUGH	FUN_0049889a	bytes=8B8D84FCFFFF;mnemonic=MOV;instruction=MOV ECX,dword ptr [EBP + 0xfffffc84];inputs=EBP,0xfffffc84;results=ECX;flows=;fallthrough=00498ea9
instruction_reference	0049889a	FUN_0049889a	00498ea3	Stack[-0x380]	READ		operand_index=1;primary=true;source=ANALYSIS
instruction	0049889a	FUN_0049889a	00498ea9	00498eaf	FALL_THROUGH	FUN_0049889a	bytes=8B8984000000;mnemonic=MOV;instruction=MOV ECX,dword ptr [ECX + 0x84];inputs=ECX,0x84;results=ECX;flows=;fallthrough=00498eaf
instruction	0049889a	FUN_0049889a	00498eaf	00498eb5	FALL_THROUGH	FUN_0049889a	bytes=8B9584FCFFFF;mnemonic=MOV;instruction=MOV EDX,dword ptr [EBP + 0xfffffc84];inputs=EBP,0xfffffc84;results=EDX;flows=;fallthrough=00498eb5
instruction_reference	0049889a	FUN_0049889a	00498eaf	Stack[-0x380]	READ		operand_index=1;primary=true;source=ANALYSIS
instruction	0049889a	FUN_0049889a	00498eb5	00498ebb	FALL_THROUGH	FUN_0049889a	bytes=8B8284000000;mnemonic=MOV;instruction=MOV EAX,dword ptr [EDX + 0x84];inputs=0x84,EDX;results=EAX;flows=;fallthrough=00498ebb
instruction	0049889a	FUN_0049889a	00498ebb	00498ebd	FALL_THROUGH	FUN_0049889a	bytes=8B10;mnemonic=MOV;instruction=MOV EDX,dword ptr [EAX];inputs=EAX;results=EDX;flows=;fallthrough=00498ebd
instruction	0049889a	FUN_0049889a	00498ebd	00498ec3	COMPUTED_CALL	FUN_0049889a	bytes=FF9288000000;mnemonic=CALL;instruction=CALL dword ptr [EDX + 0x88];inputs=ESP,0x4,EDX,0x88,0x498ec3;results=ESP;flows=;fallthrough=00498ec3
instruction	0049889a	FUN_0049889a	00498ec3		UNCONDITIONAL_JUMP	FUN_0049889a	bytes=E9AC0B0000;mnemonic=JMP;instruction=JMP 0x00499a74;inputs=;results=;flows=00499a74;fallthrough=
instruction_reference	0049889a	FUN_0049889a	00498ec3	00499a74	UNCONDITIONAL_JUMP	LAB_00499a74	operand_index=0;primary=true;source=DEFAULT
instruction	0049889a	FUN_0049889a	00498ec8	00498ecb	FALL_THROUGH	FUN_0049889a	bytes=8B45A4;mnemonic=MOV;instruction=MOV EAX,dword ptr [EBP + -0x5c];inputs=EBP,0xffffffa4;results=EAX;flows=;fallthrough=00498ecb
instruction_reference	0049889a	FUN_0049889a	00498ec8	Stack[-0x60]	READ		operand_index=1;primary=true;source=ANALYSIS
instruction	0049889a	FUN_0049889a	00498ecb	00498ecf	FALL_THROUGH	FUN_0049889a	bytes=0FBE480C;mnemonic=MOVSX;instruction=MOVSX ECX,byte ptr [EAX + 0xc];inputs=EAX,0xc;results=ECX;flows=;fallthrough=00498ecf
instruction	0049889a	FUN_0049889a	00498ecf	00498ed2	FALL_THROUGH	FUN_0049889a	bytes=83F921;mnemonic=CMP;instruction=CMP ECX,0x21;inputs=0x0,0x21,0x1,ECX,0xff;results=CF,PF,ZF,SF,OF;flows=;fallthrough=00498ed2
instruction	0049889a	FUN_0049889a	00498ed2	00498ed8	CONDITIONAL_JUMP	FUN_0049889a	bytes=0F85F2000000;mnemonic=JNZ;instruction=JNZ 0x00498fca;inputs=ZF;results=;flows=00498fca;fallthrough=00498ed8
instruction_reference	0049889a	FUN_0049889a	00498ed2	00498fca	CONDITIONAL_JUMP	LAB_00498fca	operand_index=0;primary=true;source=DEFAULT
instruction	0049889a	FUN_0049889a	00498ed8	00498edb	FALL_THROUGH	FUN_0049889a	bytes=8B55A4;mnemonic=MOV;instruction=MOV EDX,dword ptr [EBP + -0x5c];inputs=EBP,0xffffffa4;results=EDX;flows=;fallthrough=00498edb
instruction_reference	0049889a	FUN_0049889a	00498ed8	Stack[-0x60]	READ		operand_index=1;primary=true;source=ANALYSIS
instruction	0049889a	FUN_0049889a	00498edb	00498edf	FALL_THROUGH	FUN_0049889a	bytes=0FBE420D;mnemonic=MOVSX;instruction=MOVSX EAX,byte ptr [EDX + 0xd];inputs=EDX,0xd;results=EAX;flows=;fallthrough=00498edf
instruction	0049889a	FUN_0049889a	00498edf	00498ee2	FALL_THROUGH	FUN_0049889a	bytes=83F823;mnemonic=CMP;instruction=CMP EAX,0x23;inputs=EAX,0x0,0x1,0x23,0xff;results=CF,PF,ZF,SF,OF;flows=;fallthrough=00498ee2
instruction	0049889a	FUN_0049889a	00498ee2	00498ee8	CONDITIONAL_JUMP	FUN_0049889a	bytes=0F85E2000000;mnemonic=JNZ;instruction=JNZ 0x00498fca;inputs=ZF;results=;flows=00498fca;fallthrough=00498ee8
instruction_reference	0049889a	FUN_0049889a	00498ee2	00498fca	CONDITIONAL_JUMP	LAB_00498fca	operand_index=0;primary=true;source=DEFAULT
instruction	0049889a	FUN_0049889a	00498ee8	00498eee	FALL_THROUGH	FUN_0049889a	bytes=8B0D38CF6700;mnemonic=MOV;instruction=MOV ECX,dword ptr [0x0067cf38];inputs=0067cf38;results=ECX;flows=;fallthrough=00498eee
instruction_reference	0049889a	FUN_0049889a	00498ee8	0067cf38	READ	DAT_0067cf38	operand_index=1;primary=true;source=DEFAULT
instruction	0049889a	FUN_0049889a	00498eee	00498ef4	FALL_THROUGH	FUN_0049889a	bytes=898D94FEFFFF;mnemonic=MOV;instruction=MOV dword ptr [EBP + 0xfffffe94],ECX;inputs=EBP,ECX,0xfffffe94;results=;flows=;fallthrough=00498ef4
instruction_reference	0049889a	FUN_0049889a	00498eee	Stack[-0x170]	WRITE		operand_index=0;primary=true;source=ANALYSIS
instruction	0049889a	FUN_0049889a	00498ef4	00498efe	FALL_THROUGH	FUN_0049889a	bytes=C78598FEFFFF02000000;mnemonic=MOV;instruction=MOV dword ptr [EBP + 0xfffffe98],0x2;inputs=0x2,EBP,0xfffffe98;results=;flows=;fallthrough=00498efe
instruction_reference	0049889a	FUN_0049889a	00498ef4	Stack[-0x16c]	WRITE		operand_index=0;primary=true;source=ANALYSIS
instruction	0049889a	FUN_0049889a	00498efe		UNCONDITIONAL_JUMP	FUN_0049889a	bytes=EB0F;mnemonic=JMP;instruction=JMP 0x00498f0f;inputs=;results=;flows=00498f0f;fallthrough=
instruction_reference	0049889a	FUN_0049889a	00498efe	00498f0f	UNCONDITIONAL_JUMP	LAB_00498f0f	operand_index=0;primary=true;source=DEFAULT
instruction	0049889a	FUN_0049889a	00498f00	00498f06	FALL_THROUGH	FUN_0049889a	bytes=8B9598FEFFFF;mnemonic=MOV;instruction=MOV EDX,dword ptr [EBP + 0xfffffe98];inputs=EBP,0xfffffe98;results=EDX;flows=;fallthrough=00498f06
instruction_reference	0049889a	FUN_0049889a	00498f00	Stack[-0x16c]	READ		operand_index=1;primary=true;source=ANALYSIS
instruction	0049889a	FUN_0049889a	00498f06	00498f09	FALL_THROUGH	FUN_0049889a	bytes=83C201;mnemonic=ADD;instruction=ADD EDX,0x1;inputs=0x0,0x1,EDX,0xff;results=CF,PF,ZF,SF,EDX,OF;flows=;fallthrough=00498f09
instruction	0049889a	FUN_0049889a	00498f09	00498f0f	FALL_THROUGH	FUN_0049889a	bytes=899598FEFFFF;mnemonic=MOV;instruction=MOV dword ptr [EBP + 0xfffffe98],EDX;inputs=EBP,0xfffffe98,EDX;results=;flows=;fallthrough=00498f0f
instruction_reference	0049889a	FUN_0049889a	00498f09	Stack[-0x16c]	WRITE		operand_index=0;primary=true;source=ANALYSIS
instruction	0049889a	FUN_0049889a	00498f0f	00498f16	FALL_THROUGH	FUN_0049889a	bytes=83BD98FEFFFF06;mnemonic=CMP;instruction=CMP dword ptr [EBP + 0xfffffe98],0x6;inputs=0x0,0x1,EBP,0x6,0xfffffe98,0xff;results=CF,PF,ZF,SF,OF;flows=;fallthrough=00498f16
instruction_reference	0049889a	FUN_0049889a	00498f0f	Stack[-0x16c]	READ		operand_index=0;primary=true;source=ANALYSIS
instruction	0049889a	FUN_0049889a	00498f16	00498f18	CONDITIONAL_JUMP	FUN_0049889a	bytes=7D33;mnemonic=JGE;instruction=JGE 0x00498f4b;inputs=SF,OF;results=;flows=00498f4b;fallthrough=00498f18
instruction_reference	0049889a	FUN_0049889a	00498f16	00498f4b	CONDITIONAL_JUMP	LAB_00498f4b	operand_index=0;primary=true;source=DEFAULT
instruction	0049889a	FUN_0049889a	00498f18	00498f1b	FALL_THROUGH	FUN_0049889a	bytes=8B45A4;mnemonic=MOV;instruction=MOV EAX,dword ptr [EBP + -0x5c];inputs=EBP,0xffffffa4;results=EAX;flows=;fallthrough=00498f1b
instruction_reference	0049889a	FUN_0049889a	00498f18	Stack[-0x60]	READ		operand_index=1;primary=true;source=ANALYSIS
instruction	0049889a	FUN_0049889a	00498f1b	00498f21	FALL_THROUGH	FUN_0049889a	bytes=038598FEFFFF;mnemonic=ADD;instruction=ADD EAX,dword ptr [EBP + 0xfffffe98];inputs=EAX,0x0,0x1,EBP,0xfffffe98,0xff;results=CF,EAX,PF,ZF,SF,OF;flows=;fallthrough=00498f21
instruction_reference	0049889a	FUN_0049889a	00498f1b	Stack[-0x16c]	READ		operand_index=1;primary=true;source=ANALYSIS
instruction	0049889a	FUN_0049889a	00498f21	00498f25	FALL_THROUGH	FUN_0049889a	bytes=0FBE480C;mnemonic=MOVSX;instruction=MOVSX ECX,byte ptr [EAX + 0xc];inputs=EAX,0xc;results=ECX;flows=;fallthrough=00498f25
instruction	0049889a	FUN_0049889a	00498f25	00498f28	FALL_THROUGH	FUN_0049889a	bytes=83F930;mnemonic=CMP;instruction=CMP ECX,0x30;inputs=0x30,0x0,0x1,ECX,0xff;results=CF,PF,ZF,SF,OF;flows=;fallthrough=00498f28
instruction	0049889a	FUN_0049889a	00498f28	00498f2a	CONDITIONAL_JUMP	FUN_0049889a	bytes=7C12;mnemonic=JL;instruction=JL 0x00498f3c;inputs=SF,OF;results=;flows=00498f3c;fallthrough=00498f2a
instruction_reference	0049889a	FUN_0049889a	00498f28	00498f3c	CONDITIONAL_JUMP	LAB_00498f3c	operand_index=0;primary=true;source=DEFAULT
instruction	0049889a	FUN_0049889a	00498f2a	00498f2d	FALL_THROUGH	FUN_0049889a	bytes=8B55A4;mnemonic=MOV;instruction=MOV EDX,dword ptr [EBP + -0x5c];inputs=EBP,0xffffffa4;results=EDX;flows=;fallthrough=00498f2d
instruction_reference	0049889a	FUN_0049889a	00498f2a	Stack[-0x60]	READ		operand_index=1;primary=true;source=ANALYSIS
instruction	0049889a	FUN_0049889a	00498f2d	00498f33	FALL_THROUGH	FUN_0049889a	bytes=039598FEFFFF;mnemonic=ADD;instruction=ADD EDX,dword ptr [EBP + 0xfffffe98];inputs=0x0,0x1,EBP,0xfffffe98,EDX,0xff;results=CF,PF,ZF,SF,EDX,OF;flows=;fallthrough=00498f33
instruction_reference	0049889a	FUN_0049889a	00498f2d	Stack[-0x16c]	READ		operand_index=1;primary=true;source=ANALYSIS
instruction	0049889a	FUN_0049889a	00498f33	00498f37	FALL_THROUGH	FUN_0049889a	bytes=0FBE420C;mnemonic=MOVSX;instruction=MOVSX EAX,byte ptr [EDX + 0xc];inputs=EDX,0xc;results=EAX;flows=;fallthrough=00498f37
instruction	0049889a	FUN_0049889a	00498f37	00498f3a	FALL_THROUGH	FUN_0049889a	bytes=83F839;mnemonic=CMP;instruction=CMP EAX,0x39;inputs=EAX,0x0,0x1,0x39,0xff;results=CF,PF,ZF,SF,OF;flows=;fallthrough=00498f3a
instruction	0049889a	FUN_0049889a	00498f3a	00498f3c	CONDITIONAL_JUMP	FUN_0049889a	bytes=7E0D;mnemonic=JLE;instruction=JLE 0x00498f49;inputs=ZF,SF,OF;results=;flows=00498f49;fallthrough=00498f3c
instruction_reference	0049889a	FUN_0049889a	00498f3a	00498f49	CONDITIONAL_JUMP	LAB_00498f49	operand_index=0;primary=true;source=DEFAULT
instruction	0049889a	FUN_0049889a	00498f3c	00498f3f	FALL_THROUGH	FUN_0049889a	bytes=8B4DA4;mnemonic=MOV;instruction=MOV ECX,dword ptr [EBP + -0x5c];inputs=EBP,0xffffffa4;results=ECX;flows=;fallthrough=00498f3f
instruction_reference	0049889a	FUN_0049889a	00498f3c	Stack[-0x60]	READ		operand_index=1;primary=true;source=ANALYSIS
instruction	0049889a	FUN_0049889a	00498f3f	00498f45	FALL_THROUGH	FUN_0049889a	bytes=038D98FEFFFF;mnemonic=ADD;instruction=ADD ECX,dword ptr [EBP + 0xfffffe98];inputs=0x0,0x1,EBP,ECX,0xfffffe98,0xff;results=CF,PF,ECX,ZF,SF,OF;flows=;fallthrough=00498f45
instruction_reference	0049889a	FUN_0049889a	00498f3f	Stack[-0x16c]	READ		operand_index=1;primary=true;source=ANALYSIS
instruction	0049889a	FUN_0049889a	00498f45	00498f49	FALL_THROUGH	FUN_0049889a	bytes=C6410C30;mnemonic=MOV;instruction=MOV byte ptr [ECX + 0xc],0x30;inputs=0x30,ECX,0xc;results=;flows=;fallthrough=00498f49
instruction	0049889a	FUN_0049889a	00498f49		UNCONDITIONAL_JUMP	FUN_0049889a	bytes=EBB5;mnemonic=JMP;instruction=JMP 0x00498f00;inputs=;results=;flows=00498f00;fallthrough=
instruction_reference	0049889a	FUN_0049889a	00498f49	00498f00	UNCONDITIONAL_JUMP	LAB_00498f00	operand_index=0;primary=true;source=DEFAULT
instruction	0049889a	FUN_0049889a	00498f4b	00498f4e	FALL_THROUGH	FUN_0049889a	bytes=8B55A4;mnemonic=MOV;instruction=MOV EDX,dword ptr [EBP + -0x5c];inputs=EBP,0xffffffa4;results=EDX;flows=;fallthrough=00498f4e
instruction_reference	0049889a	FUN_0049889a	00498f4b	Stack[-0x60]	READ		operand_index=1;primary=true;source=ANALYSIS
instruction	0049889a	FUN_0049889a	00498f4e	00498f52	FALL_THROUGH	FUN_0049889a	bytes=0FBE420E;mnemonic=MOVSX;instruction=MOVSX EAX,byte ptr [EDX + 0xe];inputs=EDX,0xe;results=EAX;flows=;fallthrough=00498f52
instruction	0049889a	FUN_0049889a	00498f52	00498f55	FALL_THROUGH	FUN_0049889a	bytes=83E830;mnemonic=SUB;instruction=SUB EAX,0x30;inputs=EAX,0x30,0x0,0x1,0xff;results=CF,EAX,PF,ZF,SF,OF;flows=;fallthrough=00498f55
instruction	0049889a	FUN_0049889a	00498f55	00498f5a	FALL_THROUGH	FUN_0049889a	bytes=25FFFF0000;mnemonic=AND;instruction=AND EAX,0xffff;inputs=0x0,EAX,0x1,0xffff,0xff;results=CF,EAX,PF,ZF,SF,OF;flows=;fallthrough=00498f5a
instruction	0049889a	FUN_0049889a	00498f5a	00498f5d	FALL_THROUGH	FUN_0049889a	bytes=6BC00A;mnemonic=IMUL;instruction=IMUL EAX,EAX,0xa;inputs=EAX,0x0,0x4,0xa;results=EAX,CF,OF;flows=;fallthrough=00498f5d
instruction	0049889a	FUN_0049889a	00498f5d	00498f60	FALL_THROUGH	FUN_0049889a	bytes=8B4DA4;mnemonic=MOV;instruction=MOV ECX,dword ptr [EBP + -0x5c];inputs=EBP,0xffffffa4;results=ECX;flows=;fallthrough=00498f60
instruction_reference	0049889a	FUN_0049889a	00498f5d	Stack[-0x60]	READ		operand_index=1;primary=true;source=ANALYSIS
instruction	0049889a	FUN_0049889a	00498f60	00498f64	FALL_THROUGH	FUN_0049889a	bytes=0FBE510F;mnemonic=MOVSX;instruction=MOVSX EDX,byte ptr [ECX + 0xf];inputs=ECX,0xf;results=EDX;flows=;fallthrough=00498f64
instruction	0049889a	FUN_0049889a	00498f64	00498f67	FALL_THROUGH	FUN_0049889a	bytes=83EA30;mnemonic=SUB;instruction=SUB EDX,0x30;inputs=0x30,0x0,0x1,EDX,0xff;results=CF,PF,ZF,SF,EDX,OF;flows=;fallthrough=00498f67
instruction	0049889a	FUN_0049889a	00498f67	00498f6d	FALL_THROUGH	FUN_0049889a	bytes=81E2FFFF0000;mnemonic=AND;instruction=AND EDX,0xffff;inputs=0x0,0x1,EDX,0xffff,0xff;results=CF,PF,ZF,SF,EDX,OF;flows=;fallthrough=00498f6d
instruction	0049889a	FUN_0049889a	00498f6d	00498f6f	FALL_THROUGH	FUN_0049889a	bytes=03C2;mnemonic=ADD;instruction=ADD EAX,EDX;inputs=EAX,0x0,0x1,EDX,0xff;results=CF,EAX,PF,ZF,SF,OF;flows=;fallthrough=00498f6f
instruction	0049889a	FUN_0049889a	00498f6f	00498f75	FALL_THROUGH	FUN_0049889a	bytes=8B8D94FEFFFF;mnemonic=MOV;instruction=MOV ECX,dword ptr [EBP + 0xfffffe94];inputs=EBP,0xfffffe94;results=ECX;flows=;fallthrough=00498f75
instruction_reference	0049889a	FUN_0049889a	00498f6f	Stack[-0x170]	READ		operand_index=1;primary=true;source=ANALYSIS
instruction	0049889a	FUN_0049889a	00498f75	00498f7b	FALL_THROUGH	FUN_0049889a	bytes=8981A4760200;mnemonic=MOV;instruction=MOV dword ptr [ECX + 0x276a4],EAX;inputs=EAX,ECX,0x276a4;results=;flows=;fallthrough=00498f7b
instruction	0049889a	FUN_0049889a	00498f7b	00498f7e	FALL_THROUGH	FUN_0049889a	bytes=8B55A4;mnemonic=MOV;instruction=MOV EDX,dword ptr [EBP + -0x5c];inputs=EBP,0xffffffa4;results=EDX;flows=;fallthrough=00498f7e
instruction_reference	0049889a	FUN_0049889a	00498f7b	Stack[-0x60]	READ		operand_index=1;primary=true;source=ANALYSIS
instruction	0049889a	FUN_0049889a	00498f7e	00498f82	FALL_THROUGH	FUN_0049889a	bytes=0FBE4210;mnemonic=MOVSX;instruction=MOVSX EAX,byte ptr [EDX + 0x10];inputs=0x10,EDX;results=EAX;flows=;fallthrough=00498f82
instruction	0049889a	FUN_0049889a	00498f82	00498f85	FALL_THROUGH	FUN_0049889a	bytes=83E830;mnemonic=SUB;instruction=SUB EAX,0x30;inputs=EAX,0x30,0x0,0x1,0xff;results=CF,EAX,PF,ZF,SF,OF;flows=;fallthrough=00498f85
instruction	0049889a	FUN_0049889a	00498f85	00498f8a	FALL_THROUGH	FUN_0049889a	bytes=25FFFF0000;mnemonic=AND;instruction=AND EAX,0xffff;inputs=0x0,EAX,0x1,0xffff,0xff;results=CF,EAX,PF,ZF,SF,OF;flows=;fallthrough=00498f8a
instruction	0049889a	FUN_0049889a	00498f8a	00498f8d	FALL_THROUGH	FUN_0049889a	bytes=6BC064;mnemonic=IMUL;instruction=IMUL EAX,EAX,0x64;inputs=EAX,0x0,0x64,0x4;results=EAX,CF,OF;flows=;fallthrough=00498f8d
instruction	0049889a	FUN_0049889a	00498f8d	00498f90	FALL_THROUGH	FUN_0049889a	bytes=8B4DA4;mnemonic=MOV;instruction=MOV ECX,dword ptr [EBP + -0x5c];inputs=EBP,0xffffffa4;results=ECX;flows=;fallthrough=00498f90
instruction_reference	0049889a	FUN_0049889a	00498f8d	Stack[-0x60]	READ		operand_index=1;primary=true;source=ANALYSIS
instruction	0049889a	FUN_0049889a	00498f90	00498f94	FALL_THROUGH	FUN_0049889a	bytes=0FBE5111;mnemonic=MOVSX;instruction=MOVSX EDX,byte ptr [ECX + 0x11];inputs=0x11,ECX;results=EDX;flows=;fallthrough=00498f94
instruction	0049889a	FUN_0049889a	00498f94	00498f97	FALL_THROUGH	FUN_0049889a	bytes=83EA30;mnemonic=SUB;instruction=SUB EDX,0x30;inputs=0x30,0x0,0x1,EDX,0xff;results=CF,PF,ZF,SF,EDX,OF;flows=;fallthrough=00498f97
instruction	0049889a	FUN_0049889a	00498f97	00498f9d	FALL_THROUGH	FUN_0049889a	bytes=81E2FFFF0000;mnemonic=AND;instruction=AND EDX,0xffff;inputs=0x0,0x1,EDX,0xffff,0xff;results=CF,PF,ZF,SF,EDX,OF;flows=;fallthrough=00498f9d
instruction	0049889a	FUN_0049889a	00498f9d	00498fa0	FALL_THROUGH	FUN_0049889a	bytes=6BD20A;mnemonic=IMUL;instruction=IMUL EDX,EDX,0xa;inputs=0x0,0x4,EDX,0xa;results=CF,EDX,OF;flows=;fallthrough=00498fa0
instruction	0049889a	FUN_0049889a	00498fa0	00498fa2	FALL_THROUGH	FUN_0049889a	bytes=03C2;mnemonic=ADD;instruction=ADD EAX,EDX;inputs=EAX,0x0,0x1,EDX,0xff;results=CF,EAX,PF,ZF,SF,OF;flows=;fallthrough=00498fa2
instruction	0049889a	FUN_0049889a	00498fa2	00498fa5	FALL_THROUGH	FUN_0049889a	bytes=8B4DA4;mnemonic=MOV;instruction=MOV ECX,dword ptr [EBP + -0x5c];inputs=EBP,0xffffffa4;results=ECX;flows=;fallthrough=00498fa5
instruction_reference	0049889a	FUN_0049889a	00498fa2	Stack[-0x60]	READ		operand_index=1;primary=true;source=ANALYSIS
instruction	0049889a	FUN_0049889a	00498fa5	00498fa9	FALL_THROUGH	FUN_0049889a	bytes=0FBE5112;mnemonic=MOVSX;instruction=MOVSX EDX,byte ptr [ECX + 0x12];inputs=0x12,ECX;results=EDX;flows=;fallthrough=00498fa9
instruction	0049889a	FUN_0049889a	00498fa9	00498fac	FALL_THROUGH	FUN_0049889a	bytes=83EA30;mnemonic=SUB;instruction=SUB EDX,0x30;inputs=0x30,0x0,0x1,EDX,0xff;results=CF,PF,ZF,SF,EDX,OF;flows=;fallthrough=00498fac
instruction	0049889a	FUN_0049889a	00498fac	00498fb2	FALL_THROUGH	FUN_0049889a	bytes=81E2FFFF0000;mnemonic=AND;instruction=AND EDX,0xffff;inputs=0x0,0x1,EDX,0xffff,0xff;results=CF,PF,ZF,SF,EDX,OF;flows=;fallthrough=00498fb2
instruction	0049889a	FUN_0049889a	00498fb2	00498fb4	FALL_THROUGH	FUN_0049889a	bytes=03C2;mnemonic=ADD;instruction=ADD EAX,EDX;inputs=EAX,0x0,0x1,EDX,0xff;results=CF,EAX,PF,ZF,SF,OF;flows=;fallthrough=00498fb4
instruction	0049889a	FUN_0049889a	00498fb4	00498fba	FALL_THROUGH	FUN_0049889a	bytes=8B8D94FEFFFF;mnemonic=MOV;instruction=MOV ECX,dword ptr [EBP + 0xfffffe94];inputs=EBP,0xfffffe94;results=ECX;flows=;fallthrough=00498fba
instruction_reference	0049889a	FUN_0049889a	00498fb4	Stack[-0x170]	READ		operand_index=1;primary=true;source=ANALYSIS
instruction	0049889a	FUN_0049889a	00498fba	00498fc0	FALL_THROUGH	FUN_0049889a	bytes=8981A8760200;mnemonic=MOV;instruction=MOV dword ptr [ECX + 0x276a8],EAX;inputs=EAX,ECX,0x276a8;results=;flows=;fallthrough=00498fc0
instruction	0049889a	FUN_0049889a	00498fc0	00498fc5	FALL_THROUGH	FUN_0049889a	bytes=B801000000;mnemonic=MOV;instruction=MOV EAX,0x1;inputs=0x1;results=EAX;flows=;fallthrough=00498fc5
instruction	0049889a	FUN_0049889a	00498fc5		UNCONDITIONAL_JUMP	FUN_0049889a	bytes=E9BE0E0000;mnemonic=JMP;instruction=JMP 0x00499e88;inputs=;results=;flows=00499e88;fallthrough=
instruction_reference	0049889a	FUN_0049889a	00498fc5	00499e88	UNCONDITIONAL_JUMP	LAB_00499e88	operand_index=0;primary=true;source=DEFAULT
instruction	0049889a	FUN_0049889a	00498fca	00498fcd	FALL_THROUGH	FUN_0049889a	bytes=8B55A4;mnemonic=MOV;instruction=MOV EDX,dword ptr [EBP + -0x5c];inputs=EBP,0xffffffa4;results=EDX;flows=;fallthrough=00498fcd
instruction_reference	0049889a	FUN_0049889a	00498fca	Stack[-0x60]	READ		operand_index=1;primary=true;source=ANALYSIS
instruction	0049889a	FUN_0049889a	00498fcd	00498fd1	FALL_THROUGH	FUN_0049889a	bytes=0FBE420D;mnemonic=MOVSX;instruction=MOVSX EAX,byte ptr [EDX + 0xd];inputs=EDX,0xd;results=EAX;flows=;fallthrough=00498fd1
instruction	0049889a	FUN_0049889a	00498fd1	00498fd4	FALL_THROUGH	FUN_0049889a	bytes=83F821;mnemonic=CMP;instruction=CMP EAX,0x21;inputs=EAX,0x0,0x21,0x1,0xff;results=CF,PF,ZF,SF,OF;flows=;fallthrough=00498fd4
instruction	0049889a	FUN_0049889a	00498fd4	00498fda	CONDITIONAL_JUMP	FUN_0049889a	bytes=0F85A2020000;mnemonic=JNZ;instruction=JNZ 0x0049927c;inputs=ZF;results=;flows=0049927c;fallthrough=00498fda
instruction_reference	0049889a	FUN_0049889a	00498fd4	0049927c	CONDITIONAL_JUMP	LAB_0049927c	operand_index=0;primary=true;source=DEFAULT
instruction	0049889a	FUN_0049889a	00498fda	00498fdd	FALL_THROUGH	FUN_0049889a	bytes=8B4DA4;mnemonic=MOV;instruction=MOV ECX,dword ptr [EBP + -0x5c];inputs=EBP,0xffffffa4;results=ECX;flows=;fallthrough=00498fdd
instruction_reference	0049889a	FUN_0049889a	00498fda	Stack[-0x60]	READ		operand_index=1;primary=true;source=ANALYSIS
instruction	0049889a	FUN_0049889a	00498fdd	00498fe1	FALL_THROUGH	FUN_0049889a	bytes=0FBE510E;mnemonic=MOVSX;instruction=MOVSX EDX,byte ptr [ECX + 0xe];inputs=ECX,0xe;results=EDX;flows=;fallthrough=00498fe1
instruction	0049889a	FUN_0049889a	00498fe1	00498fe4	FALL_THROUGH	FUN_0049889a	bytes=83FA21;mnemonic=CMP;instruction=CMP EDX,0x21;inputs=0x0,0x21,0x1,EDX,0xff;results=CF,PF,ZF,SF,OF;flows=;fallthrough=00498fe4
instruction	0049889a	FUN_0049889a	00498fe4	00498fea	CONDITIONAL_JUMP	FUN_0049889a	bytes=0F8592020000;mnemonic=JNZ;instruction=JNZ 0x0049927c;inputs=ZF;results=;flows=0049927c;fallthrough=00498fea
instruction_reference	0049889a	FUN_0049889a	00498fe4	0049927c	CONDITIONAL_JUMP	LAB_0049927c	operand_index=0;primary=true;source=DEFAULT
instruction	0049889a	FUN_0049889a	00498fea	00498fed	FALL_THROUGH	FUN_0049889a	bytes=8B45A4;mnemonic=MOV;instruction=MOV EAX,dword ptr [EBP + -0x5c];inputs=EBP,0xffffffa4;results=EAX;flows=;fallthrough=00498fed
instruction_reference	0049889a	FUN_0049889a	00498fea	Stack[-0x60]	READ		operand_index=1;primary=true;source=ANALYSIS
instruction	0049889a	FUN_0049889a	00498fed	00498ff1	FALL_THROUGH	FUN_0049889a	bytes=0FBE480F;mnemonic=MOVSX;instruction=MOVSX ECX,byte ptr [EAX + 0xf];inputs=EAX,0xf;results=ECX;flows=;fallthrough=00498ff1
instruction	0049889a	FUN_0049889a	00498ff1	00498ff4	FALL_THROUGH	FUN_0049889a	bytes=83F921;mnemonic=CMP;instruction=CMP ECX,0x21;inputs=0x0,0x21,0x1,ECX,0xff;results=CF,PF,ZF,SF,OF;flows=;fallthrough=00498ff4
instruction	0049889a	FUN_0049889a	00498ff4	00498ffa	CONDITIONAL_JUMP	FUN_0049889a	bytes=0F8582020000;mnemonic=JNZ;instruction=JNZ 0x0049927c;inputs=ZF;results=;flows=0049927c;fallthrough=00498ffa
instruction_reference	0049889a	FUN_0049889a	00498ff4	0049927c	CONDITIONAL_JUMP	LAB_0049927c	operand_index=0;primary=true;source=DEFAULT
instruction	0049889a	FUN_0049889a	00498ffa	00499000	FALL_THROUGH	FUN_0049889a	bytes=8B9584FCFFFF;mnemonic=MOV;instruction=MOV EDX,dword ptr [EBP + 0xfffffc84];inputs=EBP,0xfffffc84;results=EDX;flows=;fallthrough=00499000
instruction_reference	0049889a	FUN_0049889a	00498ffa	Stack[-0x380]	READ		operand_index=1;primary=true;source=ANALYSIS
instruction	0049889a	FUN_0049889a	00499000	00499003	FALL_THROUGH	FUN_0049889a	bytes=8B424C;mnemonic=MOV;instruction=MOV EAX,dword ptr [EDX + 0x4c];inputs=EDX,0x4c;results=EAX;flows=;fallthrough=00499003
instruction	0049889a	FUN_0049889a	00499003	00499009	FALL_THROUGH	FUN_0049889a	bytes=898590FEFFFF;mnemonic=MOV;instruction=MOV dword ptr [EBP + 0xfffffe90],EAX;inputs=EAX,EBP,0xfffffe90;results=;flows=;fallthrough=00499009
instruction_reference	0049889a	FUN_0049889a	00499003	Stack[-0x174]	WRITE		operand_index=0;primary=true;source=ANALYSIS
instruction	0049889a	FUN_0049889a	00499009	0049900f	FALL_THROUGH	FUN_0049889a	bytes=8B8D90FEFFFF;mnemonic=MOV;instruction=MOV ECX,dword ptr [EBP + 0xfffffe90];inputs=EBP,0xfffffe90;results=ECX;flows=;fallthrough=0049900f
instruction_reference	0049889a	FUN_0049889a	00499009	Stack[-0x174]	READ		operand_index=1;primary=true;source=ANALYSIS
instruction	0049889a	FUN_0049889a	0049900f	00499012	FALL_THROUGH	FUN_0049889a	bytes=D94128;mnemonic=FLD;instruction=FLD float ptr [ECX + 0x28];inputs=ST7,ST6,ST5,ST4,ST3,ST2,ST1,ST0,ECX,0x49900f,0x28;results=ST7,ST6,ST5,ST4,ST3,ST2,ST1,ST0,FPUInstructionPointer;flows=;fallthrough=00499012
instruction	0049889a	FUN_0049889a	00499012	00499017	UNCONDITIONAL_CALL	FUN_0049889a	bytes=E8D9610F00;mnemonic=CALL;instruction=CALL 0x0058f1f0;inputs=ESP,0x4,0x499017;results=ESP;flows=0058f1f0;fallthrough=00499017
instruction_reference	0049889a	FUN_0049889a	00499012	0058f1f0	UNCONDITIONAL_CALL	__ftol	operand_index=0;primary=true;source=DEFAULT
instruction	0049889a	FUN_0049889a	00499017	0049901a	FALL_THROUGH	FUN_0049889a	bytes=C1F807;mnemonic=SAR;instruction=SAR EAX,0x7;inputs=EAX,0x0,CF,0x1,PF,ZF,0x7,SF,OF,0x1f,0xff;results=EAX,CF,PF,ZF,SF,OF;flows=;fallthrough=0049901a
instruction	0049889a	FUN_0049889a	0049901a	0049901d	FALL_THROUGH	FUN_0049889a	bytes=83F81F;mnemonic=CMP;instruction=CMP EAX,0x1f;inputs=EAX,0x0,0x1,0x1f,0xff;results=CF,PF,ZF,SF,OF;flows=;fallthrough=0049901d
instruction	0049889a	FUN_0049889a	0049901d	0049901f	CONDITIONAL_JUMP	FUN_0049889a	bytes=7522;mnemonic=JNZ;instruction=JNZ 0x00499041;inputs=ZF;results=;flows=00499041;fallthrough=0049901f
instruction_reference	0049889a	FUN_0049889a	0049901d	00499041	CONDITIONAL_JUMP	LAB_00499041	operand_index=0;primary=true;source=DEFAULT
instruction	0049889a	FUN_0049889a	0049901f	00499025	FALL_THROUGH	FUN_0049889a	bytes=8B9590FEFFFF;mnemonic=MOV;instruction=MOV EDX,dword ptr [EBP + 0xfffffe90];inputs=EBP,0xfffffe90;results=EDX;flows=;fallthrough=00499025
instruction_reference	0049889a	FUN_0049889a	0049901f	Stack[-0x174]	READ		operand_index=1;primary=true;source=ANALYSIS
instruction	0049889a	FUN_0049889a	00499025	00499028	FALL_THROUGH	FUN_0049889a	bytes=D9422C;mnemonic=FLD;instruction=FLD float ptr [EDX + 0x2c];inputs=ST7,ST6,ST5,ST4,ST3,ST2,ST1,ST0,EDX,0x2c,0x499025;results=ST7,ST6,ST5,ST4,ST3,ST2,ST1,ST0,FPUInstructionPointer;flows=;fallthrough=00499028
instruction	0049889a	FUN_0049889a	00499028	0049902d	UNCONDITIONAL_CALL	FUN_0049889a	bytes=E8C3610F00;mnemonic=CALL;instruction=CALL 0x0058f1f0;inputs=ESP,0x4,0x49902d;results=ESP;flows=0058f1f0;fallthrough=0049902d
instruction_reference	0049889a	FUN_0049889a	00499028	0058f1f0	UNCONDITIONAL_CALL	__ftol	operand_index=0;primary=true;source=DEFAULT
instruction	0049889a	FUN_0049889a	0049902d	00499030	FALL_THROUGH	FUN_0049889a	bytes=C1F807;mnemonic=SAR;instruction=SAR EAX,0x7;inputs=EAX,0x0,CF,0x1,PF,ZF,0x7,SF,OF,0x1f,0xff;results=EAX,CF,PF,ZF,SF,OF;flows=;fallthrough=00499030
instruction	0049889a	FUN_0049889a	00499030	00499033	FALL_THROUGH	FUN_0049889a	bytes=83F81F;mnemonic=CMP;instruction=CMP EAX,0x1f;inputs=EAX,0x0,0x1,0x1f,0xff;results=CF,PF,ZF,SF,OF;flows=;fallthrough=00499033
instruction	0049889a	FUN_0049889a	00499033	00499035	CONDITIONAL_JUMP	FUN_0049889a	bytes=750C;mnemonic=JNZ;instruction=JNZ 0x00499041;inputs=ZF;results=;flows=00499041;fallthrough=00499035
instruction_reference	0049889a	FUN_0049889a	00499033	00499041	CONDITIONAL_JUMP	LAB_00499041	operand_index=0;primary=true;source=DEFAULT
instruction	0049889a	FUN_0049889a	00499035	0049903f	FALL_THROUGH	FUN_0049889a	bytes=C7857CFCFFFF01000000;mnemonic=MOV;instruction=MOV dword ptr [EBP + 0xfffffc7c],0x1;inputs=0x1,0xfffffc7c,EBP;results=;flows=;fallthrough=0049903f
instruction_reference	0049889a	FUN_0049889a	00499035	Stack[-0x388]	WRITE		operand_index=0;primary=true;source=ANALYSIS
instruction	0049889a	FUN_0049889a	0049903f		UNCONDITIONAL_JUMP	FUN_0049889a	bytes=EB0A;mnemonic=JMP;instruction=JMP 0x0049904b;inputs=;results=;flows=0049904b;fallthrough=
instruction_reference	0049889a	FUN_0049889a	0049903f	0049904b	UNCONDITIONAL_JUMP	LAB_0049904b	operand_index=0;primary=true;source=DEFAULT
instruction	0049889a	FUN_0049889a	00499041	0049904b	FALL_THROUGH	FUN_0049889a	bytes=C7857CFCFFFF00000000;mnemonic=MOV;instruction=MOV dword ptr [EBP + 0xfffffc7c],0x0;inputs=0x0,0xfffffc7c,EBP;results=;flows=;fallthrough=0049904b
instruction_reference	0049889a	FUN_0049889a	00499041	Stack[-0x388]	WRITE		operand_index=0;primary=true;source=ANALYSIS
instruction	0049889a	FUN_0049889a	0049904b	0049904d	FALL_THROUGH	FUN_0049889a	bytes=33C0;mnemonic=XOR;instruction=XOR EAX,EAX;inputs=0x0,EAX,0x1,0xff;results=CF,EAX,PF,ZF,SF,OF;flows=;fallthrough=0049904d
instruction	0049889a	FUN_0049889a	0049904d	00499054	FALL_THROUGH	FUN_0049889a	bytes=83BD7CFCFFFF01;mnemonic=CMP;instruction=CMP dword ptr [EBP + 0xfffffc7c],0x1;inputs=0x0,0x1,0xfffffc7c,EBP,0xff;results=CF,PF,ZF,SF,OF;flows=;fallthrough=00499054
instruction_reference	0049889a	FUN_0049889a	0049904d	Stack[-0x388]	READ		operand_index=0;primary=true;source=ANALYSIS
instruction	0049889a	FUN_0049889a	00499054	00499057	FALL_THROUGH	FUN_0049889a	bytes=0F94C0;mnemonic=SETZ;instruction=SETZ AL;inputs=ZF;results=AL;flows=;fallthrough=00499057
instruction	0049889a	FUN_0049889a	00499057	00499059	FALL_THROUGH	FUN_0049889a	bytes=85C0;mnemonic=TEST;instruction=TEST EAX,EAX;inputs=0x0,EAX,0x1,0xff;results=CF,PF,ZF,SF,OF;flows=;fallthrough=00499059
instruction	0049889a	FUN_0049889a	00499059	0049905f	CONDITIONAL_JUMP	FUN_0049889a	bytes=0F8457010000;mnemonic=JZ;instruction=JZ 0x004991b6;inputs=ZF;results=;flows=004991b6;fallthrough=0049905f
instruction_reference	0049889a	FUN_0049889a	00499059	004991b6	CONDITIONAL_JUMP	LAB_004991b6	operand_index=0;primary=true;source=DEFAULT
instruction	0049889a	FUN_0049889a	0049905f	00499069	FALL_THROUGH	FUN_0049889a	bytes=C7858CFEFFFF00000000;mnemonic=MOV;instruction=MOV dword ptr [EBP + 0xfffffe8c],0x0;inputs=0x0,0xfffffe8c,EBP;results=;flows=;fallthrough=00499069
instruction_reference	0049889a	FUN_0049889a	0049905f	Stack[-0x178]	WRITE		operand_index=0;primary=true;source=ANALYSIS
instruction	0049889a	FUN_0049889a	00499069		UNCONDITIONAL_JUMP	FUN_0049889a	bytes=EB0F;mnemonic=JMP;instruction=JMP 0x0049907a;inputs=;results=;flows=0049907a;fallthrough=
instruction_reference	0049889a	FUN_0049889a	00499069	0049907a	UNCONDITIONAL_JUMP	LAB_0049907a	operand_index=0;primary=true;source=DEFAULT
instruction	0049889a	FUN_0049889a	0049906b	00499071	FALL_THROUGH	FUN_0049889a	bytes=8B8D8CFEFFFF;mnemonic=MOV;instruction=MOV ECX,dword ptr [EBP + 0xfffffe8c];inputs=0xfffffe8c,EBP;results=ECX;flows=;fallthrough=00499071
instruction_reference	0049889a	FUN_0049889a	0049906b	Stack[-0x178]	READ		operand_index=1;primary=true;source=ANALYSIS
instruction	0049889a	FUN_0049889a	00499071	00499074	FALL_THROUGH	FUN_0049889a	bytes=83C101;mnemonic=ADD;instruction=ADD ECX,0x1;inputs=0x0,0x1,ECX,0xff;results=CF,PF,ECX,ZF,SF,OF;flows=;fallthrough=00499074
instruction	0049889a	FUN_0049889a	00499074	0049907a	FALL_THROUGH	FUN_0049889a	bytes=898D8CFEFFFF;mnemonic=MOV;instruction=MOV dword ptr [EBP + 0xfffffe8c],ECX;inputs=0xfffffe8c,EBP,ECX;results=;flows=;fallthrough=0049907a
instruction_reference	0049889a	FUN_0049889a	00499074	Stack[-0x178]	WRITE		operand_index=0;primary=true;source=ANALYSIS
instruction	0049889a	FUN_0049889a	0049907a	00499081	FALL_THROUGH	FUN_0049889a	bytes=83BD8CFEFFFF05;mnemonic=CMP;instruction=CMP dword ptr [EBP + 0xfffffe8c],0x5;inputs=0x0,0x1,0xfffffe8c,EBP,0x5,0xff;results=CF,PF,ZF,SF,OF;flows=;fallthrough=00499081
instruction_reference	0049889a	FUN_0049889a	0049907a	Stack[-0x178]	READ		operand_index=0;primary=true;source=ANALYSIS
instruction	0049889a	FUN_0049889a	00499081	00499087	CONDITIONAL_JUMP	FUN_0049889a	bytes=0F8D2F010000;mnemonic=JGE;instruction=JGE 0x004991b6;inputs=SF,OF;results=;flows=004991b6;fallthrough=00499087
instruction_reference	0049889a	FUN_0049889a	00499081	004991b6	CONDITIONAL_JUMP	LAB_004991b6	operand_index=0;primary=true;source=DEFAULT
instruction	0049889a	FUN_0049889a	00499087	00499091	FALL_THROUGH	FUN_0049889a	bytes=C78588FEFFFF00000000;mnemonic=MOV;instruction=MOV dword ptr [EBP + 0xfffffe88],0x0;inputs=0x0,EBP,0xfffffe88;results=;flows=;fallthrough=00499091
instruction_reference	0049889a	FUN_0049889a	00499087	Stack[-0x17c]	WRITE		operand_index=0;primary=true;source=ANALYSIS
instruction	0049889a	FUN_0049889a	00499091		UNCONDITIONAL_JUMP	FUN_0049889a	bytes=EB0F;mnemonic=JMP;instruction=JMP 0x004990a2;inputs=;results=;flows=004990a2;fallthrough=
instruction_reference	0049889a	FUN_0049889a	00499091	004990a2	UNCONDITIONAL_JUMP	LAB_004990a2	operand_index=0;primary=true;source=DEFAULT
instruction	0049889a	FUN_0049889a	00499093	00499099	FALL_THROUGH	FUN_0049889a	bytes=8B9588FEFFFF;mnemonic=MOV;instruction=MOV EDX,dword ptr [EBP + 0xfffffe88];inputs=EBP,0xfffffe88;results=EDX;flows=;fallthrough=00499099
instruction_reference	0049889a	FUN_0049889a	00499093	Stack[-0x17c]	READ		operand_index=1;primary=true;source=ANALYSIS
instruction	0049889a	FUN_0049889a	00499099	0049909c	FALL_THROUGH	FUN_0049889a	bytes=83C201;mnemonic=ADD;instruction=ADD EDX,0x1;inputs=0x0,0x1,EDX,0xff;results=CF,PF,ZF,SF,EDX,OF;flows=;fallthrough=0049909c
instruction	0049889a	FUN_0049889a	0049909c	004990a2	FALL_THROUGH	FUN_0049889a	bytes=899588FEFFFF;mnemonic=MOV;instruction=MOV dword ptr [EBP + 0xfffffe88],EDX;inputs=EBP,0xfffffe88,EDX;results=;flows=;fallthrough=004990a2
instruction_reference	0049889a	FUN_0049889a	0049909c	Stack[-0x17c]	WRITE		operand_index=0;primary=true;source=ANALYSIS
instruction	0049889a	FUN_0049889a	004990a2	004990a9	FALL_THROUGH	FUN_0049889a	bytes=83BD88FEFFFF05;mnemonic=CMP;instruction=CMP dword ptr [EBP + 0xfffffe88],0x5;inputs=0x0,0x1,EBP,0x5,0xfffffe88,0xff;results=CF,PF,ZF,SF,OF;flows=;fallthrough=004990a9
instruction_reference	0049889a	FUN_0049889a	004990a2	Stack[-0x17c]	READ		operand_index=0;primary=true;source=ANALYSIS
instruction	0049889a	FUN_0049889a	004990a9	004990af	CONDITIONAL_JUMP	FUN_0049889a	bytes=0F8D02010000;mnemonic=JGE;instruction=JGE 0x004991b1;inputs=SF,OF;results=;flows=004991b1;fallthrough=004990af
instruction_reference	0049889a	FUN_0049889a	004990a9	004991b1	CONDITIONAL_JUMP	LAB_004991b1	operand_index=0;primary=true;source=DEFAULT
instruction	0049889a	FUN_0049889a	004990af	004990b4	FALL_THROUGH	FUN_0049889a	bytes=68AC1E0000;mnemonic=PUSH;instruction=PUSH 0x1eac;inputs=ESP,0x4,0x1eac;results=ESP;flows=;fallthrough=004990b4
instruction	0049889a	FUN_0049889a	004990b4	004990b9	UNCONDITIONAL_CALL	FUN_0049889a	bytes=E811600F00;mnemonic=CALL;instruction=CALL 0x0058f0ca;inputs=ESP,0x4990b9,0x4;results=ESP;flows=0058f0ca;fallthrough=004990b9
instruction_reference	0049889a	FUN_0049889a	004990b4	0058f0ca	UNCONDITIONAL_CALL	operator_new	operand_index=0;primary=true;source=DEFAULT
instruction	0049889a	FUN_0049889a	004990b9	004990bc	FALL_THROUGH	FUN_0049889a	bytes=83C404;mnemonic=ADD;instruction=ADD ESP,0x4;inputs=ESP,0x0,0x1,0x4,0xff;results=CF,ESP,PF,ZF,SF,OF;flows=;fallthrough=004990bc
instruction	0049889a	FUN_0049889a	004990bc	004990c2	FALL_THROUGH	FUN_0049889a	bytes=8985BCFCFFFF;mnemonic=MOV;instruction=MOV dword ptr [EBP + 0xfffffcbc],EAX;inputs=EAX,0xfffffcbc,EBP;results=;flows=;fallthrough=004990c2
instruction_reference	0049889a	FUN_0049889a	004990bc	Stack[-0x348]	WRITE		operand_index=0;primary=true;source=ANALYSIS
instruction	0049889a	FUN_0049889a	004990c2	004990c9	FALL_THROUGH	FUN_0049889a	bytes=C745FC00000000;mnemonic=MOV;instruction=MOV dword ptr [EBP + -0x4],0x0;inputs=0x0,0xfffffffc,EBP;results=;flows=;fallthrough=004990c9
instruction_reference	0049889a	FUN_0049889a	004990c2	Stack[-0x8]	WRITE		operand_index=0;primary=true;source=ANALYSIS
instruction	0049889a	FUN_0049889a	004990c9	004990d0	FALL_THROUGH	FUN_0049889a	bytes=83BDBCFCFFFF00;mnemonic=CMP;instruction=CMP dword ptr [EBP + 0xfffffcbc],0x0;inputs=0x0,0x1,0xfffffcbc,EBP,0xff;results=CF,PF,ZF,SF,OF;flows=;fallthrough=004990d0
instruction_reference	0049889a	FUN_0049889a	004990c9	Stack[-0x348]	READ		operand_index=0;primary=true;source=ANALYSIS
instruction	0049889a	FUN_0049889a	004990d0	004990d6	CONDITIONAL_JUMP	FUN_0049889a	bytes=0F848F000000;mnemonic=JZ;instruction=JZ 0x00499165;inputs=ZF;results=;flows=00499165;fallthrough=004990d6
instruction_reference	0049889a	FUN_0049889a	004990d0	00499165	CONDITIONAL_JUMP	LAB_00499165	operand_index=0;primary=true;source=DEFAULT
instruction	0049889a	FUN_0049889a	004990d6	004990dc	FALL_THROUGH	FUN_0049889a	bytes=8B858CFEFFFF;mnemonic=MOV;instruction=MOV EAX,dword ptr [EBP + 0xfffffe8c];inputs=0xfffffe8c,EBP;results=EAX;flows=;fallthrough=004990dc
instruction_reference	0049889a	FUN_0049889a	004990d6	Stack[-0x178]	READ		operand_index=1;primary=true;source=ANALYSIS
instruction	0049889a	FUN_0049889a	004990dc	004990dd	FALL_THROUGH	FUN_0049889a	bytes=50;mnemonic=PUSH;instruction=PUSH EAX;inputs=EAX,ESP,0x4;results=ESP;flows=;fallthrough=004990dd
instruction	0049889a	FUN_0049889a	004990dd	004990e3	FALL_THROUGH	FUN_0049889a	bytes=8B8D90FEFFFF;mnemonic=MOV;instruction=MOV ECX,dword ptr [EBP + 0xfffffe90];inputs=EBP,0xfffffe90;results=ECX;flows=;fallthrough=004990e3
instruction_reference	0049889a	FUN_0049889a	004990dd	Stack[-0x174]	READ		operand_index=1;primary=true;source=ANALYSIS
instruction	0049889a	FUN_0049889a	004990e3	004990e6	FALL_THROUGH	FUN_0049889a	bytes=D9412C;mnemonic=FLD;instruction=FLD float ptr [ECX + 0x2c];inputs=ST7,ST6,ST5,ST4,ST3,ST2,ST1,ST0,ECX,0x4990e3,0x2c;results=ST7,ST6,ST5,ST4,ST3,ST2,ST1,ST0,FPUInstructionPointer;flows=;fallthrough=004990e6
instruction	0049889a	FUN_0049889a	004990e6	004990ec	FALL_THROUGH	FUN_0049889a	bytes=D82570365A00;mnemonic=FSUB;instruction=FSUB float ptr [0x005a3670];inputs=ST0,005a3670,0x4990e6;results=ST0,FPUInstructionPointer;flows=;fallthrough=004990ec
instruction_reference	0049889a	FUN_0049889a	004990e6	005a3670	READ	DAT_005a3670	operand_index=0;primary=true;source=DEFAULT
instruction	0049889a	FUN_0049889a	004990ec	004990f2	FALL_THROUGH	FUN_0049889a	bytes=8B9588FEFFFF;mnemonic=MOV;instruction=MOV EDX,dword ptr [EBP + 0xfffffe88];inputs=EBP,0xfffffe88;results=EDX;flows=;fallthrough=004990f2
instruction_reference	0049889a	FUN_0049889a	004990ec	Stack[-0x17c]	READ		operand_index=1;primary=true;source=ANALYSIS
instruction	0049889a	FUN_0049889a	004990f2	004990f5	FALL_THROUGH	FUN_0049889a	bytes=6BD205;mnemonic=IMUL;instruction=IMUL EDX,EDX,0x5;inputs=0x0,0x4,0x5,EDX;results=CF,EDX,OF;flows=;fallthrough=004990f5
instruction	0049889a	FUN_0049889a	004990f5	004990fb	FALL_THROUGH	FUN_0049889a	bytes=899578FCFFFF;mnemonic=MOV;instruction=MOV dword ptr [EBP + 0xfffffc78],EDX;inputs=EBP,0xfffffc78,EDX;results=;flows=;fallthrough=004990fb
instruction_reference	0049889a	FUN_0049889a	004990f5	Stack[-0x38c]	WRITE		operand_index=0;primary=true;source=ANALYSIS
instruction	0049889a	FUN_0049889a	004990fb	00499101	FALL_THROUGH	FUN_0049889a	bytes=DA8578FCFFFF;mnemonic=FIADD;instruction=FIADD dword ptr [EBP + 0xfffffc78];inputs=ST0,0x4990fb,EBP,0xfffffc78;results=ST0,FPUInstructionPointer;flows=;fallthrough=00499101
instruction_reference	0049889a	FUN_0049889a	004990fb	Stack[-0x38c]	READ		operand_index=0;primary=true;source=ANALYSIS
instruction	0049889a	FUN_0049889a	00499101	00499102	FALL_THROUGH	FUN_0049889a	bytes=51;mnemonic=PUSH;instruction=PUSH ECX;inputs=ESP,ECX,0x4;results=ESP;flows=;fallthrough=00499102
instruction	0049889a	FUN_0049889a	00499102	00499105	FALL_THROUGH	FUN_0049889a	bytes=D91C24;mnemonic=FSTP;instruction=FSTP float ptr [ESP];inputs=ST0,ST2,ST4,ST6,0x499102,ESP,ST1,ST3,ST5,ST7;results=ST0,ST1,ST2,ST3,ST4,ST5,ST6,FPUInstructionPointer;flows=;fallthrough=00499105
instruction	0049889a	FUN_0049889a	00499105	0049910a	FALL_THROUGH	FUN_0049889a	bytes=680000E040;mnemonic=PUSH;instruction=PUSH 0x40e00000;inputs=0x40e00000,ESP,0x4;results=ESP;flows=;fallthrough=0049910a
instruction	0049889a	FUN_0049889a	0049910a	00499110	FALL_THROUGH	FUN_0049889a	bytes=8B8590FEFFFF;mnemonic=MOV;instruction=MOV EAX,dword ptr [EBP + 0xfffffe90];inputs=EBP,0xfffffe90;results=EAX;flows=;fallthrough=00499110
instruction_reference	0049889a	FUN_0049889a	0049910a	Stack[-0x174]	READ		operand_index=1;primary=true;source=ANALYSIS
instruction	0049889a	FUN_0049889a	00499110	00499113	FALL_THROUGH	FUN_0049889a	bytes=D94028;mnemonic=FLD;instruction=FLD float ptr [EAX + 0x28];inputs=EAX,ST6,ST4,ST2,ST0,0x28,ST7,ST5,ST3,ST1,0x499110;results=ST7,ST6,ST5,ST4,ST3,ST2,ST1,ST0,FPUInstructionPointer;flows=;fallthrough=00499113
instruction	0049889a	FUN_0049889a	00499113	00499119	FALL_THROUGH	FUN_0049889a	bytes=D82570365A00;mnemonic=FSUB;instruction=FSUB float ptr [0x005a3670];inputs=ST0,005a3670,0x499113;results=ST0,FPUInstructionPointer;flows=;fallthrough=00499119
instruction_reference	0049889a	FUN_0049889a	00499113	005a3670	READ	DAT_005a3670	operand_index=0;primary=true;source=DEFAULT
instruction	0049889a	FUN_0049889a	00499119	0049911f	FALL_THROUGH	FUN_0049889a	bytes=8B8D8CFEFFFF;mnemonic=MOV;instruction=MOV ECX,dword ptr [EBP + 0xfffffe8c];inputs=0xfffffe8c,EBP;results=ECX;flows=;fallthrough=0049911f
instruction_reference	0049889a	FUN_0049889a	00499119	Stack[-0x178]	READ		operand_index=1;primary=true;source=ANALYSIS
instruction	0049889a	FUN_0049889a	0049911f	00499122	FALL_THROUGH	FUN_0049889a	bytes=6BC905;mnemonic=IMUL;instruction=IMUL ECX,ECX,0x5;inputs=0x0,ECX,0x4,0x5;results=CF,ECX,OF;flows=;fallthrough=00499122
instruction	0049889a	FUN_0049889a	00499122	00499128	FALL_THROUGH	FUN_0049889a	bytes=898D74FCFFFF;mnemonic=MOV;instruction=MOV dword ptr [EBP + 0xfffffc74],ECX;inputs=EBP,ECX,0xfffffc74;results=;flows=;fallthrough=00499128
instruction_reference	0049889a	FUN_0049889a	00499122	Stack[-0x390]	WRITE		operand_index=0;primary=true;source=ANALYSIS
instruction	0049889a	FUN_0049889a	00499128	0049912e	FALL_THROUGH	FUN_0049889a	bytes=DA8574FCFFFF;mnemonic=FIADD;instruction=FIADD dword ptr [EBP + 0xfffffc74];inputs=ST0,0x499128,EBP,0xfffffc74;results=ST0,FPUInstructionPointer;flows=;fallthrough=0049912e
instruction_reference	0049889a	FUN_0049889a	00499128	Stack[-0x390]	READ		operand_index=0;primary=true;source=ANALYSIS
instruction	0049889a	FUN_0049889a	0049912e	0049912f	FALL_THROUGH	FUN_0049889a	bytes=51;mnemonic=PUSH;instruction=PUSH ECX;inputs=ESP,ECX,0x4;results=ESP;flows=;fallthrough=0049912f
instruction	0049889a	FUN_0049889a	0049912f	00499132	FALL_THROUGH	FUN_0049889a	bytes=D91C24;mnemonic=FSTP;instruction=FSTP float ptr [ESP];inputs=ST0,ST2,ST4,ST6,0x49912f,ESP,ST1,ST3,ST5,ST7;results=ST0,ST1,ST2,ST3,ST4,ST5,ST6,FPUInstructionPointer;flows=;fallthrough=00499132
instruction	0049889a	FUN_0049889a	00499132	00499138	FALL_THROUGH	FUN_0049889a	bytes=8D8DB0FCFFFF;mnemonic=LEA;instruction=LEA ECX,[EBP + 0xfffffcb0];inputs=EBP,0xfffffcb0;results=ECX;flows=;fallthrough=00499138
instruction_reference	0049889a	FUN_0049889a	00499132	Stack[-0x354]	DATA		operand_index=0;primary=true;source=ANALYSIS
instruction	0049889a	FUN_0049889a	00499138	0049913d	UNCONDITIONAL_CALL	FUN_0049889a	bytes=E8137EF9FF;mnemonic=CALL;instruction=CALL 0x00430f50;inputs=ESP,0x4,0x49913d;results=ESP;flows=00430f50;fallthrough=0049913d
instruction_reference	0049889a	FUN_0049889a	00499138	00430f50	UNCONDITIONAL_CALL	FUN_00430f50	operand_index=0;primary=true;source=DEFAULT
instruction	0049889a	FUN_0049889a	0049913d	00499140	FALL_THROUGH	FUN_0049889a	bytes=83EC0C;mnemonic=SUB;instruction=SUB ESP,0xc;inputs=ESP,0x0,0x1,0xc,0xff;results=CF,ESP,PF,ZF,SF,OF;flows=;fallthrough=00499140
instruction	0049889a	FUN_0049889a	00499140	00499142	FALL_THROUGH	FUN_0049889a	bytes=8BD4;mnemonic=MOV;instruction=MOV EDX,ESP;inputs=ESP;results=EDX;flows=;fallthrough=00499142
instruction	0049889a	FUN_0049889a	00499142	00499144	FALL_THROUGH	FUN_0049889a	bytes=8B08;mnemonic=MOV;instruction=MOV ECX,dword ptr [EAX];inputs=EAX;results=ECX;flows=;fallthrough=00499144
instruction	0049889a	FUN_0049889a	00499144	00499146	FALL_THROUGH	FUN_0049889a	bytes=890A;mnemonic=MOV;instruction=MOV dword ptr [EDX],ECX;inputs=ECX,EDX;results=;flows=;fallthrough=00499146
instruction	0049889a	FUN_0049889a	00499146	00499149	FALL_THROUGH	FUN_0049889a	bytes=8B4804;mnemonic=MOV;instruction=MOV ECX,dword ptr [EAX + 0x4];inputs=EAX,0x4;results=ECX;flows=;fallthrough=00499149
instruction	0049889a	FUN_0049889a	00499149	0049914c	FALL_THROUGH	FUN_0049889a	bytes=894A04;mnemonic=MOV;instruction=MOV dword ptr [EDX + 0x4],ECX;inputs=0x4,ECX,EDX;results=;flows=;fallthrough=0049914c
instruction	0049889a	FUN_0049889a	0049914c	0049914f	FALL_THROUGH	FUN_0049889a	bytes=8B4008;mnemonic=MOV;instruction=MOV EAX,dword ptr [EAX + 0x8];inputs=EAX,0x8;results=EAX;flows=;fallthrough=0049914f
instruction	0049889a	FUN_0049889a	0049914f	00499152	FALL_THROUGH	FUN_0049889a	bytes=894208;mnemonic=MOV;instruction=MOV dword ptr [EDX + 0x8],EAX;inputs=EAX,EDX,0x8;results=;flows=;fallthrough=00499152
instruction	0049889a	FUN_0049889a	00499152	00499158	FALL_THROUGH	FUN_0049889a	bytes=8B8DBCFCFFFF;mnemonic=MOV;instruction=MOV ECX,dword ptr [EBP + 0xfffffcbc];inputs=0xfffffcbc,EBP;results=ECX;flows=;fallthrough=00499158
instruction_reference	0049889a	FUN_0049889a	00499152	Stack[-0x348]	READ		operand_index=1;primary=true;source=ANALYSIS
instruction	0049889a	FUN_0049889a	00499158	0049915d	UNCONDITIONAL_CALL	FUN_0049889a	bytes=E853700300;mnemonic=CALL;instruction=CALL 0x004d01b0;inputs=ESP,0x4,0x49915d;results=ESP;flows=004d01b0;fallthrough=0049915d
instruction_reference	0049889a	FUN_0049889a	00499158	004d01b0	UNCONDITIONAL_CALL	FUN_004d01b0	operand_index=0;primary=true;source=DEFAULT
instruction	0049889a	FUN_0049889a	0049915d	00499163	FALL_THROUGH	FUN_0049889a	bytes=898570FCFFFF;mnemonic=MOV;instruction=MOV dword ptr [EBP + 0xfffffc70],EAX;inputs=EAX,EBP,0xfffffc70;results=;flows=;fallthrough=00499163
instruction_reference	0049889a	FUN_0049889a	0049915d	Stack[-0x394]	WRITE		operand_index=0;primary=true;source=ANALYSIS
instruction	0049889a	FUN_0049889a	00499163		UNCONDITIONAL_JUMP	FUN_0049889a	bytes=EB0A;mnemonic=JMP;instruction=JMP 0x0049916f;inputs=;results=;flows=0049916f;fallthrough=
instruction_reference	0049889a	FUN_0049889a	00499163	0049916f	UNCONDITIONAL_JUMP	LAB_0049916f	operand_index=0;primary=true;source=DEFAULT
instruction	0049889a	FUN_0049889a	00499165	0049916f	FALL_THROUGH	FUN_0049889a	bytes=C78570FCFFFF00000000;mnemonic=MOV;instruction=MOV dword ptr [EBP + 0xfffffc70],0x0;inputs=0x0,EBP,0xfffffc70;results=;flows=;fallthrough=0049916f
instruction_reference	0049889a	FUN_0049889a	00499165	Stack[-0x394]	WRITE		operand_index=0;primary=true;source=ANALYSIS
instruction	0049889a	FUN_0049889a	0049916f	00499175	FALL_THROUGH	FUN_0049889a	bytes=8B8D70FCFFFF;mnemonic=MOV;instruction=MOV ECX,dword ptr [EBP + 0xfffffc70];inputs=EBP,0xfffffc70;results=ECX;flows=;fallthrough=00499175
instruction_reference	0049889a	FUN_0049889a	0049916f	Stack[-0x394]	READ		operand_index=1;primary=true;source=ANALYSIS
instruction	0049889a	FUN_0049889a	00499175	0049917b	FALL_THROUGH	FUN_0049889a	bytes=898DC0FCFFFF;mnemonic=MOV;instruction=MOV dword ptr [EBP + 0xfffffcc0],ECX;inputs=EBP,ECX,0xfffffcc0;results=;flows=;fallthrough=0049917b
instruction_reference	0049889a	FUN_0049889a	00499175	Stack[-0x344]	WRITE		operand_index=0;primary=true;source=ANALYSIS
instruction	0049889a	FUN_0049889a	0049917b	00499182	FALL_THROUGH	FUN_0049889a	bytes=C745FCFFFFFFFF;mnemonic=MOV;instruction=MOV dword ptr [EBP + -0x4],0xffffffff;inputs=0xffffffff,0xfffffffc,EBP;results=;flows=;fallthrough=00499182
instruction_reference	0049889a	FUN_0049889a	0049917b	Stack[-0x8]	WRITE		operand_index=0;primary=true;source=ANALYSIS
instruction	0049889a	FUN_0049889a	00499182	00499188	FALL_THROUGH	FUN_0049889a	bytes=8B95C0FCFFFF;mnemonic=MOV;instruction=MOV EDX,dword ptr [EBP + 0xfffffcc0];inputs=EBP,0xfffffcc0;results=EDX;flows=;fallthrough=00499188
instruction_reference	0049889a	FUN_0049889a	00499182	Stack[-0x344]	READ		operand_index=1;primary=true;source=ANALYSIS
instruction	0049889a	FUN_0049889a	00499188	0049918e	FALL_THROUGH	FUN_0049889a	bytes=899584FEFFFF;mnemonic=MOV;instruction=MOV dword ptr [EBP + 0xfffffe84],EDX;inputs=EBP,EDX,0xfffffe84;results=;flows=;fallthrough=0049918e
instruction_reference	0049889a	FUN_0049889a	00499188	Stack[-0x180]	WRITE		operand_index=0;primary=true;source=ANALYSIS
instruction	0049889a	FUN_0049889a	0049918e	00499195	FALL_THROUGH	FUN_0049889a	bytes=83BD84FEFFFF00;mnemonic=CMP;instruction=CMP dword ptr [EBP + 0xfffffe84],0x0;inputs=0x0,0x1,EBP,0xfffffe84,0xff;results=CF,PF,ZF,SF,OF;flows=;fallthrough=00499195
instruction_reference	0049889a	FUN_0049889a	0049918e	Stack[-0x180]	READ		operand_index=0;primary=true;source=ANALYSIS
instruction	0049889a	FUN_0049889a	00499195	00499197	CONDITIONAL_JUMP	FUN_0049889a	bytes=7415;mnemonic=JZ;instruction=JZ 0x004991ac;inputs=ZF;results=;flows=004991ac;fallthrough=00499197
instruction_reference	0049889a	FUN_0049889a	00499195	004991ac	CONDITIONAL_JUMP	LAB_004991ac	operand_index=0;primary=true;source=DEFAULT
instruction	0049889a	FUN_0049889a	00499197	0049919d	FALL_THROUGH	FUN_0049889a	bytes=8B8584FEFFFF;mnemonic=MOV;instruction=MOV EAX,dword ptr [EBP + 0xfffffe84];inputs=EBP,0xfffffe84;results=EAX;flows=;fallthrough=0049919d
instruction_reference	0049889a	FUN_0049889a	00499197	Stack[-0x180]	READ		operand_index=1;primary=true;source=ANALYSIS
instruction	0049889a	FUN_0049889a	0049919d	0049919e	FALL_THROUGH	FUN_0049889a	bytes=50;mnemonic=PUSH;instruction=PUSH EAX;inputs=EAX,ESP,0x4;results=ESP;flows=;fallthrough=0049919e
instruction	0049889a	FUN_0049889a	0049919e	004991a4	FALL_THROUGH	FUN_0049889a	bytes=8B0D38CF6700;mnemonic=MOV;instruction=MOV ECX,dword ptr [0x0067cf38];inputs=0067cf38;results=ECX;flows=;fallthrough=004991a4
instruction_reference	0049889a	FUN_0049889a	0049919e	0067cf38	READ	DAT_0067cf38	operand_index=1;primary=true;source=DEFAULT
instruction	0049889a	FUN_0049889a	004991a4	004991a7	FALL_THROUGH	FUN_0049889a	bytes=8B492C;mnemonic=MOV;instruction=MOV ECX,dword ptr [ECX + 0x2c];inputs=ECX,0x2c;results=ECX;flows=;fallthrough=004991a7
instruction	0049889a	FUN_0049889a	004991a7	004991ac	UNCONDITIONAL_CALL	FUN_0049889a	bytes=E85D1A0B00;mnemonic=CALL;instruction=CALL 0x0054ac09;inputs=ESP,0x4,0x4991ac;results=ESP;flows=0054ac09;fallthrough=004991ac
instruction_reference	0049889a	FUN_0049889a	004991a7	0054ac09	UNCONDITIONAL_CALL	FUN_0054ac09	operand_index=0;primary=true;source=DEFAULT
instruction	0049889a	FUN_0049889a	004991ac		UNCONDITIONAL_JUMP	FUN_0049889a	bytes=E9E2FEFFFF;mnemonic=JMP;instruction=JMP 0x00499093;inputs=;results=;flows=00499093;fallthrough=
instruction_reference	0049889a	FUN_0049889a	004991ac	00499093	UNCONDITIONAL_JUMP	LAB_00499093	operand_index=0;primary=true;source=DEFAULT
instruction	0049889a	FUN_0049889a	004991b1		UNCONDITIONAL_JUMP	FUN_0049889a	bytes=E9B5FEFFFF;mnemonic=JMP;instruction=JMP 0x0049906b;inputs=;results=;flows=0049906b;fallthrough=
instruction_reference	0049889a	FUN_0049889a	004991b1	0049906b	UNCONDITIONAL_JUMP	LAB_0049906b	operand_index=0;primary=true;source=DEFAULT
instruction	0049889a	FUN_0049889a	004991b6	004991bc	FALL_THROUGH	FUN_0049889a	bytes=8B9590FEFFFF;mnemonic=MOV;instruction=MOV EDX,dword ptr [EBP + 0xfffffe90];inputs=EBP,0xfffffe90;results=EDX;flows=;fallthrough=004991bc
instruction_reference	0049889a	FUN_0049889a	004991b6	Stack[-0x174]	READ		operand_index=1;primary=true;source=ANALYSIS
instruction	0049889a	FUN_0049889a	004991bc	004991be	FALL_THROUGH	FUN_0049889a	bytes=8B02;mnemonic=MOV;instruction=MOV EAX,dword ptr [EDX];inputs=EDX;results=EAX;flows=;fallthrough=004991be
instruction	0049889a	FUN_0049889a	004991be	004991c4	FALL_THROUGH	FUN_0049889a	bytes=8B8D90FEFFFF;mnemonic=MOV;instruction=MOV ECX,dword ptr [EBP + 0xfffffe90];inputs=EBP,0xfffffe90;results=ECX;flows=;fallthrough=004991c4
instruction_reference	0049889a	FUN_0049889a	004991be	Stack[-0x174]	READ		operand_index=1;primary=true;source=ANALYSIS
instruction	0049889a	FUN_0049889a	004991c4	004991c7	COMPUTED_CALL	FUN_0049889a	bytes=FF5050;mnemonic=CALL;instruction=CALL dword ptr [EAX + 0x50];inputs=EAX,0x50,ESP,0x4,0x4991c7;results=ESP;flows=;fallthrough=004991c7
instruction	0049889a	FUN_0049889a	004991c7	004991ca	FALL_THROUGH	FUN_0049889a	bytes=83F801;mnemonic=CMP;instruction=CMP EAX,0x1;inputs=EAX,0x0,0x1,0xff;results=CF,PF,ZF,SF,OF;flows=;fallthrough=004991ca
instruction	0049889a	FUN_0049889a	004991ca	004991cc	CONDITIONAL_JUMP	FUN_0049889a	bytes=7457;mnemonic=JZ;instruction=JZ 0x00499223;inputs=ZF;results=;flows=00499223;fallthrough=004991cc
instruction_reference	0049889a	FUN_0049889a	004991ca	00499223	CONDITIONAL_JUMP	LAB_00499223	operand_index=0;primary=true;source=DEFAULT
instruction	0049889a	FUN_0049889a	004991cc	004991d2	FALL_THROUGH	FUN_0049889a	bytes=8B8D90FEFFFF;mnemonic=MOV;instruction=MOV ECX,dword ptr [EBP + 0xfffffe90];inputs=EBP,0xfffffe90;results=ECX;flows=;fallthrough=004991d2
instruction_reference	0049889a	FUN_0049889a	004991cc	Stack[-0x174]	READ		operand_index=1;primary=true;source=ANALYSIS
instruction	0049889a	FUN_0049889a	004991d2	004991d5	FALL_THROUGH	FUN_0049889a	bytes=D94128;mnemonic=FLD;instruction=FLD float ptr [ECX + 0x28];inputs=ST7,ST6,ST5,ST4,ST3,ST2,ST1,ST0,ECX,0x28,0x4991d2;results=ST7,ST6,ST5,ST4,ST3,ST2,ST1,ST0,FPUInstructionPointer;flows=;fallthrough=004991d5
instruction	0049889a	FUN_0049889a	004991d5	004991da	UNCONDITIONAL_CALL	FUN_0049889a	bytes=E816600F00;mnemonic=CALL;instruction=CALL 0x0058f1f0;inputs=ESP,0x4991da,0x4;results=ESP;flows=0058f1f0;fallthrough=004991da
instruction_reference	0049889a	FUN_0049889a	004991d5	0058f1f0	UNCONDITIONAL_CALL	__ftol	operand_index=0;primary=true;source=DEFAULT
instruction	0049889a	FUN_0049889a	004991da	004991dd	FALL_THROUGH	FUN_0049889a	bytes=C1F807;mnemonic=SAR;instruction=SAR EAX,0x7;inputs=EAX,0x0,CF,0x1,PF,ZF,0x7,SF,OF,0x1f,0xff;results=EAX,CF,PF,ZF,SF,OF;flows=;fallthrough=004991dd
instruction	0049889a	FUN_0049889a	004991dd	004991e0	FALL_THROUGH	FUN_0049889a	bytes=83F81F;mnemonic=CMP;instruction=CMP EAX,0x1f;inputs=EAX,0x0,0x1,0x1f,0xff;results=CF,PF,ZF,SF,OF;flows=;fallthrough=004991e0
instruction	0049889a	FUN_0049889a	004991e0	004991e2	CONDITIONAL_JUMP	FUN_0049889a	bytes=7522;mnemonic=JNZ;instruction=JNZ 0x00499204;inputs=ZF;results=;flows=00499204;fallthrough=004991e2
instruction_reference	0049889a	FUN_0049889a	004991e0	00499204	CONDITIONAL_JUMP	LAB_00499204	operand_index=0;primary=true;source=DEFAULT
instruction	0049889a	FUN_0049889a	004991e2	004991e8	FALL_THROUGH	FUN_0049889a	bytes=8B9590FEFFFF;mnemonic=MOV;instruction=MOV EDX,dword ptr [EBP + 0xfffffe90];inputs=EBP,0xfffffe90;results=EDX;flows=;fallthrough=004991e8
instruction_reference	0049889a	FUN_0049889a	004991e2	Stack[-0x174]	READ		operand_index=1;primary=true;source=ANALYSIS
instruction	0049889a	FUN_0049889a	004991e8	004991eb	FALL_THROUGH	FUN_0049889a	bytes=D9422C;mnemonic=FLD;instruction=FLD float ptr [EDX + 0x2c];inputs=ST7,ST6,ST5,ST4,ST3,ST2,ST1,ST0,0x4991e8,EDX,0x2c;results=ST7,ST6,ST5,ST4,ST3,ST2,ST1,ST0,FPUInstructionPointer;flows=;fallthrough=004991eb
instruction	0049889a	FUN_0049889a	004991eb	004991f0	UNCONDITIONAL_CALL	FUN_0049889a	bytes=E800600F00;mnemonic=CALL;instruction=CALL 0x0058f1f0;inputs=ESP,0x4,0x4991f0;results=ESP;flows=0058f1f0;fallthrough=004991f0
instruction_reference	0049889a	FUN_0049889a	004991eb	0058f1f0	UNCONDITIONAL_CALL	__ftol	operand_index=0;primary=true;source=DEFAULT
instruction	0049889a	FUN_0049889a	004991f0	004991f3	FALL_THROUGH	FUN_0049889a	bytes=C1F807;mnemonic=SAR;instruction=SAR EAX,0x7;inputs=EAX,0x0,CF,0x1,PF,ZF,0x7,SF,OF,0x1f,0xff;results=EAX,CF,PF,ZF,SF,OF;flows=;fallthrough=004991f3
instruction	0049889a	FUN_0049889a	004991f3	004991f6	FALL_THROUGH	FUN_0049889a	bytes=83F81F;mnemonic=CMP;instruction=CMP EAX,0x1f;inputs=EAX,0x0,0x1,0x1f,0xff;results=CF,PF,ZF,SF,OF;flows=;fallthrough=004991f6
instruction	0049889a	FUN_0049889a	004991f6	004991f8	CONDITIONAL_JUMP	FUN_0049889a	bytes=750C;mnemonic=JNZ;instruction=JNZ 0x00499204;inputs=ZF;results=;flows=00499204;fallthrough=004991f8
instruction_reference	0049889a	FUN_0049889a	004991f6	00499204	CONDITIONAL_JUMP	LAB_00499204	operand_index=0;primary=true;source=DEFAULT
instruction	0049889a	FUN_0049889a	004991f8	00499202	FALL_THROUGH	FUN_0049889a	bytes=C7856CFCFFFF01000000;mnemonic=MOV;instruction=MOV dword ptr [EBP + 0xfffffc6c],0x1;inputs=0x1,0xfffffc6c,EBP;results=;flows=;fallthrough=00499202
instruction_reference	0049889a	FUN_0049889a	004991f8	Stack[-0x398]	WRITE		operand_index=0;primary=true;source=ANALYSIS
instruction	0049889a	FUN_0049889a	00499202		UNCONDITIONAL_JUMP	FUN_0049889a	bytes=EB0A;mnemonic=JMP;instruction=JMP 0x0049920e;inputs=;results=;flows=0049920e;fallthrough=
instruction_reference	0049889a	FUN_0049889a	00499202	0049920e	UNCONDITIONAL_JUMP	LAB_0049920e	operand_index=0;primary=true;source=DEFAULT
instruction	0049889a	FUN_0049889a	00499204	0049920e	FALL_THROUGH	FUN_0049889a	bytes=C7856CFCFFFF00000000;mnemonic=MOV;instruction=MOV dword ptr [EBP + 0xfffffc6c],0x0;inputs=0x0,0xfffffc6c,EBP;results=;flows=;fallthrough=0049920e
instruction_reference	0049889a	FUN_0049889a	00499204	Stack[-0x398]	WRITE		operand_index=0;primary=true;source=ANALYSIS
instruction	0049889a	FUN_0049889a	0049920e	00499215	FALL_THROUGH	FUN_0049889a	bytes=83BD6CFCFFFF01;mnemonic=CMP;instruction=CMP dword ptr [EBP + 0xfffffc6c],0x1;inputs=0x0,0x1,0xfffffc6c,EBP,0xff;results=CF,PF,ZF,SF,OF;flows=;fallthrough=00499215
instruction_reference	0049889a	FUN_0049889a	0049920e	Stack[-0x398]	READ		operand_index=0;primary=true;source=ANALYSIS
instruction	0049889a	FUN_0049889a	00499215	00499217	CONDITIONAL_JUMP	FUN_0049889a	bytes=740C;mnemonic=JZ;instruction=JZ 0x00499223;inputs=ZF;results=;flows=00499223;fallthrough=00499217
instruction_reference	0049889a	FUN_0049889a	00499215	00499223	CONDITIONAL_JUMP	LAB_00499223	operand_index=0;primary=true;source=DEFAULT
instruction	0049889a	FUN_0049889a	00499217	00499221	FALL_THROUGH	FUN_0049889a	bytes=C78568FCFFFF00000000;mnemonic=MOV;instruction=MOV dword ptr [EBP + 0xfffffc68],0x0;inputs=0x0,EBP,0xfffffc68;results=;flows=;fallthrough=00499221
instruction_reference	0049889a	FUN_0049889a	00499217	Stack[-0x39c]	WRITE		operand_index=0;primary=true;source=ANALYSIS
instruction	0049889a	FUN_0049889a	00499221		UNCONDITIONAL_JUMP	FUN_0049889a	bytes=EB0A;mnemonic=JMP;instruction=JMP 0x0049922d;inputs=;results=;flows=0049922d;fallthrough=
instruction_reference	0049889a	FUN_0049889a	00499221	0049922d	UNCONDITIONAL_JUMP	LAB_0049922d	operand_index=0;primary=true;source=DEFAULT
instruction	0049889a	FUN_0049889a	00499223	0049922d	FALL_THROUGH	FUN_0049889a	bytes=C78568FCFFFF01000000;mnemonic=MOV;instruction=MOV dword ptr [EBP + 0xfffffc68],0x1;inputs=0x1,EBP,0xfffffc68;results=;flows=;fallthrough=0049922d
instruction_reference	0049889a	FUN_0049889a	00499223	Stack[-0x39c]	WRITE		operand_index=0;primary=true;source=ANALYSIS
instruction	0049889a	FUN_0049889a	0049922d	00499234	FALL_THROUGH	FUN_0049889a	bytes=83BD68FCFFFF00;mnemonic=CMP;instruction=CMP dword ptr [EBP + 0xfffffc68],0x0;inputs=0x0,0x1,EBP,0xfffffc68,0xff;results=CF,PF,ZF,SF,OF;flows=;fallthrough=00499234
instruction_reference	0049889a	FUN_0049889a	0049922d	Stack[-0x39c]	READ		operand_index=0;primary=true;source=ANALYSIS
instruction	0049889a	FUN_0049889a	00499234	00499236	CONDITIONAL_JUMP	FUN_0049889a	bytes=7441;mnemonic=JZ;instruction=JZ 0x00499277;inputs=ZF;results=;flows=00499277;fallthrough=00499236
instruction_reference	0049889a	FUN_0049889a	00499234	00499277	CONDITIONAL_JUMP	LAB_00499277	operand_index=0;primary=true;source=DEFAULT
instruction	0049889a	FUN_0049889a	00499236	0049923b	FALL_THROUGH	FUN_0049889a	bytes=68A00F0000;mnemonic=PUSH;instruction=PUSH 0xfa0;inputs=0xfa0,ESP,0x4;results=ESP;flows=;fallthrough=0049923b
instruction	0049889a	FUN_0049889a	0049923b	0049923e	FALL_THROUGH	FUN_0049889a	bytes=8B45A4;mnemonic=MOV;instruction=MOV EAX,dword ptr [EBP + -0x5c];inputs=EBP,0xffffffa4;results=EAX;flows=;fallthrough=0049923e
instruction_reference	0049889a	FUN_0049889a	0049923b	Stack[-0x60]	READ		operand_index=1;primary=true;source=ANALYSIS
instruction	0049889a	FUN_0049889a	0049923e	00499241	FALL_THROUGH	FUN_0049889a	bytes=83C00C;mnemonic=ADD;instruction=ADD EAX,0xc;inputs=EAX,0x0,0x1,0xc,0xff;results=CF,EAX,PF,ZF,SF,OF;flows=;fallthrough=00499241
instruction	0049889a	FUN_0049889a	00499241	00499242	FALL_THROUGH	FUN_0049889a	bytes=50;mnemonic=PUSH;instruction=PUSH EAX;inputs=EAX,ESP,0x4;results=ESP;flows=;fallthrough=00499242
instruction	0049889a	FUN_0049889a	00499242	00499248	FALL_THROUGH	FUN_0049889a	bytes=8B8D84FCFFFF;mnemonic=MOV;instruction=MOV ECX,dword ptr [EBP + 0xfffffc84];inputs=EBP,0xfffffc84;results=ECX;flows=;fallthrough=00499248
instruction_reference	0049889a	FUN_0049889a	00499242	Stack[-0x380]	READ		operand_index=1;primary=true;source=ANALYSIS
instruction	0049889a	FUN_0049889a	00499248	0049924e	FALL_THROUGH	FUN_0049889a	bytes=8B8984000000;mnemonic=MOV;instruction=MOV ECX,dword ptr [ECX + 0x84];inputs=ECX,0x84;results=ECX;flows=;fallthrough=0049924e
instruction	0049889a	FUN_0049889a	0049924e	00499253	UNCONDITIONAL_CALL	FUN_0049889a	bytes=E89FABF6FF;mnemonic=CALL;instruction=CALL 0x00403df2;inputs=ESP,0x4,0x499253;results=ESP;flows=00403df2;fallthrough=00499253
instruction_reference	0049889a	FUN_0049889a	0049924e	00403df2	UNCONDITIONAL_CALL	FUN_00403df2	operand_index=0;primary=true;source=DEFAULT
instruction	0049889a	FUN_0049889a	00499253	00499255	FALL_THROUGH	FUN_0049889a	bytes=6A01;mnemonic=PUSH;instruction=PUSH 0x1;inputs=ESP,0x1,0x4;results=ESP;flows=;fallthrough=00499255
instruction	0049889a	FUN_0049889a	00499255	00499257	FALL_THROUGH	FUN_0049889a	bytes=6A01;mnemonic=PUSH;instruction=PUSH 0x1;inputs=ESP,0x1,0x4;results=ESP;flows=;fallthrough=00499257
instruction	0049889a	FUN_0049889a	00499257	0049925d	FALL_THROUGH	FUN_0049889a	bytes=8B9584FCFFFF;mnemonic=MOV;instruction=MOV EDX,dword ptr [EBP + 0xfffffc84];inputs=EBP,0xfffffc84;results=EDX;flows=;fallthrough=0049925d
instruction_reference	0049889a	FUN_0049889a	00499257	Stack[-0x380]	READ		operand_index=1;primary=true;source=ANALYSIS
instruction	0049889a	FUN_0049889a	0049925d	00499263	FALL_THROUGH	FUN_0049889a	bytes=8B8A84000000;mnemonic=MOV;instruction=MOV ECX,dword ptr [EDX + 0x84];inputs=0x84,EDX;results=ECX;flows=;fallthrough=00499263
instruction	0049889a	FUN_0049889a	00499263	00499269	FALL_THROUGH	FUN_0049889a	bytes=8B8584FCFFFF;mnemonic=MOV;instruction=MOV EAX,dword ptr [EBP + 0xfffffc84];inputs=EBP,0xfffffc84;results=EAX;flows=;fallthrough=00499269
instruction_reference	0049889a	FUN_0049889a	00499263	Stack[-0x380]	READ		operand_index=1;primary=true;source=ANALYSIS
instruction	0049889a	FUN_0049889a	00499269	0049926f	FALL_THROUGH	FUN_0049889a	bytes=8B9084000000;mnemonic=MOV;instruction=MOV EDX,dword ptr [EAX + 0x84];inputs=EAX,0x84;results=EDX;flows=;fallthrough=0049926f
instruction	0049889a	FUN_0049889a	0049926f	00499271	FALL_THROUGH	FUN_0049889a	bytes=8B02;mnemonic=MOV;instruction=MOV EAX,dword ptr [EDX];inputs=EDX;results=EAX;flows=;fallthrough=00499271
instruction	0049889a	FUN_0049889a	00499271	00499277	COMPUTED_CALL	FUN_0049889a	bytes=FF9088000000;mnemonic=CALL;instruction=CALL dword ptr [EAX + 0x88];inputs=EAX,ESP,0x4,0x88,0x499277;results=ESP;flows=;fallthrough=00499277
instruction	0049889a	FUN_0049889a	00499277		UNCONDITIONAL_JUMP	FUN_0049889a	bytes=E9F8070000;mnemonic=JMP;instruction=JMP 0x00499a74;inputs=;results=;flows=00499a74;fallthrough=
instruction_reference	0049889a	FUN_0049889a	00499277	00499a74	UNCONDITIONAL_JUMP	LAB_00499a74	operand_index=0;primary=true;source=DEFAULT
instruction	0049889a	FUN_0049889a	0049927c	0049927f	FALL_THROUGH	FUN_0049889a	bytes=8B4DA4;mnemonic=MOV;instruction=MOV ECX,dword ptr [EBP + -0x5c];inputs=EBP,0xffffffa4;results=ECX;flows=;fallthrough=0049927f
instruction_reference	0049889a	FUN_0049889a	0049927c	Stack[-0x60]	READ		operand_index=1;primary=true;source=ANALYSIS
instruction	0049889a	FUN_0049889a	0049927f	00499283	FALL_THROUGH	FUN_0049889a	bytes=0FBE510D;mnemonic=MOVSX;instruction=MOVSX EDX,byte ptr [ECX + 0xd];inputs=ECX,0xd;results=EDX;flows=;fallthrough=00499283
instruction	0049889a	FUN_0049889a	00499283	00499286	FALL_THROUGH	FUN_0049889a	bytes=83FA21;mnemonic=CMP;instruction=CMP EDX,0x21;inputs=0x0,0x21,0x1,EDX,0xff;results=CF,PF,ZF,SF,OF;flows=;fallthrough=00499286
instruction	0049889a	FUN_0049889a	00499286	0049928c	CONDITIONAL_JUMP	FUN_0049889a	bytes=0F85ED000000;mnemonic=JNZ;instruction=JNZ 0x00499379;inputs=ZF;results=;flows=00499379;fallthrough=0049928c
instruction_reference	0049889a	FUN_0049889a	00499286	00499379	CONDITIONAL_JUMP	LAB_00499379	operand_index=0;primary=true;source=DEFAULT
instruction	0049889a	FUN_0049889a	0049928c	0049928f	FALL_THROUGH	FUN_0049889a	bytes=8B45A4;mnemonic=MOV;instruction=MOV EAX,dword ptr [EBP + -0x5c];inputs=EBP,0xffffffa4;results=EAX;flows=;fallthrough=0049928f
instruction_reference	0049889a	FUN_0049889a	0049928c	Stack[-0x60]	READ		operand_index=1;primary=true;source=ANALYSIS
instruction	0049889a	FUN_0049889a	0049928f	00499293	FALL_THROUGH	FUN_0049889a	bytes=0FBE480E;mnemonic=MOVSX;instruction=MOVSX ECX,byte ptr [EAX + 0xe];inputs=EAX,0xe;results=ECX;flows=;fallthrough=00499293
instruction	0049889a	FUN_0049889a	00499293	00499296	FALL_THROUGH	FUN_0049889a	bytes=83F921;mnemonic=CMP;instruction=CMP ECX,0x21;inputs=0x0,0x21,0x1,ECX,0xff;results=CF,PF,ZF,SF,OF;flows=;fallthrough=00499296
instruction	0049889a	FUN_0049889a	00499296	0049929c	CONDITIONAL_JUMP	FUN_0049889a	bytes=0F85DD000000;mnemonic=JNZ;instruction=JNZ 0x00499379;inputs=ZF;results=;flows=00499379;fallthrough=0049929c
instruction_reference	0049889a	FUN_0049889a	00499296	00499379	CONDITIONAL_JUMP	LAB_00499379	operand_index=0;primary=true;source=DEFAULT
instruction	0049889a	FUN_0049889a	0049929c	0049929f	FALL_THROUGH	FUN_0049889a	bytes=8B55A4;mnemonic=MOV;instruction=MOV EDX,dword ptr [EBP + -0x5c];inputs=EBP,0xffffffa4;results=EDX;flows=;fallthrough=0049929f
instruction_reference	0049889a	FUN_0049889a	0049929c	Stack[-0x60]	READ		operand_index=1;primary=true;source=ANALYSIS
instruction	0049889a	FUN_0049889a	0049929f	004992a3	FALL_THROUGH	FUN_0049889a	bytes=0FBE420F;mnemonic=MOVSX;instruction=MOVSX EAX,byte ptr [EDX + 0xf];inputs=EDX,0xf;results=EAX;flows=;fallthrough=004992a3
instruction	0049889a	FUN_0049889a	004992a3	004992a6	FALL_THROUGH	FUN_0049889a	bytes=83F823;mnemonic=CMP;instruction=CMP EAX,0x23;inputs=EAX,0x0,0x1,0x23,0xff;results=CF,PF,ZF,SF,OF;flows=;fallthrough=004992a6
instruction	0049889a	FUN_0049889a	004992a6	004992ac	CONDITIONAL_JUMP	FUN_0049889a	bytes=0F85CD000000;mnemonic=JNZ;instruction=JNZ 0x00499379;inputs=ZF;results=;flows=00499379;fallthrough=004992ac
instruction_reference	0049889a	FUN_0049889a	004992a6	00499379	CONDITIONAL_JUMP	LAB_00499379	operand_index=0;primary=true;source=DEFAULT
instruction	0049889a	FUN_0049889a	004992ac	004992b2	FALL_THROUGH	FUN_0049889a	bytes=8B0D38CF6700;mnemonic=MOV;instruction=MOV ECX,dword ptr [0x0067cf38];inputs=0067cf38;results=ECX;flows=;fallthrough=004992b2
instruction_reference	0049889a	FUN_0049889a	004992ac	0067cf38	READ	DAT_0067cf38	operand_index=1;primary=true;source=DEFAULT
instruction	0049889a	FUN_0049889a	004992b2	004992b9	FALL_THROUGH	FUN_0049889a	bytes=81792430750000;mnemonic=CMP;instruction=CMP dword ptr [ECX + 0x24],0x7530;inputs=0x7530,0x0,0x1,ECX,0x24,0xff;results=CF,PF,ZF,SF,OF;flows=;fallthrough=004992b9
instruction	0049889a	FUN_0049889a	004992b9	004992bf	CONDITIONAL_JUMP	FUN_0049889a	bytes=0F85B5000000;mnemonic=JNZ;instruction=JNZ 0x00499374;inputs=ZF;results=;flows=00499374;fallthrough=004992bf
instruction_reference	0049889a	FUN_0049889a	004992b9	00499374	CONDITIONAL_JUMP	LAB_00499374	operand_index=0;primary=true;source=DEFAULT
instruction	0049889a	FUN_0049889a	004992bf	004992c2	FALL_THROUGH	FUN_0049889a	bytes=8B55A4;mnemonic=MOV;instruction=MOV EDX,dword ptr [EBP + -0x5c];inputs=EBP,0xffffffa4;results=EDX;flows=;fallthrough=004992c2
instruction_reference	0049889a	FUN_0049889a	004992bf	Stack[-0x60]	READ		operand_index=1;primary=true;source=ANALYSIS
instruction	0049889a	FUN_0049889a	004992c2	004992c6	FALL_THROUGH	FUN_0049889a	bytes=0FBE4210;mnemonic=MOVSX;instruction=MOVSX EAX,byte ptr [EDX + 0x10];inputs=0x10,EDX;results=EAX;flows=;fallthrough=004992c6
instruction	0049889a	FUN_0049889a	004992c6	004992c9	FALL_THROUGH	FUN_0049889a	bytes=83F845;mnemonic=CMP;instruction=CMP EAX,0x45;inputs=EAX,0x0,0x1,0x45,0xff;results=CF,PF,ZF,SF,OF;flows=;fallthrough=004992c9
instruction	0049889a	FUN_0049889a	004992c9	004992cf	CONDITIONAL_JUMP	FUN_0049889a	bytes=0F85A5000000;mnemonic=JNZ;instruction=JNZ 0x00499374;inputs=ZF;results=;flows=00499374;fallthrough=004992cf
instruction_reference	0049889a	FUN_0049889a	004992c9	00499374	CONDITIONAL_JUMP	LAB_00499374	operand_index=0;primary=true;source=DEFAULT
instruction	0049889a	FUN_0049889a	004992cf	004992d5	FALL_THROUGH	FUN_0049889a	bytes=8B0D38CF6700;mnemonic=MOV;instruction=MOV ECX,dword ptr [0x0067cf38];inputs=0067cf38;results=ECX;flows=;fallthrough=004992d5
instruction_reference	0049889a	FUN_0049889a	004992cf	0067cf38	READ	DAT_0067cf38	operand_index=1;primary=true;source=DEFAULT
instruction	0049889a	FUN_0049889a	004992d5	004992db	FALL_THROUGH	FUN_0049889a	bytes=898D7CFEFFFF;mnemonic=MOV;instruction=MOV dword ptr [EBP + 0xfffffe7c],ECX;inputs=0xfffffe7c,EBP,ECX;results=;flows=;fallthrough=004992db
instruction_reference	0049889a	FUN_0049889a	004992d5	Stack[-0x188]	WRITE		operand_index=0;primary=true;source=ANALYSIS
instruction	0049889a	FUN_0049889a	004992db	004992e1	FALL_THROUGH	FUN_0049889a	bytes=8B957CFEFFFF;mnemonic=MOV;instruction=MOV EDX,dword ptr [EBP + 0xfffffe7c];inputs=0xfffffe7c,EBP;results=EDX;flows=;fallthrough=004992e1
instruction_reference	0049889a	FUN_0049889a	004992db	Stack[-0x188]	READ		operand_index=1;primary=true;source=ANALYSIS
instruction	0049889a	FUN_0049889a	004992e1	004992e8	FALL_THROUGH	FUN_0049889a	bytes=83BABC76020000;mnemonic=CMP;instruction=CMP dword ptr [EDX + 0x276bc],0x0;inputs=0x0,0x1,EDX,0x276bc,0xff;results=CF,PF,ZF,SF,OF;flows=;fallthrough=004992e8
instruction	0049889a	FUN_0049889a	004992e8	004992ea	CONDITIONAL_JUMP	FUN_0049889a	bytes=7457;mnemonic=JZ;instruction=JZ 0x00499341;inputs=ZF;results=;flows=00499341;fallthrough=004992ea
instruction_reference	0049889a	FUN_0049889a	004992e8	00499341	CONDITIONAL_JUMP	LAB_00499341	operand_index=0;primary=true;source=DEFAULT
instruction	0049889a	FUN_0049889a	004992ea	004992f0	FALL_THROUGH	FUN_0049889a	bytes=8B857CFEFFFF;mnemonic=MOV;instruction=MOV EAX,dword ptr [EBP + 0xfffffe7c];inputs=0xfffffe7c,EBP;results=EAX;flows=;fallthrough=004992f0
instruction_reference	0049889a	FUN_0049889a	004992ea	Stack[-0x188]	READ		operand_index=1;primary=true;source=ANALYSIS
instruction	0049889a	FUN_0049889a	004992f0	004992f6	FALL_THROUGH	FUN_0049889a	bytes=8B88BC760200;mnemonic=MOV;instruction=MOV ECX,dword ptr [EAX + 0x276bc];inputs=EAX,0x276bc;results=ECX;flows=;fallthrough=004992f6
instruction	0049889a	FUN_0049889a	004992f6	004992f7	FALL_THROUGH	FUN_0049889a	bytes=51;mnemonic=PUSH;instruction=PUSH ECX;inputs=ESP,ECX,0x4;results=ESP;flows=;fallthrough=004992f7
instruction	0049889a	FUN_0049889a	004992f7	004992fd	FALL_THROUGH	FUN_0049889a	bytes=8B15E8713B01;mnemonic=MOV;instruction=MOV EDX,dword ptr [0x013b71e8];inputs=013b71e8;results=EDX;flows=;fallthrough=004992fd
instruction_reference	0049889a	FUN_0049889a	004992f7	013b71e8	READ	DAT_013b71e8	operand_index=1;primary=true;source=DEFAULT
instruction	0049889a	FUN_0049889a	004992fd	004992ff	FALL_THROUGH	FUN_0049889a	bytes=8B02;mnemonic=MOV;instruction=MOV EAX,dword ptr [EDX];inputs=EDX;results=EAX;flows=;fallthrough=004992ff
instruction	0049889a	FUN_0049889a	004992ff	00499305	FALL_THROUGH	FUN_0049889a	bytes=8B0DE8713B01;mnemonic=MOV;instruction=MOV ECX,dword ptr [0x013b71e8];inputs=013b71e8;results=ECX;flows=;fallthrough=00499305
instruction_reference	0049889a	FUN_0049889a	004992ff	013b71e8	READ	DAT_013b71e8	operand_index=1;primary=true;source=DEFAULT
instruction	0049889a	FUN_0049889a	00499305	00499308	COMPUTED_CALL	FUN_0049889a	bytes=FF5034;mnemonic=CALL;instruction=CALL dword ptr [EAX + 0x34];inputs=EAX,ESP,0x499308,0x34,0x4;results=ESP;flows=;fallthrough=00499308
instruction	0049889a	FUN_0049889a	00499308	0049930e	FALL_THROUGH	FUN_0049889a	bytes=898578FEFFFF;mnemonic=MOV;instruction=MOV dword ptr [EBP + 0xfffffe78],EAX;inputs=EAX,EBP,0xfffffe78;results=;flows=;fallthrough=0049930e
instruction_reference	0049889a	FUN_0049889a	00499308	Stack[-0x18c]	WRITE		operand_index=0;primary=true;source=ANALYSIS
instruction	0049889a	FUN_0049889a	0049930e	00499315	FALL_THROUGH	FUN_0049889a	bytes=83BD78FEFFFF00;mnemonic=CMP;instruction=CMP dword ptr [EBP + 0xfffffe78],0x0;inputs=0x0,0x1,EBP,0xfffffe78,0xff;results=CF,PF,ZF,SF,OF;flows=;fallthrough=00499315
instruction_reference	0049889a	FUN_0049889a	0049930e	Stack[-0x18c]	READ		operand_index=0;primary=true;source=ANALYSIS
instruction	0049889a	FUN_0049889a	00499315	00499317	CONDITIONAL_JUMP	FUN_0049889a	bytes=741A;mnemonic=JZ;instruction=JZ 0x00499331;inputs=ZF;results=;flows=00499331;fallthrough=00499317
instruction_reference	0049889a	FUN_0049889a	00499315	00499331	CONDITIONAL_JUMP	LAB_00499331	operand_index=0;primary=true;source=DEFAULT
instruction	0049889a	FUN_0049889a	00499317	0049931d	FALL_THROUGH	FUN_0049889a	bytes=8B8D78FEFFFF;mnemonic=MOV;instruction=MOV ECX,dword ptr [EBP + 0xfffffe78];inputs=EBP,0xfffffe78;results=ECX;flows=;fallthrough=0049931d
instruction_reference	0049889a	FUN_0049889a	00499317	Stack[-0x18c]	READ		operand_index=1;primary=true;source=ANALYSIS
instruction	0049889a	FUN_0049889a	0049931d	00499326	FALL_THROUGH	FUN_0049889a	bytes=66C781500400000000;mnemonic=MOV;instruction=MOV word ptr [ECX + 0x450],0x0;inputs=0x450,0x0,ECX;results=;flows=;fallthrough=00499326
instruction	0049889a	FUN_0049889a	00499326	0049932c	FALL_THROUGH	FUN_0049889a	bytes=8B8D78FEFFFF;mnemonic=MOV;instruction=MOV ECX,dword ptr [EBP + 0xfffffe78];inputs=EBP,0xfffffe78;results=ECX;flows=;fallthrough=0049932c
instruction_reference	0049889a	FUN_0049889a	00499326	Stack[-0x18c]	READ		operand_index=1;primary=true;source=ANALYSIS
instruction	0049889a	FUN_0049889a	0049932c	00499331	UNCONDITIONAL_CALL	FUN_0049889a	bytes=E82BA20800;mnemonic=CALL;instruction=CALL 0x0052355c;inputs=ESP,0x4,0x499331;results=ESP;flows=0052355c;fallthrough=00499331
instruction_reference	0049889a	FUN_0049889a	0049932c	0052355c	UNCONDITIONAL_CALL	FUN_0052355c	operand_index=0;primary=true;source=DEFAULT
instruction	0049889a	FUN_0049889a	00499331	00499337	FALL_THROUGH	FUN_0049889a	bytes=8B957CFEFFFF;mnemonic=MOV;instruction=MOV EDX,dword ptr [EBP + 0xfffffe7c];inputs=0xfffffe7c,EBP;results=EDX;flows=;fallthrough=00499337
instruction_reference	0049889a	FUN_0049889a	00499331	Stack[-0x188]	READ		operand_index=1;primary=true;source=ANALYSIS
instruction	0049889a	FUN_0049889a	00499337	00499341	FALL_THROUGH	FUN_0049889a	bytes=C782BC76020000000000;mnemonic=MOV;instruction=MOV dword ptr [EDX + 0x276bc],0x0;inputs=0x0,EDX,0x276bc;results=;flows=;fallthrough=00499341
instruction	0049889a	FUN_0049889a	00499341	0049934b	FALL_THROUGH	FUN_0049889a	bytes=C78580FEFFFF00000000;mnemonic=MOV;instruction=MOV dword ptr [EBP + 0xfffffe80],0x0;inputs=0x0,EBP,0xfffffe80;results=;flows=;fallthrough=0049934b
instruction_reference	0049889a	FUN_0049889a	00499341	Stack[-0x184]	WRITE		operand_index=0;primary=true;source=ANALYSIS
instruction	0049889a	FUN_0049889a	0049934b		UNCONDITIONAL_JUMP	FUN_0049889a	bytes=EB0F;mnemonic=JMP;instruction=JMP 0x0049935c;inputs=;results=;flows=0049935c;fallthrough=
instruction_reference	0049889a	FUN_0049889a	0049934b	0049935c	UNCONDITIONAL_JUMP	LAB_0049935c	operand_index=0;primary=true;source=DEFAULT
instruction	0049889a	FUN_0049889a	0049934d	00499353	FALL_THROUGH	FUN_0049889a	bytes=8B8580FEFFFF;mnemonic=MOV;instruction=MOV EAX,dword ptr [EBP + 0xfffffe80];inputs=EBP,0xfffffe80;results=EAX;flows=;fallthrough=00499353
instruction_reference	0049889a	FUN_0049889a	0049934d	Stack[-0x184]	READ		operand_index=1;primary=true;source=ANALYSIS
instruction	0049889a	FUN_0049889a	00499353	00499356	FALL_THROUGH	FUN_0049889a	bytes=83C001;mnemonic=ADD;instruction=ADD EAX,0x1;inputs=EAX,0x0,0x1,0xff;results=CF,EAX,PF,ZF,SF,OF;flows=;fallthrough=00499356
instruction	0049889a	FUN_0049889a	00499356	0049935c	FALL_THROUGH	FUN_0049889a	bytes=898580FEFFFF;mnemonic=MOV;instruction=MOV dword ptr [EBP + 0xfffffe80],EAX;inputs=EAX,EBP,0xfffffe80;results=;flows=;fallthrough=0049935c
instruction_reference	0049889a	FUN_0049889a	00499356	Stack[-0x184]	WRITE		operand_index=0;primary=true;source=ANALYSIS
instruction	0049889a	FUN_0049889a	0049935c	00499363	FALL_THROUGH	FUN_0049889a	bytes=83BD80FEFFFF05;mnemonic=CMP;instruction=CMP dword ptr [EBP + 0xfffffe80],0x5;inputs=0x0,0x1,EBP,0x5,0xfffffe80,0xff;results=CF,PF,ZF,SF,OF;flows=;fallthrough=00499363
instruction_reference	0049889a	FUN_0049889a	0049935c	Stack[-0x184]	READ		operand_index=0;primary=true;source=ANALYSIS
instruction	0049889a	FUN_0049889a	00499363	00499365	CONDITIONAL_JUMP	FUN_0049889a	bytes=7D0F;mnemonic=JGE;instruction=JGE 0x00499374;inputs=SF,OF;results=;flows=00499374;fallthrough=00499365
instruction_reference	0049889a	FUN_0049889a	00499363	00499374	CONDITIONAL_JUMP	LAB_00499374	operand_index=0;primary=true;source=DEFAULT
instruction	0049889a	FUN_0049889a	00499365	00499368	FALL_THROUGH	FUN_0049889a	bytes=8B4DA4;mnemonic=MOV;instruction=MOV ECX,dword ptr [EBP + -0x5c];inputs=EBP,0xffffffa4;results=ECX;flows=;fallthrough=00499368
instruction_reference	0049889a	FUN_0049889a	00499365	Stack[-0x60]	READ		operand_index=1;primary=true;source=ANALYSIS
instruction	0049889a	FUN_0049889a	00499368	0049936e	FALL_THROUGH	FUN_0049889a	bytes=038D80FEFFFF;mnemonic=ADD;instruction=ADD ECX,dword ptr [EBP + 0xfffffe80];inputs=0x0,0x1,EBP,ECX,0xfffffe80,0xff;results=CF,PF,ECX,ZF,SF,OF;flows=;fallthrough=0049936e
instruction_reference	0049889a	FUN_0049889a	00499368	Stack[-0x184]	READ		operand_index=1;primary=true;source=ANALYSIS
instruction	0049889a	FUN_0049889a	0049936e	00499372	FALL_THROUGH	FUN_0049889a	bytes=C6410C5F;mnemonic=MOV;instruction=MOV byte ptr [ECX + 0xc],0x5f;inputs=ECX,0xc,0x5f;results=;flows=;fallthrough=00499372
instruction	0049889a	FUN_0049889a	00499372		UNCONDITIONAL_JUMP	FUN_0049889a	bytes=EBD9;mnemonic=JMP;instruction=JMP 0x0049934d;inputs=;results=;flows=0049934d;fallthrough=
instruction_reference	0049889a	FUN_0049889a	00499372	0049934d	UNCONDITIONAL_JUMP	LAB_0049934d	operand_index=0;primary=true;source=DEFAULT
instruction	0049889a	FUN_0049889a	00499374		UNCONDITIONAL_JUMP	FUN_0049889a	bytes=E9FB060000;mnemonic=JMP;instruction=JMP 0x00499a74;inputs=;results=;flows=00499a74;fallthrough=
instruction_reference	0049889a	FUN_0049889a	00499374	00499a74	UNCONDITIONAL_JUMP	LAB_00499a74	operand_index=0;primary=true;source=DEFAULT
instruction	0049889a	FUN_0049889a	00499379	0049937c	FALL_THROUGH	FUN_0049889a	bytes=8B55A4;mnemonic=MOV;instruction=MOV EDX,dword ptr [EBP + -0x5c];inputs=EBP,0xffffffa4;results=EDX;flows=;fallthrough=0049937c
instruction_reference	0049889a	FUN_0049889a	00499379	Stack[-0x60]	READ		operand_index=1;primary=true;source=ANALYSIS
instruction	0049889a	FUN_0049889a	0049937c	00499380	FALL_THROUGH	FUN_0049889a	bytes=0FBE420C;mnemonic=MOVSX;instruction=MOVSX EAX,byte ptr [EDX + 0xc];inputs=EDX,0xc;results=EAX;flows=;fallthrough=00499380
instruction	0049889a	FUN_0049889a	00499380	00499383	FALL_THROUGH	FUN_0049889a	bytes=83F821;mnemonic=CMP;instruction=CMP EAX,0x21;inputs=EAX,0x0,0x21,0x1,0xff;results=CF,PF,ZF,SF,OF;flows=;fallthrough=00499383
instruction	0049889a	FUN_0049889a	00499383	00499389	CONDITIONAL_JUMP	FUN_0049889a	bytes=0F8544010000;mnemonic=JNZ;instruction=JNZ 0x004994cd;inputs=ZF;results=;flows=004994cd;fallthrough=00499389
instruction_reference	0049889a	FUN_0049889a	00499383	004994cd	CONDITIONAL_JUMP	LAB_004994cd	operand_index=0;primary=true;source=DEFAULT
instruction	0049889a	FUN_0049889a	00499389	0049938c	FALL_THROUGH	FUN_0049889a	bytes=8B4DA4;mnemonic=MOV;instruction=MOV ECX,dword ptr [EBP + -0x5c];inputs=EBP,0xffffffa4;results=ECX;flows=;fallthrough=0049938c
instruction_reference	0049889a	FUN_0049889a	00499389	Stack[-0x60]	READ		operand_index=1;primary=true;source=ANALYSIS
instruction	0049889a	FUN_0049889a	0049938c	00499390	FALL_THROUGH	FUN_0049889a	bytes=0FBE510D;mnemonic=MOVSX;instruction=MOVSX EDX,byte ptr [ECX + 0xd];inputs=ECX,0xd;results=EDX;flows=;fallthrough=00499390
instruction	0049889a	FUN_0049889a	00499390	00499393	FALL_THROUGH	FUN_0049889a	bytes=83FA21;mnemonic=CMP;instruction=CMP EDX,0x21;inputs=0x0,0x21,0x1,EDX,0xff;results=CF,PF,ZF,SF,OF;flows=;fallthrough=00499393
instruction	0049889a	FUN_0049889a	00499393	00499399	CONDITIONAL_JUMP	FUN_0049889a	bytes=0F8534010000;mnemonic=JNZ;instruction=JNZ 0x004994cd;inputs=ZF;results=;flows=004994cd;fallthrough=00499399
instruction_reference	0049889a	FUN_0049889a	00499393	004994cd	CONDITIONAL_JUMP	LAB_004994cd	operand_index=0;primary=true;source=DEFAULT
instruction	0049889a	FUN_0049889a	00499399	0049939e	FALL_THROUGH	FUN_0049889a	bytes=A138CF6700;mnemonic=MOV;instruction=MOV EAX,[0x0067cf38];inputs=0067cf38;results=EAX;flows=;fallthrough=0049939e
instruction_reference	0049889a	FUN_0049889a	00499399	0067cf38	READ	DAT_0067cf38	operand_index=1;primary=true;source=DEFAULT
instruction	0049889a	FUN_0049889a	0049939e	004993a5	FALL_THROUGH	FUN_0049889a	bytes=81782430750000;mnemonic=CMP;instruction=CMP dword ptr [EAX + 0x24],0x7530;inputs=EAX,0x7530,0x0,0x1,0x24,0xff;results=CF,PF,ZF,SF,OF;flows=;fallthrough=004993a5
instruction	0049889a	FUN_0049889a	004993a5	004993ab	CONDITIONAL_JUMP	FUN_0049889a	bytes=0F851D010000;mnemonic=JNZ;instruction=JNZ 0x004994c8;inputs=ZF;results=;flows=004994c8;fallthrough=004993ab
instruction_reference	0049889a	FUN_0049889a	004993a5	004994c8	CONDITIONAL_JUMP	LAB_004994c8	operand_index=0;primary=true;source=DEFAULT
instruction	0049889a	FUN_0049889a	004993ab	004993b1	FALL_THROUGH	FUN_0049889a	bytes=8B0D38CF6700;mnemonic=MOV;instruction=MOV ECX,dword ptr [0x0067cf38];inputs=0067cf38;results=ECX;flows=;fallthrough=004993b1
instruction_reference	0049889a	FUN_0049889a	004993ab	0067cf38	READ	DAT_0067cf38	operand_index=1;primary=true;source=DEFAULT
instruction	0049889a	FUN_0049889a	004993b1	004993b7	FALL_THROUGH	FUN_0049889a	bytes=898D70FEFFFF;mnemonic=MOV;instruction=MOV dword ptr [EBP + 0xfffffe70],ECX;inputs=EBP,ECX,0xfffffe70;results=;flows=;fallthrough=004993b7
instruction_reference	0049889a	FUN_0049889a	004993b1	Stack[-0x194]	WRITE		operand_index=0;primary=true;source=ANALYSIS
instruction	0049889a	FUN_0049889a	004993b7	004993c1	FALL_THROUGH	FUN_0049889a	bytes=C78574FEFFFF02000000;mnemonic=MOV;instruction=MOV dword ptr [EBP + 0xfffffe74],0x2;inputs=0x2,EBP,0xfffffe74;results=;flows=;fallthrough=004993c1
instruction_reference	0049889a	FUN_0049889a	004993b7	Stack[-0x190]	WRITE		operand_index=0;primary=true;source=ANALYSIS
instruction	0049889a	FUN_0049889a	004993c1		UNCONDITIONAL_JUMP	FUN_0049889a	bytes=EB0F;mnemonic=JMP;instruction=JMP 0x004993d2;inputs=;results=;flows=004993d2;fallthrough=
instruction_reference	0049889a	FUN_0049889a	004993c1	004993d2	UNCONDITIONAL_JUMP	LAB_004993d2	operand_index=0;primary=true;source=DEFAULT
instruction	0049889a	FUN_0049889a	004993c3	004993c9	FALL_THROUGH	FUN_0049889a	bytes=8B9574FEFFFF;mnemonic=MOV;instruction=MOV EDX,dword ptr [EBP + 0xfffffe74];inputs=EBP,0xfffffe74;results=EDX;flows=;fallthrough=004993c9
instruction_reference	0049889a	FUN_0049889a	004993c3	Stack[-0x190]	READ		operand_index=1;primary=true;source=ANALYSIS
instruction	0049889a	FUN_0049889a	004993c9	004993cc	FALL_THROUGH	FUN_0049889a	bytes=83C201;mnemonic=ADD;instruction=ADD EDX,0x1;inputs=0x0,0x1,EDX,0xff;results=CF,PF,ZF,SF,EDX,OF;flows=;fallthrough=004993cc
instruction	0049889a	FUN_0049889a	004993cc	004993d2	FALL_THROUGH	FUN_0049889a	bytes=899574FEFFFF;mnemonic=MOV;instruction=MOV dword ptr [EBP + 0xfffffe74],EDX;inputs=EBP,EDX,0xfffffe74;results=;flows=;fallthrough=004993d2
instruction_reference	0049889a	FUN_0049889a	004993cc	Stack[-0x190]	WRITE		operand_index=0;primary=true;source=ANALYSIS
instruction	0049889a	FUN_0049889a	004993d2	004993d9	FALL_THROUGH	FUN_0049889a	bytes=83BD74FEFFFF08;mnemonic=CMP;instruction=CMP dword ptr [EBP + 0xfffffe74],0x8;inputs=0x0,0x1,EBP,0x8,0xfffffe74,0xff;results=CF,PF,ZF,SF,OF;flows=;fallthrough=004993d9
instruction_reference	0049889a	FUN_0049889a	004993d2	Stack[-0x190]	READ		operand_index=0;primary=true;source=ANALYSIS
instruction	0049889a	FUN_0049889a	004993d9	004993db	CONDITIONAL_JUMP	FUN_0049889a	bytes=7D33;mnemonic=JGE;instruction=JGE 0x0049940e;inputs=SF,OF;results=;flows=0049940e;fallthrough=004993db
instruction_reference	0049889a	FUN_0049889a	004993d9	0049940e	CONDITIONAL_JUMP	LAB_0049940e	operand_index=0;primary=true;source=DEFAULT
instruction	0049889a	FUN_0049889a	004993db	004993de	FALL_THROUGH	FUN_0049889a	bytes=8B45A4;mnemonic=MOV;instruction=MOV EAX,dword ptr [EBP + -0x5c];inputs=EBP,0xffffffa4;results=EAX;flows=;fallthrough=004993de
instruction_reference	0049889a	FUN_0049889a	004993db	Stack[-0x60]	READ		operand_index=1;primary=true;source=ANALYSIS
instruction	0049889a	FUN_0049889a	004993de	004993e4	FALL_THROUGH	FUN_0049889a	bytes=038574FEFFFF;mnemonic=ADD;instruction=ADD EAX,dword ptr [EBP + 0xfffffe74];inputs=EAX,0x0,0x1,EBP,0xfffffe74,0xff;results=CF,EAX,PF,ZF,SF,OF;flows=;fallthrough=004993e4
instruction_reference	0049889a	FUN_0049889a	004993de	Stack[-0x190]	READ		operand_index=1;primary=true;source=ANALYSIS
instruction	0049889a	FUN_0049889a	004993e4	004993e8	FALL_THROUGH	FUN_0049889a	bytes=0FBE480C;mnemonic=MOVSX;instruction=MOVSX ECX,byte ptr [EAX + 0xc];inputs=EAX,0xc;results=ECX;flows=;fallthrough=004993e8
instruction	0049889a	FUN_0049889a	004993e8	004993eb	FALL_THROUGH	FUN_0049889a	bytes=83F930;mnemonic=CMP;instruction=CMP ECX,0x30;inputs=0x30,0x0,0x1,ECX,0xff;results=CF,PF,ZF,SF,OF;flows=;fallthrough=004993eb
instruction	0049889a	FUN_0049889a	004993eb	004993ed	CONDITIONAL_JUMP	FUN_0049889a	bytes=7C12;mnemonic=JL;instruction=JL 0x004993ff;inputs=SF,OF;results=;flows=004993ff;fallthrough=004993ed
instruction_reference	0049889a	FUN_0049889a	004993eb	004993ff	CONDITIONAL_JUMP	LAB_004993ff	operand_index=0;primary=true;source=DEFAULT
instruction	0049889a	FUN_0049889a	004993ed	004993f0	FALL_THROUGH	FUN_0049889a	bytes=8B55A4;mnemonic=MOV;instruction=MOV EDX,dword ptr [EBP + -0x5c];inputs=EBP,0xffffffa4;results=EDX;flows=;fallthrough=004993f0
instruction_reference	0049889a	FUN_0049889a	004993ed	Stack[-0x60]	READ		operand_index=1;primary=true;source=ANALYSIS
instruction	0049889a	FUN_0049889a	004993f0	004993f6	FALL_THROUGH	FUN_0049889a	bytes=039574FEFFFF;mnemonic=ADD;instruction=ADD EDX,dword ptr [EBP + 0xfffffe74];inputs=0x0,0x1,EBP,EDX,0xfffffe74,0xff;results=CF,PF,ZF,SF,EDX,OF;flows=;fallthrough=004993f6
instruction_reference	0049889a	FUN_0049889a	004993f0	Stack[-0x190]	READ		operand_index=1;primary=true;source=ANALYSIS
instruction	0049889a	FUN_0049889a	004993f6	004993fa	FALL_THROUGH	FUN_0049889a	bytes=0FBE420C;mnemonic=MOVSX;instruction=MOVSX EAX,byte ptr [EDX + 0xc];inputs=EDX,0xc;results=EAX;flows=;fallthrough=004993fa
instruction	0049889a	FUN_0049889a	004993fa	004993fd	FALL_THROUGH	FUN_0049889a	bytes=83F839;mnemonic=CMP;instruction=CMP EAX,0x39;inputs=EAX,0x0,0x1,0x39,0xff;results=CF,PF,ZF,SF,OF;flows=;fallthrough=004993fd
instruction	0049889a	FUN_0049889a	004993fd	004993ff	CONDITIONAL_JUMP	FUN_0049889a	bytes=7E0D;mnemonic=JLE;instruction=JLE 0x0049940c;inputs=ZF,SF,OF;results=;flows=0049940c;fallthrough=004993ff
instruction_reference	0049889a	FUN_0049889a	004993fd	0049940c	CONDITIONAL_JUMP	LAB_0049940c	operand_index=0;primary=true;source=DEFAULT
instruction	0049889a	FUN_0049889a	004993ff	00499402	FALL_THROUGH	FUN_0049889a	bytes=8B4DA4;mnemonic=MOV;instruction=MOV ECX,dword ptr [EBP + -0x5c];inputs=EBP,0xffffffa4;results=ECX;flows=;fallthrough=00499402
instruction_reference	0049889a	FUN_0049889a	004993ff	Stack[-0x60]	READ		operand_index=1;primary=true;source=ANALYSIS
instruction	0049889a	FUN_0049889a	00499402	00499408	FALL_THROUGH	FUN_0049889a	bytes=038D74FEFFFF;mnemonic=ADD;instruction=ADD ECX,dword ptr [EBP + 0xfffffe74];inputs=0x0,0x1,EBP,ECX,0xfffffe74,0xff;results=CF,PF,ECX,ZF,SF,OF;flows=;fallthrough=00499408
instruction_reference	0049889a	FUN_0049889a	00499402	Stack[-0x190]	READ		operand_index=1;primary=true;source=ANALYSIS
instruction	0049889a	FUN_0049889a	00499408	0049940c	FALL_THROUGH	FUN_0049889a	bytes=C6410C30;mnemonic=MOV;instruction=MOV byte ptr [ECX + 0xc],0x30;inputs=0x30,ECX,0xc;results=;flows=;fallthrough=0049940c
instruction	0049889a	FUN_0049889a	0049940c		UNCONDITIONAL_JUMP	FUN_0049889a	bytes=EBB5;mnemonic=JMP;instruction=JMP 0x004993c3;inputs=;results=;flows=004993c3;fallthrough=
instruction_reference	0049889a	FUN_0049889a	0049940c	004993c3	UNCONDITIONAL_JUMP	LAB_004993c3	operand_index=0;primary=true;source=DEFAULT
instruction	0049889a	FUN_0049889a	0049940e	00499411	FALL_THROUGH	FUN_0049889a	bytes=8B55A4;mnemonic=MOV;instruction=MOV EDX,dword ptr [EBP + -0x5c];inputs=EBP,0xffffffa4;results=EDX;flows=;fallthrough=00499411
instruction_reference	0049889a	FUN_0049889a	0049940e	Stack[-0x60]	READ		operand_index=1;primary=true;source=ANALYSIS
instruction	0049889a	FUN_0049889a	00499411	00499415	FALL_THROUGH	FUN_0049889a	bytes=0FBE420E;mnemonic=MOVSX;instruction=MOVSX EAX,byte ptr [EDX + 0xe];inputs=EDX,0xe;results=EAX;flows=;fallthrough=00499415
instruction	0049889a	FUN_0049889a	00499415	00499418	FALL_THROUGH	FUN_0049889a	bytes=83E830;mnemonic=SUB;instruction=SUB EAX,0x30;inputs=EAX,0x30,0x0,0x1,0xff;results=CF,EAX,PF,ZF,SF,OF;flows=;fallthrough=00499418
instruction	0049889a	FUN_0049889a	00499418	0049941d	FALL_THROUGH	FUN_0049889a	bytes=25FFFF0000;mnemonic=AND;instruction=AND EAX,0xffff;inputs=0x0,EAX,0x1,0xffff,0xff;results=CF,EAX,PF,ZF,SF,OF;flows=;fallthrough=0049941d
instruction	0049889a	FUN_0049889a	0049941d	00499420	FALL_THROUGH	FUN_0049889a	bytes=6BC00A;mnemonic=IMUL;instruction=IMUL EAX,EAX,0xa;inputs=EAX,0x0,0x4,0xa;results=EAX,CF,OF;flows=;fallthrough=00499420
instruction	0049889a	FUN_0049889a	00499420	00499423	FALL_THROUGH	FUN_0049889a	bytes=8B4DA4;mnemonic=MOV;instruction=MOV ECX,dword ptr [EBP + -0x5c];inputs=EBP,0xffffffa4;results=ECX;flows=;fallthrough=00499423
instruction_reference	0049889a	FUN_0049889a	00499420	Stack[-0x60]	READ		operand_index=1;primary=true;source=ANALYSIS
instruction	0049889a	FUN_0049889a	00499423	00499427	FALL_THROUGH	FUN_0049889a	bytes=0FBE510F;mnemonic=MOVSX;instruction=MOVSX EDX,byte ptr [ECX + 0xf];inputs=ECX,0xf;results=EDX;flows=;fallthrough=00499427
instruction	0049889a	FUN_0049889a	00499427	0049942a	FALL_THROUGH	FUN_0049889a	bytes=83EA30;mnemonic=SUB;instruction=SUB EDX,0x30;inputs=0x30,0x0,0x1,EDX,0xff;results=CF,PF,ZF,SF,EDX,OF;flows=;fallthrough=0049942a
instruction	0049889a	FUN_0049889a	0049942a	00499430	FALL_THROUGH	FUN_0049889a	bytes=81E2FFFF0000;mnemonic=AND;instruction=AND EDX,0xffff;inputs=0x0,0x1,EDX,0xffff,0xff;results=CF,PF,ZF,SF,EDX,OF;flows=;fallthrough=00499430
instruction	0049889a	FUN_0049889a	00499430	00499432	FALL_THROUGH	FUN_0049889a	bytes=03C2;mnemonic=ADD;instruction=ADD EAX,EDX;inputs=EAX,0x0,0x1,EDX,0xff;results=CF,EAX,PF,ZF,SF,OF;flows=;fallthrough=00499432
instruction	0049889a	FUN_0049889a	00499432	00499438	FALL_THROUGH	FUN_0049889a	bytes=8B8D70FEFFFF;mnemonic=MOV;instruction=MOV ECX,dword ptr [EBP + 0xfffffe70];inputs=EBP,0xfffffe70;results=ECX;flows=;fallthrough=00499438
instruction_reference	0049889a	FUN_0049889a	00499432	Stack[-0x194]	READ		operand_index=1;primary=true;source=ANALYSIS
instruction	0049889a	FUN_0049889a	00499438	0049943f	FALL_THROUGH	FUN_0049889a	bytes=66898194760200;mnemonic=MOV;instruction=MOV word ptr [ECX + 0x27694],AX;inputs=AX,ECX,0x27694;results=;flows=;fallthrough=0049943f
instruction	0049889a	FUN_0049889a	0049943f	00499442	FALL_THROUGH	FUN_0049889a	bytes=8B55A4;mnemonic=MOV;instruction=MOV EDX,dword ptr [EBP + -0x5c];inputs=EBP,0xffffffa4;results=EDX;flows=;fallthrough=00499442
instruction_reference	0049889a	FUN_0049889a	0049943f	Stack[-0x60]	READ		operand_index=1;primary=true;source=ANALYSIS
instruction	0049889a	FUN_0049889a	00499442	00499446	FALL_THROUGH	FUN_0049889a	bytes=0FBE4210;mnemonic=MOVSX;instruction=MOVSX EAX,byte ptr [EDX + 0x10];inputs=0x10,EDX;results=EAX;flows=;fallthrough=00499446
instruction	0049889a	FUN_0049889a	00499446	00499449	FALL_THROUGH	FUN_0049889a	bytes=83E830;mnemonic=SUB;instruction=SUB EAX,0x30;inputs=EAX,0x30,0x0,0x1,0xff;results=CF,EAX,PF,ZF,SF,OF;flows=;fallthrough=00499449
instruction	0049889a	FUN_0049889a	00499449	0049944e	FALL_THROUGH	FUN_0049889a	bytes=25FFFF0000;mnemonic=AND;instruction=AND EAX,0xffff;inputs=0x0,EAX,0x1,0xffff,0xff;results=CF,EAX,PF,ZF,SF,OF;flows=;fallthrough=0049944e
instruction	0049889a	FUN_0049889a	0049944e	00499451	FALL_THROUGH	FUN_0049889a	bytes=6BC00A;mnemonic=IMUL;instruction=IMUL EAX,EAX,0xa;inputs=EAX,0x0,0x4,0xa;results=EAX,CF,OF;flows=;fallthrough=00499451
instruction	0049889a	FUN_0049889a	00499451	00499454	FALL_THROUGH	FUN_0049889a	bytes=8B4DA4;mnemonic=MOV;instruction=MOV ECX,dword ptr [EBP + -0x5c];inputs=EBP,0xffffffa4;results=ECX;flows=;fallthrough=00499454
instruction_reference	0049889a	FUN_0049889a	00499451	Stack[-0x60]	READ		operand_index=1;primary=true;source=ANALYSIS
instruction	0049889a	FUN_0049889a	00499454	00499458	FALL_THROUGH	FUN_0049889a	bytes=0FBE5111;mnemonic=MOVSX;instruction=MOVSX EDX,byte ptr [ECX + 0x11];inputs=0x11,ECX;results=EDX;flows=;fallthrough=00499458
instruction	0049889a	FUN_0049889a	00499458	0049945b	FALL_THROUGH	FUN_0049889a	bytes=83EA30;mnemonic=SUB;instruction=SUB EDX,0x30;inputs=0x30,0x0,0x1,EDX,0xff;results=CF,PF,ZF,SF,EDX,OF;flows=;fallthrough=0049945b
instruction	0049889a	FUN_0049889a	0049945b	00499461	FALL_THROUGH	FUN_0049889a	bytes=81E2FFFF0000;mnemonic=AND;instruction=AND EDX,0xffff;inputs=0x0,0x1,EDX,0xffff,0xff;results=CF,PF,ZF,SF,EDX,OF;flows=;fallthrough=00499461
instruction	0049889a	FUN_0049889a	00499461	00499463	FALL_THROUGH	FUN_0049889a	bytes=03C2;mnemonic=ADD;instruction=ADD EAX,EDX;inputs=EAX,0x0,0x1,EDX,0xff;results=CF,EAX,PF,ZF,SF,OF;flows=;fallthrough=00499463
instruction	0049889a	FUN_0049889a	00499463	00499469	FALL_THROUGH	FUN_0049889a	bytes=8B8D70FEFFFF;mnemonic=MOV;instruction=MOV ECX,dword ptr [EBP + 0xfffffe70];inputs=EBP,0xfffffe70;results=ECX;flows=;fallthrough=00499469
instruction_reference	0049889a	FUN_0049889a	00499463	Stack[-0x194]	READ		operand_index=1;primary=true;source=ANALYSIS
instruction	0049889a	FUN_0049889a	00499469	00499470	FALL_THROUGH	FUN_0049889a	bytes=6689818E760200;mnemonic=MOV;instruction=MOV word ptr [ECX + 0x2768e],AX;inputs=AX,ECX,0x2768e;results=;flows=;fallthrough=00499470
instruction	0049889a	FUN_0049889a	00499470	00499473	FALL_THROUGH	FUN_0049889a	bytes=8B55A4;mnemonic=MOV;instruction=MOV EDX,dword ptr [EBP + -0x5c];inputs=EBP,0xffffffa4;results=EDX;flows=;fallthrough=00499473
instruction_reference	0049889a	FUN_0049889a	00499470	Stack[-0x60]	READ		operand_index=1;primary=true;source=ANALYSIS
instruction	0049889a	FUN_0049889a	00499473	00499477	FALL_THROUGH	FUN_0049889a	bytes=0FBE4212;mnemonic=MOVSX;instruction=MOVSX EAX,byte ptr [EDX + 0x12];inputs=0x12,EDX;results=EAX;flows=;fallthrough=00499477
instruction	0049889a	FUN_0049889a	00499477	0049947a	FALL_THROUGH	FUN_0049889a	bytes=83E830;mnemonic=SUB;instruction=SUB EAX,0x30;inputs=EAX,0x30,0x0,0x1,0xff;results=CF,EAX,PF,ZF,SF,OF;flows=;fallthrough=0049947a
instruction	0049889a	FUN_0049889a	0049947a	0049947f	FALL_THROUGH	FUN_0049889a	bytes=25FFFF0000;mnemonic=AND;instruction=AND EAX,0xffff;inputs=0x0,EAX,0x1,0xffff,0xff;results=CF,EAX,PF,ZF,SF,OF;flows=;fallthrough=0049947f
instruction	0049889a	FUN_0049889a	0049947f	00499482	FALL_THROUGH	FUN_0049889a	bytes=6BC00A;mnemonic=IMUL;instruction=IMUL EAX,EAX,0xa;inputs=EAX,0x0,0x4,0xa;results=EAX,CF,OF;flows=;fallthrough=00499482
instruction	0049889a	FUN_0049889a	00499482	00499485	FALL_THROUGH	FUN_0049889a	bytes=8B4DA4;mnemonic=MOV;instruction=MOV ECX,dword ptr [EBP + -0x5c];inputs=EBP,0xffffffa4;results=ECX;flows=;fallthrough=00499485
instruction_reference	0049889a	FUN_0049889a	00499482	Stack[-0x60]	READ		operand_index=1;primary=true;source=ANALYSIS
instruction	0049889a	FUN_0049889a	00499485	00499489	FALL_THROUGH	FUN_0049889a	bytes=0FBE5113;mnemonic=MOVSX;instruction=MOVSX EDX,byte ptr [ECX + 0x13];inputs=0x13,ECX;results=EDX;flows=;fallthrough=00499489
instruction	0049889a	FUN_0049889a	00499489	0049948c	FALL_THROUGH	FUN_0049889a	bytes=83EA30;mnemonic=SUB;instruction=SUB EDX,0x30;inputs=0x30,0x0,0x1,EDX,0xff;results=CF,PF,ZF,SF,EDX,OF;flows=;fallthrough=0049948c
instruction	0049889a	FUN_0049889a	0049948c	00499492	FALL_THROUGH	FUN_0049889a	bytes=81E2FFFF0000;mnemonic=AND;instruction=AND EDX,0xffff;inputs=0x0,0x1,EDX,0xffff,0xff;results=CF,PF,ZF,SF,EDX,OF;flows=;fallthrough=00499492
instruction	0049889a	FUN_0049889a	00499492	00499494	FALL_THROUGH	FUN_0049889a	bytes=03C2;mnemonic=ADD;instruction=ADD EAX,EDX;inputs=EAX,0x0,0x1,EDX,0xff;results=CF,EAX,PF,ZF,SF,OF;flows=;fallthrough=00499494
instruction	0049889a	FUN_0049889a	00499494	0049949a	FALL_THROUGH	FUN_0049889a	bytes=8B8D70FEFFFF;mnemonic=MOV;instruction=MOV ECX,dword ptr [EBP + 0xfffffe70];inputs=EBP,0xfffffe70;results=ECX;flows=;fallthrough=0049949a
instruction_reference	0049889a	FUN_0049889a	00499494	Stack[-0x194]	READ		operand_index=1;primary=true;source=ANALYSIS
instruction	0049889a	FUN_0049889a	0049949a	004994a1	FALL_THROUGH	FUN_0049889a	bytes=66898198760200;mnemonic=MOV;instruction=MOV word ptr [ECX + 0x27698],AX;inputs=AX,ECX,0x27698;results=;flows=;fallthrough=004994a1
instruction	0049889a	FUN_0049889a	004994a1	004994a7	FALL_THROUGH	FUN_0049889a	bytes=8B1554E69200;mnemonic=MOV;instruction=MOV EDX,dword ptr [0x0092e654];inputs=0092e654;results=EDX;flows=;fallthrough=004994a7
instruction_reference	0049889a	FUN_0049889a	004994a1	0092e654	READ	DAT_0092e654	operand_index=1;primary=true;source=DEFAULT
instruction	0049889a	FUN_0049889a	004994a7	004994a9	FALL_THROUGH	FUN_0049889a	bytes=8B02;mnemonic=MOV;instruction=MOV EAX,dword ptr [EDX];inputs=EDX;results=EAX;flows=;fallthrough=004994a9
instruction	0049889a	FUN_0049889a	004994a9	004994af	FALL_THROUGH	FUN_0049889a	bytes=8B0D54E69200;mnemonic=MOV;instruction=MOV ECX,dword ptr [0x0092e654];inputs=0092e654;results=ECX;flows=;fallthrough=004994af
instruction_reference	0049889a	FUN_0049889a	004994a9	0092e654	READ	DAT_0092e654	operand_index=1;primary=true;source=DEFAULT
instruction	0049889a	FUN_0049889a	004994af	004994b2	COMPUTED_CALL	FUN_0049889a	bytes=FF5008;mnemonic=CALL;instruction=CALL dword ptr [EAX + 0x8];inputs=EAX,ESP,0x4,0x8,0x4994b2;results=ESP;flows=;fallthrough=004994b2
instruction	0049889a	FUN_0049889a	004994b2	004994b8	FALL_THROUGH	FUN_0049889a	bytes=8B8D70FEFFFF;mnemonic=MOV;instruction=MOV ECX,dword ptr [EBP + 0xfffffe70];inputs=EBP,0xfffffe70;results=ECX;flows=;fallthrough=004994b8
instruction_reference	0049889a	FUN_0049889a	004994b2	Stack[-0x194]	READ		operand_index=1;primary=true;source=ANALYSIS
instruction	0049889a	FUN_0049889a	004994b8	004994be	FALL_THROUGH	FUN_0049889a	bytes=89819C760200;mnemonic=MOV;instruction=MOV dword ptr [ECX + 0x2769c],EAX;inputs=EAX,ECX,0x2769c;results=;flows=;fallthrough=004994be
instruction	0049889a	FUN_0049889a	004994be	004994c3	FALL_THROUGH	FUN_0049889a	bytes=B801000000;mnemonic=MOV;instruction=MOV EAX,0x1;inputs=0x1;results=EAX;flows=;fallthrough=004994c3
instruction	0049889a	FUN_0049889a	004994c3		UNCONDITIONAL_JUMP	FUN_0049889a	bytes=E9C0090000;mnemonic=JMP;instruction=JMP 0x00499e88;inputs=;results=;flows=00499e88;fallthrough=
instruction_reference	0049889a	FUN_0049889a	004994c3	00499e88	UNCONDITIONAL_JUMP	LAB_00499e88	operand_index=0;primary=true;source=DEFAULT
instruction	0049889a	FUN_0049889a	004994c8		UNCONDITIONAL_JUMP	FUN_0049889a	bytes=E9A7050000;mnemonic=JMP;instruction=JMP 0x00499a74;inputs=;results=;flows=00499a74;fallthrough=
instruction_reference	0049889a	FUN_0049889a	004994c8	00499a74	UNCONDITIONAL_JUMP	LAB_00499a74	operand_index=0;primary=true;source=DEFAULT
instruction	0049889a	FUN_0049889a	004994cd	004994d0	FALL_THROUGH	FUN_0049889a	bytes=8B55A4;mnemonic=MOV;instruction=MOV EDX,dword ptr [EBP + -0x5c];inputs=EBP,0xffffffa4;results=EDX;flows=;fallthrough=004994d0
instruction_reference	0049889a	FUN_0049889a	004994cd	Stack[-0x60]	READ		operand_index=1;primary=true;source=ANALYSIS
instruction	0049889a	FUN_0049889a	004994d0	004994d4	FALL_THROUGH	FUN_0049889a	bytes=0FBE420C;mnemonic=MOVSX;instruction=MOVSX EAX,byte ptr [EDX + 0xc];inputs=EDX,0xc;results=EAX;flows=;fallthrough=004994d4
instruction	0049889a	FUN_0049889a	004994d4	004994d7	FALL_THROUGH	FUN_0049889a	bytes=83F821;mnemonic=CMP;instruction=CMP EAX,0x21;inputs=EAX,0x0,0x21,0x1,0xff;results=CF,PF,ZF,SF,OF;flows=;fallthrough=004994d7
instruction	0049889a	FUN_0049889a	004994d7	004994dd	CONDITIONAL_JUMP	FUN_0049889a	bytes=0F855B040000;mnemonic=JNZ;instruction=JNZ 0x00499938;inputs=ZF;results=;flows=00499938;fallthrough=004994dd
instruction_reference	0049889a	FUN_0049889a	004994d7	00499938	CONDITIONAL_JUMP	LAB_00499938	operand_index=0;primary=true;source=DEFAULT
instruction	0049889a	FUN_0049889a	004994dd	004994e3	FALL_THROUGH	FUN_0049889a	bytes=8D8D60FEFFFF;mnemonic=LEA;instruction=LEA ECX,[EBP + 0xfffffe60];inputs=EBP,0xfffffe60;results=ECX;flows=;fallthrough=004994e3
instruction_reference	0049889a	FUN_0049889a	004994dd	Stack[-0x1a4]	DATA		operand_index=0;primary=true;source=ANALYSIS
instruction	0049889a	FUN_0049889a	004994e3	004994e4	FALL_THROUGH	FUN_0049889a	bytes=51;mnemonic=PUSH;instruction=PUSH ECX;inputs=ESP,ECX,0x4;results=ESP;flows=;fallthrough=004994e4
instruction	0049889a	FUN_0049889a	004994e4	004994ea	COMPUTED_CALL	FUN_0049889a	bytes=FF1508325A00;mnemonic=CALL;instruction=CALL dword ptr [0x005a3208];inputs=ESP,0x4994ea,0x4,005a3208;results=ESP;flows=EXTERNAL:0000005b;fallthrough=004994ea
instruction_reference	0049889a	FUN_0049889a	004994e4	005a3208	READ	PTR_GetLocalTime_005a3208	operand_index=0;primary=true;source=DEFAULT
instruction_reference	0049889a	FUN_0049889a	004994e4	EXTERNAL:0000005b	COMPUTED_CALL	GetLocalTime	operand_index=-1;primary=true;source=ANALYSIS
instruction	0049889a	FUN_0049889a	004994ea	004994f0	FALL_THROUGH	FUN_0049889a	bytes=8B1538CF6700;mnemonic=MOV;instruction=MOV EDX,dword ptr [0x0067cf38];inputs=0067cf38;results=EDX;flows=;fallthrough=004994f0
instruction_reference	0049889a	FUN_0049889a	004994ea	0067cf38	READ	DAT_0067cf38	operand_index=1;primary=true;source=DEFAULT
instruction	0049889a	FUN_0049889a	004994f0	004994f7	FALL_THROUGH	FUN_0049889a	bytes=817A2430750000;mnemonic=CMP;instruction=CMP dword ptr [EDX + 0x24],0x7530;inputs=0x7530,0x0,0x1,0x24,EDX,0xff;results=CF,PF,ZF,SF,OF;flows=;fallthrough=004994f7
instruction	0049889a	FUN_0049889a	004994f7	004994fd	CONDITIONAL_JUMP	FUN_0049889a	bytes=0F857D020000;mnemonic=JNZ;instruction=JNZ 0x0049977a;inputs=ZF;results=;flows=0049977a;fallthrough=004994fd
instruction_reference	0049889a	FUN_0049889a	004994f7	0049977a	CONDITIONAL_JUMP	LAB_0049977a	operand_index=0;primary=true;source=DEFAULT
instruction	0049889a	FUN_0049889a	004994fd	00499502	FALL_THROUGH	FUN_0049889a	bytes=A138CF6700;mnemonic=MOV;instruction=MOV EAX,[0x0067cf38];inputs=0067cf38;results=EAX;flows=;fallthrough=00499502
instruction_reference	0049889a	FUN_0049889a	004994fd	0067cf38	READ	DAT_0067cf38	operand_index=1;primary=true;source=DEFAULT
instruction	0049889a	FUN_0049889a	00499502	00499508	FALL_THROUGH	FUN_0049889a	bytes=898550FDFFFF;mnemonic=MOV;instruction=MOV dword ptr [EBP + 0xfffffd50],EAX;inputs=EAX,EBP,0xfffffd50;results=;flows=;fallthrough=00499508
instruction_reference	0049889a	FUN_0049889a	00499502	Stack[-0x2b4]	WRITE		operand_index=0;primary=true;source=ANALYSIS
instruction	0049889a	FUN_0049889a	00499508	0049950d	FALL_THROUGH	FUN_0049889a	bytes=68500E0000;mnemonic=PUSH;instruction=PUSH 0xe50;inputs=0xe50,ESP,0x4;results=ESP;flows=;fallthrough=0049950d
instruction	0049889a	FUN_0049889a	0049950d	00499512	UNCONDITIONAL_CALL	FUN_0049889a	bytes=E8B85B0F00;mnemonic=CALL;instruction=CALL 0x0058f0ca;inputs=ESP,0x4,0x499512;results=ESP;flows=0058f0ca;fallthrough=00499512
instruction_reference	0049889a	FUN_0049889a	0049950d	0058f0ca	UNCONDITIONAL_CALL	operator_new	operand_index=0;primary=true;source=DEFAULT
instruction	0049889a	FUN_0049889a	00499512	00499515	FALL_THROUGH	FUN_0049889a	bytes=83C404;mnemonic=ADD;instruction=ADD ESP,0x4;inputs=ESP,0x0,0x1,0x4,0xff;results=CF,ESP,PF,ZF,SF,OF;flows=;fallthrough=00499515
instruction	0049889a	FUN_0049889a	00499515	0049951b	FALL_THROUGH	FUN_0049889a	bytes=8985A8FCFFFF;mnemonic=MOV;instruction=MOV dword ptr [EBP + 0xfffffca8],EAX;inputs=EAX,EBP,0xfffffca8;results=;flows=;fallthrough=0049951b
instruction_reference	0049889a	FUN_0049889a	00499515	Stack[-0x35c]	WRITE		operand_index=0;primary=true;source=ANALYSIS
instruction	0049889a	FUN_0049889a	0049951b	00499522	FALL_THROUGH	FUN_0049889a	bytes=C745FC01000000;mnemonic=MOV;instruction=MOV dword ptr [EBP + -0x4],0x1;inputs=0x1,0xfffffffc,EBP;results=;flows=;fallthrough=00499522
instruction_reference	0049889a	FUN_0049889a	0049951b	Stack[-0x8]	WRITE		operand_index=0;primary=true;source=ANALYSIS
instruction	0049889a	FUN_0049889a	00499522	00499529	FALL_THROUGH	FUN_0049889a	bytes=83BDA8FCFFFF00;mnemonic=CMP;instruction=CMP dword ptr [EBP + 0xfffffca8],0x0;inputs=0x0,0x1,EBP,0xfffffca8,0xff;results=CF,PF,ZF,SF,OF;flows=;fallthrough=00499529
instruction_reference	0049889a	FUN_0049889a	00499522	Stack[-0x35c]	READ		operand_index=0;primary=true;source=ANALYSIS
instruction	0049889a	FUN_0049889a	00499529	0049952b	CONDITIONAL_JUMP	FUN_0049889a	bytes=7433;mnemonic=JZ;instruction=JZ 0x0049955e;inputs=ZF;results=;flows=0049955e;fallthrough=0049952b
instruction_reference	0049889a	FUN_0049889a	00499529	0049955e	CONDITIONAL_JUMP	LAB_0049955e	operand_index=0;primary=true;source=DEFAULT
instruction	0049889a	FUN_0049889a	0049952b	0049952d	FALL_THROUGH	FUN_0049889a	bytes=6A00;mnemonic=PUSH;instruction=PUSH 0x0;inputs=0x0,ESP,0x4;results=ESP;flows=;fallthrough=0049952d
instruction	0049889a	FUN_0049889a	0049952d	0049952f	FALL_THROUGH	FUN_0049889a	bytes=6A01;mnemonic=PUSH;instruction=PUSH 0x1;inputs=ESP,0x1,0x4;results=ESP;flows=;fallthrough=0049952f
instruction	0049889a	FUN_0049889a	0049952f	00499534	FALL_THROUGH	FUN_0049889a	bytes=6877777777;mnemonic=PUSH;instruction=PUSH 0x77777777;inputs=0x77777777,ESP,0x4;results=ESP;flows=;fallthrough=00499534
instruction	0049889a	FUN_0049889a	00499534	00499536	FALL_THROUGH	FUN_0049889a	bytes=6A00;mnemonic=PUSH;instruction=PUSH 0x0;inputs=0x0,ESP,0x4;results=ESP;flows=;fallthrough=00499536
instruction	0049889a	FUN_0049889a	00499536	0049953b	FALL_THROUGH	FUN_0049889a	bytes=6800008041;mnemonic=PUSH;instruction=PUSH 0x41800000;inputs=0x41800000,ESP,0x4;results=ESP;flows=;fallthrough=0049953b
instruction	0049889a	FUN_0049889a	0049953b	00499540	FALL_THROUGH	FUN_0049889a	bytes=6800009643;mnemonic=PUSH;instruction=PUSH 0x43960000;inputs=ESP,0x4,0x43960000;results=ESP;flows=;fallthrough=00499540
instruction	0049889a	FUN_0049889a	00499540	00499542	FALL_THROUGH	FUN_0049889a	bytes=6A00;mnemonic=PUSH;instruction=PUSH 0x0;inputs=0x0,ESP,0x4;results=ESP;flows=;fallthrough=00499542
instruction	0049889a	FUN_0049889a	00499542	00499544	FALL_THROUGH	FUN_0049889a	bytes=6A00;mnemonic=PUSH;instruction=PUSH 0x0;inputs=0x0,ESP,0x4;results=ESP;flows=;fallthrough=00499544
instruction	0049889a	FUN_0049889a	00499544	00499546	FALL_THROUGH	FUN_0049889a	bytes=6AFF;mnemonic=PUSH;instruction=PUSH -0x1;inputs=0xffffffff,ESP,0x4;results=ESP;flows=;fallthrough=00499546
instruction	0049889a	FUN_0049889a	00499546	0049954b	FALL_THROUGH	FUN_0049889a	bytes=6824905B00;mnemonic=PUSH;instruction=PUSH 0x5b9024;inputs=ESP,0x4,0x5b9024;results=ESP;flows=;fallthrough=0049954b
instruction_reference	0049889a	FUN_0049889a	00499546	005b9024	DATA	DAT_005b9024	operand_index=0;primary=true;source=ANALYSIS
instruction	0049889a	FUN_0049889a	0049954b	00499551	FALL_THROUGH	FUN_0049889a	bytes=8B8DA8FCFFFF;mnemonic=MOV;instruction=MOV ECX,dword ptr [EBP + 0xfffffca8];inputs=EBP,0xfffffca8;results=ECX;flows=;fallthrough=00499551
instruction_reference	0049889a	FUN_0049889a	0049954b	Stack[-0x35c]	READ		operand_index=1;primary=true;source=ANALYSIS
instruction	0049889a	FUN_0049889a	00499551	00499556	UNCONDITIONAL_CALL	FUN_0049889a	bytes=E8ADDCF6FF;mnemonic=CALL;instruction=CALL 0x00407203;inputs=ESP,0x4,0x499556;results=ESP;flows=00407203;fallthrough=00499556
instruction_reference	0049889a	FUN_0049889a	00499551	00407203	UNCONDITIONAL_CALL	FUN_00407203	operand_index=0;primary=true;source=DEFAULT
instruction	0049889a	FUN_0049889a	00499556	0049955c	FALL_THROUGH	FUN_0049889a	bytes=898564FCFFFF;mnemonic=MOV;instruction=MOV dword ptr [EBP + 0xfffffc64],EAX;inputs=EAX,EBP,0xfffffc64;results=;flows=;fallthrough=0049955c
instruction_reference	0049889a	FUN_0049889a	00499556	Stack[-0x3a0]	WRITE		operand_index=0;primary=true;source=ANALYSIS
instruction	0049889a	FUN_0049889a	0049955c		UNCONDITIONAL_JUMP	FUN_0049889a	bytes=EB0A;mnemonic=JMP;instruction=JMP 0x00499568;inputs=;results=;flows=00499568;fallthrough=
instruction_reference	0049889a	FUN_0049889a	0049955c	00499568	UNCONDITIONAL_JUMP	LAB_00499568	operand_index=0;primary=true;source=DEFAULT
instruction	0049889a	FUN_0049889a	0049955e	00499568	FALL_THROUGH	FUN_0049889a	bytes=C78564FCFFFF00000000;mnemonic=MOV;instruction=MOV dword ptr [EBP + 0xfffffc64],0x0;inputs=0x0,EBP,0xfffffc64;results=;flows=;fallthrough=00499568
instruction_reference	0049889a	FUN_0049889a	0049955e	Stack[-0x3a0]	WRITE		operand_index=0;primary=true;source=ANALYSIS
instruction	0049889a	FUN_0049889a	00499568	0049956e	FALL_THROUGH	FUN_0049889a	bytes=8B8D64FCFFFF;mnemonic=MOV;instruction=MOV ECX,dword ptr [EBP + 0xfffffc64];inputs=EBP,0xfffffc64;results=ECX;flows=;fallthrough=0049956e
instruction_reference	0049889a	FUN_0049889a	00499568	Stack[-0x3a0]	READ		operand_index=1;primary=true;source=ANALYSIS
instruction	0049889a	FUN_0049889a	0049956e	00499574	FALL_THROUGH	FUN_0049889a	bytes=898DACFCFFFF;mnemonic=MOV;instruction=MOV dword ptr [EBP + 0xfffffcac],ECX;inputs=0xfffffcac,EBP,ECX;results=;flows=;fallthrough=00499574
instruction_reference	0049889a	FUN_0049889a	0049956e	Stack[-0x358]	WRITE		operand_index=0;primary=true;source=ANALYSIS
instruction	0049889a	FUN_0049889a	00499574	0049957b	FALL_THROUGH	FUN_0049889a	bytes=C745FCFFFFFFFF;mnemonic=MOV;instruction=MOV dword ptr [EBP + -0x4],0xffffffff;inputs=0xffffffff,0xfffffffc,EBP;results=;flows=;fallthrough=0049957b
instruction_reference	0049889a	FUN_0049889a	00499574	Stack[-0x8]	WRITE		operand_index=0;primary=true;source=ANALYSIS
instruction	0049889a	FUN_0049889a	0049957b	00499581	FALL_THROUGH	FUN_0049889a	bytes=8B95ACFCFFFF;mnemonic=MOV;instruction=MOV EDX,dword ptr [EBP + 0xfffffcac];inputs=0xfffffcac,EBP;results=EDX;flows=;fallthrough=00499581
instruction_reference	0049889a	FUN_0049889a	0049957b	Stack[-0x358]	READ		operand_index=1;primary=true;source=ANALYSIS
instruction	0049889a	FUN_0049889a	00499581	00499587	FALL_THROUGH	FUN_0049889a	bytes=899558FEFFFF;mnemonic=MOV;instruction=MOV dword ptr [EBP + 0xfffffe58],EDX;inputs=EBP,0xfffffe58,EDX;results=;flows=;fallthrough=00499587
instruction_reference	0049889a	FUN_0049889a	00499581	Stack[-0x1ac]	WRITE		operand_index=0;primary=true;source=ANALYSIS
instruction	0049889a	FUN_0049889a	00499587	0049958e	FALL_THROUGH	FUN_0049889a	bytes=83BD58FEFFFF00;mnemonic=CMP;instruction=CMP dword ptr [EBP + 0xfffffe58],0x0;inputs=0x0,0x1,EBP,0xfffffe58,0xff;results=CF,PF,ZF,SF,OF;flows=;fallthrough=0049958e
instruction_reference	0049889a	FUN_0049889a	00499587	Stack[-0x1ac]	READ		operand_index=0;primary=true;source=ANALYSIS
instruction	0049889a	FUN_0049889a	0049958e	00499590	CONDITIONAL_JUMP	FUN_0049889a	bytes=7418;mnemonic=JZ;instruction=JZ 0x004995a8;inputs=ZF;results=;flows=004995a8;fallthrough=00499590
instruction_reference	0049889a	FUN_0049889a	0049958e	004995a8	CONDITIONAL_JUMP	LAB_004995a8	operand_index=0;primary=true;source=DEFAULT
instruction	0049889a	FUN_0049889a	00499590	00499596	FALL_THROUGH	FUN_0049889a	bytes=8B8558FEFFFF;mnemonic=MOV;instruction=MOV EAX,dword ptr [EBP + 0xfffffe58];inputs=EBP,0xfffffe58;results=EAX;flows=;fallthrough=00499596
instruction_reference	0049889a	FUN_0049889a	00499590	Stack[-0x1ac]	READ		operand_index=1;primary=true;source=ANALYSIS
instruction	0049889a	FUN_0049889a	00499596	00499597	FALL_THROUGH	FUN_0049889a	bytes=50;mnemonic=PUSH;instruction=PUSH EAX;inputs=EAX,ESP,0x4;results=ESP;flows=;fallthrough=00499597
instruction	0049889a	FUN_0049889a	00499597	0049959d	FALL_THROUGH	FUN_0049889a	bytes=8B8D50FDFFFF;mnemonic=MOV;instruction=MOV ECX,dword ptr [EBP + 0xfffffd50];inputs=EBP,0xfffffd50;results=ECX;flows=;fallthrough=0049959d
instruction_reference	0049889a	FUN_0049889a	00499597	Stack[-0x2b4]	READ		operand_index=1;primary=true;source=ANALYSIS
instruction	0049889a	FUN_0049889a	0049959d	004995a3	FALL_THROUGH	FUN_0049889a	bytes=8B89C87C0200;mnemonic=MOV;instruction=MOV ECX,dword ptr [ECX + 0x27cc8];inputs=ECX,0x27cc8;results=ECX;flows=;fallthrough=004995a3
instruction	0049889a	FUN_0049889a	004995a3	004995a8	UNCONDITIONAL_CALL	FUN_0049889a	bytes=E88BF7F6FF;mnemonic=CALL;instruction=CALL 0x00408d33;inputs=ESP,0x4995a8,0x4;results=ESP;flows=00408d33;fallthrough=004995a8
instruction_reference	0049889a	FUN_0049889a	004995a3	00408d33	UNCONDITIONAL_CALL	FUN_00408d33	operand_index=0;primary=true;source=DEFAULT
instruction	0049889a	FUN_0049889a	004995a8	004995ae	FALL_THROUGH	FUN_0049889a	bytes=8B956CFEFFFF;mnemonic=MOV;instruction=MOV EDX,dword ptr [EBP + 0xfffffe6c];inputs=0xfffffe6c,EBP;results=EDX;flows=;fallthrough=004995ae
instruction_reference	0049889a	FUN_0049889a	004995a8	Stack[-0x198]	READ		operand_index=1;primary=true;source=ANALYSIS
instruction	0049889a	FUN_0049889a	004995ae	004995b4	FALL_THROUGH	FUN_0049889a	bytes=81E2FFFF0000;mnemonic=AND;instruction=AND EDX,0xffff;inputs=0x0,0x1,EDX,0xffff,0xff;results=CF,PF,ZF,SF,EDX,OF;flows=;fallthrough=004995b4
instruction	0049889a	FUN_0049889a	004995b4	004995b5	FALL_THROUGH	FUN_0049889a	bytes=52;mnemonic=PUSH;instruction=PUSH EDX;inputs=ESP,0x4,EDX;results=ESP;flows=;fallthrough=004995b5
instruction	0049889a	FUN_0049889a	004995b5	004995bb	FALL_THROUGH	FUN_0049889a	bytes=8B856AFEFFFF;mnemonic=MOV;instruction=MOV EAX,dword ptr [EBP + 0xfffffe6a];inputs=EBP,0xfffffe6a;results=EAX;flows=;fallthrough=004995bb
instruction_reference	0049889a	FUN_0049889a	004995b5	Stack[-0x19a]	READ		operand_index=1;primary=true;source=ANALYSIS
instruction	0049889a	FUN_0049889a	004995bb	004995c0	FALL_THROUGH	FUN_0049889a	bytes=25FFFF0000;mnemonic=AND;instruction=AND EAX,0xffff;inputs=0x0,EAX,0x1,0xffff,0xff;results=CF,EAX,PF,ZF,SF,OF;flows=;fallthrough=004995c0
instruction	0049889a	FUN_0049889a	004995c0	004995c1	FALL_THROUGH	FUN_0049889a	bytes=50;mnemonic=PUSH;instruction=PUSH EAX;inputs=EAX,ESP,0x4;results=ESP;flows=;fallthrough=004995c1
instruction	0049889a	FUN_0049889a	004995c1	004995c7	FALL_THROUGH	FUN_0049889a	bytes=8B8D68FEFFFF;mnemonic=MOV;instruction=MOV ECX,dword ptr [EBP + 0xfffffe68];inputs=EBP,0xfffffe68;results=ECX;flows=;fallthrough=004995c7
instruction_reference	0049889a	FUN_0049889a	004995c1	Stack[-0x19c]	READ		operand_index=1;primary=true;source=ANALYSIS
instruction	0049889a	FUN_0049889a	004995c7	004995cd	FALL_THROUGH	FUN_0049889a	bytes=81E1FFFF0000;mnemonic=AND;instruction=AND ECX,0xffff;inputs=0x0,0x1,ECX,0xffff,0xff;results=CF,PF,ECX,ZF,SF,OF;flows=;fallthrough=004995cd
instruction	0049889a	FUN_0049889a	004995cd	004995ce	FALL_THROUGH	FUN_0049889a	bytes=51;mnemonic=PUSH;instruction=PUSH ECX;inputs=ESP,ECX,0x4;results=ESP;flows=;fallthrough=004995ce
instruction	0049889a	FUN_0049889a	004995ce	004995d3	FALL_THROUGH	FUN_0049889a	bytes=6828905B00;mnemonic=PUSH;instruction=PUSH 0x5b9028;inputs=ESP,0x5b9028,0x4;results=ESP;flows=;fallthrough=004995d3
instruction_reference	0049889a	FUN_0049889a	004995ce	005b9028	DATA	s_SMS_[%02d:%02d:%02d]_005b9028	operand_index=0;primary=true;source=ANALYSIS
instruction	0049889a	FUN_0049889a	004995d3	004995d9	FALL_THROUGH	FUN_0049889a	bytes=8D95D8FDFFFF;mnemonic=LEA;instruction=LEA EDX,[EBP + 0xfffffdd8];inputs=EBP,0xfffffdd8;results=EDX;flows=;fallthrough=004995d9
instruction_reference	0049889a	FUN_0049889a	004995d3	Stack[-0x22c]	DATA		operand_index=0;primary=true;source=ANALYSIS
instruction	0049889a	FUN_0049889a	004995d9	004995da	FALL_THROUGH	FUN_0049889a	bytes=52;mnemonic=PUSH;instruction=PUSH EDX;inputs=ESP,0x4,EDX;results=ESP;flows=;fallthrough=004995da
instruction	0049889a	FUN_0049889a	004995da	004995df	UNCONDITIONAL_CALL	FUN_0049889a	bytes=E8995A0F00;mnemonic=CALL;instruction=CALL 0x0058f078;inputs=ESP,0x4,0x4995df;results=ESP;flows=0058f078;fallthrough=004995df
instruction_reference	0049889a	FUN_0049889a	004995da	0058f078	UNCONDITIONAL_CALL	FUN_0058f078	operand_index=0;primary=true;source=DEFAULT
instruction	0049889a	FUN_0049889a	004995df	004995e2	FALL_THROUGH	FUN_0049889a	bytes=83C414;mnemonic=ADD;instruction=ADD ESP,0x14;inputs=ESP,0x0,0x1,0x14,0xff;results=CF,ESP,PF,ZF,SF,OF;flows=;fallthrough=004995e2
instruction	0049889a	FUN_0049889a	004995e2	004995e7	FALL_THROUGH	FUN_0049889a	bytes=68500E0000;mnemonic=PUSH;instruction=PUSH 0xe50;inputs=0xe50,ESP,0x4;results=ESP;flows=;fallthrough=004995e7
instruction	0049889a	FUN_0049889a	004995e7	004995ec	UNCONDITIONAL_CALL	FUN_0049889a	bytes=E8DE5A0F00;mnemonic=CALL;instruction=CALL 0x0058f0ca;inputs=ESP,0x4,0x4995ec;results=ESP;flows=0058f0ca;fallthrough=004995ec
instruction_reference	0049889a	FUN_0049889a	004995e7	0058f0ca	UNCONDITIONAL_CALL	operator_new	operand_index=0;primary=true;source=DEFAULT
instruction	0049889a	FUN_0049889a	004995ec	004995ef	FALL_THROUGH	FUN_0049889a	bytes=83C404;mnemonic=ADD;instruction=ADD ESP,0x4;inputs=ESP,0x0,0x1,0x4,0xff;results=CF,ESP,PF,ZF,SF,OF;flows=;fallthrough=004995ef
instruction	0049889a	FUN_0049889a	004995ef	004995f5	FALL_THROUGH	FUN_0049889a	bytes=8985A0FCFFFF;mnemonic=MOV;instruction=MOV dword ptr [EBP + 0xfffffca0],EAX;inputs=EAX,EBP,0xfffffca0;results=;flows=;fallthrough=004995f5
instruction_reference	0049889a	FUN_0049889a	004995ef	Stack[-0x364]	WRITE		operand_index=0;primary=true;source=ANALYSIS
instruction	0049889a	FUN_0049889a	004995f5	004995fc	FALL_THROUGH	FUN_0049889a	bytes=C745FC02000000;mnemonic=MOV;instruction=MOV dword ptr [EBP + -0x4],0x2;inputs=0x2,0xfffffffc,EBP;results=;flows=;fallthrough=004995fc
instruction_reference	0049889a	FUN_0049889a	004995f5	Stack[-0x8]	WRITE		operand_index=0;primary=true;source=ANALYSIS
instruction	0049889a	FUN_0049889a	004995fc	00499603	FALL_THROUGH	FUN_0049889a	bytes=83BDA0FCFFFF00;mnemonic=CMP;instruction=CMP dword ptr [EBP + 0xfffffca0],0x0;inputs=0x0,0x1,EBP,0xfffffca0,0xff;results=CF,PF,ZF,SF,OF;flows=;fallthrough=00499603
instruction_reference	0049889a	FUN_0049889a	004995fc	Stack[-0x364]	READ		operand_index=0;primary=true;source=ANALYSIS
instruction	0049889a	FUN_0049889a	00499603	00499605	CONDITIONAL_JUMP	FUN_0049889a	bytes=7438;mnemonic=JZ;instruction=JZ 0x0049963d;inputs=ZF;results=;flows=0049963d;fallthrough=00499605
instruction_reference	0049889a	FUN_0049889a	00499603	0049963d	CONDITIONAL_JUMP	LAB_0049963d	operand_index=0;primary=true;source=DEFAULT
instruction	0049889a	FUN_0049889a	00499605	00499607	FALL_THROUGH	FUN_0049889a	bytes=6A00;mnemonic=PUSH;instruction=PUSH 0x0;inputs=0x0,ESP,0x4;results=ESP;flows=;fallthrough=00499607
instruction	0049889a	FUN_0049889a	00499607	00499609	FALL_THROUGH	FUN_0049889a	bytes=6A01;mnemonic=PUSH;instruction=PUSH 0x1;inputs=ESP,0x1,0x4;results=ESP;flows=;fallthrough=00499609
instruction	0049889a	FUN_0049889a	00499609	0049960e	FALL_THROUGH	FUN_0049889a	bytes=6877777777;mnemonic=PUSH;instruction=PUSH 0x77777777;inputs=0x77777777,ESP,0x4;results=ESP;flows=;fallthrough=0049960e
instruction	0049889a	FUN_0049889a	0049960e	00499610	FALL_THROUGH	FUN_0049889a	bytes=6A00;mnemonic=PUSH;instruction=PUSH 0x0;inputs=0x0,ESP,0x4;results=ESP;flows=;fallthrough=00499610
instruction	0049889a	FUN_0049889a	00499610	00499615	FALL_THROUGH	FUN_0049889a	bytes=6800008041;mnemonic=PUSH;instruction=PUSH 0x41800000;inputs=0x41800000,ESP,0x4;results=ESP;flows=;fallthrough=00499615
instruction	0049889a	FUN_0049889a	00499615	0049961a	FALL_THROUGH	FUN_0049889a	bytes=6800009643;mnemonic=PUSH;instruction=PUSH 0x43960000;inputs=ESP,0x4,0x43960000;results=ESP;flows=;fallthrough=0049961a
instruction	0049889a	FUN_0049889a	0049961a	0049961c	FALL_THROUGH	FUN_0049889a	bytes=6A00;mnemonic=PUSH;instruction=PUSH 0x0;inputs=0x0,ESP,0x4;results=ESP;flows=;fallthrough=0049961c
instruction	0049889a	FUN_0049889a	0049961c	0049961e	FALL_THROUGH	FUN_0049889a	bytes=6A00;mnemonic=PUSH;instruction=PUSH 0x0;inputs=0x0,ESP,0x4;results=ESP;flows=;fallthrough=0049961e
instruction	0049889a	FUN_0049889a	0049961e	00499623	FALL_THROUGH	FUN_0049889a	bytes=68FFFFBBFF;mnemonic=PUSH;instruction=PUSH 0xffbbffff;inputs=ESP,0xffbbffff,0x4;results=ESP;flows=;fallthrough=00499623
instruction	0049889a	FUN_0049889a	00499623	00499629	FALL_THROUGH	FUN_0049889a	bytes=8D85D8FDFFFF;mnemonic=LEA;instruction=LEA EAX,[EBP + 0xfffffdd8];inputs=EBP,0xfffffdd8;results=EAX;flows=;fallthrough=00499629
instruction_reference	0049889a	FUN_0049889a	00499623	Stack[-0x22c]	DATA		operand_index=0;primary=true;source=ANALYSIS
instruction	0049889a	FUN_0049889a	00499629	0049962a	FALL_THROUGH	FUN_0049889a	bytes=50;mnemonic=PUSH;instruction=PUSH EAX;inputs=EAX,ESP,0x4;results=ESP;flows=;fallthrough=0049962a
instruction	0049889a	FUN_0049889a	0049962a	00499630	FALL_THROUGH	FUN_0049889a	bytes=8B8DA0FCFFFF;mnemonic=MOV;instruction=MOV ECX,dword ptr [EBP + 0xfffffca0];inputs=EBP,0xfffffca0;results=ECX;flows=;fallthrough=00499630
instruction_reference	0049889a	FUN_0049889a	0049962a	Stack[-0x364]	READ		operand_index=1;primary=true;source=ANALYSIS
instruction	0049889a	FUN_0049889a	00499630	00499635	UNCONDITIONAL_CALL	FUN_0049889a	bytes=E8CEDBF6FF;mnemonic=CALL;instruction=CALL 0x00407203;inputs=ESP,0x4,0x499635;results=ESP;flows=00407203;fallthrough=00499635
instruction_reference	0049889a	FUN_0049889a	00499630	00407203	UNCONDITIONAL_CALL	FUN_00407203	operand_index=0;primary=true;source=DEFAULT
instruction	0049889a	FUN_0049889a	00499635	0049963b	FALL_THROUGH	FUN_0049889a	bytes=898560FCFFFF;mnemonic=MOV;instruction=MOV dword ptr [EBP + 0xfffffc60],EAX;inputs=EAX,EBP,0xfffffc60;results=;flows=;fallthrough=0049963b
instruction_reference	0049889a	FUN_0049889a	00499635	Stack[-0x3a4]	WRITE		operand_index=0;primary=true;source=ANALYSIS
instruction	0049889a	FUN_0049889a	0049963b		UNCONDITIONAL_JUMP	FUN_0049889a	bytes=EB0A;mnemonic=JMP;instruction=JMP 0x00499647;inputs=;results=;flows=00499647;fallthrough=
instruction_reference	0049889a	FUN_0049889a	0049963b	00499647	UNCONDITIONAL_JUMP	LAB_00499647	operand_index=0;primary=true;source=DEFAULT
instruction	0049889a	FUN_0049889a	0049963d	00499647	FALL_THROUGH	FUN_0049889a	bytes=C78560FCFFFF00000000;mnemonic=MOV;instruction=MOV dword ptr [EBP + 0xfffffc60],0x0;inputs=0x0,EBP,0xfffffc60;results=;flows=;fallthrough=00499647
instruction_reference	0049889a	FUN_0049889a	0049963d	Stack[-0x3a4]	WRITE		operand_index=0;primary=true;source=ANALYSIS
instruction	0049889a	FUN_0049889a	00499647	0049964d	FALL_THROUGH	FUN_0049889a	bytes=8B8D60FCFFFF;mnemonic=MOV;instruction=MOV ECX,dword ptr [EBP + 0xfffffc60];inputs=EBP,0xfffffc60;results=ECX;flows=;fallthrough=0049964d
instruction_reference	0049889a	FUN_0049889a	00499647	Stack[-0x3a4]	READ		operand_index=1;primary=true;source=ANALYSIS
instruction	0049889a	FUN_0049889a	0049964d	00499653	FALL_THROUGH	FUN_0049889a	bytes=898DA4FCFFFF;mnemonic=MOV;instruction=MOV dword ptr [EBP + 0xfffffca4],ECX;inputs=EBP,ECX,0xfffffca4;results=;flows=;fallthrough=00499653
instruction_reference	0049889a	FUN_0049889a	0049964d	Stack[-0x360]	WRITE		operand_index=0;primary=true;source=ANALYSIS
instruction	0049889a	FUN_0049889a	00499653	0049965a	FALL_THROUGH	FUN_0049889a	bytes=C745FCFFFFFFFF;mnemonic=MOV;instruction=MOV dword ptr [EBP + -0x4],0xffffffff;inputs=0xffffffff,0xfffffffc,EBP;results=;flows=;fallthrough=0049965a
instruction_reference	0049889a	FUN_0049889a	00499653	Stack[-0x8]	WRITE		operand_index=0;primary=true;source=ANALYSIS
instruction	0049889a	FUN_0049889a	0049965a	00499660	FALL_THROUGH	FUN_0049889a	bytes=8B95A4FCFFFF;mnemonic=MOV;instruction=MOV EDX,dword ptr [EBP + 0xfffffca4];inputs=EBP,0xfffffca4;results=EDX;flows=;fallthrough=00499660
instruction_reference	0049889a	FUN_0049889a	0049965a	Stack[-0x360]	READ		operand_index=1;primary=true;source=ANALYSIS
instruction	0049889a	FUN_0049889a	00499660	00499666	FALL_THROUGH	FUN_0049889a	bytes=899554FDFFFF;mnemonic=MOV;instruction=MOV dword ptr [EBP + 0xfffffd54],EDX;inputs=EBP,EDX,0xfffffd54;results=;flows=;fallthrough=00499666
instruction_reference	0049889a	FUN_0049889a	00499660	Stack[-0x2b0]	WRITE		operand_index=0;primary=true;source=ANALYSIS
instruction	0049889a	FUN_0049889a	00499666	0049966d	FALL_THROUGH	FUN_0049889a	bytes=83BD54FDFFFF00;mnemonic=CMP;instruction=CMP dword ptr [EBP + 0xfffffd54],0x0;inputs=0x0,0x1,EBP,0xfffffd54,0xff;results=CF,PF,ZF,SF,OF;flows=;fallthrough=0049966d
instruction_reference	0049889a	FUN_0049889a	00499666	Stack[-0x2b0]	READ		operand_index=0;primary=true;source=ANALYSIS
instruction	0049889a	FUN_0049889a	0049966d	0049966f	CONDITIONAL_JUMP	FUN_0049889a	bytes=7418;mnemonic=JZ;instruction=JZ 0x00499687;inputs=ZF;results=;flows=00499687;fallthrough=0049966f
instruction_reference	0049889a	FUN_0049889a	0049966d	00499687	CONDITIONAL_JUMP	LAB_00499687	operand_index=0;primary=true;source=DEFAULT
instruction	0049889a	FUN_0049889a	0049966f	00499675	FALL_THROUGH	FUN_0049889a	bytes=8B8554FDFFFF;mnemonic=MOV;instruction=MOV EAX,dword ptr [EBP + 0xfffffd54];inputs=EBP,0xfffffd54;results=EAX;flows=;fallthrough=00499675
instruction_reference	0049889a	FUN_0049889a	0049966f	Stack[-0x2b0]	READ		operand_index=1;primary=true;source=ANALYSIS
instruction	0049889a	FUN_0049889a	00499675	00499676	FALL_THROUGH	FUN_0049889a	bytes=50;mnemonic=PUSH;instruction=PUSH EAX;inputs=EAX,ESP,0x4;results=ESP;flows=;fallthrough=00499676
instruction	0049889a	FUN_0049889a	00499676	0049967c	FALL_THROUGH	FUN_0049889a	bytes=8B8D50FDFFFF;mnemonic=MOV;instruction=MOV ECX,dword ptr [EBP + 0xfffffd50];inputs=EBP,0xfffffd50;results=ECX;flows=;fallthrough=0049967c
instruction_reference	0049889a	FUN_0049889a	00499676	Stack[-0x2b4]	READ		operand_index=1;primary=true;source=ANALYSIS
instruction	0049889a	FUN_0049889a	0049967c	00499682	FALL_THROUGH	FUN_0049889a	bytes=8B89C87C0200;mnemonic=MOV;instruction=MOV ECX,dword ptr [ECX + 0x27cc8];inputs=ECX,0x27cc8;results=ECX;flows=;fallthrough=00499682
instruction	0049889a	FUN_0049889a	00499682	00499687	UNCONDITIONAL_CALL	FUN_0049889a	bytes=E8ACF6F6FF;mnemonic=CALL;instruction=CALL 0x00408d33;inputs=ESP,0x4,0x499687;results=ESP;flows=00408d33;fallthrough=00499687
instruction_reference	0049889a	FUN_0049889a	00499682	00408d33	UNCONDITIONAL_CALL	FUN_00408d33	operand_index=0;primary=true;source=DEFAULT
instruction	0049889a	FUN_0049889a	00499687	0049968a	FALL_THROUGH	FUN_0049889a	bytes=8B55A4;mnemonic=MOV;instruction=MOV EDX,dword ptr [EBP + -0x5c];inputs=EBP,0xffffffa4;results=EDX;flows=;fallthrough=0049968a
instruction_reference	0049889a	FUN_0049889a	00499687	Stack[-0x60]	READ		operand_index=1;primary=true;source=ANALYSIS
instruction	0049889a	FUN_0049889a	0049968a	0049968d	FALL_THROUGH	FUN_0049889a	bytes=83C20D;mnemonic=ADD;instruction=ADD EDX,0xd;inputs=0x0,0x1,EDX,0xd,0xff;results=CF,PF,ZF,SF,EDX,OF;flows=;fallthrough=0049968d
instruction	0049889a	FUN_0049889a	0049968d	0049968e	FALL_THROUGH	FUN_0049889a	bytes=52;mnemonic=PUSH;instruction=PUSH EDX;inputs=ESP,0x4,EDX;results=ESP;flows=;fallthrough=0049968e
instruction	0049889a	FUN_0049889a	0049968e	00499693	FALL_THROUGH	FUN_0049889a	bytes=6840905B00;mnemonic=PUSH;instruction=PUSH 0x5b9040;inputs=ESP,0x4,0x5b9040;results=ESP;flows=;fallthrough=00499693
instruction_reference	0049889a	FUN_0049889a	0049968e	005b9040	DATA	DAT_005b9040	operand_index=0;primary=true;source=ANALYSIS
instruction	0049889a	FUN_0049889a	00499693	00499699	FALL_THROUGH	FUN_0049889a	bytes=8D8558FDFFFF;mnemonic=LEA;instruction=LEA EAX,[EBP + 0xfffffd58];inputs=EBP,0xfffffd58;results=EAX;flows=;fallthrough=00499699
instruction_reference	0049889a	FUN_0049889a	00499693	Stack[-0x2ac]	DATA		operand_index=0;primary=true;source=ANALYSIS
instruction	0049889a	FUN_0049889a	00499699	0049969a	FALL_THROUGH	FUN_0049889a	bytes=50;mnemonic=PUSH;instruction=PUSH EAX;inputs=EAX,ESP,0x4;results=ESP;flows=;fallthrough=0049969a
instruction	0049889a	FUN_0049889a	0049969a	0049969f	UNCONDITIONAL_CALL	FUN_0049889a	bytes=E8D9590F00;mnemonic=CALL;instruction=CALL 0x0058f078;inputs=ESP,0x4,0x49969f;results=ESP;flows=0058f078;fallthrough=0049969f
instruction_reference	0049889a	FUN_0049889a	0049969a	0058f078	UNCONDITIONAL_CALL	FUN_0058f078	operand_index=0;primary=true;source=DEFAULT
instruction	0049889a	FUN_0049889a	0049969f	004996a2	FALL_THROUGH	FUN_0049889a	bytes=83C40C;mnemonic=ADD;instruction=ADD ESP,0xc;inputs=ESP,0x0,0x1,0xc,0xff;results=CF,ESP,PF,ZF,SF,OF;flows=;fallthrough=004996a2
instruction	0049889a	FUN_0049889a	004996a2	004996a7	FALL_THROUGH	FUN_0049889a	bytes=68500E0000;mnemonic=PUSH;instruction=PUSH 0xe50;inputs=0xe50,ESP,0x4;results=ESP;flows=;fallthrough=004996a7
instruction	0049889a	FUN_0049889a	004996a7	004996ac	UNCONDITIONAL_CALL	FUN_0049889a	bytes=E81E5A0F00;mnemonic=CALL;instruction=CALL 0x0058f0ca;inputs=ESP,0x4,0x4996ac;results=ESP;flows=0058f0ca;fallthrough=004996ac
instruction_reference	0049889a	FUN_0049889a	004996a7	0058f0ca	UNCONDITIONAL_CALL	operator_new	operand_index=0;primary=true;source=DEFAULT
instruction	0049889a	FUN_0049889a	004996ac	004996af	FALL_THROUGH	FUN_0049889a	bytes=83C404;mnemonic=ADD;instruction=ADD ESP,0x4;inputs=ESP,0x0,0x1,0x4,0xff;results=CF,ESP,PF,ZF,SF,OF;flows=;fallthrough=004996af
instruction	0049889a	FUN_0049889a	004996af	004996b5	FALL_THROUGH	FUN_0049889a	bytes=898598FCFFFF;mnemonic=MOV;instruction=MOV dword ptr [EBP + 0xfffffc98],EAX;inputs=EAX,EBP,0xfffffc98;results=;flows=;fallthrough=004996b5
instruction_reference	0049889a	FUN_0049889a	004996af	Stack[-0x36c]	WRITE		operand_index=0;primary=true;source=ANALYSIS
instruction	0049889a	FUN_0049889a	004996b5	004996bc	FALL_THROUGH	FUN_0049889a	bytes=C745FC03000000;mnemonic=MOV;instruction=MOV dword ptr [EBP + -0x4],0x3;inputs=0xfffffffc,0x3,EBP;results=;flows=;fallthrough=004996bc
instruction_reference	0049889a	FUN_0049889a	004996b5	Stack[-0x8]	WRITE		operand_index=0;primary=true;source=ANALYSIS
instruction	0049889a	FUN_0049889a	004996bc	004996c3	FALL_THROUGH	FUN_0049889a	bytes=83BD98FCFFFF00;mnemonic=CMP;instruction=CMP dword ptr [EBP + 0xfffffc98],0x0;inputs=0x0,0x1,EBP,0xfffffc98,0xff;results=CF,PF,ZF,SF,OF;flows=;fallthrough=004996c3
instruction_reference	0049889a	FUN_0049889a	004996bc	Stack[-0x36c]	READ		operand_index=0;primary=true;source=ANALYSIS
instruction	0049889a	FUN_0049889a	004996c3	004996c5	CONDITIONAL_JUMP	FUN_0049889a	bytes=7438;mnemonic=JZ;instruction=JZ 0x004996fd;inputs=ZF;results=;flows=004996fd;fallthrough=004996c5
instruction_reference	0049889a	FUN_0049889a	004996c3	004996fd	CONDITIONAL_JUMP	LAB_004996fd	operand_index=0;primary=true;source=DEFAULT
instruction	0049889a	FUN_0049889a	004996c5	004996c7	FALL_THROUGH	FUN_0049889a	bytes=6A00;mnemonic=PUSH;instruction=PUSH 0x0;inputs=0x0,ESP,0x4;results=ESP;flows=;fallthrough=004996c7
instruction	0049889a	FUN_0049889a	004996c7	004996c9	FALL_THROUGH	FUN_0049889a	bytes=6A01;mnemonic=PUSH;instruction=PUSH 0x1;inputs=ESP,0x1,0x4;results=ESP;flows=;fallthrough=004996c9
instruction	0049889a	FUN_0049889a	004996c9	004996ce	FALL_THROUGH	FUN_0049889a	bytes=6877777777;mnemonic=PUSH;instruction=PUSH 0x77777777;inputs=0x77777777,ESP,0x4;results=ESP;flows=;fallthrough=004996ce
instruction	0049889a	FUN_0049889a	004996ce	004996d0	FALL_THROUGH	FUN_0049889a	bytes=6A00;mnemonic=PUSH;instruction=PUSH 0x0;inputs=0x0,ESP,0x4;results=ESP;flows=;fallthrough=004996d0
instruction	0049889a	FUN_0049889a	004996d0	004996d5	FALL_THROUGH	FUN_0049889a	bytes=6800008041;mnemonic=PUSH;instruction=PUSH 0x41800000;inputs=0x41800000,ESP,0x4;results=ESP;flows=;fallthrough=004996d5
instruction	0049889a	FUN_0049889a	004996d5	004996da	FALL_THROUGH	FUN_0049889a	bytes=6800009643;mnemonic=PUSH;instruction=PUSH 0x43960000;inputs=ESP,0x4,0x43960000;results=ESP;flows=;fallthrough=004996da
instruction	0049889a	FUN_0049889a	004996da	004996dc	FALL_THROUGH	FUN_0049889a	bytes=6A00;mnemonic=PUSH;instruction=PUSH 0x0;inputs=0x0,ESP,0x4;results=ESP;flows=;fallthrough=004996dc
instruction	0049889a	FUN_0049889a	004996dc	004996de	FALL_THROUGH	FUN_0049889a	bytes=6A00;mnemonic=PUSH;instruction=PUSH 0x0;inputs=0x0,ESP,0x4;results=ESP;flows=;fallthrough=004996de
instruction	0049889a	FUN_0049889a	004996de	004996e3	FALL_THROUGH	FUN_0049889a	bytes=68CCFFBBFF;mnemonic=PUSH;instruction=PUSH 0xffbbffcc;inputs=ESP,0x4,0xffbbffcc;results=ESP;flows=;fallthrough=004996e3
instruction	0049889a	FUN_0049889a	004996e3	004996e9	FALL_THROUGH	FUN_0049889a	bytes=8D8D58FDFFFF;mnemonic=LEA;instruction=LEA ECX,[EBP + 0xfffffd58];inputs=EBP,0xfffffd58;results=ECX;flows=;fallthrough=004996e9
instruction_reference	0049889a	FUN_0049889a	004996e3	Stack[-0x2ac]	DATA		operand_index=0;primary=true;source=ANALYSIS
instruction	0049889a	FUN_0049889a	004996e9	004996ea	FALL_THROUGH	FUN_0049889a	bytes=51;mnemonic=PUSH;instruction=PUSH ECX;inputs=ESP,ECX,0x4;results=ESP;flows=;fallthrough=004996ea
instruction	0049889a	FUN_0049889a	004996ea	004996f0	FALL_THROUGH	FUN_0049889a	bytes=8B8D98FCFFFF;mnemonic=MOV;instruction=MOV ECX,dword ptr [EBP + 0xfffffc98];inputs=EBP,0xfffffc98;results=ECX;flows=;fallthrough=004996f0
instruction_reference	0049889a	FUN_0049889a	004996ea	Stack[-0x36c]	READ		operand_index=1;primary=true;source=ANALYSIS
instruction	0049889a	FUN_0049889a	004996f0	004996f5	UNCONDITIONAL_CALL	FUN_0049889a	bytes=E80EDBF6FF;mnemonic=CALL;instruction=CALL 0x00407203;inputs=ESP,0x4,0x4996f5;results=ESP;flows=00407203;fallthrough=004996f5
instruction_reference	0049889a	FUN_0049889a	004996f0	00407203	UNCONDITIONAL_CALL	FUN_00407203	operand_index=0;primary=true;source=DEFAULT
instruction	0049889a	FUN_0049889a	004996f5	004996fb	FALL_THROUGH	FUN_0049889a	bytes=89855CFCFFFF;mnemonic=MOV;instruction=MOV dword ptr [EBP + 0xfffffc5c],EAX;inputs=EAX,0xfffffc5c,EBP;results=;flows=;fallthrough=004996fb
instruction_reference	0049889a	FUN_0049889a	004996f5	Stack[-0x3a8]	WRITE		operand_index=0;primary=true;source=ANALYSIS
instruction	0049889a	FUN_0049889a	004996fb		UNCONDITIONAL_JUMP	FUN_0049889a	bytes=EB0A;mnemonic=JMP;instruction=JMP 0x00499707;inputs=;results=;flows=00499707;fallthrough=
instruction_reference	0049889a	FUN_0049889a	004996fb	00499707	UNCONDITIONAL_JUMP	LAB_00499707	operand_index=0;primary=true;source=DEFAULT
instruction	0049889a	FUN_0049889a	004996fd	00499707	FALL_THROUGH	FUN_0049889a	bytes=C7855CFCFFFF00000000;mnemonic=MOV;instruction=MOV dword ptr [EBP + 0xfffffc5c],0x0;inputs=0x0,0xfffffc5c,EBP;results=;flows=;fallthrough=00499707
instruction_reference	0049889a	FUN_0049889a	004996fd	Stack[-0x3a8]	WRITE		operand_index=0;primary=true;source=ANALYSIS
instruction	0049889a	FUN_0049889a	00499707	0049970d	FALL_THROUGH	FUN_0049889a	bytes=8B955CFCFFFF;mnemonic=MOV;instruction=MOV EDX,dword ptr [EBP + 0xfffffc5c];inputs=0xfffffc5c,EBP;results=EDX;flows=;fallthrough=0049970d
instruction_reference	0049889a	FUN_0049889a	00499707	Stack[-0x3a8]	READ		operand_index=1;primary=true;source=ANALYSIS
instruction	0049889a	FUN_0049889a	0049970d	00499713	FALL_THROUGH	FUN_0049889a	bytes=89959CFCFFFF;mnemonic=MOV;instruction=MOV dword ptr [EBP + 0xfffffc9c],EDX;inputs=0xfffffc9c,EBP,EDX;results=;flows=;fallthrough=00499713
instruction_reference	0049889a	FUN_0049889a	0049970d	Stack[-0x368]	WRITE		operand_index=0;primary=true;source=ANALYSIS
instruction	0049889a	FUN_0049889a	00499713	0049971a	FALL_THROUGH	FUN_0049889a	bytes=C745FCFFFFFFFF;mnemonic=MOV;instruction=MOV dword ptr [EBP + -0x4],0xffffffff;inputs=0xffffffff,0xfffffffc,EBP;results=;flows=;fallthrough=0049971a
instruction_reference	0049889a	FUN_0049889a	00499713	Stack[-0x8]	WRITE		operand_index=0;primary=true;source=ANALYSIS
instruction	0049889a	FUN_0049889a	0049971a	00499720	FALL_THROUGH	FUN_0049889a	bytes=8B859CFCFFFF;mnemonic=MOV;instruction=MOV EAX,dword ptr [EBP + 0xfffffc9c];inputs=0xfffffc9c,EBP;results=EAX;flows=;fallthrough=00499720
instruction_reference	0049889a	FUN_0049889a	0049971a	Stack[-0x368]	READ		operand_index=1;primary=true;source=ANALYSIS
instruction	0049889a	FUN_0049889a	00499720	00499726	FALL_THROUGH	FUN_0049889a	bytes=89855CFEFFFF;mnemonic=MOV;instruction=MOV dword ptr [EBP + 0xfffffe5c],EAX;inputs=EAX,0xfffffe5c,EBP;results=;flows=;fallthrough=00499726
instruction_reference	0049889a	FUN_0049889a	00499720	Stack[-0x1a8]	WRITE		operand_index=0;primary=true;source=ANALYSIS
instruction	0049889a	FUN_0049889a	00499726	0049972d	FALL_THROUGH	FUN_0049889a	bytes=83BD5CFEFFFF00;mnemonic=CMP;instruction=CMP dword ptr [EBP + 0xfffffe5c],0x0;inputs=0x0,0x1,0xfffffe5c,EBP,0xff;results=CF,PF,ZF,SF,OF;flows=;fallthrough=0049972d
instruction_reference	0049889a	FUN_0049889a	00499726	Stack[-0x1a8]	READ		operand_index=0;primary=true;source=ANALYSIS
instruction	0049889a	FUN_0049889a	0049972d	0049972f	CONDITIONAL_JUMP	FUN_0049889a	bytes=7418;mnemonic=JZ;instruction=JZ 0x00499747;inputs=ZF;results=;flows=00499747;fallthrough=0049972f
instruction_reference	0049889a	FUN_0049889a	0049972d	00499747	CONDITIONAL_JUMP	LAB_00499747	operand_index=0;primary=true;source=DEFAULT
instruction	0049889a	FUN_0049889a	0049972f	00499735	FALL_THROUGH	FUN_0049889a	bytes=8B8D5CFEFFFF;mnemonic=MOV;instruction=MOV ECX,dword ptr [EBP + 0xfffffe5c];inputs=0xfffffe5c,EBP;results=ECX;flows=;fallthrough=00499735
instruction_reference	0049889a	FUN_0049889a	0049972f	Stack[-0x1a8]	READ		operand_index=1;primary=true;source=ANALYSIS
instruction	0049889a	FUN_0049889a	00499735	00499736	FALL_THROUGH	FUN_0049889a	bytes=51;mnemonic=PUSH;instruction=PUSH ECX;inputs=ESP,ECX,0x4;results=ESP;flows=;fallthrough=00499736
instruction	0049889a	FUN_0049889a	00499736	0049973c	FALL_THROUGH	FUN_0049889a	bytes=8B9550FDFFFF;mnemonic=MOV;instruction=MOV EDX,dword ptr [EBP + 0xfffffd50];inputs=EBP,0xfffffd50;results=EDX;flows=;fallthrough=0049973c
instruction_reference	0049889a	FUN_0049889a	00499736	Stack[-0x2b4]	READ		operand_index=1;primary=true;source=ANALYSIS
instruction	0049889a	FUN_0049889a	0049973c	00499742	FALL_THROUGH	FUN_0049889a	bytes=8B8AC87C0200;mnemonic=MOV;instruction=MOV ECX,dword ptr [EDX + 0x27cc8];inputs=EDX,0x27cc8;results=ECX;flows=;fallthrough=00499742
instruction	0049889a	FUN_0049889a	00499742	00499747	UNCONDITIONAL_CALL	FUN_0049889a	bytes=E8ECF5F6FF;mnemonic=CALL;instruction=CALL 0x00408d33;inputs=ESP,0x4,0x499747;results=ESP;flows=00408d33;fallthrough=00499747
instruction_reference	0049889a	FUN_0049889a	00499742	00408d33	UNCONDITIONAL_CALL	FUN_00408d33	operand_index=0;primary=true;source=DEFAULT
instruction	0049889a	FUN_0049889a	00499747	0049974d	FALL_THROUGH	FUN_0049889a	bytes=8B8550FDFFFF;mnemonic=MOV;instruction=MOV EAX,dword ptr [EBP + 0xfffffd50];inputs=EBP,0xfffffd50;results=EAX;flows=;fallthrough=0049974d
instruction_reference	0049889a	FUN_0049889a	00499747	Stack[-0x2b4]	READ		operand_index=1;primary=true;source=ANALYSIS
instruction	0049889a	FUN_0049889a	0049974d	00499754	FALL_THROUGH	FUN_0049889a	bytes=83B8F07C020000;mnemonic=CMP;instruction=CMP dword ptr [EAX + 0x27cf0],0x0;inputs=EAX,0x0,0x1,0x27cf0,0xff;results=CF,PF,ZF,SF,OF;flows=;fallthrough=00499754
instruction	0049889a	FUN_0049889a	00499754	00499756	CONDITIONAL_JUMP	FUN_0049889a	bytes=741F;mnemonic=JZ;instruction=JZ 0x00499775;inputs=ZF;results=;flows=00499775;fallthrough=00499756
instruction_reference	0049889a	FUN_0049889a	00499754	00499775	CONDITIONAL_JUMP	LAB_00499775	operand_index=0;primary=true;source=DEFAULT
instruction	0049889a	FUN_0049889a	00499756	00499758	FALL_THROUGH	FUN_0049889a	bytes=6A01;mnemonic=PUSH;instruction=PUSH 0x1;inputs=ESP,0x1,0x4;results=ESP;flows=;fallthrough=00499758
instruction	0049889a	FUN_0049889a	00499758	0049975e	FALL_THROUGH	FUN_0049889a	bytes=8B8D50FDFFFF;mnemonic=MOV;instruction=MOV ECX,dword ptr [EBP + 0xfffffd50];inputs=EBP,0xfffffd50;results=ECX;flows=;fallthrough=0049975e
instruction_reference	0049889a	FUN_0049889a	00499758	Stack[-0x2b4]	READ		operand_index=1;primary=true;source=ANALYSIS
instruction	0049889a	FUN_0049889a	0049975e	00499764	FALL_THROUGH	FUN_0049889a	bytes=8B89F07C0200;mnemonic=MOV;instruction=MOV ECX,dword ptr [ECX + 0x27cf0];inputs=0x27cf0,ECX;results=ECX;flows=;fallthrough=00499764
instruction	0049889a	FUN_0049889a	00499764	0049976a	FALL_THROUGH	FUN_0049889a	bytes=8B9550FDFFFF;mnemonic=MOV;instruction=MOV EDX,dword ptr [EBP + 0xfffffd50];inputs=EBP,0xfffffd50;results=EDX;flows=;fallthrough=0049976a
instruction_reference	0049889a	FUN_0049889a	00499764	Stack[-0x2b4]	READ		operand_index=1;primary=true;source=ANALYSIS
instruction	0049889a	FUN_0049889a	0049976a	00499770	FALL_THROUGH	FUN_0049889a	bytes=8B82F07C0200;mnemonic=MOV;instruction=MOV EAX,dword ptr [EDX + 0x27cf0];inputs=0x27cf0,EDX;results=EAX;flows=;fallthrough=00499770
instruction	0049889a	FUN_0049889a	00499770	00499772	FALL_THROUGH	FUN_0049889a	bytes=8B10;mnemonic=MOV;instruction=MOV EDX,dword ptr [EAX];inputs=EAX;results=EDX;flows=;fallthrough=00499772
instruction	0049889a	FUN_0049889a	00499772	00499775	COMPUTED_CALL	FUN_0049889a	bytes=FF5260;mnemonic=CALL;instruction=CALL dword ptr [EDX + 0x60];inputs=0x60,ESP,0x4,EDX,0x499775;results=ESP;flows=;fallthrough=00499775
instruction	0049889a	FUN_0049889a	00499775		UNCONDITIONAL_JUMP	FUN_0049889a	bytes=E978010000;mnemonic=JMP;instruction=JMP 0x004998f2;inputs=;results=;flows=004998f2;fallthrough=
instruction_reference	0049889a	FUN_0049889a	00499775	004998f2	UNCONDITIONAL_JUMP	LAB_004998f2	operand_index=0;primary=true;source=DEFAULT
instruction	0049889a	FUN_0049889a	0049977a	00499784	FALL_THROUGH	FUN_0049889a	bytes=C7854CFDFFFF00000000;mnemonic=MOV;instruction=MOV dword ptr [EBP + 0xfffffd4c],0x0;inputs=0x0,0xfffffd4c,EBP;results=;flows=;fallthrough=00499784
instruction_reference	0049889a	FUN_0049889a	0049977a	Stack[-0x2b8]	WRITE		operand_index=0;primary=true;source=ANALYSIS
instruction	0049889a	FUN_0049889a	00499784		UNCONDITIONAL_JUMP	FUN_0049889a	bytes=EB0F;mnemonic=JMP;instruction=JMP 0x00499795;inputs=;results=;flows=00499795;fallthrough=
instruction_reference	0049889a	FUN_0049889a	00499784	00499795	UNCONDITIONAL_JUMP	LAB_00499795	operand_index=0;primary=true;source=DEFAULT
instruction	0049889a	FUN_0049889a	00499786	0049978c	FALL_THROUGH	FUN_0049889a	bytes=8B854CFDFFFF;mnemonic=MOV;instruction=MOV EAX,dword ptr [EBP + 0xfffffd4c];inputs=0xfffffd4c,EBP;results=EAX;flows=;fallthrough=0049978c
instruction_reference	0049889a	FUN_0049889a	00499786	Stack[-0x2b8]	READ		operand_index=1;primary=true;source=ANALYSIS
instruction	0049889a	FUN_0049889a	0049978c	0049978f	FALL_THROUGH	FUN_0049889a	bytes=83C001;mnemonic=ADD;instruction=ADD EAX,0x1;inputs=EAX,0x0,0x1,0xff;results=CF,EAX,PF,ZF,SF,OF;flows=;fallthrough=0049978f
instruction	0049889a	FUN_0049889a	0049978f	00499795	FALL_THROUGH	FUN_0049889a	bytes=89854CFDFFFF;mnemonic=MOV;instruction=MOV dword ptr [EBP + 0xfffffd4c],EAX;inputs=EAX,0xfffffd4c,EBP;results=;flows=;fallthrough=00499795
instruction_reference	0049889a	FUN_0049889a	0049978f	Stack[-0x2b8]	WRITE		operand_index=0;primary=true;source=ANALYSIS
instruction	0049889a	FUN_0049889a	00499795	0049979c	FALL_THROUGH	FUN_0049889a	bytes=83BD4CFDFFFF62;mnemonic=CMP;instruction=CMP dword ptr [EBP + 0xfffffd4c],0x62;inputs=0x0,0x1,0x62,0xfffffd4c,EBP,0xff;results=CF,PF,ZF,SF,OF;flows=;fallthrough=0049979c
instruction_reference	0049889a	FUN_0049889a	00499795	Stack[-0x2b8]	READ		operand_index=0;primary=true;source=ANALYSIS
instruction	0049889a	FUN_0049889a	0049979c	004997a2	CONDITIONAL_JUMP	FUN_0049889a	bytes=0F8D50010000;mnemonic=JGE;instruction=JGE 0x004998f2;inputs=SF,OF;results=;flows=004998f2;fallthrough=004997a2
instruction_reference	0049889a	FUN_0049889a	0049979c	004998f2	CONDITIONAL_JUMP	LAB_004998f2	operand_index=0;primary=true;source=DEFAULT
instruction	0049889a	FUN_0049889a	004997a2	004997a8	FALL_THROUGH	FUN_0049889a	bytes=8B8D4CFDFFFF;mnemonic=MOV;instruction=MOV ECX,dword ptr [EBP + 0xfffffd4c];inputs=0xfffffd4c,EBP;results=ECX;flows=;fallthrough=004997a8
instruction_reference	0049889a	FUN_0049889a	004997a2	Stack[-0x2b8]	READ		operand_index=1;primary=true;source=ANALYSIS
instruction	0049889a	FUN_0049889a	004997a8	004997ae	FALL_THROUGH	FUN_0049889a	bytes=69C984000000;mnemonic=IMUL;instruction=IMUL ECX,ECX,0x84;inputs=0x0,ECX,0x84,0x4;results=CF,ECX,OF;flows=;fallthrough=004997ae
instruction	0049889a	FUN_0049889a	004997ae	004997b4	FALL_THROUGH	FUN_0049889a	bytes=8B15E8713B01;mnemonic=MOV;instruction=MOV EDX,dword ptr [0x013b71e8];inputs=013b71e8;results=EDX;flows=;fallthrough=004997b4
instruction_reference	0049889a	FUN_0049889a	004997ae	013b71e8	READ	DAT_013b71e8	operand_index=1;primary=true;source=DEFAULT
instruction	0049889a	FUN_0049889a	004997b4	004997bc	FALL_THROUGH	FUN_0049889a	bytes=0FBE840A98B00100;mnemonic=MOVSX;instruction=MOVSX EAX,byte ptr [EDX + ECX*0x1 + 0x1b098];inputs=0x1,ECX,EDX,0x1b098;results=EAX;flows=;fallthrough=004997bc
instruction	0049889a	FUN_0049889a	004997bc	004997be	FALL_THROUGH	FUN_0049889a	bytes=85C0;mnemonic=TEST;instruction=TEST EAX,EAX;inputs=0x0,EAX,0x1,0xff;results=CF,PF,ZF,SF,OF;flows=;fallthrough=004997be
instruction	0049889a	FUN_0049889a	004997be	004997c4	CONDITIONAL_JUMP	FUN_0049889a	bytes=0F8529010000;mnemonic=JNZ;instruction=JNZ 0x004998ed;inputs=ZF;results=;flows=004998ed;fallthrough=004997c4
instruction_reference	0049889a	FUN_0049889a	004997be	004998ed	CONDITIONAL_JUMP	LAB_004998ed	operand_index=0;primary=true;source=DEFAULT
instruction	0049889a	FUN_0049889a	004997c4	004997ca	FALL_THROUGH	FUN_0049889a	bytes=8B8D4CFDFFFF;mnemonic=MOV;instruction=MOV ECX,dword ptr [EBP + 0xfffffd4c];inputs=0xfffffd4c,EBP;results=ECX;flows=;fallthrough=004997ca
instruction_reference	0049889a	FUN_0049889a	004997c4	Stack[-0x2b8]	READ		operand_index=1;primary=true;source=ANALYSIS
instruction	0049889a	FUN_0049889a	004997ca	004997cd	FALL_THROUGH	FUN_0049889a	bytes=83C101;mnemonic=ADD;instruction=ADD ECX,0x1;inputs=0x0,0x1,ECX,0xff;results=CF,PF,ECX,ZF,SF,OF;flows=;fallthrough=004997cd
instruction	0049889a	FUN_0049889a	004997cd	004997d3	FALL_THROUGH	FUN_0049889a	bytes=69C984000000;mnemonic=IMUL;instruction=IMUL ECX,ECX,0x84;inputs=0x0,ECX,0x84,0x4;results=CF,ECX,OF;flows=;fallthrough=004997d3
instruction	0049889a	FUN_0049889a	004997d3	004997d9	FALL_THROUGH	FUN_0049889a	bytes=8B15E8713B01;mnemonic=MOV;instruction=MOV EDX,dword ptr [0x013b71e8];inputs=013b71e8;results=EDX;flows=;fallthrough=004997d9
instruction_reference	0049889a	FUN_0049889a	004997d3	013b71e8	READ	DAT_013b71e8	operand_index=1;primary=true;source=DEFAULT
instruction	0049889a	FUN_0049889a	004997d9	004997e1	FALL_THROUGH	FUN_0049889a	bytes=0FBE840A98B00100;mnemonic=MOVSX;instruction=MOVSX EAX,byte ptr [EDX + ECX*0x1 + 0x1b098];inputs=0x1,ECX,EDX,0x1b098;results=EAX;flows=;fallthrough=004997e1
instruction	0049889a	FUN_0049889a	004997e1	004997e3	FALL_THROUGH	FUN_0049889a	bytes=85C0;mnemonic=TEST;instruction=TEST EAX,EAX;inputs=0x0,EAX,0x1,0xff;results=CF,PF,ZF,SF,OF;flows=;fallthrough=004997e3
instruction	0049889a	FUN_0049889a	004997e3	004997e9	CONDITIONAL_JUMP	FUN_0049889a	bytes=0F8504010000;mnemonic=JNZ;instruction=JNZ 0x004998ed;inputs=ZF;results=;flows=004998ed;fallthrough=004997e9
instruction_reference	0049889a	FUN_0049889a	004997e3	004998ed	CONDITIONAL_JUMP	LAB_004998ed	operand_index=0;primary=true;source=DEFAULT
instruction	0049889a	FUN_0049889a	004997e9	004997ef	FALL_THROUGH	FUN_0049889a	bytes=8B8D4CFDFFFF;mnemonic=MOV;instruction=MOV ECX,dword ptr [EBP + 0xfffffd4c];inputs=0xfffffd4c,EBP;results=ECX;flows=;fallthrough=004997ef
instruction_reference	0049889a	FUN_0049889a	004997e9	Stack[-0x2b8]	READ		operand_index=1;primary=true;source=ANALYSIS
instruction	0049889a	FUN_0049889a	004997ef	004997f5	FALL_THROUGH	FUN_0049889a	bytes=69C984000000;mnemonic=IMUL;instruction=IMUL ECX,ECX,0x84;inputs=0x0,ECX,0x84,0x4;results=CF,ECX,OF;flows=;fallthrough=004997f5
instruction	0049889a	FUN_0049889a	004997f5	004997fb	FALL_THROUGH	FUN_0049889a	bytes=8B15E8713B01;mnemonic=MOV;instruction=MOV EDX,dword ptr [0x013b71e8];inputs=013b71e8;results=EDX;flows=;fallthrough=004997fb
instruction_reference	0049889a	FUN_0049889a	004997f5	013b71e8	READ	DAT_013b71e8	operand_index=1;primary=true;source=DEFAULT
instruction	0049889a	FUN_0049889a	004997fb	00499806	FALL_THROUGH	FUN_0049889a	bytes=C7840A94B00100FFFFFFFF;mnemonic=MOV;instruction=MOV dword ptr [EDX + ECX*0x1 + 0x1b094],0xffffffff;inputs=0xffffffff,0x1,ECX,0x1b094,EDX;results=;flows=;fallthrough=00499806
instruction	0049889a	FUN_0049889a	00499806	0049980b	FALL_THROUGH	FUN_0049889a	bytes=6844905B00;mnemonic=PUSH;instruction=PUSH 0x5b9044;inputs=ESP,0x4,0x5b9044;results=ESP;flows=;fallthrough=0049980b
instruction_reference	0049889a	FUN_0049889a	00499806	005b9044	DATA	DAT_005b9044	operand_index=0;primary=true;source=ANALYSIS
instruction	0049889a	FUN_0049889a	0049980b	00499811	FALL_THROUGH	FUN_0049889a	bytes=8B854CFDFFFF;mnemonic=MOV;instruction=MOV EAX,dword ptr [EBP + 0xfffffd4c];inputs=0xfffffd4c,EBP;results=EAX;flows=;fallthrough=00499811
instruction_reference	0049889a	FUN_0049889a	0049980b	Stack[-0x2b8]	READ		operand_index=1;primary=true;source=ANALYSIS
instruction	0049889a	FUN_0049889a	00499811	00499817	FALL_THROUGH	FUN_0049889a	bytes=69C084000000;mnemonic=IMUL;instruction=IMUL EAX,EAX,0x84;inputs=EAX,0x0,0x84,0x4;results=EAX,CF,OF;flows=;fallthrough=00499817
instruction	0049889a	FUN_0049889a	00499817	0049981d	FALL_THROUGH	FUN_0049889a	bytes=8B0DE8713B01;mnemonic=MOV;instruction=MOV ECX,dword ptr [0x013b71e8];inputs=013b71e8;results=ECX;flows=;fallthrough=0049981d
instruction_reference	0049889a	FUN_0049889a	00499817	013b71e8	READ	DAT_013b71e8	operand_index=1;primary=true;source=DEFAULT
instruction	0049889a	FUN_0049889a	0049981d	00499824	FALL_THROUGH	FUN_0049889a	bytes=8D940198B00100;mnemonic=LEA;instruction=LEA EDX,[ECX + EAX*0x1 + 0x1b098];inputs=EAX,0x1,ECX,0x1b098;results=EDX;flows=;fallthrough=00499824
instruction	0049889a	FUN_0049889a	00499824	00499825	FALL_THROUGH	FUN_0049889a	bytes=52;mnemonic=PUSH;instruction=PUSH EDX;inputs=ESP,0x4,EDX;results=ESP;flows=;fallthrough=00499825
instruction	0049889a	FUN_0049889a	00499825	0049982a	UNCONDITIONAL_CALL	FUN_0049889a	bytes=E84E580F00;mnemonic=CALL;instruction=CALL 0x0058f078;inputs=ESP,0x49982a,0x4;results=ESP;flows=0058f078;fallthrough=0049982a
instruction_reference	0049889a	FUN_0049889a	00499825	0058f078	UNCONDITIONAL_CALL	FUN_0058f078	operand_index=0;primary=true;source=DEFAULT
instruction	0049889a	FUN_0049889a	0049982a	0049982d	FALL_THROUGH	FUN_0049889a	bytes=83C408;mnemonic=ADD;instruction=ADD ESP,0x8;inputs=ESP,0x0,0x1,0x8,0xff;results=CF,ESP,PF,ZF,SF,OF;flows=;fallthrough=0049982d
instruction	0049889a	FUN_0049889a	0049982d	00499833	FALL_THROUGH	FUN_0049889a	bytes=8B854CFDFFFF;mnemonic=MOV;instruction=MOV EAX,dword ptr [EBP + 0xfffffd4c];inputs=0xfffffd4c,EBP;results=EAX;flows=;fallthrough=00499833
instruction_reference	0049889a	FUN_0049889a	0049982d	Stack[-0x2b8]	READ		operand_index=1;primary=true;source=ANALYSIS
instruction	0049889a	FUN_0049889a	00499833	00499836	FALL_THROUGH	FUN_0049889a	bytes=83C001;mnemonic=ADD;instruction=ADD EAX,0x1;inputs=EAX,0x0,0x1,0xff;results=CF,EAX,PF,ZF,SF,OF;flows=;fallthrough=00499836
instruction	0049889a	FUN_0049889a	00499836	0049983c	FALL_THROUGH	FUN_0049889a	bytes=69C084000000;mnemonic=IMUL;instruction=IMUL EAX,EAX,0x84;inputs=EAX,0x0,0x84,0x4;results=EAX,CF,OF;flows=;fallthrough=0049983c
instruction	0049889a	FUN_0049889a	0049983c	00499842	FALL_THROUGH	FUN_0049889a	bytes=8B0DE8713B01;mnemonic=MOV;instruction=MOV ECX,dword ptr [0x013b71e8];inputs=013b71e8;results=ECX;flows=;fallthrough=00499842
instruction_reference	0049889a	FUN_0049889a	0049983c	013b71e8	READ	DAT_013b71e8	operand_index=1;primary=true;source=DEFAULT
instruction	0049889a	FUN_0049889a	00499842	0049984d	FALL_THROUGH	FUN_0049889a	bytes=C7840194B00100FFFFBBFF;mnemonic=MOV;instruction=MOV dword ptr [ECX + EAX*0x1 + 0x1b094],0xffbbffff;inputs=EAX,0x1,ECX,0xffbbffff,0x1b094;results=;flows=;fallthrough=0049984d
instruction	0049889a	FUN_0049889a	0049984d	00499853	FALL_THROUGH	FUN_0049889a	bytes=8B956CFEFFFF;mnemonic=MOV;instruction=MOV EDX,dword ptr [EBP + 0xfffffe6c];inputs=0xfffffe6c,EBP;results=EDX;flows=;fallthrough=00499853
instruction_reference	0049889a	FUN_0049889a	0049984d	Stack[-0x198]	READ		operand_index=1;primary=true;source=ANALYSIS
instruction	0049889a	FUN_0049889a	00499853	00499859	FALL_THROUGH	FUN_0049889a	bytes=81E2FFFF0000;mnemonic=AND;instruction=AND EDX,0xffff;inputs=0x0,0x1,EDX,0xffff,0xff;results=CF,PF,ZF,SF,EDX,OF;flows=;fallthrough=00499859
instruction	0049889a	FUN_0049889a	00499859	0049985a	FALL_THROUGH	FUN_0049889a	bytes=52;mnemonic=PUSH;instruction=PUSH EDX;inputs=ESP,0x4,EDX;results=ESP;flows=;fallthrough=0049985a
instruction	0049889a	FUN_0049889a	0049985a	00499860	FALL_THROUGH	FUN_0049889a	bytes=8B856AFEFFFF;mnemonic=MOV;instruction=MOV EAX,dword ptr [EBP + 0xfffffe6a];inputs=EBP,0xfffffe6a;results=EAX;flows=;fallthrough=00499860
instruction_reference	0049889a	FUN_0049889a	0049985a	Stack[-0x19a]	READ		operand_index=1;primary=true;source=ANALYSIS
instruction	0049889a	FUN_0049889a	00499860	00499865	FALL_THROUGH	FUN_0049889a	bytes=25FFFF0000;mnemonic=AND;instruction=AND EAX,0xffff;inputs=0x0,EAX,0x1,0xffff,0xff;results=CF,EAX,PF,ZF,SF,OF;flows=;fallthrough=00499865
instruction	0049889a	FUN_0049889a	00499865	00499866	FALL_THROUGH	FUN_0049889a	bytes=50;mnemonic=PUSH;instruction=PUSH EAX;inputs=EAX,ESP,0x4;results=ESP;flows=;fallthrough=00499866
instruction	0049889a	FUN_0049889a	00499866	0049986c	FALL_THROUGH	FUN_0049889a	bytes=8B8D68FEFFFF;mnemonic=MOV;instruction=MOV ECX,dword ptr [EBP + 0xfffffe68];inputs=EBP,0xfffffe68;results=ECX;flows=;fallthrough=0049986c
instruction_reference	0049889a	FUN_0049889a	00499866	Stack[-0x19c]	READ		operand_index=1;primary=true;source=ANALYSIS
instruction	0049889a	FUN_0049889a	0049986c	00499872	FALL_THROUGH	FUN_0049889a	bytes=81E1FFFF0000;mnemonic=AND;instruction=AND ECX,0xffff;inputs=0x0,0x1,ECX,0xffff,0xff;results=CF,PF,ECX,ZF,SF,OF;flows=;fallthrough=00499872
instruction	0049889a	FUN_0049889a	00499872	00499873	FALL_THROUGH	FUN_0049889a	bytes=51;mnemonic=PUSH;instruction=PUSH ECX;inputs=ESP,ECX,0x4;results=ESP;flows=;fallthrough=00499873
instruction	0049889a	FUN_0049889a	00499873	00499878	FALL_THROUGH	FUN_0049889a	bytes=6848905B00;mnemonic=PUSH;instruction=PUSH 0x5b9048;inputs=ESP,0x5b9048,0x4;results=ESP;flows=;fallthrough=00499878
instruction_reference	0049889a	FUN_0049889a	00499873	005b9048	DATA	s_SMS_[%02d:%02d:%02d]_005b9048	operand_index=0;primary=true;source=ANALYSIS
instruction	0049889a	FUN_0049889a	00499878	0049987e	FALL_THROUGH	FUN_0049889a	bytes=8B954CFDFFFF;mnemonic=MOV;instruction=MOV EDX,dword ptr [EBP + 0xfffffd4c];inputs=0xfffffd4c,EBP;results=EDX;flows=;fallthrough=0049987e
instruction_reference	0049889a	FUN_0049889a	00499878	Stack[-0x2b8]	READ		operand_index=1;primary=true;source=ANALYSIS
instruction	0049889a	FUN_0049889a	0049987e	00499881	FALL_THROUGH	FUN_0049889a	bytes=83C201;mnemonic=ADD;instruction=ADD EDX,0x1;inputs=0x0,0x1,EDX,0xff;results=CF,PF,ZF,SF,EDX,OF;flows=;fallthrough=00499881
instruction	0049889a	FUN_0049889a	00499881	00499887	FALL_THROUGH	FUN_0049889a	bytes=69D284000000;mnemonic=IMUL;instruction=IMUL EDX,EDX,0x84;inputs=0x0,0x84,0x4,EDX;results=CF,EDX,OF;flows=;fallthrough=00499887
instruction	0049889a	FUN_0049889a	00499887	0049988c	FALL_THROUGH	FUN_0049889a	bytes=A1E8713B01;mnemonic=MOV;instruction=MOV EAX,[0x013b71e8];inputs=013b71e8;results=EAX;flows=;fallthrough=0049988c
instruction_reference	0049889a	FUN_0049889a	00499887	013b71e8	READ	DAT_013b71e8	operand_index=1;primary=true;source=DEFAULT
instruction	0049889a	FUN_0049889a	0049988c	00499893	FALL_THROUGH	FUN_0049889a	bytes=8D8C1098B00100;mnemonic=LEA;instruction=LEA ECX,[EAX + EDX*0x1 + 0x1b098];inputs=EAX,0x1,EDX,0x1b098;results=ECX;flows=;fallthrough=00499893
instruction	0049889a	FUN_0049889a	00499893	00499894	FALL_THROUGH	FUN_0049889a	bytes=51;mnemonic=PUSH;instruction=PUSH ECX;inputs=ESP,ECX,0x4;results=ESP;flows=;fallthrough=00499894
instruction	0049889a	FUN_0049889a	00499894	00499899	UNCONDITIONAL_CALL	FUN_0049889a	bytes=E8DF570F00;mnemonic=CALL;instruction=CALL 0x0058f078;inputs=ESP,0x499899,0x4;results=ESP;flows=0058f078;fallthrough=00499899
instruction_reference	0049889a	FUN_0049889a	00499894	0058f078	UNCONDITIONAL_CALL	FUN_0058f078	operand_index=0;primary=true;source=DEFAULT
instruction	0049889a	FUN_0049889a	00499899	0049989c	FALL_THROUGH	FUN_0049889a	bytes=83C414;mnemonic=ADD;instruction=ADD ESP,0x14;inputs=ESP,0x0,0x1,0x14,0xff;results=CF,ESP,PF,ZF,SF,OF;flows=;fallthrough=0049989c
instruction	0049889a	FUN_0049889a	0049989c	004998a2	FALL_THROUGH	FUN_0049889a	bytes=8B954CFDFFFF;mnemonic=MOV;instruction=MOV EDX,dword ptr [EBP + 0xfffffd4c];inputs=0xfffffd4c,EBP;results=EDX;flows=;fallthrough=004998a2
instruction_reference	0049889a	FUN_0049889a	0049989c	Stack[-0x2b8]	READ		operand_index=1;primary=true;source=ANALYSIS
instruction	0049889a	FUN_0049889a	004998a2	004998a5	FALL_THROUGH	FUN_0049889a	bytes=83C202;mnemonic=ADD;instruction=ADD EDX,0x2;inputs=0x0,0x1,0x2,EDX,0xff;results=CF,PF,ZF,SF,EDX,OF;flows=;fallthrough=004998a5
instruction	0049889a	FUN_0049889a	004998a5	004998ab	FALL_THROUGH	FUN_0049889a	bytes=69D284000000;mnemonic=IMUL;instruction=IMUL EDX,EDX,0x84;inputs=0x0,0x84,0x4,EDX;results=CF,EDX,OF;flows=;fallthrough=004998ab
instruction	0049889a	FUN_0049889a	004998ab	004998b0	FALL_THROUGH	FUN_0049889a	bytes=A1E8713B01;mnemonic=MOV;instruction=MOV EAX,[0x013b71e8];inputs=013b71e8;results=EAX;flows=;fallthrough=004998b0
instruction_reference	0049889a	FUN_0049889a	004998ab	013b71e8	READ	DAT_013b71e8	operand_index=1;primary=true;source=DEFAULT
instruction	0049889a	FUN_0049889a	004998b0	004998bb	FALL_THROUGH	FUN_0049889a	bytes=C7841094B00100CCFFBBFF;mnemonic=MOV;instruction=MOV dword ptr [EAX + EDX*0x1 + 0x1b094],0xffbbffcc;inputs=EAX,0x1,0x1b094,0xffbbffcc,EDX;results=;flows=;fallthrough=004998bb
instruction	0049889a	FUN_0049889a	004998bb	004998be	FALL_THROUGH	FUN_0049889a	bytes=8B4DA4;mnemonic=MOV;instruction=MOV ECX,dword ptr [EBP + -0x5c];inputs=EBP,0xffffffa4;results=ECX;flows=;fallthrough=004998be
instruction_reference	0049889a	FUN_0049889a	004998bb	Stack[-0x60]	READ		operand_index=1;primary=true;source=ANALYSIS
instruction	0049889a	FUN_0049889a	004998be	004998c1	FALL_THROUGH	FUN_0049889a	bytes=83C10D;mnemonic=ADD;instruction=ADD ECX,0xd;inputs=0x0,0x1,ECX,0xd,0xff;results=CF,PF,ECX,ZF,SF,OF;flows=;fallthrough=004998c1
instruction	0049889a	FUN_0049889a	004998c1	004998c2	FALL_THROUGH	FUN_0049889a	bytes=51;mnemonic=PUSH;instruction=PUSH ECX;inputs=ESP,ECX,0x4;results=ESP;flows=;fallthrough=004998c2
instruction	0049889a	FUN_0049889a	004998c2	004998c7	FALL_THROUGH	FUN_0049889a	bytes=6860905B00;mnemonic=PUSH;instruction=PUSH 0x5b9060;inputs=ESP,0x4,0x5b9060;results=ESP;flows=;fallthrough=004998c7
instruction_reference	0049889a	FUN_0049889a	004998c2	005b9060	DATA	DAT_005b9060	operand_index=0;primary=true;source=ANALYSIS
instruction	0049889a	FUN_0049889a	004998c7	004998cd	FALL_THROUGH	FUN_0049889a	bytes=8B954CFDFFFF;mnemonic=MOV;instruction=MOV EDX,dword ptr [EBP + 0xfffffd4c];inputs=0xfffffd4c,EBP;results=EDX;flows=;fallthrough=004998cd
instruction_reference	0049889a	FUN_0049889a	004998c7	Stack[-0x2b8]	READ		operand_index=1;primary=true;source=ANALYSIS
instruction	0049889a	FUN_0049889a	004998cd	004998d0	FALL_THROUGH	FUN_0049889a	bytes=83C202;mnemonic=ADD;instruction=ADD EDX,0x2;inputs=0x0,0x1,0x2,EDX,0xff;results=CF,PF,ZF,SF,EDX,OF;flows=;fallthrough=004998d0
instruction	0049889a	FUN_0049889a	004998d0	004998d6	FALL_THROUGH	FUN_0049889a	bytes=69D284000000;mnemonic=IMUL;instruction=IMUL EDX,EDX,0x84;inputs=0x0,0x84,0x4,EDX;results=CF,EDX,OF;flows=;fallthrough=004998d6
instruction	0049889a	FUN_0049889a	004998d6	004998db	FALL_THROUGH	FUN_0049889a	bytes=A1E8713B01;mnemonic=MOV;instruction=MOV EAX,[0x013b71e8];inputs=013b71e8;results=EAX;flows=;fallthrough=004998db
instruction_reference	0049889a	FUN_0049889a	004998d6	013b71e8	READ	DAT_013b71e8	operand_index=1;primary=true;source=DEFAULT
instruction	0049889a	FUN_0049889a	004998db	004998e2	FALL_THROUGH	FUN_0049889a	bytes=8D8C1098B00100;mnemonic=LEA;instruction=LEA ECX,[EAX + EDX*0x1 + 0x1b098];inputs=EAX,0x1,EDX,0x1b098;results=ECX;flows=;fallthrough=004998e2
instruction	0049889a	FUN_0049889a	004998e2	004998e3	FALL_THROUGH	FUN_0049889a	bytes=51;mnemonic=PUSH;instruction=PUSH ECX;inputs=ESP,ECX,0x4;results=ESP;flows=;fallthrough=004998e3
instruction	0049889a	FUN_0049889a	004998e3	004998e8	UNCONDITIONAL_CALL	FUN_0049889a	bytes=E890570F00;mnemonic=CALL;instruction=CALL 0x0058f078;inputs=ESP,0x4998e8,0x4;results=ESP;flows=0058f078;fallthrough=004998e8
instruction_reference	0049889a	FUN_0049889a	004998e3	0058f078	UNCONDITIONAL_CALL	FUN_0058f078	operand_index=0;primary=true;source=DEFAULT
instruction	0049889a	FUN_0049889a	004998e8	004998eb	FALL_THROUGH	FUN_0049889a	bytes=83C40C;mnemonic=ADD;instruction=ADD ESP,0xc;inputs=ESP,0x0,0x1,0xc,0xff;results=CF,ESP,PF,ZF,SF,OF;flows=;fallthrough=004998eb
instruction	0049889a	FUN_0049889a	004998eb		UNCONDITIONAL_JUMP	FUN_0049889a	bytes=EB05;mnemonic=JMP;instruction=JMP 0x004998f2;inputs=;results=;flows=004998f2;fallthrough=
instruction_reference	0049889a	FUN_0049889a	004998eb	004998f2	UNCONDITIONAL_JUMP	LAB_004998f2	operand_index=0;primary=true;source=DEFAULT
instruction	0049889a	FUN_0049889a	004998ed		UNCONDITIONAL_JUMP	FUN_0049889a	bytes=E994FEFFFF;mnemonic=JMP;instruction=JMP 0x00499786;inputs=;results=;flows=00499786;fallthrough=
instruction_reference	0049889a	FUN_0049889a	004998ed	00499786	UNCONDITIONAL_JUMP	LAB_00499786	operand_index=0;primary=true;source=DEFAULT
instruction	0049889a	FUN_0049889a	004998f2	004998f7	FALL_THROUGH	FUN_0049889a	bytes=68A00F0000;mnemonic=PUSH;instruction=PUSH 0xfa0;inputs=0xfa0,ESP,0x4;results=ESP;flows=;fallthrough=004998f7
instruction	0049889a	FUN_0049889a	004998f7	004998fa	FALL_THROUGH	FUN_0049889a	bytes=8B55A4;mnemonic=MOV;instruction=MOV EDX,dword ptr [EBP + -0x5c];inputs=EBP,0xffffffa4;results=EDX;flows=;fallthrough=004998fa
instruction_reference	0049889a	FUN_0049889a	004998f7	Stack[-0x60]	READ		operand_index=1;primary=true;source=ANALYSIS
instruction	0049889a	FUN_0049889a	004998fa	004998fd	FALL_THROUGH	FUN_0049889a	bytes=83C20D;mnemonic=ADD;instruction=ADD EDX,0xd;inputs=0x0,0x1,EDX,0xd,0xff;results=CF,PF,ZF,SF,EDX,OF;flows=;fallthrough=004998fd
instruction	0049889a	FUN_0049889a	004998fd	004998fe	FALL_THROUGH	FUN_0049889a	bytes=52;mnemonic=PUSH;instruction=PUSH EDX;inputs=ESP,0x4,EDX;results=ESP;flows=;fallthrough=004998fe
instruction	0049889a	FUN_0049889a	004998fe	00499904	FALL_THROUGH	FUN_0049889a	bytes=8B8584FCFFFF;mnemonic=MOV;instruction=MOV EAX,dword ptr [EBP + 0xfffffc84];inputs=EBP,0xfffffc84;results=EAX;flows=;fallthrough=00499904
instruction_reference	0049889a	FUN_0049889a	004998fe	Stack[-0x380]	READ		operand_index=1;primary=true;source=ANALYSIS
instruction	0049889a	FUN_0049889a	00499904	0049990a	FALL_THROUGH	FUN_0049889a	bytes=8B8884000000;mnemonic=MOV;instruction=MOV ECX,dword ptr [EAX + 0x84];inputs=EAX,0x84;results=ECX;flows=;fallthrough=0049990a
instruction	0049889a	FUN_0049889a	0049990a	0049990f	UNCONDITIONAL_CALL	FUN_0049889a	bytes=E8E3A4F6FF;mnemonic=CALL;instruction=CALL 0x00403df2;inputs=ESP,0x4,0x49990f;results=ESP;flows=00403df2;fallthrough=0049990f
instruction_reference	0049889a	FUN_0049889a	0049990a	00403df2	UNCONDITIONAL_CALL	FUN_00403df2	operand_index=0;primary=true;source=DEFAULT
instruction	0049889a	FUN_0049889a	0049990f	00499911	FALL_THROUGH	FUN_0049889a	bytes=6A01;mnemonic=PUSH;instruction=PUSH 0x1;inputs=ESP,0x1,0x4;results=ESP;flows=;fallthrough=00499911
instruction	0049889a	FUN_0049889a	00499911	00499913	FALL_THROUGH	FUN_0049889a	bytes=6A01;mnemonic=PUSH;instruction=PUSH 0x1;inputs=ESP,0x1,0x4;results=ESP;flows=;fallthrough=00499913
instruction	0049889a	FUN_0049889a	00499913	00499919	FALL_THROUGH	FUN_0049889a	bytes=8B8D84FCFFFF;mnemonic=MOV;instruction=MOV ECX,dword ptr [EBP + 0xfffffc84];inputs=EBP,0xfffffc84;results=ECX;flows=;fallthrough=00499919
instruction_reference	0049889a	FUN_0049889a	00499913	Stack[-0x380]	READ		operand_index=1;primary=true;source=ANALYSIS
instruction	0049889a	FUN_0049889a	00499919	0049991f	FALL_THROUGH	FUN_0049889a	bytes=8B8984000000;mnemonic=MOV;instruction=MOV ECX,dword ptr [ECX + 0x84];inputs=ECX,0x84;results=ECX;flows=;fallthrough=0049991f
instruction	0049889a	FUN_0049889a	0049991f	00499925	FALL_THROUGH	FUN_0049889a	bytes=8B9584FCFFFF;mnemonic=MOV;instruction=MOV EDX,dword ptr [EBP + 0xfffffc84];inputs=EBP,0xfffffc84;results=EDX;flows=;fallthrough=00499925
instruction_reference	0049889a	FUN_0049889a	0049991f	Stack[-0x380]	READ		operand_index=1;primary=true;source=ANALYSIS
instruction	0049889a	FUN_0049889a	00499925	0049992b	FALL_THROUGH	FUN_0049889a	bytes=8B8284000000;mnemonic=MOV;instruction=MOV EAX,dword ptr [EDX + 0x84];inputs=0x84,EDX;results=EAX;flows=;fallthrough=0049992b
instruction	0049889a	FUN_0049889a	0049992b	0049992d	FALL_THROUGH	FUN_0049889a	bytes=8B10;mnemonic=MOV;instruction=MOV EDX,dword ptr [EAX];inputs=EAX;results=EDX;flows=;fallthrough=0049992d
instruction	0049889a	FUN_0049889a	0049992d	00499933	COMPUTED_CALL	FUN_0049889a	bytes=FF9288000000;mnemonic=CALL;instruction=CALL dword ptr [EDX + 0x88];inputs=ESP,0x4,EDX,0x88,0x499933;results=ESP;flows=;fallthrough=00499933
instruction	0049889a	FUN_0049889a	00499933		UNCONDITIONAL_JUMP	FUN_0049889a	bytes=E93C010000;mnemonic=JMP;instruction=JMP 0x00499a74;inputs=;results=;flows=00499a74;fallthrough=
instruction_reference	0049889a	FUN_0049889a	00499933	00499a74	UNCONDITIONAL_JUMP	LAB_00499a74	operand_index=0;primary=true;source=DEFAULT
instruction	0049889a	FUN_0049889a	00499938	0049993b	FALL_THROUGH	FUN_0049889a	bytes=8B45A4;mnemonic=MOV;instruction=MOV EAX,dword ptr [EBP + -0x5c];inputs=EBP,0xffffffa4;results=EAX;flows=;fallthrough=0049993b
instruction_reference	0049889a	FUN_0049889a	00499938	Stack[-0x60]	READ		operand_index=1;primary=true;source=ANALYSIS
instruction	0049889a	FUN_0049889a	0049993b	0049993f	FALL_THROUGH	FUN_0049889a	bytes=0FBE480C;mnemonic=MOVSX;instruction=MOVSX ECX,byte ptr [EAX + 0xc];inputs=EAX,0xc;results=ECX;flows=;fallthrough=0049993f
instruction	0049889a	FUN_0049889a	0049993f	00499942	FALL_THROUGH	FUN_0049889a	bytes=83F932;mnemonic=CMP;instruction=CMP ECX,0x32;inputs=0x0,0x1,0x32,ECX,0xff;results=CF,PF,ZF,SF,OF;flows=;fallthrough=00499942
instruction	0049889a	FUN_0049889a	00499942	00499948	CONDITIONAL_JUMP	FUN_0049889a	bytes=0F85EB000000;mnemonic=JNZ;instruction=JNZ 0x00499a33;inputs=ZF;results=;flows=00499a33;fallthrough=00499948
instruction_reference	0049889a	FUN_0049889a	00499942	00499a33	CONDITIONAL_JUMP	LAB_00499a33	operand_index=0;primary=true;source=DEFAULT
instruction	0049889a	FUN_0049889a	00499948	0049994b	FALL_THROUGH	FUN_0049889a	bytes=8B55A4;mnemonic=MOV;instruction=MOV EDX,dword ptr [EBP + -0x5c];inputs=EBP,0xffffffa4;results=EDX;flows=;fallthrough=0049994b
instruction_reference	0049889a	FUN_0049889a	00499948	Stack[-0x60]	READ		operand_index=1;primary=true;source=ANALYSIS
instruction	0049889a	FUN_0049889a	0049994b	0049994f	FALL_THROUGH	FUN_0049889a	bytes=0FBE420D;mnemonic=MOVSX;instruction=MOVSX EAX,byte ptr [EDX + 0xd];inputs=EDX,0xd;results=EAX;flows=;fallthrough=0049994f
instruction	0049889a	FUN_0049889a	0049994f	00499952	FALL_THROUGH	FUN_0049889a	bytes=83F830;mnemonic=CMP;instruction=CMP EAX,0x30;inputs=EAX,0x30,0x0,0x1,0xff;results=CF,PF,ZF,SF,OF;flows=;fallthrough=00499952
instruction	0049889a	FUN_0049889a	00499952	00499958	CONDITIONAL_JUMP	FUN_0049889a	bytes=0F85DB000000;mnemonic=JNZ;instruction=JNZ 0x00499a33;inputs=ZF;results=;flows=00499a33;fallthrough=00499958
instruction_reference	0049889a	FUN_0049889a	00499952	00499a33	CONDITIONAL_JUMP	LAB_00499a33	operand_index=0;primary=true;source=DEFAULT
instruction	0049889a	FUN_0049889a	00499958	0049995b	FALL_THROUGH	FUN_0049889a	bytes=8B4DA4;mnemonic=MOV;instruction=MOV ECX,dword ptr [EBP + -0x5c];inputs=EBP,0xffffffa4;results=ECX;flows=;fallthrough=0049995b
instruction_reference	0049889a	FUN_0049889a	00499958	Stack[-0x60]	READ		operand_index=1;primary=true;source=ANALYSIS
instruction	0049889a	FUN_0049889a	0049995b	0049995f	FALL_THROUGH	FUN_0049889a	bytes=0FBE510E;mnemonic=MOVSX;instruction=MOVSX EDX,byte ptr [ECX + 0xe];inputs=ECX,0xe;results=EDX;flows=;fallthrough=0049995f
instruction	0049889a	FUN_0049889a	0049995f	00499962	FALL_THROUGH	FUN_0049889a	bytes=83FA30;mnemonic=CMP;instruction=CMP EDX,0x30;inputs=0x30,0x0,0x1,EDX,0xff;results=CF,PF,ZF,SF,OF;flows=;fallthrough=00499962
instruction	0049889a	FUN_0049889a	00499962	00499968	CONDITIONAL_JUMP	FUN_0049889a	bytes=0F85CB000000;mnemonic=JNZ;instruction=JNZ 0x00499a33;inputs=ZF;results=;flows=00499a33;fallthrough=00499968
instruction_reference	0049889a	FUN_0049889a	00499962	00499a33	CONDITIONAL_JUMP	LAB_00499a33	operand_index=0;primary=true;source=DEFAULT
instruction	0049889a	FUN_0049889a	00499968	0049996e	FALL_THROUGH	FUN_0049889a	bytes=8B8584FCFFFF;mnemonic=MOV;instruction=MOV EAX,dword ptr [EBP + 0xfffffc84];inputs=EBP,0xfffffc84;results=EAX;flows=;fallthrough=0049996e
instruction_reference	0049889a	FUN_0049889a	00499968	Stack[-0x380]	READ		operand_index=1;primary=true;source=ANALYSIS
instruction	0049889a	FUN_0049889a	0049996e	00499971	FALL_THROUGH	FUN_0049889a	bytes=8B484C;mnemonic=MOV;instruction=MOV ECX,dword ptr [EAX + 0x4c];inputs=EAX,0x4c;results=ECX;flows=;fallthrough=00499971
instruction	0049889a	FUN_0049889a	00499971	00499977	FALL_THROUGH	FUN_0049889a	bytes=898D48FDFFFF;mnemonic=MOV;instruction=MOV dword ptr [EBP + 0xfffffd48],ECX;inputs=EBP,ECX,0xfffffd48;results=;flows=;fallthrough=00499977
instruction_reference	0049889a	FUN_0049889a	00499971	Stack[-0x2bc]	WRITE		operand_index=0;primary=true;source=ANALYSIS
instruction	0049889a	FUN_0049889a	00499977	0049997e	FALL_THROUGH	FUN_0049889a	bytes=83BD48FDFFFF00;mnemonic=CMP;instruction=CMP dword ptr [EBP + 0xfffffd48],0x0;inputs=0x0,0x1,EBP,0xfffffd48,0xff;results=CF,PF,ZF,SF,OF;flows=;fallthrough=0049997e
instruction_reference	0049889a	FUN_0049889a	00499977	Stack[-0x2bc]	READ		operand_index=0;primary=true;source=ANALYSIS
instruction	0049889a	FUN_0049889a	0049997e	00499980	CONDITIONAL_JUMP	FUN_0049889a	bytes=7448;mnemonic=JZ;instruction=JZ 0x004999c8;inputs=ZF;results=;flows=004999c8;fallthrough=00499980
instruction_reference	0049889a	FUN_0049889a	0049997e	004999c8	CONDITIONAL_JUMP	LAB_004999c8	operand_index=0;primary=true;source=DEFAULT
instruction	0049889a	FUN_0049889a	00499980	00499986	FALL_THROUGH	FUN_0049889a	bytes=8B9548FDFFFF;mnemonic=MOV;instruction=MOV EDX,dword ptr [EBP + 0xfffffd48];inputs=EBP,0xfffffd48;results=EDX;flows=;fallthrough=00499986
instruction_reference	0049889a	FUN_0049889a	00499980	Stack[-0x2bc]	READ		operand_index=1;primary=true;source=ANALYSIS
instruction	0049889a	FUN_0049889a	00499986	00499989	FALL_THROUGH	FUN_0049889a	bytes=D9422C;mnemonic=FLD;instruction=FLD float ptr [EDX + 0x2c];inputs=ST7,ST6,ST5,ST4,ST3,ST2,ST1,ST0,EDX,0x2c,0x499986;results=ST7,ST6,ST5,ST4,ST3,ST2,ST1,ST0,FPUInstructionPointer;flows=;fallthrough=00499989
instruction	0049889a	FUN_0049889a	00499989	0049998e	UNCONDITIONAL_CALL	FUN_0049889a	bytes=E862580F00;mnemonic=CALL;instruction=CALL 0x0058f1f0;inputs=ESP,0x4,0x49998e;results=ESP;flows=0058f1f0;fallthrough=0049998e
instruction_reference	0049889a	FUN_0049889a	00499989	0058f1f0	UNCONDITIONAL_CALL	__ftol	operand_index=0;primary=true;source=DEFAULT
instruction	0049889a	FUN_0049889a	0049998e	0049998f	FALL_THROUGH	FUN_0049889a	bytes=50;mnemonic=PUSH;instruction=PUSH EAX;inputs=EAX,ESP,0x4;results=ESP;flows=;fallthrough=0049998f
instruction	0049889a	FUN_0049889a	0049998f	00499995	FALL_THROUGH	FUN_0049889a	bytes=8B8548FDFFFF;mnemonic=MOV;instruction=MOV EAX,dword ptr [EBP + 0xfffffd48];inputs=EBP,0xfffffd48;results=EAX;flows=;fallthrough=00499995
instruction_reference	0049889a	FUN_0049889a	0049998f	Stack[-0x2bc]	READ		operand_index=1;primary=true;source=ANALYSIS
instruction	0049889a	FUN_0049889a	00499995	00499998	FALL_THROUGH	FUN_0049889a	bytes=D94028;mnemonic=FLD;instruction=FLD float ptr [EAX + 0x28];inputs=EAX,ST6,ST4,ST2,ST0,0x28,ST7,ST5,ST3,ST1,0x499995;results=ST7,ST6,ST5,ST4,ST3,ST2,ST1,ST0,FPUInstructionPointer;flows=;fallthrough=00499998
instruction	0049889a	FUN_0049889a	00499998	0049999d	UNCONDITIONAL_CALL	FUN_0049889a	bytes=E853580F00;mnemonic=CALL;instruction=CALL 0x0058f1f0;inputs=ESP,0x4,0x49999d;results=ESP;flows=0058f1f0;fallthrough=0049999d
instruction_reference	0049889a	FUN_0049889a	00499998	0058f1f0	UNCONDITIONAL_CALL	__ftol	operand_index=0;primary=true;source=DEFAULT
instruction	0049889a	FUN_0049889a	0049999d	0049999e	FALL_THROUGH	FUN_0049889a	bytes=50;mnemonic=PUSH;instruction=PUSH EAX;inputs=EAX,ESP,0x4;results=ESP;flows=;fallthrough=0049999e
instruction	0049889a	FUN_0049889a	0049999e	004999a4	FALL_THROUGH	FUN_0049889a	bytes=8B0DE8713B01;mnemonic=MOV;instruction=MOV ECX,dword ptr [0x013b71e8];inputs=013b71e8;results=ECX;flows=;fallthrough=004999a4
instruction_reference	0049889a	FUN_0049889a	0049999e	013b71e8	READ	DAT_013b71e8	operand_index=1;primary=true;source=DEFAULT
instruction	0049889a	FUN_0049889a	004999a4	004999aa	FALL_THROUGH	FUN_0049889a	bytes=8B9150AF0100;mnemonic=MOV;instruction=MOV EDX,dword ptr [ECX + 0x1af50];inputs=0x1af50,ECX;results=EDX;flows=;fallthrough=004999aa
instruction	0049889a	FUN_0049889a	004999aa	004999ab	FALL_THROUGH	FUN_0049889a	bytes=52;mnemonic=PUSH;instruction=PUSH EDX;inputs=ESP,0x4,EDX;results=ESP;flows=;fallthrough=004999ab
instruction	0049889a	FUN_0049889a	004999ab	004999ae	FALL_THROUGH	FUN_0049889a	bytes=8B45A4;mnemonic=MOV;instruction=MOV EAX,dword ptr [EBP + -0x5c];inputs=EBP,0xffffffa4;results=EAX;flows=;fallthrough=004999ae
instruction_reference	0049889a	FUN_0049889a	004999ab	Stack[-0x60]	READ		operand_index=1;primary=true;source=ANALYSIS
instruction	0049889a	FUN_0049889a	004999ae	004999b1	FALL_THROUGH	FUN_0049889a	bytes=83C00C;mnemonic=ADD;instruction=ADD EAX,0xc;inputs=EAX,0x0,0x1,0xc,0xff;results=CF,EAX,PF,ZF,SF,OF;flows=;fallthrough=004999b1
instruction	0049889a	FUN_0049889a	004999b1	004999b2	FALL_THROUGH	FUN_0049889a	bytes=50;mnemonic=PUSH;instruction=PUSH EAX;inputs=EAX,ESP,0x4;results=ESP;flows=;fallthrough=004999b2
instruction	0049889a	FUN_0049889a	004999b2	004999b7	FALL_THROUGH	FUN_0049889a	bytes=6864905B00;mnemonic=PUSH;instruction=PUSH 0x5b9064;inputs=ESP,0x4,0x5b9064;results=ESP;flows=;fallthrough=004999b7
instruction_reference	0049889a	FUN_0049889a	004999b2	005b9064	DATA	s_%s_%d_%d,%d_005b9064	operand_index=0;primary=true;source=ANALYSIS
instruction	0049889a	FUN_0049889a	004999b7	004999bd	FALL_THROUGH	FUN_0049889a	bytes=8D8DE8FCFFFF;mnemonic=LEA;instruction=LEA ECX,[EBP + 0xfffffce8];inputs=EBP,0xfffffce8;results=ECX;flows=;fallthrough=004999bd
instruction_reference	0049889a	FUN_0049889a	004999b7	Stack[-0x31c]	DATA		operand_index=0;primary=true;source=ANALYSIS
instruction	0049889a	FUN_0049889a	004999bd	004999be	FALL_THROUGH	FUN_0049889a	bytes=51;mnemonic=PUSH;instruction=PUSH ECX;inputs=ESP,ECX,0x4;results=ESP;flows=;fallthrough=004999be
instruction	0049889a	FUN_0049889a	004999be	004999c3	UNCONDITIONAL_CALL	FUN_0049889a	bytes=E8B5560F00;mnemonic=CALL;instruction=CALL 0x0058f078;inputs=ESP,0x4,0x4999c3;results=ESP;flows=0058f078;fallthrough=004999c3
instruction_reference	0049889a	FUN_0049889a	004999be	0058f078	UNCONDITIONAL_CALL	FUN_0058f078	operand_index=0;primary=true;source=DEFAULT
instruction	0049889a	FUN_0049889a	004999c3	004999c6	FALL_THROUGH	FUN_0049889a	bytes=83C418;mnemonic=ADD;instruction=ADD ESP,0x18;inputs=ESP,0x0,0x1,0x18,0xff;results=CF,ESP,PF,ZF,SF,OF;flows=;fallthrough=004999c6
instruction	0049889a	FUN_0049889a	004999c6		UNCONDITIONAL_JUMP	FUN_0049889a	bytes=EB28;mnemonic=JMP;instruction=JMP 0x004999f0;inputs=;results=;flows=004999f0;fallthrough=
instruction_reference	0049889a	FUN_0049889a	004999c6	004999f0	UNCONDITIONAL_JUMP	LAB_004999f0	operand_index=0;primary=true;source=DEFAULT
instruction	0049889a	FUN_0049889a	004999c8	004999ce	FALL_THROUGH	FUN_0049889a	bytes=8B15E8713B01;mnemonic=MOV;instruction=MOV EDX,dword ptr [0x013b71e8];inputs=013b71e8;results=EDX;flows=;fallthrough=004999ce
instruction_reference	0049889a	FUN_0049889a	004999c8	013b71e8	READ	DAT_013b71e8	operand_index=1;primary=true;source=DEFAULT
instruction	0049889a	FUN_0049889a	004999ce	004999d4	FALL_THROUGH	FUN_0049889a	bytes=8B8250AF0100;mnemonic=MOV;instruction=MOV EAX,dword ptr [EDX + 0x1af50];inputs=0x1af50,EDX;results=EAX;flows=;fallthrough=004999d4
instruction	0049889a	FUN_0049889a	004999d4	004999d5	FALL_THROUGH	FUN_0049889a	bytes=50;mnemonic=PUSH;instruction=PUSH EAX;inputs=EAX,ESP,0x4;results=ESP;flows=;fallthrough=004999d5
instruction	0049889a	FUN_0049889a	004999d5	004999d8	FALL_THROUGH	FUN_0049889a	bytes=8B4DA4;mnemonic=MOV;instruction=MOV ECX,dword ptr [EBP + -0x5c];inputs=EBP,0xffffffa4;results=ECX;flows=;fallthrough=004999d8
instruction_reference	0049889a	FUN_0049889a	004999d5	Stack[-0x60]	READ		operand_index=1;primary=true;source=ANALYSIS
instruction	0049889a	FUN_0049889a	004999d8	004999db	FALL_THROUGH	FUN_0049889a	bytes=83C10C;mnemonic=ADD;instruction=ADD ECX,0xc;inputs=0x0,0x1,ECX,0xc,0xff;results=CF,PF,ECX,ZF,SF,OF;flows=;fallthrough=004999db
instruction	0049889a	FUN_0049889a	004999db	004999dc	FALL_THROUGH	FUN_0049889a	bytes=51;mnemonic=PUSH;instruction=PUSH ECX;inputs=ESP,ECX,0x4;results=ESP;flows=;fallthrough=004999dc
instruction	0049889a	FUN_0049889a	004999dc	004999e1	FALL_THROUGH	FUN_0049889a	bytes=6870905B00;mnemonic=PUSH;instruction=PUSH 0x5b9070;inputs=ESP,0x4,0x5b9070;results=ESP;flows=;fallthrough=004999e1
instruction_reference	0049889a	FUN_0049889a	004999dc	005b9070	DATA	s_%s_%d_005b9070	operand_index=0;primary=true;source=ANALYSIS
instruction	0049889a	FUN_0049889a	004999e1	004999e7	FALL_THROUGH	FUN_0049889a	bytes=8D95E8FCFFFF;mnemonic=LEA;instruction=LEA EDX,[EBP + 0xfffffce8];inputs=EBP,0xfffffce8;results=EDX;flows=;fallthrough=004999e7
instruction_reference	0049889a	FUN_0049889a	004999e1	Stack[-0x31c]	DATA		operand_index=0;primary=true;source=ANALYSIS
instruction	0049889a	FUN_0049889a	004999e7	004999e8	FALL_THROUGH	FUN_0049889a	bytes=52;mnemonic=PUSH;instruction=PUSH EDX;inputs=ESP,0x4,EDX;results=ESP;flows=;fallthrough=004999e8
instruction	0049889a	FUN_0049889a	004999e8	004999ed	UNCONDITIONAL_CALL	FUN_0049889a	bytes=E88B560F00;mnemonic=CALL;instruction=CALL 0x0058f078;inputs=ESP,0x4,0x4999ed;results=ESP;flows=0058f078;fallthrough=004999ed
instruction_reference	0049889a	FUN_0049889a	004999e8	0058f078	UNCONDITIONAL_CALL	FUN_0058f078	operand_index=0;primary=true;source=DEFAULT
instruction	0049889a	FUN_0049889a	004999ed	004999f0	FALL_THROUGH	FUN_0049889a	bytes=83C410;mnemonic=ADD;instruction=ADD ESP,0x10;inputs=ESP,0x10,0x0,0x1,0xff;results=CF,ESP,PF,ZF,SF,OF;flows=;fallthrough=004999f0
instruction	0049889a	FUN_0049889a	004999f0	004999f5	FALL_THROUGH	FUN_0049889a	bytes=68A00F0000;mnemonic=PUSH;instruction=PUSH 0xfa0;inputs=0xfa0,ESP,0x4;results=ESP;flows=;fallthrough=004999f5
instruction	0049889a	FUN_0049889a	004999f5	004999fb	FALL_THROUGH	FUN_0049889a	bytes=8D85E8FCFFFF;mnemonic=LEA;instruction=LEA EAX,[EBP + 0xfffffce8];inputs=EBP,0xfffffce8;results=EAX;flows=;fallthrough=004999fb
instruction_reference	0049889a	FUN_0049889a	004999f5	Stack[-0x31c]	DATA		operand_index=0;primary=true;source=ANALYSIS
instruction	0049889a	FUN_0049889a	004999fb	004999fc	FALL_THROUGH	FUN_0049889a	bytes=50;mnemonic=PUSH;instruction=PUSH EAX;inputs=EAX,ESP,0x4;results=ESP;flows=;fallthrough=004999fc
instruction	0049889a	FUN_0049889a	004999fc	00499a02	FALL_THROUGH	FUN_0049889a	bytes=8B8D84FCFFFF;mnemonic=MOV;instruction=MOV ECX,dword ptr [EBP + 0xfffffc84];inputs=EBP,0xfffffc84;results=ECX;flows=;fallthrough=00499a02
instruction_reference	0049889a	FUN_0049889a	004999fc	Stack[-0x380]	READ		operand_index=1;primary=true;source=ANALYSIS
instruction	0049889a	FUN_0049889a	00499a02	00499a08	FALL_THROUGH	FUN_0049889a	bytes=8B8984000000;mnemonic=MOV;instruction=MOV ECX,dword ptr [ECX + 0x84];inputs=ECX,0x84;results=ECX;flows=;fallthrough=00499a08
instruction	0049889a	FUN_0049889a	00499a08	00499a0d	UNCONDITIONAL_CALL	FUN_0049889a	bytes=E8E5A3F6FF;mnemonic=CALL;instruction=CALL 0x00403df2;inputs=ESP,0x4,0x499a0d;results=ESP;flows=00403df2;fallthrough=00499a0d
instruction_reference	0049889a	FUN_0049889a	00499a08	00403df2	UNCONDITIONAL_CALL	FUN_00403df2	operand_index=0;primary=true;source=DEFAULT
instruction	0049889a	FUN_0049889a	00499a0d	00499a0f	FALL_THROUGH	FUN_0049889a	bytes=6A01;mnemonic=PUSH;instruction=PUSH 0x1;inputs=ESP,0x1,0x4;results=ESP;flows=;fallthrough=00499a0f
instruction	0049889a	FUN_0049889a	00499a0f	00499a11	FALL_THROUGH	FUN_0049889a	bytes=6A01;mnemonic=PUSH;instruction=PUSH 0x1;inputs=ESP,0x1,0x4;results=ESP;flows=;fallthrough=00499a11
instruction	0049889a	FUN_0049889a	00499a11	00499a17	FALL_THROUGH	FUN_0049889a	bytes=8B9584FCFFFF;mnemonic=MOV;instruction=MOV EDX,dword ptr [EBP + 0xfffffc84];inputs=EBP,0xfffffc84;results=EDX;flows=;fallthrough=00499a17
instruction_reference	0049889a	FUN_0049889a	00499a11	Stack[-0x380]	READ		operand_index=1;primary=true;source=ANALYSIS
instruction	0049889a	FUN_0049889a	00499a17	00499a1d	FALL_THROUGH	FUN_0049889a	bytes=8B8A84000000;mnemonic=MOV;instruction=MOV ECX,dword ptr [EDX + 0x84];inputs=0x84,EDX;results=ECX;flows=;fallthrough=00499a1d
instruction	0049889a	FUN_0049889a	00499a1d	00499a23	FALL_THROUGH	FUN_0049889a	bytes=8B8584FCFFFF;mnemonic=MOV;instruction=MOV EAX,dword ptr [EBP + 0xfffffc84];inputs=EBP,0xfffffc84;results=EAX;flows=;fallthrough=00499a23
instruction_reference	0049889a	FUN_0049889a	00499a1d	Stack[-0x380]	READ		operand_index=1;primary=true;source=ANALYSIS
instruction	0049889a	FUN_0049889a	00499a23	00499a29	FALL_THROUGH	FUN_0049889a	bytes=8B9084000000;mnemonic=MOV;instruction=MOV EDX,dword ptr [EAX + 0x84];inputs=EAX,0x84;results=EDX;flows=;fallthrough=00499a29
instruction	0049889a	FUN_0049889a	00499a29	00499a2b	FALL_THROUGH	FUN_0049889a	bytes=8B02;mnemonic=MOV;instruction=MOV EAX,dword ptr [EDX];inputs=EDX;results=EAX;flows=;fallthrough=00499a2b
instruction	0049889a	FUN_0049889a	00499a2b	00499a31	COMPUTED_CALL	FUN_0049889a	bytes=FF9088000000;mnemonic=CALL;instruction=CALL dword ptr [EAX + 0x88];inputs=EAX,ESP,0x4,0x88,0x499a31;results=ESP;flows=;fallthrough=00499a31
instruction	0049889a	FUN_0049889a	00499a31		UNCONDITIONAL_JUMP	FUN_0049889a	bytes=EB41;mnemonic=JMP;instruction=JMP 0x00499a74;inputs=;results=;flows=00499a74;fallthrough=
instruction_reference	0049889a	FUN_0049889a	00499a31	00499a74	UNCONDITIONAL_JUMP	LAB_00499a74	operand_index=0;primary=true;source=DEFAULT
instruction	0049889a	FUN_0049889a	00499a33	00499a38	FALL_THROUGH	FUN_0049889a	bytes=68A00F0000;mnemonic=PUSH;instruction=PUSH 0xfa0;inputs=0xfa0,ESP,0x4;results=ESP;flows=;fallthrough=00499a38
instruction	0049889a	FUN_0049889a	00499a38	00499a3b	FALL_THROUGH	FUN_0049889a	bytes=8B4DA4;mnemonic=MOV;instruction=MOV ECX,dword ptr [EBP + -0x5c];inputs=EBP,0xffffffa4;results=ECX;flows=;fallthrough=00499a3b
instruction_reference	0049889a	FUN_0049889a	00499a38	Stack[-0x60]	READ		operand_index=1;primary=true;source=ANALYSIS
instruction	0049889a	FUN_0049889a	00499a3b	00499a3e	FALL_THROUGH	FUN_0049889a	bytes=83C10C;mnemonic=ADD;instruction=ADD ECX,0xc;inputs=0x0,0x1,ECX,0xc,0xff;results=CF,PF,ECX,ZF,SF,OF;flows=;fallthrough=00499a3e
instruction	0049889a	FUN_0049889a	00499a3e	00499a3f	FALL_THROUGH	FUN_0049889a	bytes=51;mnemonic=PUSH;instruction=PUSH ECX;inputs=ESP,ECX,0x4;results=ESP;flows=;fallthrough=00499a3f
instruction	0049889a	FUN_0049889a	00499a3f	00499a45	FALL_THROUGH	FUN_0049889a	bytes=8B9584FCFFFF;mnemonic=MOV;instruction=MOV EDX,dword ptr [EBP + 0xfffffc84];inputs=EBP,0xfffffc84;results=EDX;flows=;fallthrough=00499a45
instruction_reference	0049889a	FUN_0049889a	00499a3f	Stack[-0x380]	READ		operand_index=1;primary=true;source=ANALYSIS
instruction	0049889a	FUN_0049889a	00499a45	00499a4b	FALL_THROUGH	FUN_0049889a	bytes=8B8A84000000;mnemonic=MOV;instruction=MOV ECX,dword ptr [EDX + 0x84];inputs=0x84,EDX;results=ECX;flows=;fallthrough=00499a4b
instruction	0049889a	FUN_0049889a	00499a4b	00499a50	UNCONDITIONAL_CALL	FUN_0049889a	bytes=E8A2A3F6FF;mnemonic=CALL;instruction=CALL 0x00403df2;inputs=ESP,0x4,0x499a50;results=ESP;flows=00403df2;fallthrough=00499a50
instruction_reference	0049889a	FUN_0049889a	00499a4b	00403df2	UNCONDITIONAL_CALL	FUN_00403df2	operand_index=0;primary=true;source=DEFAULT
instruction	0049889a	FUN_0049889a	00499a50	00499a52	FALL_THROUGH	FUN_0049889a	bytes=6A01;mnemonic=PUSH;instruction=PUSH 0x1;inputs=ESP,0x1,0x4;results=ESP;flows=;fallthrough=00499a52
instruction	0049889a	FUN_0049889a	00499a52	00499a54	FALL_THROUGH	FUN_0049889a	bytes=6A01;mnemonic=PUSH;instruction=PUSH 0x1;inputs=ESP,0x1,0x4;results=ESP;flows=;fallthrough=00499a54
instruction	0049889a	FUN_0049889a	00499a54	00499a5a	FALL_THROUGH	FUN_0049889a	bytes=8B8584FCFFFF;mnemonic=MOV;instruction=MOV EAX,dword ptr [EBP + 0xfffffc84];inputs=EBP,0xfffffc84;results=EAX;flows=;fallthrough=00499a5a
instruction_reference	0049889a	FUN_0049889a	00499a54	Stack[-0x380]	READ		operand_index=1;primary=true;source=ANALYSIS
instruction	0049889a	FUN_0049889a	00499a5a	00499a60	FALL_THROUGH	FUN_0049889a	bytes=8B8884000000;mnemonic=MOV;instruction=MOV ECX,dword ptr [EAX + 0x84];inputs=EAX,0x84;results=ECX;flows=;fallthrough=00499a60
instruction	0049889a	FUN_0049889a	00499a60	00499a66	FALL_THROUGH	FUN_0049889a	bytes=8B9584FCFFFF;mnemonic=MOV;instruction=MOV EDX,dword ptr [EBP + 0xfffffc84];inputs=EBP,0xfffffc84;results=EDX;flows=;fallthrough=00499a66
instruction_reference	0049889a	FUN_0049889a	00499a60	Stack[-0x380]	READ		operand_index=1;primary=true;source=ANALYSIS
instruction	0049889a	FUN_0049889a	00499a66	00499a6c	FALL_THROUGH	FUN_0049889a	bytes=8B8284000000;mnemonic=MOV;instruction=MOV EAX,dword ptr [EDX + 0x84];inputs=0x84,EDX;results=EAX;flows=;fallthrough=00499a6c
instruction	0049889a	FUN_0049889a	00499a6c	00499a6e	FALL_THROUGH	FUN_0049889a	bytes=8B10;mnemonic=MOV;instruction=MOV EDX,dword ptr [EAX];inputs=EAX;results=EDX;flows=;fallthrough=00499a6e
instruction	0049889a	FUN_0049889a	00499a6e	00499a74	COMPUTED_CALL	FUN_0049889a	bytes=FF9288000000;mnemonic=CALL;instruction=CALL dword ptr [EDX + 0x88];inputs=ESP,0x4,EDX,0x88,0x499a74;results=ESP;flows=;fallthrough=00499a74
instruction	0049889a	FUN_0049889a	00499a74	00499a7b	FALL_THROUGH	FUN_0049889a	bytes=C745A000000000;mnemonic=MOV;instruction=MOV dword ptr [EBP + -0x60],0x0;inputs=0x0,EBP,0xffffffa0;results=;flows=;fallthrough=00499a7b
instruction_reference	0049889a	FUN_0049889a	00499a74	Stack[-0x64]	WRITE		operand_index=0;primary=true;source=ANALYSIS
instruction	0049889a	FUN_0049889a	00499a7b	00499a80	FALL_THROUGH	FUN_0049889a	bytes=6801150000;mnemonic=PUSH;instruction=PUSH 0x1501;inputs=ESP,0x1501,0x4;results=ESP;flows=;fallthrough=00499a80
instruction	0049889a	FUN_0049889a	00499a80	00499a86	FALL_THROUGH	FUN_0049889a	bytes=8B8584FCFFFF;mnemonic=MOV;instruction=MOV EAX,dword ptr [EBP + 0xfffffc84];inputs=EBP,0xfffffc84;results=EAX;flows=;fallthrough=00499a86
instruction_reference	0049889a	FUN_0049889a	00499a80	Stack[-0x380]	READ		operand_index=1;primary=true;source=ANALYSIS
instruction	0049889a	FUN_0049889a	00499a86	00499a89	FALL_THROUGH	FUN_0049889a	bytes=8B4828;mnemonic=MOV;instruction=MOV ECX,dword ptr [EAX + 0x28];inputs=EAX,0x28;results=ECX;flows=;fallthrough=00499a89
instruction	0049889a	FUN_0049889a	00499a89	00499a8f	FALL_THROUGH	FUN_0049889a	bytes=8B9584FCFFFF;mnemonic=MOV;instruction=MOV EDX,dword ptr [EBP + 0xfffffc84];inputs=EBP,0xfffffc84;results=EDX;flows=;fallthrough=00499a8f
instruction_reference	0049889a	FUN_0049889a	00499a89	Stack[-0x380]	READ		operand_index=1;primary=true;source=ANALYSIS
instruction	0049889a	FUN_0049889a	00499a8f	00499a92	FALL_THROUGH	FUN_0049889a	bytes=8B4228;mnemonic=MOV;instruction=MOV EAX,dword ptr [EDX + 0x28];inputs=EDX,0x28;results=EAX;flows=;fallthrough=00499a92
instruction	0049889a	FUN_0049889a	00499a92	00499a94	FALL_THROUGH	FUN_0049889a	bytes=8B10;mnemonic=MOV;instruction=MOV EDX,dword ptr [EAX];inputs=EAX;results=EDX;flows=;fallthrough=00499a94
instruction	0049889a	FUN_0049889a	00499a94	00499a97	COMPUTED_CALL	FUN_0049889a	bytes=FF5248;mnemonic=CALL;instruction=CALL dword ptr [EDX + 0x48];inputs=ESP,0x4,EDX,0x48,0x499a97;results=ESP;flows=;fallthrough=00499a97
instruction	0049889a	FUN_0049889a	00499a97	00499a9a	FALL_THROUGH	FUN_0049889a	bytes=8945A0;mnemonic=MOV;instruction=MOV dword ptr [EBP + -0x60],EAX;inputs=EAX,EBP,0xffffffa0;results=;flows=;fallthrough=00499a9a
instruction_reference	0049889a	FUN_0049889a	00499a97	Stack[-0x64]	WRITE		operand_index=0;primary=true;source=ANALYSIS
instruction	0049889a	FUN_0049889a	00499a9a	00499a9e	FALL_THROUGH	FUN_0049889a	bytes=837DA000;mnemonic=CMP;instruction=CMP dword ptr [EBP + -0x60],0x0;inputs=0x0,0x1,EBP,0xffffffa0,0xff;results=CF,PF,ZF,SF,OF;flows=;fallthrough=00499a9e
instruction_reference	0049889a	FUN_0049889a	00499a9a	Stack[-0x64]	READ		operand_index=0;primary=true;source=ANALYSIS
instruction	0049889a	FUN_0049889a	00499a9e	00499aa4	CONDITIONAL_JUMP	FUN_0049889a	bytes=0F84B0000000;mnemonic=JZ;instruction=JZ 0x00499b54;inputs=ZF;results=;flows=00499b54;fallthrough=00499aa4
instruction_reference	0049889a	FUN_0049889a	00499a9e	00499b54	CONDITIONAL_JUMP	LAB_00499b54	operand_index=0;primary=true;source=DEFAULT
instruction	0049889a	FUN_0049889a	00499aa4	00499aa9	FALL_THROUGH	FUN_0049889a	bytes=68500E0000;mnemonic=PUSH;instruction=PUSH 0xe50;inputs=0xe50,ESP,0x4;results=ESP;flows=;fallthrough=00499aa9
instruction	0049889a	FUN_0049889a	00499aa9	00499aae	UNCONDITIONAL_CALL	FUN_0049889a	bytes=E81C560F00;mnemonic=CALL;instruction=CALL 0x0058f0ca;inputs=ESP,0x4,0x499aae;results=ESP;flows=0058f0ca;fallthrough=00499aae
instruction_reference	0049889a	FUN_0049889a	00499aa9	0058f0ca	UNCONDITIONAL_CALL	operator_new	operand_index=0;primary=true;source=DEFAULT
instruction	0049889a	FUN_0049889a	00499aae	00499ab1	FALL_THROUGH	FUN_0049889a	bytes=83C404;mnemonic=ADD;instruction=ADD ESP,0x4;inputs=ESP,0x0,0x1,0x4,0xff;results=CF,ESP,PF,ZF,SF,OF;flows=;fallthrough=00499ab1
instruction	0049889a	FUN_0049889a	00499ab1	00499ab7	FALL_THROUGH	FUN_0049889a	bytes=898590FCFFFF;mnemonic=MOV;instruction=MOV dword ptr [EBP + 0xfffffc90],EAX;inputs=EAX,EBP,0xfffffc90;results=;flows=;fallthrough=00499ab7
instruction_reference	0049889a	FUN_0049889a	00499ab1	Stack[-0x374]	WRITE		operand_index=0;primary=true;source=ANALYSIS
instruction	0049889a	FUN_0049889a	00499ab7	00499abe	FALL_THROUGH	FUN_0049889a	bytes=C745FC04000000;mnemonic=MOV;instruction=MOV dword ptr [EBP + -0x4],0x4;inputs=0xfffffffc,EBP,0x4;results=;flows=;fallthrough=00499abe
instruction_reference	0049889a	FUN_0049889a	00499ab7	Stack[-0x8]	WRITE		operand_index=0;primary=true;source=ANALYSIS
instruction	0049889a	FUN_0049889a	00499abe	00499ac5	FALL_THROUGH	FUN_0049889a	bytes=83BD90FCFFFF00;mnemonic=CMP;instruction=CMP dword ptr [EBP + 0xfffffc90],0x0;inputs=0x0,0x1,EBP,0xfffffc90,0xff;results=CF,PF,ZF,SF,OF;flows=;fallthrough=00499ac5
instruction_reference	0049889a	FUN_0049889a	00499abe	Stack[-0x374]	READ		operand_index=0;primary=true;source=ANALYSIS
instruction	0049889a	FUN_0049889a	00499ac5	00499ac7	CONDITIONAL_JUMP	FUN_0049889a	bytes=7438;mnemonic=JZ;instruction=JZ 0x00499aff;inputs=ZF;results=;flows=00499aff;fallthrough=00499ac7
instruction_reference	0049889a	FUN_0049889a	00499ac5	00499aff	CONDITIONAL_JUMP	LAB_00499aff	operand_index=0;primary=true;source=DEFAULT
instruction	0049889a	FUN_0049889a	00499ac7	00499ac9	FALL_THROUGH	FUN_0049889a	bytes=6A00;mnemonic=PUSH;instruction=PUSH 0x0;inputs=0x0,ESP,0x4;results=ESP;flows=;fallthrough=00499ac9
instruction	0049889a	FUN_0049889a	00499ac9	00499acb	FALL_THROUGH	FUN_0049889a	bytes=6A01;mnemonic=PUSH;instruction=PUSH 0x1;inputs=ESP,0x1,0x4;results=ESP;flows=;fallthrough=00499acb
instruction	0049889a	FUN_0049889a	00499acb	00499ad0	FALL_THROUGH	FUN_0049889a	bytes=6877777777;mnemonic=PUSH;instruction=PUSH 0x77777777;inputs=0x77777777,ESP,0x4;results=ESP;flows=;fallthrough=00499ad0
instruction	0049889a	FUN_0049889a	00499ad0	00499ad2	FALL_THROUGH	FUN_0049889a	bytes=6A00;mnemonic=PUSH;instruction=PUSH 0x0;inputs=0x0,ESP,0x4;results=ESP;flows=;fallthrough=00499ad2
instruction	0049889a	FUN_0049889a	00499ad2	00499ad7	FALL_THROUGH	FUN_0049889a	bytes=6800008041;mnemonic=PUSH;instruction=PUSH 0x41800000;inputs=0x41800000,ESP,0x4;results=ESP;flows=;fallthrough=00499ad7
instruction	0049889a	FUN_0049889a	00499ad7	00499adc	FALL_THROUGH	FUN_0049889a	bytes=6800009643;mnemonic=PUSH;instruction=PUSH 0x43960000;inputs=ESP,0x4,0x43960000;results=ESP;flows=;fallthrough=00499adc
instruction	0049889a	FUN_0049889a	00499adc	00499ade	FALL_THROUGH	FUN_0049889a	bytes=6A00;mnemonic=PUSH;instruction=PUSH 0x0;inputs=0x0,ESP,0x4;results=ESP;flows=;fallthrough=00499ade
instruction	0049889a	FUN_0049889a	00499ade	00499ae0	FALL_THROUGH	FUN_0049889a	bytes=6A00;mnemonic=PUSH;instruction=PUSH 0x0;inputs=0x0,ESP,0x4;results=ESP;flows=;fallthrough=00499ae0
instruction	0049889a	FUN_0049889a	00499ae0	00499ae5	FALL_THROUGH	FUN_0049889a	bytes=68FFAACCFF;mnemonic=PUSH;instruction=PUSH 0xffccaaff;inputs=ESP,0xffccaaff,0x4;results=ESP;flows=;fallthrough=00499ae5
instruction	0049889a	FUN_0049889a	00499ae5	00499ae8	FALL_THROUGH	FUN_0049889a	bytes=8B45A4;mnemonic=MOV;instruction=MOV EAX,dword ptr [EBP + -0x5c];inputs=EBP,0xffffffa4;results=EAX;flows=;fallthrough=00499ae8
instruction_reference	0049889a	FUN_0049889a	00499ae5	Stack[-0x60]	READ		operand_index=1;primary=true;source=ANALYSIS
instruction	0049889a	FUN_0049889a	00499ae8	00499aeb	FALL_THROUGH	FUN_0049889a	bytes=83C00C;mnemonic=ADD;instruction=ADD EAX,0xc;inputs=EAX,0x0,0x1,0xc,0xff;results=CF,EAX,PF,ZF,SF,OF;flows=;fallthrough=00499aeb
instruction	0049889a	FUN_0049889a	00499aeb	00499aec	FALL_THROUGH	FUN_0049889a	bytes=50;mnemonic=PUSH;instruction=PUSH EAX;inputs=EAX,ESP,0x4;results=ESP;flows=;fallthrough=00499aec
instruction	0049889a	FUN_0049889a	00499aec	00499af2	FALL_THROUGH	FUN_0049889a	bytes=8B8D90FCFFFF;mnemonic=MOV;instruction=MOV ECX,dword ptr [EBP + 0xfffffc90];inputs=EBP,0xfffffc90;results=ECX;flows=;fallthrough=00499af2
instruction_reference	0049889a	FUN_0049889a	00499aec	Stack[-0x374]	READ		operand_index=1;primary=true;source=ANALYSIS
instruction	0049889a	FUN_0049889a	00499af2	00499af7	UNCONDITIONAL_CALL	FUN_0049889a	bytes=E80CD7F6FF;mnemonic=CALL;instruction=CALL 0x00407203;inputs=ESP,0x4,0x499af7;results=ESP;flows=00407203;fallthrough=00499af7
instruction_reference	0049889a	FUN_0049889a	00499af2	00407203	UNCONDITIONAL_CALL	FUN_00407203	operand_index=0;primary=true;source=DEFAULT
instruction	0049889a	FUN_0049889a	00499af7	00499afd	FALL_THROUGH	FUN_0049889a	bytes=898558FCFFFF;mnemonic=MOV;instruction=MOV dword ptr [EBP + 0xfffffc58],EAX;inputs=EAX,EBP,0xfffffc58;results=;flows=;fallthrough=00499afd
instruction_reference	0049889a	FUN_0049889a	00499af7	Stack[-0x3ac]	WRITE		operand_index=0;primary=true;source=ANALYSIS
instruction	0049889a	FUN_0049889a	00499afd		UNCONDITIONAL_JUMP	FUN_0049889a	bytes=EB0A;mnemonic=JMP;instruction=JMP 0x00499b09;inputs=;results=;flows=00499b09;fallthrough=
instruction_reference	0049889a	FUN_0049889a	00499afd	00499b09	UNCONDITIONAL_JUMP	LAB_00499b09	operand_index=0;primary=true;source=DEFAULT
instruction	0049889a	FUN_0049889a	00499aff	00499b09	FALL_THROUGH	FUN_0049889a	bytes=C78558FCFFFF00000000;mnemonic=MOV;instruction=MOV dword ptr [EBP + 0xfffffc58],0x0;inputs=0x0,EBP,0xfffffc58;results=;flows=;fallthrough=00499b09
instruction_reference	0049889a	FUN_0049889a	00499aff	Stack[-0x3ac]	WRITE		operand_index=0;primary=true;source=ANALYSIS
instruction	0049889a	FUN_0049889a	00499b09	00499b0f	FALL_THROUGH	FUN_0049889a	bytes=8B8D58FCFFFF;mnemonic=MOV;instruction=MOV ECX,dword ptr [EBP + 0xfffffc58];inputs=EBP,0xfffffc58;results=ECX;flows=;fallthrough=00499b0f
instruction_reference	0049889a	FUN_0049889a	00499b09	Stack[-0x3ac]	READ		operand_index=1;primary=true;source=ANALYSIS
instruction	0049889a	FUN_0049889a	00499b0f	00499b15	FALL_THROUGH	FUN_0049889a	bytes=898D94FCFFFF;mnemonic=MOV;instruction=MOV dword ptr [EBP + 0xfffffc94],ECX;inputs=EBP,ECX,0xfffffc94;results=;flows=;fallthrough=00499b15
instruction_reference	0049889a	FUN_0049889a	00499b0f	Stack[-0x370]	WRITE		operand_index=0;primary=true;source=ANALYSIS
instruction	0049889a	FUN_0049889a	00499b15	00499b1c	FALL_THROUGH	FUN_0049889a	bytes=C745FCFFFFFFFF;mnemonic=MOV;instruction=MOV dword ptr [EBP + -0x4],0xffffffff;inputs=0xffffffff,0xfffffffc,EBP;results=;flows=;fallthrough=00499b1c
instruction_reference	0049889a	FUN_0049889a	00499b15	Stack[-0x8]	WRITE		operand_index=0;primary=true;source=ANALYSIS
instruction	0049889a	FUN_0049889a	00499b1c	00499b22	FALL_THROUGH	FUN_0049889a	bytes=8B9594FCFFFF;mnemonic=MOV;instruction=MOV EDX,dword ptr [EBP + 0xfffffc94];inputs=EBP,0xfffffc94;results=EDX;flows=;fallthrough=00499b22
instruction_reference	0049889a	FUN_0049889a	00499b1c	Stack[-0x370]	READ		operand_index=1;primary=true;source=ANALYSIS
instruction	0049889a	FUN_0049889a	00499b22	00499b28	FALL_THROUGH	FUN_0049889a	bytes=8995E4FCFFFF;mnemonic=MOV;instruction=MOV dword ptr [EBP + 0xfffffce4],EDX;inputs=EBP,EDX,0xfffffce4;results=;flows=;fallthrough=00499b28
instruction_reference	0049889a	FUN_0049889a	00499b22	Stack[-0x320]	WRITE		operand_index=0;primary=true;source=ANALYSIS
instruction	0049889a	FUN_0049889a	00499b28	00499b2e	FALL_THROUGH	FUN_0049889a	bytes=8B85E4FCFFFF;mnemonic=MOV;instruction=MOV EAX,dword ptr [EBP + 0xfffffce4];inputs=EBP,0xfffffce4;results=EAX;flows=;fallthrough=00499b2e
instruction_reference	0049889a	FUN_0049889a	00499b28	Stack[-0x320]	READ		operand_index=1;primary=true;source=ANALYSIS
instruction	0049889a	FUN_0049889a	00499b2e	00499b2f	FALL_THROUGH	FUN_0049889a	bytes=50;mnemonic=PUSH;instruction=PUSH EAX;inputs=EAX,ESP,0x4;results=ESP;flows=;fallthrough=00499b2f
instruction	0049889a	FUN_0049889a	00499b2f	00499b32	FALL_THROUGH	FUN_0049889a	bytes=8B4DA0;mnemonic=MOV;instruction=MOV ECX,dword ptr [EBP + -0x60];inputs=EBP,0xffffffa0;results=ECX;flows=;fallthrough=00499b32
instruction_reference	0049889a	FUN_0049889a	00499b2f	Stack[-0x64]	READ		operand_index=1;primary=true;source=ANALYSIS
instruction	0049889a	FUN_0049889a	00499b32	00499b37	UNCONDITIONAL_CALL	FUN_0049889a	bytes=E8FCF1F6FF;mnemonic=CALL;instruction=CALL 0x00408d33;inputs=ESP,0x4,0x499b37;results=ESP;flows=00408d33;fallthrough=00499b37
instruction_reference	0049889a	FUN_0049889a	00499b32	00408d33	UNCONDITIONAL_CALL	FUN_00408d33	operand_index=0;primary=true;source=DEFAULT
instruction	0049889a	FUN_0049889a	00499b37	00499b3d	FALL_THROUGH	FUN_0049889a	bytes=8B0D54E69200;mnemonic=MOV;instruction=MOV ECX,dword ptr [0x0092e654];inputs=0092e654;results=ECX;flows=;fallthrough=00499b3d
instruction_reference	0049889a	FUN_0049889a	00499b37	0092e654	READ	DAT_0092e654	operand_index=1;primary=true;source=DEFAULT
instruction	0049889a	FUN_0049889a	00499b3d	00499b3f	FALL_THROUGH	FUN_0049889a	bytes=8B11;mnemonic=MOV;instruction=MOV EDX,dword ptr [ECX];inputs=ECX;results=EDX;flows=;fallthrough=00499b3f
instruction	0049889a	FUN_0049889a	00499b3f	00499b45	FALL_THROUGH	FUN_0049889a	bytes=8B0D54E69200;mnemonic=MOV;instruction=MOV ECX,dword ptr [0x0092e654];inputs=0092e654;results=ECX;flows=;fallthrough=00499b45
instruction_reference	0049889a	FUN_0049889a	00499b3f	0092e654	READ	DAT_0092e654	operand_index=1;primary=true;source=DEFAULT
instruction	0049889a	FUN_0049889a	00499b45	00499b48	COMPUTED_CALL	FUN_0049889a	bytes=FF5208;mnemonic=CALL;instruction=CALL dword ptr [EDX + 0x8];inputs=ESP,0x499b48,0x4,EDX,0x8;results=ESP;flows=;fallthrough=00499b48
instruction	0049889a	FUN_0049889a	00499b48	00499b4e	FALL_THROUGH	FUN_0049889a	bytes=8B8D84FCFFFF;mnemonic=MOV;instruction=MOV ECX,dword ptr [EBP + 0xfffffc84];inputs=EBP,0xfffffc84;results=ECX;flows=;fallthrough=00499b4e
instruction_reference	0049889a	FUN_0049889a	00499b48	Stack[-0x380]	READ		operand_index=1;primary=true;source=ANALYSIS
instruction	0049889a	FUN_0049889a	00499b4e	00499b54	FALL_THROUGH	FUN_0049889a	bytes=898164740200;mnemonic=MOV;instruction=MOV dword ptr [ECX + 0x27464],EAX;inputs=EAX,ECX,0x27464;results=;flows=;fallthrough=00499b54
instruction	0049889a	FUN_0049889a	00499b54	00499b5a	FALL_THROUGH	FUN_0049889a	bytes=8B1538CF6700;mnemonic=MOV;instruction=MOV EDX,dword ptr [0x0067cf38];inputs=0067cf38;results=EDX;flows=;fallthrough=00499b5a
instruction_reference	0049889a	FUN_0049889a	00499b54	0067cf38	READ	DAT_0067cf38	operand_index=1;primary=true;source=DEFAULT
instruction	0049889a	FUN_0049889a	00499b5a	00499b61	FALL_THROUGH	FUN_0049889a	bytes=817A2430750000;mnemonic=CMP;instruction=CMP dword ptr [EDX + 0x24],0x7530;inputs=0x7530,0x0,0x1,0x24,EDX,0xff;results=CF,PF,ZF,SF,OF;flows=;fallthrough=00499b61
instruction	0049889a	FUN_0049889a	00499b61	00499b67	CONDITIONAL_JUMP	FUN_0049889a	bytes=0F85E9000000;mnemonic=JNZ;instruction=JNZ 0x00499c50;inputs=ZF;results=;flows=00499c50;fallthrough=00499b67
instruction_reference	0049889a	FUN_0049889a	00499b61	00499c50	CONDITIONAL_JUMP	LAB_00499c50	operand_index=0;primary=true;source=DEFAULT
instruction	0049889a	FUN_0049889a	00499b67	00499b6c	FALL_THROUGH	FUN_0049889a	bytes=A138CF6700;mnemonic=MOV;instruction=MOV EAX,[0x0067cf38];inputs=0067cf38;results=EAX;flows=;fallthrough=00499b6c
instruction_reference	0049889a	FUN_0049889a	00499b67	0067cf38	READ	DAT_0067cf38	operand_index=1;primary=true;source=DEFAULT
instruction	0049889a	FUN_0049889a	00499b6c	00499b72	FALL_THROUGH	FUN_0049889a	bytes=8985E0FCFFFF;mnemonic=MOV;instruction=MOV dword ptr [EBP + 0xfffffce0],EAX;inputs=EAX,EBP,0xfffffce0;results=;flows=;fallthrough=00499b72
instruction_reference	0049889a	FUN_0049889a	00499b6c	Stack[-0x324]	WRITE		operand_index=0;primary=true;source=ANALYSIS
instruction	0049889a	FUN_0049889a	00499b72	00499b77	FALL_THROUGH	FUN_0049889a	bytes=6878905B00;mnemonic=PUSH;instruction=PUSH 0x5b9078;inputs=ESP,0x5b9078,0x4;results=ESP;flows=;fallthrough=00499b77
instruction_reference	0049889a	FUN_0049889a	00499b72	005b9078	DATA	s_Whisper_:_Off_005b9078	operand_index=0;primary=true;source=ANALYSIS
instruction	0049889a	FUN_0049889a	00499b77	00499b7a	FALL_THROUGH	FUN_0049889a	bytes=8B4DA4;mnemonic=MOV;instruction=MOV ECX,dword ptr [EBP + -0x5c];inputs=EBP,0xffffffa4;results=ECX;flows=;fallthrough=00499b7a
instruction_reference	0049889a	FUN_0049889a	00499b77	Stack[-0x60]	READ		operand_index=1;primary=true;source=ANALYSIS
instruction	0049889a	FUN_0049889a	00499b7a	00499b7d	FALL_THROUGH	FUN_0049889a	bytes=83C10C;mnemonic=ADD;instruction=ADD ECX,0xc;inputs=0x0,0x1,ECX,0xc,0xff;results=CF,PF,ECX,ZF,SF,OF;flows=;fallthrough=00499b7d
instruction	0049889a	FUN_0049889a	00499b7d	00499b7e	FALL_THROUGH	FUN_0049889a	bytes=51;mnemonic=PUSH;instruction=PUSH ECX;inputs=ESP,ECX,0x4;results=ESP;flows=;fallthrough=00499b7e
instruction	0049889a	FUN_0049889a	00499b7e	00499b83	UNCONDITIONAL_CALL	FUN_0049889a	bytes=E80D540F00;mnemonic=CALL;instruction=CALL 0x0058ef90;inputs=ESP,0x4,0x499b83;results=ESP;flows=0058ef90;fallthrough=00499b83
instruction_reference	0049889a	FUN_0049889a	00499b7e	0058ef90	UNCONDITIONAL_CALL	_strcmp	operand_index=0;primary=true;source=DEFAULT
instruction	0049889a	FUN_0049889a	00499b83	00499b86	FALL_THROUGH	FUN_0049889a	bytes=83C408;mnemonic=ADD;instruction=ADD ESP,0x8;inputs=ESP,0x0,0x1,0x8,0xff;results=CF,ESP,PF,ZF,SF,OF;flows=;fallthrough=00499b86
instruction	0049889a	FUN_0049889a	00499b86	00499b88	FALL_THROUGH	FUN_0049889a	bytes=85C0;mnemonic=TEST;instruction=TEST EAX,EAX;inputs=0x0,EAX,0x1,0xff;results=CF,PF,ZF,SF,OF;flows=;fallthrough=00499b88
instruction	0049889a	FUN_0049889a	00499b88	00499b8a	CONDITIONAL_JUMP	FUN_0049889a	bytes=750D;mnemonic=JNZ;instruction=JNZ 0x00499b97;inputs=ZF;results=;flows=00499b97;fallthrough=00499b8a
instruction_reference	0049889a	FUN_0049889a	00499b88	00499b97	CONDITIONAL_JUMP	LAB_00499b97	operand_index=0;primary=true;source=DEFAULT
instruction	0049889a	FUN_0049889a	00499b8a	00499b8c	FALL_THROUGH	FUN_0049889a	bytes=6A00;mnemonic=PUSH;instruction=PUSH 0x0;inputs=0x0,ESP,0x4;results=ESP;flows=;fallthrough=00499b8c
instruction	0049889a	FUN_0049889a	00499b8c	00499b92	FALL_THROUGH	FUN_0049889a	bytes=8B8DE0FCFFFF;mnemonic=MOV;instruction=MOV ECX,dword ptr [EBP + 0xfffffce0];inputs=EBP,0xfffffce0;results=ECX;flows=;fallthrough=00499b92
instruction_reference	0049889a	FUN_0049889a	00499b8c	Stack[-0x324]	READ		operand_index=1;primary=true;source=ANALYSIS
instruction	0049889a	FUN_0049889a	00499b92	00499b97	UNCONDITIONAL_CALL	FUN_0049889a	bytes=E82552FBFF;mnemonic=CALL;instruction=CALL 0x0044edbc;inputs=ESP,0x4,0x499b97;results=ESP;flows=0044edbc;fallthrough=00499b97
instruction_reference	0049889a	FUN_0049889a	00499b92	0044edbc	UNCONDITIONAL_CALL	FUN_0044edbc	operand_index=0;primary=true;source=DEFAULT
instruction	0049889a	FUN_0049889a	00499b97	00499b9c	FALL_THROUGH	FUN_0049889a	bytes=6888905B00;mnemonic=PUSH;instruction=PUSH 0x5b9088;inputs=ESP,0x5b9088,0x4;results=ESP;flows=;fallthrough=00499b9c
instruction_reference	0049889a	FUN_0049889a	00499b97	005b9088	DATA	s_Whisper_:_On_005b9088	operand_index=0;primary=true;source=ANALYSIS
instruction	0049889a	FUN_0049889a	00499b9c	00499b9f	FALL_THROUGH	FUN_0049889a	bytes=8B55A4;mnemonic=MOV;instruction=MOV EDX,dword ptr [EBP + -0x5c];inputs=EBP,0xffffffa4;results=EDX;flows=;fallthrough=00499b9f
instruction_reference	0049889a	FUN_0049889a	00499b9c	Stack[-0x60]	READ		operand_index=1;primary=true;source=ANALYSIS
instruction	0049889a	FUN_0049889a	00499b9f	00499ba2	FALL_THROUGH	FUN_0049889a	bytes=83C20C;mnemonic=ADD;instruction=ADD EDX,0xc;inputs=0x0,0x1,EDX,0xc,0xff;results=CF,PF,ZF,SF,EDX,OF;flows=;fallthrough=00499ba2
instruction	0049889a	FUN_0049889a	00499ba2	00499ba3	FALL_THROUGH	FUN_0049889a	bytes=52;mnemonic=PUSH;instruction=PUSH EDX;inputs=ESP,0x4,EDX;results=ESP;flows=;fallthrough=00499ba3
instruction	0049889a	FUN_0049889a	00499ba3	00499ba8	UNCONDITIONAL_CALL	FUN_0049889a	bytes=E8E8530F00;mnemonic=CALL;instruction=CALL 0x0058ef90;inputs=ESP,0x499ba8,0x4;results=ESP;flows=0058ef90;fallthrough=00499ba8
instruction_reference	0049889a	FUN_0049889a	00499ba3	0058ef90	UNCONDITIONAL_CALL	_strcmp	operand_index=0;primary=true;source=DEFAULT
instruction	0049889a	FUN_0049889a	00499ba8	00499bab	FALL_THROUGH	FUN_0049889a	bytes=83C408;mnemonic=ADD;instruction=ADD ESP,0x8;inputs=ESP,0x0,0x1,0x8,0xff;results=CF,ESP,PF,ZF,SF,OF;flows=;fallthrough=00499bab
instruction	0049889a	FUN_0049889a	00499bab	00499bad	FALL_THROUGH	FUN_0049889a	bytes=85C0;mnemonic=TEST;instruction=TEST EAX,EAX;inputs=0x0,EAX,0x1,0xff;results=CF,PF,ZF,SF,OF;flows=;fallthrough=00499bad
instruction	0049889a	FUN_0049889a	00499bad	00499baf	CONDITIONAL_JUMP	FUN_0049889a	bytes=750D;mnemonic=JNZ;instruction=JNZ 0x00499bbc;inputs=ZF;results=;flows=00499bbc;fallthrough=00499baf
instruction_reference	0049889a	FUN_0049889a	00499bad	00499bbc	CONDITIONAL_JUMP	LAB_00499bbc	operand_index=0;primary=true;source=DEFAULT
instruction	0049889a	FUN_0049889a	00499baf	00499bb1	FALL_THROUGH	FUN_0049889a	bytes=6A01;mnemonic=PUSH;instruction=PUSH 0x1;inputs=ESP,0x1,0x4;results=ESP;flows=;fallthrough=00499bb1
instruction	0049889a	FUN_0049889a	00499bb1	00499bb7	FALL_THROUGH	FUN_0049889a	bytes=8B8DE0FCFFFF;mnemonic=MOV;instruction=MOV ECX,dword ptr [EBP + 0xfffffce0];inputs=EBP,0xfffffce0;results=ECX;flows=;fallthrough=00499bb7
instruction_reference	0049889a	FUN_0049889a	00499bb1	Stack[-0x324]	READ		operand_index=1;primary=true;source=ANALYSIS
instruction	0049889a	FUN_0049889a	00499bb7	00499bbc	UNCONDITIONAL_CALL	FUN_0049889a	bytes=E80052FBFF;mnemonic=CALL;instruction=CALL 0x0044edbc;inputs=ESP,0x4,0x499bbc;results=ESP;flows=0044edbc;fallthrough=00499bbc
instruction_reference	0049889a	FUN_0049889a	00499bb7	0044edbc	UNCONDITIONAL_CALL	FUN_0044edbc	operand_index=0;primary=true;source=DEFAULT
instruction	0049889a	FUN_0049889a	00499bbc	00499bc1	FALL_THROUGH	FUN_0049889a	bytes=6898905B00;mnemonic=PUSH;instruction=PUSH 0x5b9098;inputs=ESP,0x5b9098,0x4;results=ESP;flows=;fallthrough=00499bc1
instruction_reference	0049889a	FUN_0049889a	00499bbc	005b9098	DATA	s_Party_Chatting_:_Off_005b9098	operand_index=0;primary=true;source=ANALYSIS
instruction	0049889a	FUN_0049889a	00499bc1	00499bc4	FALL_THROUGH	FUN_0049889a	bytes=8B45A4;mnemonic=MOV;instruction=MOV EAX,dword ptr [EBP + -0x5c];inputs=EBP,0xffffffa4;results=EAX;flows=;fallthrough=00499bc4
instruction_reference	0049889a	FUN_0049889a	00499bc1	Stack[-0x60]	READ		operand_index=1;primary=true;source=ANALYSIS
instruction	0049889a	FUN_0049889a	00499bc4	00499bc7	FALL_THROUGH	FUN_0049889a	bytes=83C00C;mnemonic=ADD;instruction=ADD EAX,0xc;inputs=EAX,0x0,0x1,0xc,0xff;results=CF,EAX,PF,ZF,SF,OF;flows=;fallthrough=00499bc7
instruction	0049889a	FUN_0049889a	00499bc7	00499bc8	FALL_THROUGH	FUN_0049889a	bytes=50;mnemonic=PUSH;instruction=PUSH EAX;inputs=EAX,ESP,0x4;results=ESP;flows=;fallthrough=00499bc8
instruction	0049889a	FUN_0049889a	00499bc8	00499bcd	UNCONDITIONAL_CALL	FUN_0049889a	bytes=E8C3530F00;mnemonic=CALL;instruction=CALL 0x0058ef90;inputs=ESP,0x4,0x499bcd;results=ESP;flows=0058ef90;fallthrough=00499bcd
instruction_reference	0049889a	FUN_0049889a	00499bc8	0058ef90	UNCONDITIONAL_CALL	_strcmp	operand_index=0;primary=true;source=DEFAULT
instruction	0049889a	FUN_0049889a	00499bcd	00499bd0	FALL_THROUGH	FUN_0049889a	bytes=83C408;mnemonic=ADD;instruction=ADD ESP,0x8;inputs=ESP,0x0,0x1,0x8,0xff;results=CF,ESP,PF,ZF,SF,OF;flows=;fallthrough=00499bd0
instruction	0049889a	FUN_0049889a	00499bd0	00499bd2	FALL_THROUGH	FUN_0049889a	bytes=85C0;mnemonic=TEST;instruction=TEST EAX,EAX;inputs=0x0,EAX,0x1,0xff;results=CF,PF,ZF,SF,OF;flows=;fallthrough=00499bd2
instruction	0049889a	FUN_0049889a	00499bd2	00499bd4	CONDITIONAL_JUMP	FUN_0049889a	bytes=750D;mnemonic=JNZ;instruction=JNZ 0x00499be1;inputs=ZF;results=;flows=00499be1;fallthrough=00499bd4
instruction_reference	0049889a	FUN_0049889a	00499bd2	00499be1	CONDITIONAL_JUMP	LAB_00499be1	operand_index=0;primary=true;source=DEFAULT
instruction	0049889a	FUN_0049889a	00499bd4	00499bd6	FALL_THROUGH	FUN_0049889a	bytes=6A00;mnemonic=PUSH;instruction=PUSH 0x0;inputs=0x0,ESP,0x4;results=ESP;flows=;fallthrough=00499bd6
instruction	0049889a	FUN_0049889a	00499bd6	00499bdc	FALL_THROUGH	FUN_0049889a	bytes=8B8DE0FCFFFF;mnemonic=MOV;instruction=MOV ECX,dword ptr [EBP + 0xfffffce0];inputs=EBP,0xfffffce0;results=ECX;flows=;fallthrough=00499bdc
instruction_reference	0049889a	FUN_0049889a	00499bd6	Stack[-0x324]	READ		operand_index=1;primary=true;source=ANALYSIS
instruction	0049889a	FUN_0049889a	00499bdc	00499be1	UNCONDITIONAL_CALL	FUN_0049889a	bytes=E83E52FBFF;mnemonic=CALL;instruction=CALL 0x0044ee1f;inputs=ESP,0x4,0x499be1;results=ESP;flows=0044ee1f;fallthrough=00499be1
instruction_reference	0049889a	FUN_0049889a	00499bdc	0044ee1f	UNCONDITIONAL_CALL	FUN_0044ee1f	operand_index=0;primary=true;source=DEFAULT
instruction	0049889a	FUN_0049889a	00499be1	00499be6	FALL_THROUGH	FUN_0049889a	bytes=68B0905B00;mnemonic=PUSH;instruction=PUSH 0x5b90b0;inputs=ESP,0x4,0x5b90b0;results=ESP;flows=;fallthrough=00499be6
instruction_reference	0049889a	FUN_0049889a	00499be1	005b90b0	DATA	s_Party_Chatting_:_On_005b90b0	operand_index=0;primary=true;source=ANALYSIS
instruction	0049889a	FUN_0049889a	00499be6	00499be9	FALL_THROUGH	FUN_0049889a	bytes=8B4DA4;mnemonic=MOV;instruction=MOV ECX,dword ptr [EBP + -0x5c];inputs=EBP,0xffffffa4;results=ECX;flows=;fallthrough=00499be9
instruction_reference	0049889a	FUN_0049889a	00499be6	Stack[-0x60]	READ		operand_index=1;primary=true;source=ANALYSIS
instruction	0049889a	FUN_0049889a	00499be9	00499bec	FALL_THROUGH	FUN_0049889a	bytes=83C10C;mnemonic=ADD;instruction=ADD ECX,0xc;inputs=0x0,0x1,ECX,0xc,0xff;results=CF,PF,ECX,ZF,SF,OF;flows=;fallthrough=00499bec
instruction	0049889a	FUN_0049889a	00499bec	00499bed	FALL_THROUGH	FUN_0049889a	bytes=51;mnemonic=PUSH;instruction=PUSH ECX;inputs=ESP,ECX,0x4;results=ESP;flows=;fallthrough=00499bed
instruction	0049889a	FUN_0049889a	00499bed	00499bf2	UNCONDITIONAL_CALL	FUN_0049889a	bytes=E89E530F00;mnemonic=CALL;instruction=CALL 0x0058ef90;inputs=ESP,0x4,0x499bf2;results=ESP;flows=0058ef90;fallthrough=00499bf2
instruction_reference	0049889a	FUN_0049889a	00499bed	0058ef90	UNCONDITIONAL_CALL	_strcmp	operand_index=0;primary=true;source=DEFAULT
instruction	0049889a	FUN_0049889a	00499bf2	00499bf5	FALL_THROUGH	FUN_0049889a	bytes=83C408;mnemonic=ADD;instruction=ADD ESP,0x8;inputs=ESP,0x0,0x1,0x8,0xff;results=CF,ESP,PF,ZF,SF,OF;flows=;fallthrough=00499bf5
instruction	0049889a	FUN_0049889a	00499bf5	00499bf7	FALL_THROUGH	FUN_0049889a	bytes=85C0;mnemonic=TEST;instruction=TEST EAX,EAX;inputs=0x0,EAX,0x1,0xff;results=CF,PF,ZF,SF,OF;flows=;fallthrough=00499bf7
instruction	0049889a	FUN_0049889a	00499bf7	00499bf9	CONDITIONAL_JUMP	FUN_0049889a	bytes=750D;mnemonic=JNZ;instruction=JNZ 0x00499c06;inputs=ZF;results=;flows=00499c06;fallthrough=00499bf9
instruction_reference	0049889a	FUN_0049889a	00499bf7	00499c06	CONDITIONAL_JUMP	LAB_00499c06	operand_index=0;primary=true;source=DEFAULT
instruction	0049889a	FUN_0049889a	00499bf9	00499bfb	FALL_THROUGH	FUN_0049889a	bytes=6A01;mnemonic=PUSH;instruction=PUSH 0x1;inputs=ESP,0x1,0x4;results=ESP;flows=;fallthrough=00499bfb
instruction	0049889a	FUN_0049889a	00499bfb	00499c01	FALL_THROUGH	FUN_0049889a	bytes=8B8DE0FCFFFF;mnemonic=MOV;instruction=MOV ECX,dword ptr [EBP + 0xfffffce0];inputs=EBP,0xfffffce0;results=ECX;flows=;fallthrough=00499c01
instruction_reference	0049889a	FUN_0049889a	00499bfb	Stack[-0x324]	READ		operand_index=1;primary=true;source=ANALYSIS
instruction	0049889a	FUN_0049889a	00499c01	00499c06	UNCONDITIONAL_CALL	FUN_0049889a	bytes=E81952FBFF;mnemonic=CALL;instruction=CALL 0x0044ee1f;inputs=ESP,0x4,0x499c06;results=ESP;flows=0044ee1f;fallthrough=00499c06
instruction_reference	0049889a	FUN_0049889a	00499c01	0044ee1f	UNCONDITIONAL_CALL	FUN_0044ee1f	operand_index=0;primary=true;source=DEFAULT
instruction	0049889a	FUN_0049889a	00499c06	00499c0b	FALL_THROUGH	FUN_0049889a	bytes=68C4905B00;mnemonic=PUSH;instruction=PUSH 0x5b90c4;inputs=ESP,0x4,0x5b90c4;results=ESP;flows=;fallthrough=00499c0b
instruction_reference	0049889a	FUN_0049889a	00499c06	005b90c4	DATA	s_Guild_Chatting_:_Off_005b90c4	operand_index=0;primary=true;source=ANALYSIS
instruction	0049889a	FUN_0049889a	00499c0b	00499c0e	FALL_THROUGH	FUN_0049889a	bytes=8B55A4;mnemonic=MOV;instruction=MOV EDX,dword ptr [EBP + -0x5c];inputs=EBP,0xffffffa4;results=EDX;flows=;fallthrough=00499c0e
instruction_reference	0049889a	FUN_0049889a	00499c0b	Stack[-0x60]	READ		operand_index=1;primary=true;source=ANALYSIS
instruction	0049889a	FUN_0049889a	00499c0e	00499c11	FALL_THROUGH	FUN_0049889a	bytes=83C20C;mnemonic=ADD;instruction=ADD EDX,0xc;inputs=0x0,0x1,EDX,0xc,0xff;results=CF,PF,ZF,SF,EDX,OF;flows=;fallthrough=00499c11
instruction	0049889a	FUN_0049889a	00499c11	00499c12	FALL_THROUGH	FUN_0049889a	bytes=52;mnemonic=PUSH;instruction=PUSH EDX;inputs=ESP,0x4,EDX;results=ESP;flows=;fallthrough=00499c12
instruction	0049889a	FUN_0049889a	00499c12	00499c17	UNCONDITIONAL_CALL	FUN_0049889a	bytes=E879530F00;mnemonic=CALL;instruction=CALL 0x0058ef90;inputs=ESP,0x4,0x499c17;results=ESP;flows=0058ef90;fallthrough=00499c17
instruction_reference	0049889a	FUN_0049889a	00499c12	0058ef90	UNCONDITIONAL_CALL	_strcmp	operand_index=0;primary=true;source=DEFAULT
instruction	0049889a	FUN_0049889a	00499c17	00499c1a	FALL_THROUGH	FUN_0049889a	bytes=83C408;mnemonic=ADD;instruction=ADD ESP,0x8;inputs=ESP,0x0,0x1,0x8,0xff;results=CF,ESP,PF,ZF,SF,OF;flows=;fallthrough=00499c1a
instruction	0049889a	FUN_0049889a	00499c1a	00499c1c	FALL_THROUGH	FUN_0049889a	bytes=85C0;mnemonic=TEST;instruction=TEST EAX,EAX;inputs=0x0,EAX,0x1,0xff;results=CF,PF,ZF,SF,OF;flows=;fallthrough=00499c1c
instruction	0049889a	FUN_0049889a	00499c1c	00499c1e	CONDITIONAL_JUMP	FUN_0049889a	bytes=750D;mnemonic=JNZ;instruction=JNZ 0x00499c2b;inputs=ZF;results=;flows=00499c2b;fallthrough=00499c1e
instruction_reference	0049889a	FUN_0049889a	00499c1c	00499c2b	CONDITIONAL_JUMP	LAB_00499c2b	operand_index=0;primary=true;source=DEFAULT
instruction	0049889a	FUN_0049889a	00499c1e	00499c20	FALL_THROUGH	FUN_0049889a	bytes=6A00;mnemonic=PUSH;instruction=PUSH 0x0;inputs=0x0,ESP,0x4;results=ESP;flows=;fallthrough=00499c20
instruction	0049889a	FUN_0049889a	00499c20	00499c26	FALL_THROUGH	FUN_0049889a	bytes=8B8DE0FCFFFF;mnemonic=MOV;instruction=MOV ECX,dword ptr [EBP + 0xfffffce0];inputs=EBP,0xfffffce0;results=ECX;flows=;fallthrough=00499c26
instruction_reference	0049889a	FUN_0049889a	00499c20	Stack[-0x324]	READ		operand_index=1;primary=true;source=ANALYSIS
instruction	0049889a	FUN_0049889a	00499c26	00499c2b	UNCONDITIONAL_CALL	FUN_0049889a	bytes=E84C52FBFF;mnemonic=CALL;instruction=CALL 0x0044ee77;inputs=ESP,0x499c2b,0x4;results=ESP;flows=0044ee77;fallthrough=00499c2b
instruction_reference	0049889a	FUN_0049889a	00499c26	0044ee77	UNCONDITIONAL_CALL	FUN_0044ee77	operand_index=0;primary=true;source=DEFAULT
instruction	0049889a	FUN_0049889a	00499c2b	00499c30	FALL_THROUGH	FUN_0049889a	bytes=68DC905B00;mnemonic=PUSH;instruction=PUSH 0x5b90dc;inputs=ESP,0x4,0x5b90dc;results=ESP;flows=;fallthrough=00499c30
instruction_reference	0049889a	FUN_0049889a	00499c2b	005b90dc	DATA	s_Guild_Chatting_:_On_005b90dc	operand_index=0;primary=true;source=ANALYSIS
instruction	0049889a	FUN_0049889a	00499c30	00499c33	FALL_THROUGH	FUN_0049889a	bytes=8B45A4;mnemonic=MOV;instruction=MOV EAX,dword ptr [EBP + -0x5c];inputs=EBP,0xffffffa4;results=EAX;flows=;fallthrough=00499c33
instruction_reference	0049889a	FUN_0049889a	00499c30	Stack[-0x60]	READ		operand_index=1;primary=true;source=ANALYSIS
instruction	0049889a	FUN_0049889a	00499c33	00499c36	FALL_THROUGH	FUN_0049889a	bytes=83C00C;mnemonic=ADD;instruction=ADD EAX,0xc;inputs=EAX,0x0,0x1,0xc,0xff;results=CF,EAX,PF,ZF,SF,OF;flows=;fallthrough=00499c36
instruction	0049889a	FUN_0049889a	00499c36	00499c37	FALL_THROUGH	FUN_0049889a	bytes=50;mnemonic=PUSH;instruction=PUSH EAX;inputs=EAX,ESP,0x4;results=ESP;flows=;fallthrough=00499c37
instruction	0049889a	FUN_0049889a	00499c37	00499c3c	UNCONDITIONAL_CALL	FUN_0049889a	bytes=E854530F00;mnemonic=CALL;instruction=CALL 0x0058ef90;inputs=ESP,0x4,0x499c3c;results=ESP;flows=0058ef90;fallthrough=00499c3c
instruction_reference	0049889a	FUN_0049889a	00499c37	0058ef90	UNCONDITIONAL_CALL	_strcmp	operand_index=0;primary=true;source=DEFAULT
instruction	0049889a	FUN_0049889a	00499c3c	00499c3f	FALL_THROUGH	FUN_0049889a	bytes=83C408;mnemonic=ADD;instruction=ADD ESP,0x8;inputs=ESP,0x0,0x1,0x8,0xff;results=CF,ESP,PF,ZF,SF,OF;flows=;fallthrough=00499c3f
instruction	0049889a	FUN_0049889a	00499c3f	00499c41	FALL_THROUGH	FUN_0049889a	bytes=85C0;mnemonic=TEST;instruction=TEST EAX,EAX;inputs=0x0,EAX,0x1,0xff;results=CF,PF,ZF,SF,OF;flows=;fallthrough=00499c41
instruction	0049889a	FUN_0049889a	00499c41	00499c43	CONDITIONAL_JUMP	FUN_0049889a	bytes=750D;mnemonic=JNZ;instruction=JNZ 0x00499c50;inputs=ZF;results=;flows=00499c50;fallthrough=00499c43
instruction_reference	0049889a	FUN_0049889a	00499c41	00499c50	CONDITIONAL_JUMP	LAB_00499c50	operand_index=0;primary=true;source=DEFAULT
instruction	0049889a	FUN_0049889a	00499c43	00499c45	FALL_THROUGH	FUN_0049889a	bytes=6A01;mnemonic=PUSH;instruction=PUSH 0x1;inputs=ESP,0x1,0x4;results=ESP;flows=;fallthrough=00499c45
instruction	0049889a	FUN_0049889a	00499c45	00499c4b	FALL_THROUGH	FUN_0049889a	bytes=8B8DE0FCFFFF;mnemonic=MOV;instruction=MOV ECX,dword ptr [EBP + 0xfffffce0];inputs=EBP,0xfffffce0;results=ECX;flows=;fallthrough=00499c4b
instruction_reference	0049889a	FUN_0049889a	00499c45	Stack[-0x324]	READ		operand_index=1;primary=true;source=ANALYSIS
instruction	0049889a	FUN_0049889a	00499c4b	00499c50	UNCONDITIONAL_CALL	FUN_0049889a	bytes=E82752FBFF;mnemonic=CALL;instruction=CALL 0x0044ee77;inputs=ESP,0x4,0x499c50;results=ESP;flows=0044ee77;fallthrough=00499c50
instruction_reference	0049889a	FUN_0049889a	00499c4b	0044ee77	UNCONDITIONAL_CALL	FUN_0044ee77	operand_index=0;primary=true;source=DEFAULT
instruction	0049889a	FUN_0049889a	00499c50	00499c55	FALL_THROUGH	FUN_0049889a	bytes=6801120000;mnemonic=PUSH;instruction=PUSH 0x1201;inputs=ESP,0x1201,0x4;results=ESP;flows=;fallthrough=00499c55
instruction	0049889a	FUN_0049889a	00499c55	00499c5b	FALL_THROUGH	FUN_0049889a	bytes=8B8D84FCFFFF;mnemonic=MOV;instruction=MOV ECX,dword ptr [EBP + 0xfffffc84];inputs=EBP,0xfffffc84;results=ECX;flows=;fallthrough=00499c5b
instruction_reference	0049889a	FUN_0049889a	00499c55	Stack[-0x380]	READ		operand_index=1;primary=true;source=ANALYSIS
instruction	0049889a	FUN_0049889a	00499c5b	00499c5e	FALL_THROUGH	FUN_0049889a	bytes=8B4928;mnemonic=MOV;instruction=MOV ECX,dword ptr [ECX + 0x28];inputs=ECX,0x28;results=ECX;flows=;fallthrough=00499c5e
instruction	0049889a	FUN_0049889a	00499c5e	00499c64	FALL_THROUGH	FUN_0049889a	bytes=8B9584FCFFFF;mnemonic=MOV;instruction=MOV EDX,dword ptr [EBP + 0xfffffc84];inputs=EBP,0xfffffc84;results=EDX;flows=;fallthrough=00499c64
instruction_reference	0049889a	FUN_0049889a	00499c5e	Stack[-0x380]	READ		operand_index=1;primary=true;source=ANALYSIS
instruction	0049889a	FUN_0049889a	00499c64	00499c67	FALL_THROUGH	FUN_0049889a	bytes=8B4228;mnemonic=MOV;instruction=MOV EAX,dword ptr [EDX + 0x28];inputs=EDX,0x28;results=EAX;flows=;fallthrough=00499c67
instruction	0049889a	FUN_0049889a	00499c67	00499c69	FALL_THROUGH	FUN_0049889a	bytes=8B10;mnemonic=MOV;instruction=MOV EDX,dword ptr [EAX];inputs=EAX;results=EDX;flows=;fallthrough=00499c69
instruction	0049889a	FUN_0049889a	00499c69	00499c6c	COMPUTED_CALL	FUN_0049889a	bytes=FF5248;mnemonic=CALL;instruction=CALL dword ptr [EDX + 0x48];inputs=ESP,0x4,0x499c6c,EDX,0x48;results=ESP;flows=;fallthrough=00499c6c
instruction	0049889a	FUN_0049889a	00499c6c	00499c6f	FALL_THROUGH	FUN_0049889a	bytes=89459C;mnemonic=MOV;instruction=MOV dword ptr [EBP + -0x64],EAX;inputs=EAX,0xffffff9c,EBP;results=;flows=;fallthrough=00499c6f
instruction_reference	0049889a	FUN_0049889a	00499c6c	Stack[-0x68]	WRITE		operand_index=0;primary=true;source=ANALYSIS
instruction	0049889a	FUN_0049889a	00499c6f	00499c73	FALL_THROUGH	FUN_0049889a	bytes=837D9C00;mnemonic=CMP;instruction=CMP dword ptr [EBP + -0x64],0x0;inputs=0x0,0x1,0xffffff9c,EBP,0xff;results=CF,PF,ZF,SF,OF;flows=;fallthrough=00499c73
instruction_reference	0049889a	FUN_0049889a	00499c6f	Stack[-0x68]	READ		operand_index=0;primary=true;source=ANALYSIS
instruction	0049889a	FUN_0049889a	00499c73	00499c75	CONDITIONAL_JUMP	FUN_0049889a	bytes=740D;mnemonic=JZ;instruction=JZ 0x00499c82;inputs=ZF;results=;flows=00499c82;fallthrough=00499c75
instruction_reference	0049889a	FUN_0049889a	00499c73	00499c82	CONDITIONAL_JUMP	LAB_00499c82	operand_index=0;primary=true;source=DEFAULT
instruction	0049889a	FUN_0049889a	00499c75	00499c77	FALL_THROUGH	FUN_0049889a	bytes=6A01;mnemonic=PUSH;instruction=PUSH 0x1;inputs=ESP,0x1,0x4;results=ESP;flows=;fallthrough=00499c77
instruction	0049889a	FUN_0049889a	00499c77	00499c7a	FALL_THROUGH	FUN_0049889a	bytes=8B459C;mnemonic=MOV;instruction=MOV EAX,dword ptr [EBP + -0x64];inputs=0xffffff9c,EBP;results=EAX;flows=;fallthrough=00499c7a
instruction_reference	0049889a	FUN_0049889a	00499c77	Stack[-0x68]	READ		operand_index=1;primary=true;source=ANALYSIS
instruction	0049889a	FUN_0049889a	00499c7a	00499c7c	FALL_THROUGH	FUN_0049889a	bytes=8B10;mnemonic=MOV;instruction=MOV EDX,dword ptr [EAX];inputs=EAX;results=EDX;flows=;fallthrough=00499c7c
instruction	0049889a	FUN_0049889a	00499c7c	00499c7f	FALL_THROUGH	FUN_0049889a	bytes=8B4D9C;mnemonic=MOV;instruction=MOV ECX,dword ptr [EBP + -0x64];inputs=0xffffff9c,EBP;results=ECX;flows=;fallthrough=00499c7f
instruction_reference	0049889a	FUN_0049889a	00499c7c	Stack[-0x68]	READ		operand_index=1;primary=true;source=ANALYSIS
instruction	0049889a	FUN_0049889a	00499c7f	00499c82	COMPUTED_CALL	FUN_0049889a	bytes=FF5264;mnemonic=CALL;instruction=CALL dword ptr [EDX + 0x64];inputs=ESP,0x64,0x4,EDX,0x499c82;results=ESP;flows=;fallthrough=00499c82
instruction	0049889a	FUN_0049889a	00499c82	00499c87	FALL_THROUGH	FUN_0049889a	bytes=B801000000;mnemonic=MOV;instruction=MOV EAX,0x1;inputs=0x1;results=EAX;flows=;fallthrough=00499c87
instruction	0049889a	FUN_0049889a	00499c87		UNCONDITIONAL_JUMP	FUN_0049889a	bytes=E9FC010000;mnemonic=JMP;instruction=JMP 0x00499e88;inputs=;results=;flows=00499e88;fallthrough=
instruction_reference	0049889a	FUN_0049889a	00499c87	00499e88	UNCONDITIONAL_JUMP	LAB_00499e88	operand_index=0;primary=true;source=DEFAULT
instruction	0049889a	FUN_0049889a	00499c8c	00499c8f	FALL_THROUGH	FUN_0049889a	bytes=8B45EC;mnemonic=MOV;instruction=MOV EAX,dword ptr [EBP + -0x14];inputs=0xffffffec,EBP;results=EAX;flows=;fallthrough=00499c8f
instruction_reference	0049889a	FUN_0049889a	00499c8c	Stack[-0x18]	READ		operand_index=1;primary=true;source=ANALYSIS
instruction	0049889a	FUN_0049889a	00499c8f	00499c91	FALL_THROUGH	FUN_0049889a	bytes=33C9;mnemonic=XOR;instruction=XOR ECX,ECX;inputs=0x0,0x1,ECX,0xff;results=CF,PF,ECX,ZF,SF,OF;flows=;fallthrough=00499c91
instruction	0049889a	FUN_0049889a	00499c91	00499c95	FALL_THROUGH	FUN_0049889a	bytes=668B4804;mnemonic=MOV;instruction=MOV CX,word ptr [EAX + 0x4];inputs=EAX,0x4;results=CX;flows=;fallthrough=00499c95
instruction	0049889a	FUN_0049889a	00499c95	00499c9b	FALL_THROUGH	FUN_0049889a	bytes=81F91D0D0000;mnemonic=CMP;instruction=CMP ECX,0xd1d;inputs=0x0,0x1,ECX,0xd1d,0xff;results=CF,PF,ZF,SF,OF;flows=;fallthrough=00499c9b
instruction	0049889a	FUN_0049889a	00499c9b	00499ca1	CONDITIONAL_JUMP	FUN_0049889a	bytes=0F859B010000;mnemonic=JNZ;instruction=JNZ 0x00499e3c;inputs=ZF;results=;flows=00499e3c;fallthrough=00499ca1
instruction_reference	0049889a	FUN_0049889a	00499c9b	00499e3c	CONDITIONAL_JUMP	LAB_00499e3c	operand_index=0;primary=true;source=DEFAULT
instruction	0049889a	FUN_0049889a	00499ca1	00499ca4	FALL_THROUGH	FUN_0049889a	bytes=8B55EC;mnemonic=MOV;instruction=MOV EDX,dword ptr [EBP + -0x14];inputs=0xffffffec,EBP;results=EDX;flows=;fallthrough=00499ca4
instruction_reference	0049889a	FUN_0049889a	00499ca1	Stack[-0x18]	READ		operand_index=1;primary=true;source=ANALYSIS
instruction	0049889a	FUN_0049889a	00499ca4	00499caa	FALL_THROUGH	FUN_0049889a	bytes=8995D8FCFFFF;mnemonic=MOV;instruction=MOV dword ptr [EBP + 0xfffffcd8],EDX;inputs=EBP,0xfffffcd8,EDX;results=;flows=;fallthrough=00499caa
instruction_reference	0049889a	FUN_0049889a	00499ca4	Stack[-0x32c]	WRITE		operand_index=0;primary=true;source=ANALYSIS
instruction	0049889a	FUN_0049889a	00499caa	00499cb0	FALL_THROUGH	FUN_0049889a	bytes=8B85D8FCFFFF;mnemonic=MOV;instruction=MOV EAX,dword ptr [EBP + 0xfffffcd8];inputs=EBP,0xfffffcd8;results=EAX;flows=;fallthrough=00499cb0
instruction_reference	0049889a	FUN_0049889a	00499caa	Stack[-0x32c]	READ		operand_index=1;primary=true;source=ANALYSIS
instruction	0049889a	FUN_0049889a	00499cb0	00499cb4	FALL_THROUGH	FUN_0049889a	bytes=C6406B00;mnemonic=MOV;instruction=MOV byte ptr [EAX + 0x6b],0x0;inputs=EAX,0x0,0x6b;results=;flows=;fallthrough=00499cb4
instruction	0049889a	FUN_0049889a	00499cb4	00499cba	FALL_THROUGH	FUN_0049889a	bytes=8B8DD8FCFFFF;mnemonic=MOV;instruction=MOV ECX,dword ptr [EBP + 0xfffffcd8];inputs=EBP,0xfffffcd8;results=ECX;flows=;fallthrough=00499cba
instruction_reference	0049889a	FUN_0049889a	00499cb4	Stack[-0x32c]	READ		operand_index=1;primary=true;source=ANALYSIS
instruction	0049889a	FUN_0049889a	00499cba	00499cbe	FALL_THROUGH	FUN_0049889a	bytes=C6416A00;mnemonic=MOV;instruction=MOV byte ptr [ECX + 0x6a],0x0;inputs=0x0,ECX,0x6a;results=;flows=;fallthrough=00499cbe
instruction	0049889a	FUN_0049889a	00499cbe	00499cc4	FALL_THROUGH	FUN_0049889a	bytes=8B1538CF6700;mnemonic=MOV;instruction=MOV EDX,dword ptr [0x0067cf38];inputs=0067cf38;results=EDX;flows=;fallthrough=00499cc4
instruction_reference	0049889a	FUN_0049889a	00499cbe	0067cf38	READ	DAT_0067cf38	operand_index=1;primary=true;source=DEFAULT
instruction	0049889a	FUN_0049889a	00499cc4	00499cca	FALL_THROUGH	FUN_0049889a	bytes=8995CCFCFFFF;mnemonic=MOV;instruction=MOV dword ptr [EBP + 0xfffffccc],EDX;inputs=0xfffffccc,EBP,EDX;results=;flows=;fallthrough=00499cca
instruction_reference	0049889a	FUN_0049889a	00499cc4	Stack[-0x338]	WRITE		operand_index=0;primary=true;source=ANALYSIS
instruction	0049889a	FUN_0049889a	00499cca	00499cd0	FALL_THROUGH	FUN_0049889a	bytes=8B85CCFCFFFF;mnemonic=MOV;instruction=MOV EAX,dword ptr [EBP + 0xfffffccc];inputs=0xfffffccc,EBP;results=EAX;flows=;fallthrough=00499cd0
instruction_reference	0049889a	FUN_0049889a	00499cca	Stack[-0x338]	READ		operand_index=1;primary=true;source=ANALYSIS
instruction	0049889a	FUN_0049889a	00499cd0	00499cd7	FALL_THROUGH	FUN_0049889a	bytes=83B8F47A020000;mnemonic=CMP;instruction=CMP dword ptr [EAX + 0x27af4],0x0;inputs=EAX,0x0,0x1,0x27af4,0xff;results=CF,PF,ZF,SF,OF;flows=;fallthrough=00499cd7
instruction	0049889a	FUN_0049889a	00499cd7	00499cd9	CONDITIONAL_JUMP	FUN_0049889a	bytes=743A;mnemonic=JZ;instruction=JZ 0x00499d13;inputs=ZF;results=;flows=00499d13;fallthrough=00499cd9
instruction_reference	0049889a	FUN_0049889a	00499cd7	00499d13	CONDITIONAL_JUMP	LAB_00499d13	operand_index=0;primary=true;source=DEFAULT
instruction	0049889a	FUN_0049889a	00499cd9	00499cdf	FALL_THROUGH	FUN_0049889a	bytes=8B8DCCFCFFFF;mnemonic=MOV;instruction=MOV ECX,dword ptr [EBP + 0xfffffccc];inputs=0xfffffccc,EBP;results=ECX;flows=;fallthrough=00499cdf
instruction_reference	0049889a	FUN_0049889a	00499cd9	Stack[-0x338]	READ		operand_index=1;primary=true;source=ANALYSIS
instruction	0049889a	FUN_0049889a	00499cdf	00499ce4	UNCONDITIONAL_CALL	FUN_0049889a	bytes=E8EBB0FFFF;mnemonic=CALL;instruction=CALL 0x00494dcf;inputs=ESP,0x4,0x499ce4;results=ESP;flows=00494dcf;fallthrough=00499ce4
instruction_reference	0049889a	FUN_0049889a	00499cdf	00494dcf	UNCONDITIONAL_CALL	FUN_00494dcf	operand_index=0;primary=true;source=DEFAULT
instruction	0049889a	FUN_0049889a	00499ce4	00499ce9	FALL_THROUGH	FUN_0049889a	bytes=3D30750000;mnemonic=CMP;instruction=CMP EAX,0x7530;inputs=EAX,0x7530,0x0,0x1,0xff;results=CF,PF,ZF,SF,OF;flows=;fallthrough=00499ce9
instruction	0049889a	FUN_0049889a	00499ce9	00499ceb	CONDITIONAL_JUMP	FUN_0049889a	bytes=7528;mnemonic=JNZ;instruction=JNZ 0x00499d13;inputs=ZF;results=;flows=00499d13;fallthrough=00499ceb
instruction_reference	0049889a	FUN_0049889a	00499ce9	00499d13	CONDITIONAL_JUMP	LAB_00499d13	operand_index=0;primary=true;source=DEFAULT
instruction	0049889a	FUN_0049889a	00499ceb	00499cf2	FALL_THROUGH	FUN_0049889a	bytes=833D2C895B0002;mnemonic=CMP;instruction=CMP dword ptr [0x005b892c],0x2;inputs=0x0,0x1,0x2,005b892c,0xff;results=CF,PF,ZF,SF,OF;flows=;fallthrough=00499cf2
instruction_reference	0049889a	FUN_0049889a	00499ceb	005b892c	READ	DAT_005b892c	operand_index=0;primary=true;source=DEFAULT
instruction	0049889a	FUN_0049889a	00499cf2	00499cf4	CONDITIONAL_JUMP	FUN_0049889a	bytes=751F;mnemonic=JNZ;instruction=JNZ 0x00499d13;inputs=ZF;results=;flows=00499d13;fallthrough=00499cf4
instruction_reference	0049889a	FUN_0049889a	00499cf2	00499d13	CONDITIONAL_JUMP	LAB_00499d13	operand_index=0;primary=true;source=DEFAULT
instruction	0049889a	FUN_0049889a	00499cf4	00499cfa	FALL_THROUGH	FUN_0049889a	bytes=8B8DCCFCFFFF;mnemonic=MOV;instruction=MOV ECX,dword ptr [EBP + 0xfffffccc];inputs=0xfffffccc,EBP;results=ECX;flows=;fallthrough=00499cfa
instruction_reference	0049889a	FUN_0049889a	00499cf4	Stack[-0x338]	READ		operand_index=1;primary=true;source=ANALYSIS
instruction	0049889a	FUN_0049889a	00499cfa	00499d00	FALL_THROUGH	FUN_0049889a	bytes=8B91F47A0200;mnemonic=MOV;instruction=MOV EDX,dword ptr [ECX + 0x27af4];inputs=ECX,0x27af4;results=EDX;flows=;fallthrough=00499d00
instruction	0049889a	FUN_0049889a	00499d00	00499d07	FALL_THROUGH	FUN_0049889a	bytes=83BAE801000000;mnemonic=CMP;instruction=CMP dword ptr [EDX + 0x1e8],0x0;inputs=0x0,0x1,EDX,0x1e8,0xff;results=CF,PF,ZF,SF,OF;flows=;fallthrough=00499d07
instruction	0049889a	FUN_0049889a	00499d07	00499d09	CONDITIONAL_JUMP	FUN_0049889a	bytes=750A;mnemonic=JNZ;instruction=JNZ 0x00499d13;inputs=ZF;results=;flows=00499d13;fallthrough=00499d09
instruction_reference	0049889a	FUN_0049889a	00499d07	00499d13	CONDITIONAL_JUMP	LAB_00499d13	operand_index=0;primary=true;source=DEFAULT
instruction	0049889a	FUN_0049889a	00499d09	00499d0e	FALL_THROUGH	FUN_0049889a	bytes=B801000000;mnemonic=MOV;instruction=MOV EAX,0x1;inputs=0x1;results=EAX;flows=;fallthrough=00499d0e
instruction	0049889a	FUN_0049889a	00499d0e		UNCONDITIONAL_JUMP	FUN_0049889a	bytes=E975010000;mnemonic=JMP;instruction=JMP 0x00499e88;inputs=;results=;flows=00499e88;fallthrough=
instruction_reference	0049889a	FUN_0049889a	00499d0e	00499e88	UNCONDITIONAL_JUMP	LAB_00499e88	operand_index=0;primary=true;source=DEFAULT
instruction	0049889a	FUN_0049889a	00499d13	00499d19	FALL_THROUGH	FUN_0049889a	bytes=8B85CCFCFFFF;mnemonic=MOV;instruction=MOV EAX,dword ptr [EBP + 0xfffffccc];inputs=0xfffffccc,EBP;results=EAX;flows=;fallthrough=00499d19
instruction_reference	0049889a	FUN_0049889a	00499d13	Stack[-0x338]	READ		operand_index=1;primary=true;source=ANALYSIS
instruction	0049889a	FUN_0049889a	00499d19	00499d1f	FALL_THROUGH	FUN_0049889a	bytes=8B88E87A0200;mnemonic=MOV;instruction=MOV ECX,dword ptr [EAX + 0x27ae8];inputs=EAX,0x27ae8;results=ECX;flows=;fallthrough=00499d1f
instruction	0049889a	FUN_0049889a	00499d1f	00499d25	FALL_THROUGH	FUN_0049889a	bytes=898DD4FCFFFF;mnemonic=MOV;instruction=MOV dword ptr [EBP + 0xfffffcd4],ECX;inputs=EBP,ECX,0xfffffcd4;results=;flows=;fallthrough=00499d25
instruction_reference	0049889a	FUN_0049889a	00499d1f	Stack[-0x330]	WRITE		operand_index=0;primary=true;source=ANALYSIS
instruction	0049889a	FUN_0049889a	00499d25	00499d2f	FALL_THROUGH	FUN_0049889a	bytes=C785C4FCFFFF00000000;mnemonic=MOV;instruction=MOV dword ptr [EBP + 0xfffffcc4],0x0;inputs=0x0,EBP,0xfffffcc4;results=;flows=;fallthrough=00499d2f
instruction_reference	0049889a	FUN_0049889a	00499d25	Stack[-0x340]	WRITE		operand_index=0;primary=true;source=ANALYSIS
instruction	0049889a	FUN_0049889a	00499d2f	00499d39	FALL_THROUGH	FUN_0049889a	bytes=C785DCFCFFFF00CD00FF;mnemonic=MOV;instruction=MOV dword ptr [EBP + 0xfffffcdc],0xff00cd00;inputs=0xff00cd00,0xfffffcdc,EBP;results=;flows=;fallthrough=00499d39
instruction_reference	0049889a	FUN_0049889a	00499d2f	Stack[-0x328]	WRITE		operand_index=0;primary=true;source=ANALYSIS
instruction	0049889a	FUN_0049889a	00499d39	00499d3f	FALL_THROUGH	FUN_0049889a	bytes=8B95D8FCFFFF;mnemonic=MOV;instruction=MOV EDX,dword ptr [EBP + 0xfffffcd8];inputs=EBP,0xfffffcd8;results=EDX;flows=;fallthrough=00499d3f
instruction_reference	0049889a	FUN_0049889a	00499d39	Stack[-0x32c]	READ		operand_index=1;primary=true;source=ANALYSIS
instruction	0049889a	FUN_0049889a	00499d3f	00499d42	FALL_THROUGH	FUN_0049889a	bytes=83C20C;mnemonic=ADD;instruction=ADD EDX,0xc;inputs=0x0,0x1,EDX,0xc,0xff;results=CF,PF,ZF,SF,EDX,OF;flows=;fallthrough=00499d42
instruction	0049889a	FUN_0049889a	00499d42	00499d43	FALL_THROUGH	FUN_0049889a	bytes=52;mnemonic=PUSH;instruction=PUSH EDX;inputs=ESP,0x4,EDX;results=ESP;flows=;fallthrough=00499d43
instruction	0049889a	FUN_0049889a	00499d43	00499d48	UNCONDITIONAL_CALL	FUN_0049889a	bytes=E8C8510F00;mnemonic=CALL;instruction=CALL 0x0058ef10;inputs=ESP,0x499d48,0x4;results=ESP;flows=0058ef10;fallthrough=00499d48
instruction_reference	0049889a	FUN_0049889a	00499d43	0058ef10	UNCONDITIONAL_CALL	_strlen	operand_index=0;primary=true;source=DEFAULT
instruction	0049889a	FUN_0049889a	00499d48	00499d4b	FALL_THROUGH	FUN_0049889a	bytes=83C404;mnemonic=ADD;instruction=ADD ESP,0x4;inputs=ESP,0x0,0x1,0x4,0xff;results=CF,ESP,PF,ZF,SF,OF;flows=;fallthrough=00499d4b
instruction	0049889a	FUN_0049889a	00499d4b	00499d51	FALL_THROUGH	FUN_0049889a	bytes=8985C8FCFFFF;mnemonic=MOV;instruction=MOV dword ptr [EBP + 0xfffffcc8],EAX;inputs=EAX,EBP,0xfffffcc8;results=;flows=;fallthrough=00499d51
instruction_reference	0049889a	FUN_0049889a	00499d4b	Stack[-0x33c]	WRITE		operand_index=0;primary=true;source=ANALYSIS
instruction	0049889a	FUN_0049889a	00499d51	00499d56	FALL_THROUGH	FUN_0049889a	bytes=68500E0000;mnemonic=PUSH;instruction=PUSH 0xe50;inputs=0xe50,ESP,0x4;results=ESP;flows=;fallthrough=00499d56
instruction	0049889a	FUN_0049889a	00499d56	00499d5b	UNCONDITIONAL_CALL	FUN_0049889a	bytes=E86F530F00;mnemonic=CALL;instruction=CALL 0x0058f0ca;inputs=ESP,0x499d5b,0x4;results=ESP;flows=0058f0ca;fallthrough=00499d5b
instruction_reference	0049889a	FUN_0049889a	00499d56	0058f0ca	UNCONDITIONAL_CALL	operator_new	operand_index=0;primary=true;source=DEFAULT
instruction	0049889a	FUN_0049889a	00499d5b	00499d5e	FALL_THROUGH	FUN_0049889a	bytes=83C404;mnemonic=ADD;instruction=ADD ESP,0x4;inputs=ESP,0x0,0x1,0x4,0xff;results=CF,ESP,PF,ZF,SF,OF;flows=;fallthrough=00499d5e
instruction	0049889a	FUN_0049889a	00499d5e	00499d64	FALL_THROUGH	FUN_0049889a	bytes=898588FCFFFF;mnemonic=MOV;instruction=MOV dword ptr [EBP + 0xfffffc88],EAX;inputs=EAX,EBP,0xfffffc88;results=;flows=;fallthrough=00499d64
instruction_reference	0049889a	FUN_0049889a	00499d5e	Stack[-0x37c]	WRITE		operand_index=0;primary=true;source=ANALYSIS
instruction	0049889a	FUN_0049889a	00499d64	00499d6b	FALL_THROUGH	FUN_0049889a	bytes=C745FC05000000;mnemonic=MOV;instruction=MOV dword ptr [EBP + -0x4],0x5;inputs=0xfffffffc,EBP,0x5;results=;flows=;fallthrough=00499d6b
instruction_reference	0049889a	FUN_0049889a	00499d64	Stack[-0x8]	WRITE		operand_index=0;primary=true;source=ANALYSIS
instruction	0049889a	FUN_0049889a	00499d6b	00499d72	FALL_THROUGH	FUN_0049889a	bytes=83BD88FCFFFF00;mnemonic=CMP;instruction=CMP dword ptr [EBP + 0xfffffc88],0x0;inputs=0x0,0x1,EBP,0xfffffc88,0xff;results=CF,PF,ZF,SF,OF;flows=;fallthrough=00499d72
instruction_reference	0049889a	FUN_0049889a	00499d6b	Stack[-0x37c]	READ		operand_index=0;primary=true;source=ANALYSIS
instruction	0049889a	FUN_0049889a	00499d72	00499d74	CONDITIONAL_JUMP	FUN_0049889a	bytes=7448;mnemonic=JZ;instruction=JZ 0x00499dbc;inputs=ZF;results=;flows=00499dbc;fallthrough=00499d74
instruction_reference	0049889a	FUN_0049889a	00499d72	00499dbc	CONDITIONAL_JUMP	LAB_00499dbc	operand_index=0;primary=true;source=DEFAULT
instruction	0049889a	FUN_0049889a	00499d74	00499d76	FALL_THROUGH	FUN_0049889a	bytes=6A00;mnemonic=PUSH;instruction=PUSH 0x0;inputs=0x0,ESP,0x4;results=ESP;flows=;fallthrough=00499d76
instruction	0049889a	FUN_0049889a	00499d76	00499d78	FALL_THROUGH	FUN_0049889a	bytes=6A01;mnemonic=PUSH;instruction=PUSH 0x1;inputs=ESP,0x1,0x4;results=ESP;flows=;fallthrough=00499d78
instruction	0049889a	FUN_0049889a	00499d78	00499d7d	FALL_THROUGH	FUN_0049889a	bytes=6800FFFFFF;mnemonic=PUSH;instruction=PUSH 0xffffff00;inputs=ESP,0x4,0xffffff00;results=ESP;flows=;fallthrough=00499d7d
instruction	0049889a	FUN_0049889a	00499d7d	00499d7f	FALL_THROUGH	FUN_0049889a	bytes=6A00;mnemonic=PUSH;instruction=PUSH 0x0;inputs=0x0,ESP,0x4;results=ESP;flows=;fallthrough=00499d7f
instruction	0049889a	FUN_0049889a	00499d7f	00499d84	FALL_THROUGH	FUN_0049889a	bytes=6800008041;mnemonic=PUSH;instruction=PUSH 0x41800000;inputs=0x41800000,ESP,0x4;results=ESP;flows=;fallthrough=00499d84
instruction	0049889a	FUN_0049889a	00499d84	00499d8a	FALL_THROUGH	FUN_0049889a	bytes=DB85C8FCFFFF;mnemonic=FILD;instruction=FILD dword ptr [EBP + 0xfffffcc8];inputs=ST7,ST6,ST5,ST4,ST3,ST2,ST1,ST0,EBP,0xfffffcc8,0x499d84;results=ST7,ST6,ST5,ST4,ST3,ST2,ST1,ST0,FPUInstructionPointer;flows=;fallthrough=00499d8a
instruction_reference	0049889a	FUN_0049889a	00499d84	Stack[-0x33c]	READ		operand_index=0;primary=true;source=ANALYSIS
instruction	0049889a	FUN_0049889a	00499d8a	00499d90	FALL_THROUGH	FUN_0049889a	bytes=D80DA4445A00;mnemonic=FMUL;instruction=FMUL float ptr [0x005a44a4];inputs=ST0,005a44a4,0x499d8a;results=ST0,FPUInstructionPointer;flows=;fallthrough=00499d90
instruction_reference	0049889a	FUN_0049889a	00499d8a	005a44a4	READ	DAT_005a44a4	operand_index=0;primary=true;source=DEFAULT
instruction	0049889a	FUN_0049889a	00499d90	00499d91	FALL_THROUGH	FUN_0049889a	bytes=51;mnemonic=PUSH;instruction=PUSH ECX;inputs=ESP,ECX,0x4;results=ESP;flows=;fallthrough=00499d91
instruction	0049889a	FUN_0049889a	00499d91	00499d94	FALL_THROUGH	FUN_0049889a	bytes=D91C24;mnemonic=FSTP;instruction=FSTP float ptr [ESP];inputs=ST0,ST2,ST4,ST6,ESP,ST1,ST3,ST5,ST7,0x499d91;results=ST0,ST1,ST2,ST3,ST4,ST5,ST6,FPUInstructionPointer;flows=;fallthrough=00499d94
instruction	0049889a	FUN_0049889a	00499d94	00499d96	FALL_THROUGH	FUN_0049889a	bytes=6A00;mnemonic=PUSH;instruction=PUSH 0x0;inputs=0x0,ESP,0x4;results=ESP;flows=;fallthrough=00499d96
instruction	0049889a	FUN_0049889a	00499d96	00499d98	FALL_THROUGH	FUN_0049889a	bytes=6A00;mnemonic=PUSH;instruction=PUSH 0x0;inputs=0x0,ESP,0x4;results=ESP;flows=;fallthrough=00499d98
instruction	0049889a	FUN_0049889a	00499d98	00499d9e	FALL_THROUGH	FUN_0049889a	bytes=8B85DCFCFFFF;mnemonic=MOV;instruction=MOV EAX,dword ptr [EBP + 0xfffffcdc];inputs=0xfffffcdc,EBP;results=EAX;flows=;fallthrough=00499d9e
instruction_reference	0049889a	FUN_0049889a	00499d98	Stack[-0x328]	READ		operand_index=1;primary=true;source=ANALYSIS
instruction	0049889a	FUN_0049889a	00499d9e	00499d9f	FALL_THROUGH	FUN_0049889a	bytes=50;mnemonic=PUSH;instruction=PUSH EAX;inputs=EAX,ESP,0x4;results=ESP;flows=;fallthrough=00499d9f
instruction	0049889a	FUN_0049889a	00499d9f	00499da5	FALL_THROUGH	FUN_0049889a	bytes=8B8DD8FCFFFF;mnemonic=MOV;instruction=MOV ECX,dword ptr [EBP + 0xfffffcd8];inputs=EBP,0xfffffcd8;results=ECX;flows=;fallthrough=00499da5
instruction_reference	0049889a	FUN_0049889a	00499d9f	Stack[-0x32c]	READ		operand_index=1;primary=true;source=ANALYSIS
instruction	0049889a	FUN_0049889a	00499da5	00499da8	FALL_THROUGH	FUN_0049889a	bytes=83C10C;mnemonic=ADD;instruction=ADD ECX,0xc;inputs=0x0,0x1,ECX,0xc,0xff;results=CF,PF,ECX,ZF,SF,OF;flows=;fallthrough=00499da8
instruction	0049889a	FUN_0049889a	00499da8	00499da9	FALL_THROUGH	FUN_0049889a	bytes=51;mnemonic=PUSH;instruction=PUSH ECX;inputs=ESP,ECX,0x4;results=ESP;flows=;fallthrough=00499da9
instruction	0049889a	FUN_0049889a	00499da9	00499daf	FALL_THROUGH	FUN_0049889a	bytes=8B8D88FCFFFF;mnemonic=MOV;instruction=MOV ECX,dword ptr [EBP + 0xfffffc88];inputs=EBP,0xfffffc88;results=ECX;flows=;fallthrough=00499daf
instruction_reference	0049889a	FUN_0049889a	00499da9	Stack[-0x37c]	READ		operand_index=1;primary=true;source=ANALYSIS
instruction	0049889a	FUN_0049889a	00499daf	00499db4	UNCONDITIONAL_CALL	FUN_0049889a	bytes=E84FD4F6FF;mnemonic=CALL;instruction=CALL 0x00407203;inputs=ESP,0x4,0x499db4;results=ESP;flows=00407203;fallthrough=00499db4
instruction_reference	0049889a	FUN_0049889a	00499daf	00407203	UNCONDITIONAL_CALL	FUN_00407203	operand_index=0;primary=true;source=DEFAULT
instruction	0049889a	FUN_0049889a	00499db4	00499dba	FALL_THROUGH	FUN_0049889a	bytes=898554FCFFFF;mnemonic=MOV;instruction=MOV dword ptr [EBP + 0xfffffc54],EAX;inputs=EAX,EBP,0xfffffc54;results=;flows=;fallthrough=00499dba
instruction_reference	0049889a	FUN_0049889a	00499db4	Stack[-0x3b0]	WRITE		operand_index=0;primary=true;source=ANALYSIS
instruction	0049889a	FUN_0049889a	00499dba		UNCONDITIONAL_JUMP	FUN_0049889a	bytes=EB0A;mnemonic=JMP;instruction=JMP 0x00499dc6;inputs=;results=;flows=00499dc6;fallthrough=
instruction_reference	0049889a	FUN_0049889a	00499dba	00499dc6	UNCONDITIONAL_JUMP	LAB_00499dc6	operand_index=0;primary=true;source=DEFAULT
instruction	0049889a	FUN_0049889a	00499dbc	00499dc6	FALL_THROUGH	FUN_0049889a	bytes=C78554FCFFFF00000000;mnemonic=MOV;instruction=MOV dword ptr [EBP + 0xfffffc54],0x0;inputs=0x0,EBP,0xfffffc54;results=;flows=;fallthrough=00499dc6
instruction_reference	0049889a	FUN_0049889a	00499dbc	Stack[-0x3b0]	WRITE		operand_index=0;primary=true;source=ANALYSIS
instruction	0049889a	FUN_0049889a	00499dc6	00499dcc	FALL_THROUGH	FUN_0049889a	bytes=8B9554FCFFFF;mnemonic=MOV;instruction=MOV EDX,dword ptr [EBP + 0xfffffc54];inputs=EBP,0xfffffc54;results=EDX;flows=;fallthrough=00499dcc
instruction_reference	0049889a	FUN_0049889a	00499dc6	Stack[-0x3b0]	READ		operand_index=1;primary=true;source=ANALYSIS
instruction	0049889a	FUN_0049889a	00499dcc	00499dd2	FALL_THROUGH	FUN_0049889a	bytes=89958CFCFFFF;mnemonic=MOV;instruction=MOV dword ptr [EBP + 0xfffffc8c],EDX;inputs=0xfffffc8c,EBP,EDX;results=;flows=;fallthrough=00499dd2
instruction_reference	0049889a	FUN_0049889a	00499dcc	Stack[-0x378]	WRITE		operand_index=0;primary=true;source=ANALYSIS
instruction	0049889a	FUN_0049889a	00499dd2	00499dd9	FALL_THROUGH	FUN_0049889a	bytes=C745FCFFFFFFFF;mnemonic=MOV;instruction=MOV dword ptr [EBP + -0x4],0xffffffff;inputs=0xffffffff,0xfffffffc,EBP;results=;flows=;fallthrough=00499dd9
instruction_reference	0049889a	FUN_0049889a	00499dd2	Stack[-0x8]	WRITE		operand_index=0;primary=true;source=ANALYSIS
instruction	0049889a	FUN_0049889a	00499dd9	00499ddf	FALL_THROUGH	FUN_0049889a	bytes=8B858CFCFFFF;mnemonic=MOV;instruction=MOV EAX,dword ptr [EBP + 0xfffffc8c];inputs=0xfffffc8c,EBP;results=EAX;flows=;fallthrough=00499ddf
instruction_reference	0049889a	FUN_0049889a	00499dd9	Stack[-0x378]	READ		operand_index=1;primary=true;source=ANALYSIS
instruction	0049889a	FUN_0049889a	00499ddf	00499de5	FALL_THROUGH	FUN_0049889a	bytes=8985D0FCFFFF;mnemonic=MOV;instruction=MOV dword ptr [EBP + 0xfffffcd0],EAX;inputs=EAX,EBP,0xfffffcd0;results=;flows=;fallthrough=00499de5
instruction_reference	0049889a	FUN_0049889a	00499ddf	Stack[-0x334]	WRITE		operand_index=0;primary=true;source=ANALYSIS
instruction	0049889a	FUN_0049889a	00499de5	00499deb	FALL_THROUGH	FUN_0049889a	bytes=8B8DD0FCFFFF;mnemonic=MOV;instruction=MOV ECX,dword ptr [EBP + 0xfffffcd0];inputs=EBP,0xfffffcd0;results=ECX;flows=;fallthrough=00499deb
instruction_reference	0049889a	FUN_0049889a	00499de5	Stack[-0x334]	READ		operand_index=1;primary=true;source=ANALYSIS
instruction	0049889a	FUN_0049889a	00499deb	00499df5	FALL_THROUGH	FUN_0049889a	bytes=C7814C0E000000000000;mnemonic=MOV;instruction=MOV dword ptr [ECX + 0xe4c],0x0;inputs=0x0,ECX,0xe4c;results=;flows=;fallthrough=00499df5
instruction	0049889a	FUN_0049889a	00499df5	00499dfc	FALL_THROUGH	FUN_0049889a	bytes=83BDD0FCFFFF00;mnemonic=CMP;instruction=CMP dword ptr [EBP + 0xfffffcd0],0x0;inputs=0x0,0x1,EBP,0xfffffcd0,0xff;results=CF,PF,ZF,SF,OF;flows=;fallthrough=00499dfc
instruction_reference	0049889a	FUN_0049889a	00499df5	Stack[-0x334]	READ		operand_index=0;primary=true;source=ANALYSIS
instruction	0049889a	FUN_0049889a	00499dfc	00499dfe	CONDITIONAL_JUMP	FUN_0049889a	bytes=741B;mnemonic=JZ;instruction=JZ 0x00499e19;inputs=ZF;results=;flows=00499e19;fallthrough=00499dfe
instruction_reference	0049889a	FUN_0049889a	00499dfc	00499e19	CONDITIONAL_JUMP	LAB_00499e19	operand_index=0;primary=true;source=DEFAULT
instruction	0049889a	FUN_0049889a	00499dfe	00499e05	FALL_THROUGH	FUN_0049889a	bytes=83BDD4FCFFFF00;mnemonic=CMP;instruction=CMP dword ptr [EBP + 0xfffffcd4],0x0;inputs=0x0,0x1,EBP,0xfffffcd4,0xff;results=CF,PF,ZF,SF,OF;flows=;fallthrough=00499e05
instruction_reference	0049889a	FUN_0049889a	00499dfe	Stack[-0x330]	READ		operand_index=0;primary=true;source=ANALYSIS
instruction	0049889a	FUN_0049889a	00499e05	00499e07	CONDITIONAL_JUMP	FUN_0049889a	bytes=7412;mnemonic=JZ;instruction=JZ 0x00499e19;inputs=ZF;results=;flows=00499e19;fallthrough=00499e07
instruction_reference	0049889a	FUN_0049889a	00499e05	00499e19	CONDITIONAL_JUMP	LAB_00499e19	operand_index=0;primary=true;source=DEFAULT
instruction	0049889a	FUN_0049889a	00499e07	00499e0d	FALL_THROUGH	FUN_0049889a	bytes=8B95D0FCFFFF;mnemonic=MOV;instruction=MOV EDX,dword ptr [EBP + 0xfffffcd0];inputs=EBP,0xfffffcd0;results=EDX;flows=;fallthrough=00499e0d
instruction_reference	0049889a	FUN_0049889a	00499e07	Stack[-0x334]	READ		operand_index=1;primary=true;source=ANALYSIS
instruction	0049889a	FUN_0049889a	00499e0d	00499e0e	FALL_THROUGH	FUN_0049889a	bytes=52;mnemonic=PUSH;instruction=PUSH EDX;inputs=ESP,0x4,EDX;results=ESP;flows=;fallthrough=00499e0e
instruction	0049889a	FUN_0049889a	00499e0e	00499e14	FALL_THROUGH	FUN_0049889a	bytes=8B8DD4FCFFFF;mnemonic=MOV;instruction=MOV ECX,dword ptr [EBP + 0xfffffcd4];inputs=EBP,0xfffffcd4;results=ECX;flows=;fallthrough=00499e14
instruction_reference	0049889a	FUN_0049889a	00499e0e	Stack[-0x330]	READ		operand_index=1;primary=true;source=ANALYSIS
instruction	0049889a	FUN_0049889a	00499e14	00499e19	UNCONDITIONAL_CALL	FUN_0049889a	bytes=E81AEFF6FF;mnemonic=CALL;instruction=CALL 0x00408d33;inputs=ESP,0x499e19,0x4;results=ESP;flows=00408d33;fallthrough=00499e19
instruction_reference	0049889a	FUN_0049889a	00499e14	00408d33	UNCONDITIONAL_CALL	FUN_00408d33	operand_index=0;primary=true;source=DEFAULT
instruction	0049889a	FUN_0049889a	00499e19	00499e1e	FALL_THROUGH	FUN_0049889a	bytes=A154E69200;mnemonic=MOV;instruction=MOV EAX,[0x0092e654];inputs=0092e654;results=EAX;flows=;fallthrough=00499e1e
instruction_reference	0049889a	FUN_0049889a	00499e19	0092e654	READ	DAT_0092e654	operand_index=1;primary=true;source=DEFAULT
instruction	0049889a	FUN_0049889a	00499e1e	00499e20	FALL_THROUGH	FUN_0049889a	bytes=8B10;mnemonic=MOV;instruction=MOV EDX,dword ptr [EAX];inputs=EAX;results=EDX;flows=;fallthrough=00499e20
instruction	0049889a	FUN_0049889a	00499e20	00499e26	FALL_THROUGH	FUN_0049889a	bytes=8B0D54E69200;mnemonic=MOV;instruction=MOV ECX,dword ptr [0x0092e654];inputs=0092e654;results=ECX;flows=;fallthrough=00499e26
instruction_reference	0049889a	FUN_0049889a	00499e20	0092e654	READ	DAT_0092e654	operand_index=1;primary=true;source=DEFAULT
instruction	0049889a	FUN_0049889a	00499e26	00499e29	COMPUTED_CALL	FUN_0049889a	bytes=FF5208;mnemonic=CALL;instruction=CALL dword ptr [EDX + 0x8];inputs=ESP,0x499e29,0x4,EDX,0x8;results=ESP;flows=;fallthrough=00499e29
instruction	0049889a	FUN_0049889a	00499e29	00499e2f	FALL_THROUGH	FUN_0049889a	bytes=8B8DCCFCFFFF;mnemonic=MOV;instruction=MOV ECX,dword ptr [EBP + 0xfffffccc];inputs=0xfffffccc,EBP;results=ECX;flows=;fallthrough=00499e2f
instruction_reference	0049889a	FUN_0049889a	00499e29	Stack[-0x338]	READ		operand_index=1;primary=true;source=ANALYSIS
instruction	0049889a	FUN_0049889a	00499e2f	00499e35	FALL_THROUGH	FUN_0049889a	bytes=898164740200;mnemonic=MOV;instruction=MOV dword ptr [ECX + 0x27464],EAX;inputs=EAX,ECX,0x27464;results=;flows=;fallthrough=00499e35
instruction	0049889a	FUN_0049889a	00499e35	00499e3a	FALL_THROUGH	FUN_0049889a	bytes=B801000000;mnemonic=MOV;instruction=MOV EAX,0x1;inputs=0x1;results=EAX;flows=;fallthrough=00499e3a
instruction	0049889a	FUN_0049889a	00499e3a		UNCONDITIONAL_JUMP	FUN_0049889a	bytes=EB4C;mnemonic=JMP;instruction=JMP 0x00499e88;inputs=;results=;flows=00499e88;fallthrough=
instruction_reference	0049889a	FUN_0049889a	00499e3a	00499e88	UNCONDITIONAL_JUMP	LAB_00499e88	operand_index=0;primary=true;source=DEFAULT
instruction	0049889a	FUN_0049889a	00499e3c	00499e42	FALL_THROUGH	FUN_0049889a	bytes=8B9584FCFFFF;mnemonic=MOV;instruction=MOV EDX,dword ptr [EBP + 0xfffffc84];inputs=EBP,0xfffffc84;results=EDX;flows=;fallthrough=00499e42
instruction_reference	0049889a	FUN_0049889a	00499e3c	Stack[-0x380]	READ		operand_index=1;primary=true;source=ANALYSIS
instruction	0049889a	FUN_0049889a	00499e42	00499e46	FALL_THROUGH	FUN_0049889a	bytes=837A2800;mnemonic=CMP;instruction=CMP dword ptr [EDX + 0x28],0x0;inputs=0x0,0x1,EDX,0x28,0xff;results=CF,PF,ZF,SF,OF;flows=;fallthrough=00499e46
instruction	0049889a	FUN_0049889a	00499e46	00499e48	CONDITIONAL_JUMP	FUN_0049889a	bytes=742B;mnemonic=JZ;instruction=JZ 0x00499e73;inputs=ZF;results=;flows=00499e73;fallthrough=00499e48
instruction_reference	0049889a	FUN_0049889a	00499e46	00499e73	CONDITIONAL_JUMP	LAB_00499e73	operand_index=0;primary=true;source=DEFAULT
instruction	0049889a	FUN_0049889a	00499e48	00499e4b	FALL_THROUGH	FUN_0049889a	bytes=8B450C;mnemonic=MOV;instruction=MOV EAX,dword ptr [EBP + 0xc];inputs=EBP,0xc;results=EAX;flows=;fallthrough=00499e4b
instruction_reference	0049889a	FUN_0049889a	00499e48	Stack[0x8]	READ		operand_index=1;primary=true;source=ANALYSIS
instruction	0049889a	FUN_0049889a	00499e4b	00499e4c	FALL_THROUGH	FUN_0049889a	bytes=50;mnemonic=PUSH;instruction=PUSH EAX;inputs=EAX,ESP,0x4;results=ESP;flows=;fallthrough=00499e4c
instruction	0049889a	FUN_0049889a	00499e4c	00499e4f	FALL_THROUGH	FUN_0049889a	bytes=8B4D08;mnemonic=MOV;instruction=MOV ECX,dword ptr [EBP + 0x8];inputs=EBP,0x8;results=ECX;flows=;fallthrough=00499e4f
instruction_reference	0049889a	FUN_0049889a	00499e4c	Stack[0x4]	READ		operand_index=1;primary=true;source=ANALYSIS
instruction	0049889a	FUN_0049889a	00499e4f	00499e50	FALL_THROUGH	FUN_0049889a	bytes=51;mnemonic=PUSH;instruction=PUSH ECX;inputs=ESP,ECX,0x4;results=ESP;flows=;fallthrough=00499e50
instruction	0049889a	FUN_0049889a	00499e50	00499e56	FALL_THROUGH	FUN_0049889a	bytes=8B9584FCFFFF;mnemonic=MOV;instruction=MOV EDX,dword ptr [EBP + 0xfffffc84];inputs=EBP,0xfffffc84;results=EDX;flows=;fallthrough=00499e56
instruction_reference	0049889a	FUN_0049889a	00499e50	Stack[-0x380]	READ		operand_index=1;primary=true;source=ANALYSIS
instruction	0049889a	FUN_0049889a	00499e56	00499e59	FALL_THROUGH	FUN_0049889a	bytes=8B4A28;mnemonic=MOV;instruction=MOV ECX,dword ptr [EDX + 0x28];inputs=EDX,0x28;results=ECX;flows=;fallthrough=00499e59
instruction	0049889a	FUN_0049889a	00499e59	00499e5f	FALL_THROUGH	FUN_0049889a	bytes=8B8584FCFFFF;mnemonic=MOV;instruction=MOV EAX,dword ptr [EBP + 0xfffffc84];inputs=EBP,0xfffffc84;results=EAX;flows=;fallthrough=00499e5f
instruction_reference	0049889a	FUN_0049889a	00499e59	Stack[-0x380]	READ		operand_index=1;primary=true;source=ANALYSIS
instruction	0049889a	FUN_0049889a	00499e5f	00499e62	FALL_THROUGH	FUN_0049889a	bytes=8B5028;mnemonic=MOV;instruction=MOV EDX,dword ptr [EAX + 0x28];inputs=EAX,0x28;results=EDX;flows=;fallthrough=00499e62
instruction	0049889a	FUN_0049889a	00499e62	00499e64	FALL_THROUGH	FUN_0049889a	bytes=8B02;mnemonic=MOV;instruction=MOV EAX,dword ptr [EDX];inputs=EDX;results=EAX;flows=;fallthrough=00499e64
instruction	0049889a	FUN_0049889a	00499e64	00499e67	COMPUTED_CALL	FUN_0049889a	bytes=FF5004;mnemonic=CALL;instruction=CALL dword ptr [EAX + 0x4];inputs=EAX,ESP,0x4,0x499e67;results=ESP;flows=;fallthrough=00499e67
instruction	0049889a	FUN_0049889a	00499e67	00499e6a	FALL_THROUGH	FUN_0049889a	bytes=83F801;mnemonic=CMP;instruction=CMP EAX,0x1;inputs=EAX,0x0,0x1,0xff;results=CF,PF,ZF,SF,OF;flows=;fallthrough=00499e6a
instruction	0049889a	FUN_0049889a	00499e6a	00499e6c	CONDITIONAL_JUMP	FUN_0049889a	bytes=7507;mnemonic=JNZ;instruction=JNZ 0x00499e73;inputs=ZF;results=;flows=00499e73;fallthrough=00499e6c
instruction_reference	0049889a	FUN_0049889a	00499e6a	00499e73	CONDITIONAL_JUMP	LAB_00499e73	operand_index=0;primary=true;source=DEFAULT
instruction	0049889a	FUN_0049889a	00499e6c	00499e71	FALL_THROUGH	FUN_0049889a	bytes=B801000000;mnemonic=MOV;instruction=MOV EAX,0x1;inputs=0x1;results=EAX;flows=;fallthrough=00499e71
instruction	0049889a	FUN_0049889a	00499e71		UNCONDITIONAL_JUMP	FUN_0049889a	bytes=EB15;mnemonic=JMP;instruction=JMP 0x00499e88;inputs=;results=;flows=00499e88;fallthrough=
instruction_reference	0049889a	FUN_0049889a	00499e71	00499e88	UNCONDITIONAL_JUMP	LAB_00499e88	operand_index=0;primary=true;source=DEFAULT
instruction	0049889a	FUN_0049889a	00499e73	00499e76	FALL_THROUGH	FUN_0049889a	bytes=8B4D0C;mnemonic=MOV;instruction=MOV ECX,dword ptr [EBP + 0xc];inputs=EBP,0xc;results=ECX;flows=;fallthrough=00499e76
instruction_reference	0049889a	FUN_0049889a	00499e73	Stack[0x8]	READ		operand_index=1;primary=true;source=ANALYSIS
instruction	0049889a	FUN_0049889a	00499e76	00499e77	FALL_THROUGH	FUN_0049889a	bytes=51;mnemonic=PUSH;instruction=PUSH ECX;inputs=ESP,ECX,0x4;results=ESP;flows=;fallthrough=00499e77
instruction	0049889a	FUN_0049889a	00499e77	00499e7a	FALL_THROUGH	FUN_0049889a	bytes=8B5508;mnemonic=MOV;instruction=MOV EDX,dword ptr [EBP + 0x8];inputs=EBP,0x8;results=EDX;flows=;fallthrough=00499e7a
instruction_reference	0049889a	FUN_0049889a	00499e77	Stack[0x4]	READ		operand_index=1;primary=true;source=ANALYSIS
instruction	0049889a	FUN_0049889a	00499e7a	00499e7b	FALL_THROUGH	FUN_0049889a	bytes=52;mnemonic=PUSH;instruction=PUSH EDX;inputs=ESP,0x4,EDX;results=ESP;flows=;fallthrough=00499e7b
instruction	0049889a	FUN_0049889a	00499e7b	00499e81	FALL_THROUGH	FUN_0049889a	bytes=8B8D84FCFFFF;mnemonic=MOV;instruction=MOV ECX,dword ptr [EBP + 0xfffffc84];inputs=EBP,0xfffffc84;results=ECX;flows=;fallthrough=00499e81
instruction_reference	0049889a	FUN_0049889a	00499e7b	Stack[-0x380]	READ		operand_index=1;primary=true;source=ANALYSIS
instruction	0049889a	FUN_0049889a	00499e81	00499e86	UNCONDITIONAL_CALL	FUN_0049889a	bytes=E8A40C0B00;mnemonic=CALL;instruction=CALL 0x0054ab2a;inputs=ESP,0x4,0x499e86;results=ESP;flows=0054ab2a;fallthrough=00499e86
instruction_reference	0049889a	FUN_0049889a	00499e81	0054ab2a	UNCONDITIONAL_CALL	FUN_0054ab2a	operand_index=0;primary=true;source=DEFAULT
instruction	0049889a	FUN_0049889a	00499e86	00499e88	FALL_THROUGH	FUN_0049889a	bytes=33C0;mnemonic=XOR;instruction=XOR EAX,EAX;inputs=0x0,EAX,0x1,0xff;results=CF,EAX,PF,ZF,SF,OF;flows=;fallthrough=00499e88
instruction	0049889a	FUN_0049889a	00499e88	00499e8b	FALL_THROUGH	FUN_0049889a	bytes=8B4DF4;mnemonic=MOV;instruction=MOV ECX,dword ptr [EBP + -0xc];inputs=EBP,0xfffffff4;results=ECX;flows=;fallthrough=00499e8b
instruction_reference	0049889a	FUN_0049889a	00499e88	Stack[-0x10]	READ		operand_index=1;primary=true;source=ANALYSIS
instruction	0049889a	FUN_0049889a	00499e8b	00499e92	FALL_THROUGH	FUN_0049889a	bytes=64890D00000000;mnemonic=MOV;instruction=MOV dword ptr FS:[0x0],ECX;inputs=FS_OFFSET,0x0,ECX;results=;flows=;fallthrough=00499e92
instruction_reference	0049889a	FUN_0049889a	00499e8b	ffdff000	WRITE	ExceptionList	operand_index=0;primary=true;source=ANALYSIS
instruction	0049889a	FUN_0049889a	00499e92	00499e93	FALL_THROUGH	FUN_0049889a	bytes=5E;mnemonic=POP;instruction=POP ESI;inputs=0x0,ESP,0x4;results=ESP,ESI;flows=;fallthrough=00499e93
instruction	0049889a	FUN_0049889a	00499e93	00499e95	FALL_THROUGH	FUN_0049889a	bytes=8BE5;mnemonic=MOV;instruction=MOV ESP,EBP;inputs=EBP;results=ESP;flows=;fallthrough=00499e95
instruction	0049889a	FUN_0049889a	00499e95	00499e96	FALL_THROUGH	FUN_0049889a	bytes=5D;mnemonic=POP;instruction=POP EBP;inputs=0x0,ESP,0x4;results=ESP,EBP;flows=;fallthrough=00499e96
instruction	0049889a	FUN_0049889a	00499e96		TERMINATOR	FUN_0049889a	bytes=C20800;mnemonic=RET;instruction=RET 0x8;inputs=ESP,0x4,0x8;results=ESP,EIP;flows=;fallthrough=
instruction_search	0049889a	FUN_0049889a	0049889a	0049889a	instructions	FUN_0049889a	instructions=1311;references=705;body_min=0049889a;body_max=00499e98
body_flow_incoming	0049889a	FUN_0049889a	004339ea	0049889a	UNCONDITIONAL_CALL	FUN_004339d8	owner_entry=004339d8;source_block=.text
body_flow_incoming	0049889a	FUN_0049889a	00492e91	0049889a	UNCONDITIONAL_CALL	FUN_00492e7d	owner_entry=00492e7d;source_block=.text
body_flow_incoming	0049889a	FUN_0049889a	004ae3ea	0049889a	UNCONDITIONAL_CALL	FUN_004ae3d6	owner_entry=004ae3d6;source_block=.text
body_data_incoming	0049889a	FUN_0049889a	005a4440	0049889a	DATA		owner_entry=;source_block=.rdata
body_flow_incoming	0049889a	FUN_0049889a	004a62a0	0049889a	UNCONDITIONAL_CALL	FUN_004a626e	owner_entry=004a626e;source_block=.text
entry_boundary	0049889a	FUN_0049889a	00498897	0049889a	TERMINATOR	RET 0x4	fallthrough=
body_search	0049889a	FUN_0049889a		0049889a	body_refs		external_flow_hits=4;external_data_hits=1;switch_table_hits=0;external_other_hits=0;thunk_hits=0;instructions=1311;body_min=0049889a;body_max=00499e98;block=.text;execute=true;initialized=true
