record	entry	name	from	to	type	symbol	value
program					sha256		8aa2f918844bce3afe21f1204f69757a443e32eb2f2f616936b1d9bfe215f593
program					image_base		00400000
pointer_hit	005a4024	PTR_FUN_005a4024	0040e0a3	005a4024	pointer	FUN_0040df9e	.text
pointer_hit	005a4024	PTR_FUN_005a4024	0040e309	005a4024	pointer	FUN_0040e2e6	.text
pointer_search	005a4024	PTR_FUN_005a4024		005a4024	pointer_scan		hits=2
address	005a40b4				data		0040e817
slot_outgoing	005a40b4		005a40b4	0040e817	DATA	FUN_0040e817	
table_slot	005a4024	PTR_FUN_005a4024	005a4024	004218e0	pointer	FUN_004218e0	index=0;offset=0x0;raw=0x004218E0;data=004218e0
table_slot_incoming	005a4024	PTR_FUN_005a4024	0040e0a1	005a4024	DATA	FUN_0040df9e	index=0;offset=0x0;raw=0x004218E0;data=004218e0;owner_entry=0040df9e
table_slot_incoming	005a4024	PTR_FUN_005a4024	0040e307	005a4024	DATA	FUN_0040e2e6	index=0;offset=0x0;raw=0x004218E0;data=004218e0;owner_entry=0040e2e6
table_slot_outgoing	005a4024	PTR_FUN_005a4024	005a4024	004218e0	DATA	FUN_004218e0	index=0;offset=0x0;raw=0x004218E0;data=004218e0
table_slot	005a4024	PTR_FUN_005a4024	005a4028	0040bfa0	pointer	FUN_0040bfa0	index=1;offset=0x4;raw=0x0040BFA0;data=0040bfa0
table_slot_outgoing	005a4024	PTR_FUN_005a4024	005a4028	0040bfa0	DATA	FUN_0040bfa0	index=1;offset=0x4;raw=0x0040BFA0;data=0040bfa0
table_slot	005a4024	PTR_FUN_005a4024	005a402c	004209fc	pointer	FUN_004209fc	index=2;offset=0x8;raw=0x004209FC;data=004209fc
table_slot_outgoing	005a4024	PTR_FUN_005a4024	005a402c	004209fc	DATA	FUN_004209fc	index=2;offset=0x8;raw=0x004209FC;data=004209fc
table_slot	005a4024	PTR_FUN_005a4024	005a4030	004107c1	pointer	FUN_004107c1	index=3;offset=0xC;raw=0x004107C1;data=004107c1
table_slot_outgoing	005a4024	PTR_FUN_005a4024	005a4030	004107c1	DATA	FUN_004107c1	index=3;offset=0xC;raw=0x004107C1;data=004107c1
table_slot	005a4024	PTR_FUN_005a4024	005a4034	0040bfb0	pointer	FUN_0040bfb0	index=4;offset=0x10;raw=0x0040BFB0;data=0040bfb0
table_slot_outgoing	005a4024	PTR_FUN_005a4024	005a4034	0040bfb0	DATA	FUN_0040bfb0	index=4;offset=0x10;raw=0x0040BFB0;data=0040bfb0
table_slot	005a4024	PTR_FUN_005a4024	005a4038	0040bfa0	pointer	FUN_0040bfa0	index=5;offset=0x14;raw=0x0040BFA0;data=0040bfa0
table_slot_outgoing	005a4024	PTR_FUN_005a4024	005a4038	0040bfa0	DATA	FUN_0040bfa0	index=5;offset=0x14;raw=0x0040BFA0;data=0040bfa0
table_slot	005a4024	PTR_FUN_005a4024	005a403c	0054ab75	pointer	FUN_0054ab75	index=6;offset=0x18;raw=0x0054AB75;data=0054ab75
table_slot_outgoing	005a4024	PTR_FUN_005a4024	005a403c	0054ab75	DATA	FUN_0054ab75	index=6;offset=0x18;raw=0x0054AB75;data=0054ab75
table_slot	005a4024	PTR_FUN_005a4024	005a4040	0054ab84	pointer	FUN_0054ab84	index=7;offset=0x1C;raw=0x0054AB84;data=0054ab84
table_slot_outgoing	005a4024	PTR_FUN_005a4024	005a4040	0054ab84	DATA	FUN_0054ab84	index=7;offset=0x1C;raw=0x0054AB84;data=0054ab84
table_slot	005a4024	PTR_FUN_005a4024	005a4044	0054ab93	pointer	FUN_0054ab93	index=8;offset=0x20;raw=0x0054AB93;data=0054ab93
table_slot_outgoing	005a4024	PTR_FUN_005a4024	005a4044	0054ab93	DATA	FUN_0054ab93	index=8;offset=0x20;raw=0x0054AB93;data=0054ab93
table_slot	005a4024	PTR_FUN_005a4024	005a4048	0054aba5	pointer	FUN_0054aba5	index=9;offset=0x24;raw=0x0054ABA5;data=0054aba5
table_slot_outgoing	005a4024	PTR_FUN_005a4024	005a4048	0054aba5	DATA	FUN_0054aba5	index=9;offset=0x24;raw=0x0054ABA5;data=0054aba5
table_slot	005a4024	PTR_FUN_005a4024	005a404c	0054abb5	pointer	FUN_0054abb5	index=10;offset=0x28;raw=0x0054ABB5;data=0054abb5
table_slot_outgoing	005a4024	PTR_FUN_005a4024	005a404c	0054abb5	DATA	FUN_0054abb5	index=10;offset=0x28;raw=0x0054ABB5;data=0054abb5
table_slot	005a4024	PTR_FUN_005a4024	005a4050	0054abc0	pointer	FUN_0054abc0	index=11;offset=0x2C;raw=0x0054ABC0;data=0054abc0
table_slot_outgoing	005a4024	PTR_FUN_005a4024	005a4050	0054abc0	DATA	FUN_0054abc0	index=11;offset=0x2C;raw=0x0054ABC0;data=0054abc0
table_slot	005a4024	PTR_FUN_005a4024	005a4054	0054abd6	pointer	FUN_0054abd6	index=12;offset=0x30;raw=0x0054ABD6;data=0054abd6
table_slot_outgoing	005a4024	PTR_FUN_005a4024	005a4054	0054abd6	DATA	FUN_0054abd6	index=12;offset=0x30;raw=0x0054ABD6;data=0054abd6
table_slot	005a4024	PTR_FUN_005a4024	005a4058	0054abcb	pointer	FUN_0054abcb	index=13;offset=0x34;raw=0x0054ABCB;data=0054abcb
table_slot_outgoing	005a4024	PTR_FUN_005a4024	005a4058	0054abcb	DATA	FUN_0054abcb	index=13;offset=0x34;raw=0x0054ABCB;data=0054abcb
table_slot	005a4024	PTR_FUN_005a4024	005a405c	0040bfc0	pointer	FUN_0040bfc0	index=14;offset=0x38;raw=0x0040BFC0;data=0040bfc0
table_slot_outgoing	005a4024	PTR_FUN_005a4024	005a405c	0040bfc0	DATA	FUN_0040bfc0	index=14;offset=0x38;raw=0x0040BFC0;data=0040bfc0
table_slot	005a4024	PTR_FUN_005a4024	005a4060	0040bfb0	pointer	FUN_0040bfb0	index=15;offset=0x3C;raw=0x0040BFB0;data=0040bfb0
table_slot_outgoing	005a4024	PTR_FUN_005a4024	005a4060	0040bfb0	DATA	FUN_0040bfb0	index=15;offset=0x3C;raw=0x0040BFB0;data=0040bfb0
table_slot	005a4024	PTR_FUN_005a4024	005a4064	0040bfc0	pointer	FUN_0040bfc0	index=16;offset=0x40;raw=0x0040BFC0;data=0040bfc0
table_slot_outgoing	005a4024	PTR_FUN_005a4024	005a4064	0040bfc0	DATA	FUN_0040bfc0	index=16;offset=0x40;raw=0x0040BFC0;data=0040bfc0
table_slot	005a4024	PTR_FUN_005a4024	005a4068	0040bfd0	pointer	FUN_0040bfd0	index=17;offset=0x44;raw=0x0040BFD0;data=0040bfd0
table_slot_outgoing	005a4024	PTR_FUN_005a4024	005a4068	0040bfd0	DATA	FUN_0040bfd0	index=17;offset=0x44;raw=0x0040BFD0;data=0040bfd0
table_slot	005a4024	PTR_FUN_005a4024	005a406c	0040bff0	pointer	FUN_0040bff0	index=18;offset=0x48;raw=0x0040BFF0;data=0040bff0
table_slot_outgoing	005a4024	PTR_FUN_005a4024	005a406c	0040bff0	DATA	FUN_0040bff0	index=18;offset=0x48;raw=0x0040BFF0;data=0040bff0
table_slot	005a4024	PTR_FUN_005a4024	005a4070	0040c010	pointer	FUN_0040c010	index=19;offset=0x4C;raw=0x0040C010;data=0040c010
table_slot_outgoing	005a4024	PTR_FUN_005a4024	005a4070	0040c010	DATA	FUN_0040c010	index=19;offset=0x4C;raw=0x0040C010;data=0040c010
table_slot	005a4024	PTR_FUN_005a4024	005a4074	0040c030	pointer	FUN_0040c030	index=20;offset=0x50;raw=0x0040C030;data=0040c030
table_slot_outgoing	005a4024	PTR_FUN_005a4024	005a4074	0040c030	DATA	FUN_0040c030	index=20;offset=0x50;raw=0x0040C030;data=0040c030
table_slot	005a4024	PTR_FUN_005a4024	005a4078	0040c050	pointer	FUN_0040c050	index=21;offset=0x54;raw=0x0040C050;data=0040c050
table_slot_outgoing	005a4024	PTR_FUN_005a4024	005a4078	0040c050	DATA	FUN_0040c050	index=21;offset=0x54;raw=0x0040C050;data=0040c050
table_slot	005a4024	PTR_FUN_005a4024	005a407c	0040fc3e	pointer	FUN_0040fc3e	index=22;offset=0x58;raw=0x0040FC3E;data=0040fc3e
table_slot_outgoing	005a4024	PTR_FUN_005a4024	005a407c	0040fc3e	DATA	FUN_0040fc3e	index=22;offset=0x58;raw=0x0040FC3E;data=0040fc3e
table_slot	005a4024	PTR_FUN_005a4024	005a4080	0040c070	pointer	FUN_0040c070	index=23;offset=0x5C;raw=0x0040C070;data=0040c070
table_slot_outgoing	005a4024	PTR_FUN_005a4024	005a4080	0040c070	DATA	FUN_0040c070	index=23;offset=0x5C;raw=0x0040C070;data=0040c070
table_slot	005a4024	PTR_FUN_005a4024	005a4084	004015dd	pointer	FUN_004015dd	index=24;offset=0x60;raw=0x004015DD;data=004015dd
table_slot_outgoing	005a4024	PTR_FUN_005a4024	005a4084	004015dd	DATA	FUN_004015dd	index=24;offset=0x60;raw=0x004015DD;data=004015dd
table_slot	005a4024	PTR_FUN_005a4024	005a4088	0040c0b0	pointer	FUN_0040c0b0	index=25;offset=0x64;raw=0x0040C0B0;data=0040c0b0
table_slot_outgoing	005a4024	PTR_FUN_005a4024	005a4088	0040c0b0	DATA	FUN_0040c0b0	index=25;offset=0x64;raw=0x0040C0B0;data=0040c0b0
table_slot	005a4024	PTR_FUN_005a4024	005a408c	0040c0d0	pointer	FUN_0040c0d0	index=26;offset=0x68;raw=0x0040C0D0;data=0040c0d0
table_slot_outgoing	005a4024	PTR_FUN_005a4024	005a408c	0040c0d0	DATA	FUN_0040c0d0	index=26;offset=0x68;raw=0x0040C0D0;data=0040c0d0
table_slot	005a4024	PTR_FUN_005a4024	005a4090	00401459	pointer	FUN_00401459	index=27;offset=0x6C;raw=0x00401459;data=00401459
table_slot_outgoing	005a4024	PTR_FUN_005a4024	005a4090	00401459	DATA	FUN_00401459	index=27;offset=0x6C;raw=0x00401459;data=00401459
table_slot	005a4024	PTR_FUN_005a4024	005a4094	00401224	pointer	FUN_00401224	index=28;offset=0x70;raw=0x00401224;data=00401224
table_slot_outgoing	005a4024	PTR_FUN_005a4024	005a4094	00401224	DATA	FUN_00401224	index=28;offset=0x70;raw=0x00401224;data=00401224
table_slot	005a4024	PTR_FUN_005a4024	005a4098	00401275	pointer	FUN_00401275	index=29;offset=0x74;raw=0x00401275;data=00401275
table_slot_outgoing	005a4024	PTR_FUN_005a4024	005a4098	00401275	DATA	FUN_00401275	index=29;offset=0x74;raw=0x00401275;data=00401275
table_slot	005a4024	PTR_FUN_005a4024	005a409c	0040c140	pointer	FUN_0040c140	index=30;offset=0x78;raw=0x0040C140;data=0040c140
table_slot_outgoing	005a4024	PTR_FUN_005a4024	005a409c	0040c140	DATA	FUN_0040c140	index=30;offset=0x78;raw=0x0040C140;data=0040c140
table_slot	005a4024	PTR_FUN_005a4024	005a40a0	0040116e	pointer	FUN_0040116e	index=31;offset=0x7C;raw=0x0040116E;data=0040116e
table_slot_outgoing	005a4024	PTR_FUN_005a4024	005a40a0	0040116e	DATA	FUN_0040116e	index=31;offset=0x7C;raw=0x0040116E;data=0040116e
table_slot	005a4024	PTR_FUN_005a4024	005a40a4	004015c4	pointer	FUN_004015c4	index=32;offset=0x80;raw=0x004015C4;data=004015c4
table_slot_outgoing	005a4024	PTR_FUN_005a4024	005a40a4	004015c4	DATA	FUN_004015c4	index=32;offset=0x80;raw=0x004015C4;data=004015c4
table_slot	005a4024	PTR_FUN_005a4024	005a40a8	0040c190	pointer	FUN_0040c190	index=33;offset=0x84;raw=0x0040C190;data=0040c190
table_slot_outgoing	005a4024	PTR_FUN_005a4024	005a40a8	0040c190	DATA	FUN_0040c190	index=33;offset=0x84;raw=0x0040C190;data=0040c190
table_slot	005a4024	PTR_FUN_005a4024	005a40ac	0040e604	pointer	FUN_0040e604	index=34;offset=0x88;raw=0x0040E604;data=0040e604
table_slot_outgoing	005a4024	PTR_FUN_005a4024	005a40ac	0040e604	DATA	FUN_0040e604	index=34;offset=0x88;raw=0x0040E604;data=0040e604
table_slot	005a4024	PTR_FUN_005a4024	005a40b0	0040e6aa	pointer	FUN_0040e6aa	index=35;offset=0x8C;raw=0x0040E6AA;data=0040e6aa
table_slot_outgoing	005a4024	PTR_FUN_005a4024	005a40b0	0040e6aa	DATA	FUN_0040e6aa	index=35;offset=0x8C;raw=0x0040E6AA;data=0040e6aa
table_slot	005a4024	PTR_FUN_005a4024	005a40b4	0040e817	pointer	FUN_0040e817	index=36;offset=0x90;raw=0x0040E817;data=0040e817
table_slot_outgoing	005a4024	PTR_FUN_005a4024	005a40b4	0040e817	DATA	FUN_0040e817	index=36;offset=0x90;raw=0x0040E817;data=0040e817
table_slot	005a4024	PTR_FUN_005a4024	005a40b8	0040e974	pointer	FUN_0040e974	index=37;offset=0x94;raw=0x0040E974;data=0040e974
table_slot_outgoing	005a4024	PTR_FUN_005a4024	005a40b8	0040e974	DATA	FUN_0040e974	index=37;offset=0x94;raw=0x0040E974;data=0040e974
table_slot	005a4024	PTR_FUN_005a4024	005a40bc	0040ea37	pointer	FUN_0040ea37	index=38;offset=0x98;raw=0x0040EA37;data=0040ea37
table_slot_outgoing	005a4024	PTR_FUN_005a4024	005a40bc	0040ea37	DATA	FUN_0040ea37	index=38;offset=0x98;raw=0x0040EA37;data=0040ea37
table_slot	005a4024	PTR_FUN_005a4024	005a40c0	0040ede0	pointer	FUN_0040ede0	index=39;offset=0x9C;raw=0x0040EDE0;data=0040ede0
table_slot_outgoing	005a4024	PTR_FUN_005a4024	005a40c0	0040ede0	DATA	FUN_0040ede0	index=39;offset=0x9C;raw=0x0040EDE0;data=0040ede0
table_slot	005a4024	PTR_FUN_005a4024	005a40c4	0040f717	pointer	FUN_0040f717	index=40;offset=0xA0;raw=0x0040F717;data=0040f717
table_slot_outgoing	005a4024	PTR_FUN_005a4024	005a40c4	0040f717	DATA	FUN_0040f717	index=40;offset=0xA0;raw=0x0040F717;data=0040f717
table_slot	005a4024	PTR_FUN_005a4024	005a40c8	0040f3a3	pointer	FUN_0040f3a3	index=41;offset=0xA4;raw=0x0040F3A3;data=0040f3a3
table_slot_outgoing	005a4024	PTR_FUN_005a4024	005a40c8	0040f3a3	DATA	FUN_0040f3a3	index=41;offset=0xA4;raw=0x0040F3A3;data=0040f3a3
table_slot	005a4024	PTR_FUN_005a4024	005a40cc	0040f55d	pointer	FUN_0040f55d	index=42;offset=0xA8;raw=0x0040F55D;data=0040f55d
table_slot_outgoing	005a4024	PTR_FUN_005a4024	005a40cc	0040f55d	DATA	FUN_0040f55d	index=42;offset=0xA8;raw=0x0040F55D;data=0040f55d
table_slot	005a4024	PTR_FUN_005a4024	005a40d0	0040f78d	pointer	FUN_0040f78d	index=43;offset=0xAC;raw=0x0040F78D;data=0040f78d
table_slot_outgoing	005a4024	PTR_FUN_005a4024	005a40d0	0040f78d	DATA	FUN_0040f78d	index=43;offset=0xAC;raw=0x0040F78D;data=0040f78d
table_slot	005a4024	PTR_FUN_005a4024	005a40d4	0040e5ea	pointer	FUN_0040e5ea	index=44;offset=0xB0;raw=0x0040E5EA;data=0040e5ea
table_slot_outgoing	005a4024	PTR_FUN_005a4024	005a40d4	0040e5ea	DATA	FUN_0040e5ea	index=44;offset=0xB0;raw=0x0040E5EA;data=0040e5ea
table_slot	005a4024	PTR_FUN_005a4024	005a40d8	0040f92c	pointer	FUN_0040f92c	index=45;offset=0xB4;raw=0x0040F92C;data=0040f92c
table_slot_outgoing	005a4024	PTR_FUN_005a4024	005a40d8	0040f92c	DATA	FUN_0040f92c	index=45;offset=0xB4;raw=0x0040F92C;data=0040f92c
table_slot	005a4024	PTR_FUN_005a4024	005a40dc	0040fab5	pointer	FUN_0040fab5	index=46;offset=0xB8;raw=0x0040FAB5;data=0040fab5
table_slot_outgoing	005a4024	PTR_FUN_005a4024	005a40dc	0040fab5	DATA	FUN_0040fab5	index=46;offset=0xB8;raw=0x0040FAB5;data=0040fab5
table_slot	005a4024	PTR_FUN_005a4024	005a40e0	0040e4ee	pointer	FUN_0040e4ee	index=47;offset=0xBC;raw=0x0040E4EE;data=0040e4ee
table_slot_outgoing	005a4024	PTR_FUN_005a4024	005a40e0	0040e4ee	DATA	FUN_0040e4ee	index=47;offset=0xBC;raw=0x0040E4EE;data=0040e4ee
table_slot	005a4024	PTR_FUN_005a4024	005a40e4	0042175b	pointer	FUN_0042175b	index=48;offset=0xC0;raw=0x0042175B;data=0042175b
table_slot_outgoing	005a4024	PTR_FUN_005a4024	005a40e4	0042175b	DATA	FUN_0042175b	index=48;offset=0xC0;raw=0x0042175B;data=0042175b
table_slot	005a4024	PTR_FUN_005a4024	005a40e8	00421796	pointer	FUN_00421796	index=49;offset=0xC4;raw=0x00421796;data=00421796
table_slot_outgoing	005a4024	PTR_FUN_005a4024	005a40e8	00421796	DATA	FUN_00421796	index=49;offset=0xC4;raw=0x00421796;data=00421796
table_search	005a4024	PTR_FUN_005a4024	005a4024		table		requested_slots=50;slots_read=50;errors=0;slot_bytes=4
virtual_slot_hit	0x90	FUN_0040656c	00406654	0040665a	COMPUTED_CALL	FUN_0040656c	owner_entry=0040656c;bytes=FF9290000000;mnemonic=CALL;instruction=CALL dword ptr [EDX + 0x90];operand_index=0;operand=dword ptr [EDX + 0x90];objects=EDX,0x90;registers=EDX;scalars=0x90;slot=0x90;inputs=0x90,ESP,0x4,EDX,0x40665a;results=ESP;flows=;fallthrough=0040665a
virtual_slot_hit	0x90	FUN_00406bd7	00406c24	00406c2a	COMPUTED_CALL	FUN_00406bd7	owner_entry=00406bd7;bytes=FF9290000000;mnemonic=CALL;instruction=CALL dword ptr [EDX + 0x90];operand_index=0;operand=dword ptr [EDX + 0x90];objects=EDX,0x90;registers=EDX;scalars=0x90;slot=0x90;inputs=0x90,ESP,0x4,EDX,0x406c2a;results=ESP;flows=;fallthrough=00406c2a
virtual_slot_hit	0x90	FUN_00409563	00409687	0040968d	COMPUTED_CALL	FUN_00409563	owner_entry=00409563;bytes=FF9290000000;mnemonic=CALL;instruction=CALL dword ptr [EDX + 0x90];operand_index=0;operand=dword ptr [EDX + 0x90];objects=EDX,0x90;registers=EDX;scalars=0x90;slot=0x90;inputs=0x90,ESP,0x4,EDX,0x40968d;results=ESP;flows=;fallthrough=0040968d
virtual_slot_hit	0x90	FUN_00409563	0040973a	00409740	COMPUTED_CALL	FUN_00409563	owner_entry=00409563;bytes=FF9290000000;mnemonic=CALL;instruction=CALL dword ptr [EDX + 0x90];operand_index=0;operand=dword ptr [EDX + 0x90];objects=EDX,0x90;registers=EDX;scalars=0x90;slot=0x90;inputs=0x90,ESP,0x409740,0x4,EDX;results=ESP;flows=;fallthrough=00409740
virtual_slot_hit	0x90	FUN_00409563	00409768	0040976e	COMPUTED_CALL	FUN_00409563	owner_entry=00409563;bytes=FF9290000000;mnemonic=CALL;instruction=CALL dword ptr [EDX + 0x90];operand_index=0;operand=dword ptr [EDX + 0x90];objects=EDX,0x90;registers=EDX;scalars=0x90;slot=0x90;inputs=0x90,ESP,0x4,EDX,0x40976e;results=ESP;flows=;fallthrough=0040976e
virtual_slot_hit	0x90	FUN_00410a91	00410e93	00410e99	COMPUTED_CALL	FUN_00410a91	owner_entry=00410a91;bytes=FF9290000000;mnemonic=CALL;instruction=CALL dword ptr [EDX + 0x90];operand_index=0;operand=dword ptr [EDX + 0x90];objects=EDX,0x90;registers=EDX;scalars=0x90;slot=0x90;inputs=0x90,ESP,0x4,EDX,0x410e99;results=ESP;flows=;fallthrough=00410e99
virtual_slot_hit	0x90	FUN_00410a91	00410eb2	00410eb8	COMPUTED_CALL	FUN_00410a91	owner_entry=00410a91;bytes=FF9290000000;mnemonic=CALL;instruction=CALL dword ptr [EDX + 0x90];operand_index=0;operand=dword ptr [EDX + 0x90];objects=EDX,0x90;registers=EDX;scalars=0x90;slot=0x90;inputs=0x90,ESP,0x4,EDX,0x410eb8;results=ESP;flows=;fallthrough=00410eb8
virtual_slot_hit	0x90	FUN_00410a91	00410ed1	00410ed7	COMPUTED_CALL	FUN_00410a91	owner_entry=00410a91;bytes=FF9290000000;mnemonic=CALL;instruction=CALL dword ptr [EDX + 0x90];operand_index=0;operand=dword ptr [EDX + 0x90];objects=EDX,0x90;registers=EDX;scalars=0x90;slot=0x90;inputs=0x90,ESP,0x4,0x410ed7,EDX;results=ESP;flows=;fallthrough=00410ed7
virtual_slot_hit	0x90	FUN_004110f5	004116c3	004116c9	COMPUTED_CALL	FUN_004110f5	owner_entry=004110f5;bytes=FF9290000000;mnemonic=CALL;instruction=CALL dword ptr [EDX + 0x90];operand_index=0;operand=dword ptr [EDX + 0x90];objects=EDX,0x90;registers=EDX;scalars=0x90;slot=0x90;inputs=0x90,ESP,0x4,EDX,0x4116c9;results=ESP;flows=;fallthrough=004116c9
virtual_slot_hit	0x90	FUN_00418828	0041884a	00418850	COMPUTED_CALL	FUN_00418828	owner_entry=00418828;bytes=FF9290000000;mnemonic=CALL;instruction=CALL dword ptr [EDX + 0x90];operand_index=0;operand=dword ptr [EDX + 0x90];objects=EDX,0x90;registers=EDX;scalars=0x90;slot=0x90;inputs=0x90,ESP,0x418850,0x4,EDX;results=ESP;flows=;fallthrough=00418850
virtual_slot_hit	0x90	FUN_00418828	0041e71a	0041e720	COMPUTED_CALL	FUN_00418828	owner_entry=00418828;bytes=FF9290000000;mnemonic=CALL;instruction=CALL dword ptr [EDX + 0x90];operand_index=0;operand=dword ptr [EDX + 0x90];objects=EDX,0x90;registers=EDX;scalars=0x90;slot=0x90;inputs=0x90,ESP,0x41e720,0x4,EDX;results=ESP;flows=;fallthrough=0041e720
virtual_slot_hit	0x90	FUN_0041ef0f	0041ef67	0041ef6d	COMPUTED_CALL	FUN_0041ef0f	owner_entry=0041ef0f;bytes=FF9290000000;mnemonic=CALL;instruction=CALL dword ptr [EDX + 0x90];operand_index=0;operand=dword ptr [EDX + 0x90];objects=EDX,0x90;registers=EDX;scalars=0x90;slot=0x90;inputs=0x90,ESP,0x4,EDX,0x41ef6d;results=ESP;flows=;fallthrough=0041ef6d
virtual_slot_hit	0x90	FUN_0041ef0f	0041f4a6	0041f4ac	COMPUTED_CALL	FUN_0041ef0f	owner_entry=0041ef0f;bytes=FF9290000000;mnemonic=CALL;instruction=CALL dword ptr [EDX + 0x90];operand_index=0;operand=dword ptr [EDX + 0x90];objects=EDX,0x90;registers=EDX;scalars=0x90;slot=0x90;inputs=0x90,ESP,0x4,EDX,0x41f4ac;results=ESP;flows=;fallthrough=0041f4ac
virtual_slot_hit	0x90	FUN_0041ef0f	0041f4f5	0041f4fb	COMPUTED_CALL	FUN_0041ef0f	owner_entry=0041ef0f;bytes=FF9290000000;mnemonic=CALL;instruction=CALL dword ptr [EDX + 0x90];operand_index=0;operand=dword ptr [EDX + 0x90];objects=EDX,0x90;registers=EDX;scalars=0x90;slot=0x90;inputs=0x90,ESP,0x4,EDX,0x41f4fb;results=ESP;flows=;fallthrough=0041f4fb
virtual_slot_hit	0x90	FUN_004209fc	00420c1b	00420c21	COMPUTED_CALL	FUN_004209fc	owner_entry=004209fc;bytes=FF9290000000;mnemonic=CALL;instruction=CALL dword ptr [EDX + 0x90];operand_index=0;operand=dword ptr [EDX + 0x90];objects=EDX,0x90;registers=EDX;scalars=0x90;slot=0x90;inputs=0x90,ESP,0x420c21,0x4,EDX;results=ESP;flows=;fallthrough=00420c21
virtual_slot_hit	0x90	FUN_004209fc	00420db0	00420db6	COMPUTED_CALL	FUN_004209fc	owner_entry=004209fc;bytes=FF9090000000;mnemonic=CALL;instruction=CALL dword ptr [EAX + 0x90];operand_index=0;operand=dword ptr [EAX + 0x90];objects=EAX,0x90;registers=EAX;scalars=0x90;slot=0x90;inputs=EAX,0x90,ESP,0x4,0x420db6;results=ESP;flows=;fallthrough=00420db6
virtual_slot_hit	0x90	FUN_004209fc	00420e84	00420e8a	COMPUTED_CALL	FUN_004209fc	owner_entry=004209fc;bytes=FF9090000000;mnemonic=CALL;instruction=CALL dword ptr [EAX + 0x90];operand_index=0;operand=dword ptr [EAX + 0x90];objects=EAX,0x90;registers=EAX;scalars=0x90;slot=0x90;inputs=EAX,0x90,ESP,0x4,0x420e8a;results=ESP;flows=;fallthrough=00420e8a
virtual_slot_hit	0x90	FUN_004209fc	00420f26	00420f2c	COMPUTED_CALL	FUN_004209fc	owner_entry=004209fc;bytes=FF9290000000;mnemonic=CALL;instruction=CALL dword ptr [EDX + 0x90];operand_index=0;operand=dword ptr [EDX + 0x90];objects=EDX,0x90;registers=EDX;scalars=0x90;slot=0x90;inputs=0x90,ESP,0x4,EDX,0x420f2c;results=ESP;flows=;fallthrough=00420f2c
virtual_slot_hit	0x90	FUN_004209fc	00420ff6	00420ffc	COMPUTED_CALL	FUN_004209fc	owner_entry=004209fc;bytes=FF9290000000;mnemonic=CALL;instruction=CALL dword ptr [EDX + 0x90];operand_index=0;operand=dword ptr [EDX + 0x90];objects=EDX,0x90;registers=EDX;scalars=0x90;slot=0x90;inputs=0x90,ESP,0x4,EDX,0x420ffc;results=ESP;flows=;fallthrough=00420ffc
virtual_slot_hit	0x90	FUN_0042d792	0042d887	0042d88d	COMPUTED_CALL	FUN_0042d792	owner_entry=0042d792;bytes=FF9090000000;mnemonic=CALL;instruction=CALL dword ptr [EAX + 0x90];operand_index=0;operand=dword ptr [EAX + 0x90];objects=EAX,0x90;registers=EAX;scalars=0x90;slot=0x90;inputs=EAX,0x90,ESP,0x4,0x42d88d;results=ESP;flows=;fallthrough=0042d88d
virtual_slot_hit	0x90	FUN_00431b5d	00431c15	00431c1b	COMPUTED_CALL	FUN_00431b5d	owner_entry=00431b5d;bytes=FF9190000000;mnemonic=CALL;instruction=CALL dword ptr [ECX + 0x90];operand_index=0;operand=dword ptr [ECX + 0x90];objects=ECX,0x90;registers=ECX;scalars=0x90;slot=0x90;inputs=0x90,ESP,ECX,0x4,0x431c1b;results=ESP;flows=;fallthrough=00431c1b
virtual_slot_hit	0x90	FUN_00447594	004475ef	004475f5	COMPUTED_CALL	FUN_00447594	owner_entry=00447594;bytes=FF9290000000;mnemonic=CALL;instruction=CALL dword ptr [EDX + 0x90];operand_index=0;operand=dword ptr [EDX + 0x90];objects=EDX,0x90;registers=EDX;scalars=0x90;slot=0x90;inputs=0x90,ESP,0x4475f5,0x4,EDX;results=ESP;flows=;fallthrough=004475f5
virtual_slot_hit	0x90	FUN_00454763	0045588a	00455890	COMPUTED_CALL	FUN_00454763	owner_entry=00454763;bytes=FF9090000000;mnemonic=CALL;instruction=CALL dword ptr [EAX + 0x90];operand_index=0;operand=dword ptr [EAX + 0x90];objects=EAX,0x90;registers=EAX;scalars=0x90;slot=0x90;inputs=EAX,0x90,ESP,0x4,0x455890;results=ESP;flows=;fallthrough=00455890
virtual_slot_hit	0x90	FUN_004625da	00462daf	00462db5	COMPUTED_CALL	FUN_004625da	owner_entry=004625da;bytes=FF9290000000;mnemonic=CALL;instruction=CALL dword ptr [EDX + 0x90];operand_index=0;operand=dword ptr [EDX + 0x90];objects=EDX,0x90;registers=EDX;scalars=0x90;slot=0x90;inputs=0x90,ESP,0x462db5,0x4,EDX;results=ESP;flows=;fallthrough=00462db5
virtual_slot_hit	0x90	FUN_004662c5	00467374	0046737a	COMPUTED_CALL	FUN_004662c5	owner_entry=004662c5;bytes=FF9290000000;mnemonic=CALL;instruction=CALL dword ptr [EDX + 0x90];operand_index=0;operand=dword ptr [EDX + 0x90];objects=EDX,0x90;registers=EDX;scalars=0x90;slot=0x90;inputs=0x90,ESP,0x4,EDX,0x46737a;results=ESP;flows=;fallthrough=0046737a
virtual_slot_hit	0x90	FUN_004662c5	00467539	0046753f	COMPUTED_CALL	FUN_004662c5	owner_entry=004662c5;bytes=FF9290000000;mnemonic=CALL;instruction=CALL dword ptr [EDX + 0x90];operand_index=0;operand=dword ptr [EDX + 0x90];objects=EDX,0x90;registers=EDX;scalars=0x90;slot=0x90;inputs=0x90,ESP,0x4,EDX,0x46753f;results=ESP;flows=;fallthrough=0046753f
virtual_slot_hit	0x90	FUN_004662c5	004675bd	004675c3	COMPUTED_CALL	FUN_004662c5	owner_entry=004662c5;bytes=FF9290000000;mnemonic=CALL;instruction=CALL dword ptr [EDX + 0x90];operand_index=0;operand=dword ptr [EDX + 0x90];objects=EDX,0x90;registers=EDX;scalars=0x90;slot=0x90;inputs=0x90,ESP,0x4,0x4675c3,EDX;results=ESP;flows=;fallthrough=004675c3
virtual_slot_hit	0x90	FUN_004662c5	00467639	0046763f	COMPUTED_CALL	FUN_004662c5	owner_entry=004662c5;bytes=FF9290000000;mnemonic=CALL;instruction=CALL dword ptr [EDX + 0x90];operand_index=0;operand=dword ptr [EDX + 0x90];objects=EDX,0x90;registers=EDX;scalars=0x90;slot=0x90;inputs=0x90,ESP,0x4,EDX,0x46763f;results=ESP;flows=;fallthrough=0046763f
virtual_slot_hit	0x90	FUN_004662c5	0046773b	00467741	COMPUTED_CALL	FUN_004662c5	owner_entry=004662c5;bytes=FF9290000000;mnemonic=CALL;instruction=CALL dword ptr [EDX + 0x90];operand_index=0;operand=dword ptr [EDX + 0x90];objects=EDX,0x90;registers=EDX;scalars=0x90;slot=0x90;inputs=0x90,ESP,0x4,0x467741,EDX;results=ESP;flows=;fallthrough=00467741
virtual_slot_hit	0x90	FUN_004662c5	004677da	004677e0	COMPUTED_CALL	FUN_004662c5	owner_entry=004662c5;bytes=FF9290000000;mnemonic=CALL;instruction=CALL dword ptr [EDX + 0x90];operand_index=0;operand=dword ptr [EDX + 0x90];objects=EDX,0x90;registers=EDX;scalars=0x90;slot=0x90;inputs=0x90,ESP,0x4,0x4677e0,EDX;results=ESP;flows=;fallthrough=004677e0
virtual_slot_hit	0x90	FUN_004662c5	004679ef	004679f5	COMPUTED_CALL	FUN_004662c5	owner_entry=004662c5;bytes=FF9290000000;mnemonic=CALL;instruction=CALL dword ptr [EDX + 0x90];operand_index=0;operand=dword ptr [EDX + 0x90];objects=EDX,0x90;registers=EDX;scalars=0x90;slot=0x90;inputs=0x90,ESP,0x4679f5,0x4,EDX;results=ESP;flows=;fallthrough=004679f5
virtual_slot_hit	0x90	FUN_004662c5	00467bae	00467bb4	COMPUTED_CALL	FUN_004662c5	owner_entry=004662c5;bytes=FF9090000000;mnemonic=CALL;instruction=CALL dword ptr [EAX + 0x90];operand_index=0;operand=dword ptr [EAX + 0x90];objects=EAX,0x90;registers=EAX;scalars=0x90;slot=0x90;inputs=EAX,0x90,ESP,0x467bb4,0x4;results=ESP;flows=;fallthrough=00467bb4
virtual_slot_hit	0x90	FUN_004662c5	00467dc7	00467dcd	COMPUTED_CALL	FUN_004662c5	owner_entry=004662c5;bytes=FF9090000000;mnemonic=CALL;instruction=CALL dword ptr [EAX + 0x90];operand_index=0;operand=dword ptr [EAX + 0x90];objects=EAX,0x90;registers=EAX;scalars=0x90;slot=0x90;inputs=EAX,0x90,ESP,0x4,0x467dcd;results=ESP;flows=;fallthrough=00467dcd
virtual_slot_hit	0x90	FUN_004662c5	0046804a	00468050	COMPUTED_CALL	FUN_004662c5	owner_entry=004662c5;bytes=FF9290000000;mnemonic=CALL;instruction=CALL dword ptr [EDX + 0x90];operand_index=0;operand=dword ptr [EDX + 0x90];objects=EDX,0x90;registers=EDX;scalars=0x90;slot=0x90;inputs=0x90,ESP,0x4,0x468050,EDX;results=ESP;flows=;fallthrough=00468050
virtual_slot_hit	0x90	FUN_004662c5	0046879d	004687a3	COMPUTED_CALL	FUN_004662c5	owner_entry=004662c5;bytes=FF9290000000;mnemonic=CALL;instruction=CALL dword ptr [EDX + 0x90];operand_index=0;operand=dword ptr [EDX + 0x90];objects=EDX,0x90;registers=EDX;scalars=0x90;slot=0x90;inputs=0x90,ESP,0x4,0x4687a3,EDX;results=ESP;flows=;fallthrough=004687a3
virtual_slot_hit	0x90	FUN_004662c5	004689b4	004689ba	COMPUTED_CALL	FUN_004662c5	owner_entry=004662c5;bytes=FF9090000000;mnemonic=CALL;instruction=CALL dword ptr [EAX + 0x90];operand_index=0;operand=dword ptr [EAX + 0x90];objects=EAX,0x90;registers=EAX;scalars=0x90;slot=0x90;inputs=EAX,0x90,ESP,0x4,0x4689ba;results=ESP;flows=;fallthrough=004689ba
virtual_slot_hit	0x90	FUN_004662c5	00468a6f	00468a75	COMPUTED_CALL	FUN_004662c5	owner_entry=004662c5;bytes=FF9290000000;mnemonic=CALL;instruction=CALL dword ptr [EDX + 0x90];operand_index=0;operand=dword ptr [EDX + 0x90];objects=EDX,0x90;registers=EDX;scalars=0x90;slot=0x90;inputs=0x90,ESP,0x468a75,0x4,EDX;results=ESP;flows=;fallthrough=00468a75
virtual_slot_hit	0x90	FUN_004662c5	00468afd	00468b03	COMPUTED_CALL	FUN_004662c5	owner_entry=004662c5;bytes=FF9290000000;mnemonic=CALL;instruction=CALL dword ptr [EDX + 0x90];operand_index=0;operand=dword ptr [EDX + 0x90];objects=EDX,0x90;registers=EDX;scalars=0x90;slot=0x90;inputs=0x90,ESP,0x4,0x468b03,EDX;results=ESP;flows=;fallthrough=00468b03
virtual_slot_hit	0x90	FUN_004662c5	00468f05	00468f0b	COMPUTED_CALL	FUN_004662c5	owner_entry=004662c5;bytes=FF9290000000;mnemonic=CALL;instruction=CALL dword ptr [EDX + 0x90];operand_index=0;operand=dword ptr [EDX + 0x90];objects=EDX,0x90;registers=EDX;scalars=0x90;slot=0x90;inputs=0x90,ESP,0x4,EDX,0x468f0b;results=ESP;flows=;fallthrough=00468f0b
virtual_slot_hit	0x90	FUN_004662c5	00468f52	00468f58	COMPUTED_CALL	FUN_004662c5	owner_entry=004662c5;bytes=FF9090000000;mnemonic=CALL;instruction=CALL dword ptr [EAX + 0x90];operand_index=0;operand=dword ptr [EAX + 0x90];objects=EAX,0x90;registers=EAX;scalars=0x90;slot=0x90;inputs=EAX,0x90,ESP,0x4,0x468f58;results=ESP;flows=;fallthrough=00468f58
virtual_slot_hit	0x90	FUN_004662c5	00469fd8	00469fde	COMPUTED_CALL	FUN_004662c5	owner_entry=004662c5;bytes=FF9090000000;mnemonic=CALL;instruction=CALL dword ptr [EAX + 0x90];operand_index=0;operand=dword ptr [EAX + 0x90];objects=EAX,0x90;registers=EAX;scalars=0x90;slot=0x90;inputs=EAX,0x90,ESP,0x4,0x469fde;results=ESP;flows=;fallthrough=00469fde
virtual_slot_hit	0x90	FUN_004662c5	0046a102	0046a108	COMPUTED_CALL	FUN_004662c5	owner_entry=004662c5;bytes=FF9290000000;mnemonic=CALL;instruction=CALL dword ptr [EDX + 0x90];operand_index=0;operand=dword ptr [EDX + 0x90];objects=EDX,0x90;registers=EDX;scalars=0x90;slot=0x90;inputs=0x90,ESP,0x4,EDX,0x46a108;results=ESP;flows=;fallthrough=0046a108
virtual_slot_hit	0x90	FUN_004662c5	0046e97d	0046e983	COMPUTED_CALL	FUN_004662c5	owner_entry=004662c5;bytes=FF9290000000;mnemonic=CALL;instruction=CALL dword ptr [EDX + 0x90];operand_index=0;operand=dword ptr [EDX + 0x90];objects=EDX,0x90;registers=EDX;scalars=0x90;slot=0x90;inputs=0x90,ESP,0x4,0x46e983,EDX;results=ESP;flows=;fallthrough=0046e983
virtual_slot_hit	0x90	FUN_00472651	004726dc	004726e2	COMPUTED_CALL	FUN_00472651	owner_entry=00472651;bytes=FF9290000000;mnemonic=CALL;instruction=CALL dword ptr [EDX + 0x90];operand_index=0;operand=dword ptr [EDX + 0x90];objects=EDX,0x90;registers=EDX;scalars=0x90;slot=0x90;inputs=0x90,ESP,0x4,0x4726e2,EDX;results=ESP;flows=;fallthrough=004726e2
virtual_slot_hit	0x90	FUN_00472651	004726fb	00472701	COMPUTED_CALL	FUN_00472651	owner_entry=00472651;bytes=FF9290000000;mnemonic=CALL;instruction=CALL dword ptr [EDX + 0x90];operand_index=0;operand=dword ptr [EDX + 0x90];objects=EDX,0x90;registers=EDX;scalars=0x90;slot=0x90;inputs=0x90,ESP,0x4,0x472701,EDX;results=ESP;flows=;fallthrough=00472701
virtual_slot_hit	0x90	FUN_00472651	0047271a	00472720	COMPUTED_CALL	FUN_00472651	owner_entry=00472651;bytes=FF9290000000;mnemonic=CALL;instruction=CALL dword ptr [EDX + 0x90];operand_index=0;operand=dword ptr [EDX + 0x90];objects=EDX,0x90;registers=EDX;scalars=0x90;slot=0x90;inputs=0x90,ESP,0x4,0x472720,EDX;results=ESP;flows=;fallthrough=00472720
virtual_slot_hit	0x90	FUN_0047461c	004746bb	004746c1	COMPUTED_CALL	FUN_0047461c	owner_entry=0047461c;bytes=FF9290000000;mnemonic=CALL;instruction=CALL dword ptr [EDX + 0x90];operand_index=0;operand=dword ptr [EDX + 0x90];objects=EDX,0x90;registers=EDX;scalars=0x90;slot=0x90;inputs=0x90,ESP,0x4,0x4746c1,EDX;results=ESP;flows=;fallthrough=004746c1
virtual_slot_hit	0x90	FUN_0047461c	004747e0	004747e6	COMPUTED_CALL	FUN_0047461c	owner_entry=0047461c;bytes=FF9090000000;mnemonic=CALL;instruction=CALL dword ptr [EAX + 0x90];operand_index=0;operand=dword ptr [EAX + 0x90];objects=EAX,0x90;registers=EAX;scalars=0x90;slot=0x90;inputs=EAX,0x90,ESP,0x4747e6,0x4;results=ESP;flows=;fallthrough=004747e6
virtual_slot_hit	0x90	FUN_00474802	0047486d	00474873	COMPUTED_CALL	FUN_00474802	owner_entry=00474802;bytes=FF9090000000;mnemonic=CALL;instruction=CALL dword ptr [EAX + 0x90];operand_index=0;operand=dword ptr [EAX + 0x90];objects=EAX,0x90;registers=EAX;scalars=0x90;slot=0x90;inputs=EAX,0x90,ESP,0x4,0x474873;results=ESP;flows=;fallthrough=00474873
virtual_slot_hit	0x90	FUN_00474802	0047488c	00474892	COMPUTED_CALL	FUN_00474802	owner_entry=00474802;bytes=FF9290000000;mnemonic=CALL;instruction=CALL dword ptr [EDX + 0x90];operand_index=0;operand=dword ptr [EDX + 0x90];objects=EDX,0x90;registers=EDX;scalars=0x90;slot=0x90;inputs=0x90,ESP,0x4,0x474892,EDX;results=ESP;flows=;fallthrough=00474892
virtual_slot_hit	0x90	FUN_00474896	00474cd8	00474cde	COMPUTED_CALL	FUN_00474896	owner_entry=00474896;bytes=FF9290000000;mnemonic=CALL;instruction=CALL dword ptr [EDX + 0x90];operand_index=0;operand=dword ptr [EDX + 0x90];objects=EDX,0x90;registers=EDX;scalars=0x90;slot=0x90;inputs=0x90,ESP,0x4,EDX,0x474cde;results=ESP;flows=;fallthrough=00474cde
virtual_slot_hit	0x90	FUN_00493aa1	00493b63	00493b69	COMPUTED_CALL	FUN_00493aa1	owner_entry=00493aa1;bytes=FF9090000000;mnemonic=CALL;instruction=CALL dword ptr [EAX + 0x90];operand_index=0;operand=dword ptr [EAX + 0x90];objects=EAX,0x90;registers=EAX;scalars=0x90;slot=0x90;inputs=EAX,0x90,ESP,0x493b69,0x4;results=ESP;flows=;fallthrough=00493b69
virtual_slot_hit	0x90	FUN_00493aa1	00493ba4	00493baa	COMPUTED_CALL	FUN_00493aa1	owner_entry=00493aa1;bytes=FF9290000000;mnemonic=CALL;instruction=CALL dword ptr [EDX + 0x90];operand_index=0;operand=dword ptr [EDX + 0x90];objects=EDX,0x90;registers=EDX;scalars=0x90;slot=0x90;inputs=0x90,ESP,0x493baa,0x4,EDX;results=ESP;flows=;fallthrough=00493baa
virtual_slot_hit	0x90	FUN_004a626e	004a85af	004a85b5	COMPUTED_CALL	FUN_004a626e	owner_entry=004a626e;bytes=FF9290000000;mnemonic=CALL;instruction=CALL dword ptr [EDX + 0x90];operand_index=0;operand=dword ptr [EDX + 0x90];objects=EDX,0x90;registers=EDX;scalars=0x90;slot=0x90;inputs=0x90,ESP,0x4,EDX,0x4a85b5;results=ESP;flows=;fallthrough=004a85b5
virtual_slot_hit	0x90	FUN_004ac985	004ad84e	004ad854	COMPUTED_CALL	FUN_004ac985	owner_entry=004ac985;bytes=FF9290000000;mnemonic=CALL;instruction=CALL dword ptr [EDX + 0x90];operand_index=0;operand=dword ptr [EDX + 0x90];objects=EDX,0x90;registers=EDX;scalars=0x90;slot=0x90;inputs=0x90,ESP,0x4,EDX,0x4ad854;results=ESP;flows=;fallthrough=004ad854
virtual_slot_hit	0x90	FUN_004ac985	004ad873	004ad879	COMPUTED_CALL	FUN_004ac985	owner_entry=004ac985;bytes=FF9290000000;mnemonic=CALL;instruction=CALL dword ptr [EDX + 0x90];operand_index=0;operand=dword ptr [EDX + 0x90];objects=EDX,0x90;registers=EDX;scalars=0x90;slot=0x90;inputs=0x90,ESP,0x4ad879,0x4,EDX;results=ESP;flows=;fallthrough=004ad879
virtual_slot_hit	0x90	FUN_004b32a2	004b32ef	004b32f5	COMPUTED_CALL	FUN_004b32a2	owner_entry=004b32a2;bytes=FF9090000000;mnemonic=CALL;instruction=CALL dword ptr [EAX + 0x90];operand_index=0;operand=dword ptr [EAX + 0x90];objects=EAX,0x90;registers=EAX;scalars=0x90;slot=0x90;inputs=EAX,0x90,ESP,0x4,0x4b32f5;results=ESP;flows=;fallthrough=004b32f5
virtual_slot_hit	0x90	FUN_005225c0	00522af1	00522af7	COMPUTED_CALL	FUN_005225c0	owner_entry=005225c0;bytes=FF9290000000;mnemonic=CALL;instruction=CALL dword ptr [EDX + 0x90];operand_index=0;operand=dword ptr [EDX + 0x90];objects=EDX,0x90;registers=EDX;scalars=0x90;slot=0x90;inputs=0x90,ESP,0x4,0x522af7,EDX;results=ESP;flows=;fallthrough=00522af7
virtual_slot_hit	0x90	FUN_005225c0	00522d25	00522d2b	COMPUTED_CALL	FUN_005225c0	owner_entry=005225c0;bytes=FF9290000000;mnemonic=CALL;instruction=CALL dword ptr [EDX + 0x90];operand_index=0;operand=dword ptr [EDX + 0x90];objects=EDX,0x90;registers=EDX;scalars=0x90;slot=0x90;inputs=0x90,ESP,0x4,EDX,0x522d2b;results=ESP;flows=;fallthrough=00522d2b
virtual_slot_hit	0x90	FUN_00522d56	005232de	005232e4	COMPUTED_CALL	FUN_00522d56	owner_entry=00522d56;bytes=FF9290000000;mnemonic=CALL;instruction=CALL dword ptr [EDX + 0x90];operand_index=0;operand=dword ptr [EDX + 0x90];objects=EDX,0x90;registers=EDX;scalars=0x90;slot=0x90;inputs=0x90,ESP,0x4,0x5232e4,EDX;results=ESP;flows=;fallthrough=005232e4
virtual_slot_hit	0x90	FUN_00522d56	00523502	00523508	COMPUTED_CALL	FUN_00522d56	owner_entry=00522d56;bytes=FF9290000000;mnemonic=CALL;instruction=CALL dword ptr [EDX + 0x90];operand_index=0;operand=dword ptr [EDX + 0x90];objects=EDX,0x90;registers=EDX;scalars=0x90;slot=0x90;inputs=0x90,ESP,0x4,EDX,0x523508;results=ESP;flows=;fallthrough=00523508
virtual_slot_hit	0x90	FUN_0052c5eb	0052c892	0052c898	COMPUTED_CALL	FUN_0052c5eb	owner_entry=0052c5eb;bytes=FF9290000000;mnemonic=CALL;instruction=CALL dword ptr [EDX + 0x90];operand_index=0;operand=dword ptr [EDX + 0x90];objects=EDX,0x90;registers=EDX;scalars=0x90;slot=0x90;inputs=0x90,ESP,0x4,EDX,0x52c898;results=ESP;flows=;fallthrough=0052c898
virtual_slot_hit	0x90	FUN_0052c5eb	0052ca4e	0052ca54	COMPUTED_CALL	FUN_0052c5eb	owner_entry=0052c5eb;bytes=FF9090000000;mnemonic=CALL;instruction=CALL dword ptr [EAX + 0x90];operand_index=0;operand=dword ptr [EAX + 0x90];objects=EAX,0x90;registers=EAX;scalars=0x90;slot=0x90;inputs=EAX,0x90,ESP,0x4,0x52ca54;results=ESP;flows=;fallthrough=0052ca54
virtual_slot_search	0x90				computed_call		hits=63;candidates=8173;instructions=441614
virtual_slot_hit	0x94	FUN_0040656c	0040669d	004066a3	COMPUTED_CALL	FUN_0040656c	owner_entry=0040656c;bytes=FF9294000000;mnemonic=CALL;instruction=CALL dword ptr [EDX + 0x94];operand_index=0;operand=dword ptr [EDX + 0x94];objects=EDX,0x94;registers=EDX;scalars=0x94;slot=0x94;inputs=ESP,0x4066a3,0x94,0x4,EDX;results=ESP;flows=;fallthrough=004066a3
virtual_slot_hit	0x94	FUN_00409563	00409784	0040978a	COMPUTED_CALL	FUN_00409563	owner_entry=00409563;bytes=FF9294000000;mnemonic=CALL;instruction=CALL dword ptr [EDX + 0x94];operand_index=0;operand=dword ptr [EDX + 0x94];objects=EDX,0x94;registers=EDX;scalars=0x94;slot=0x94;inputs=ESP,0x94,0x4,EDX,0x40978a;results=ESP;flows=;fallthrough=0040978a
virtual_slot_hit	0x94	FUN_0040e6aa	0040e75e	0040e764	COMPUTED_CALL	FUN_0040e6aa	owner_entry=0040e6aa;bytes=FF9094000000;mnemonic=CALL;instruction=CALL dword ptr [EAX + 0x94];operand_index=0;operand=dword ptr [EAX + 0x94];objects=EAX,0x94;registers=EAX;scalars=0x94;slot=0x94;inputs=EAX,ESP,0x94,0x4,0x40e764;results=ESP;flows=;fallthrough=0040e764
virtual_slot_hit	0x94	FUN_0040e817	0040e8bb	0040e8c1	COMPUTED_CALL	FUN_0040e817	owner_entry=0040e817;bytes=FF9294000000;mnemonic=CALL;instruction=CALL dword ptr [EDX + 0x94];operand_index=0;operand=dword ptr [EDX + 0x94];objects=EDX,0x94;registers=EDX;scalars=0x94;slot=0x94;inputs=ESP,0x40e8c1,0x94,0x4,EDX;results=ESP;flows=;fallthrough=0040e8c1
virtual_slot_hit	0x94	FUN_004110f5	00416174	0041617a	COMPUTED_CALL	FUN_004110f5	owner_entry=004110f5;bytes=FF9294000000;mnemonic=CALL;instruction=CALL dword ptr [EDX + 0x94];operand_index=0;operand=dword ptr [EDX + 0x94];objects=EDX,0x94;registers=EDX;scalars=0x94;slot=0x94;inputs=ESP,0x94,0x4,EDX,0x41617a;results=ESP;flows=;fallthrough=0041617a
virtual_slot_hit	0x94	FUN_0042cdbe	0042ce79	0042ce7f	COMPUTED_CALL	FUN_0042cdbe	owner_entry=0042cdbe;bytes=FF9094000000;mnemonic=CALL;instruction=CALL dword ptr [EAX + 0x94];operand_index=0;operand=dword ptr [EAX + 0x94];objects=EAX,0x94;registers=EAX;scalars=0x94;slot=0x94;inputs=EAX,ESP,0x94,0x4,0x42ce7f;results=ESP;flows=;fallthrough=0042ce7f
virtual_slot_hit	0x94	FUN_0042dbe3	0042dc9e	0042dca4	COMPUTED_CALL	FUN_0042dbe3	owner_entry=0042dbe3;bytes=FF9294000000;mnemonic=CALL;instruction=CALL dword ptr [EDX + 0x94];operand_index=0;operand=dword ptr [EDX + 0x94];objects=EDX,0x94;registers=EDX;scalars=0x94;slot=0x94;inputs=ESP,0x94,0x4,0x42dca4,EDX;results=ESP;flows=;fallthrough=0042dca4
virtual_slot_hit	0x94	FUN_0042dcb7	0042dcf5	0042dcfb	COMPUTED_CALL	FUN_0042dcb7	owner_entry=0042dcb7;bytes=FF9194000000;mnemonic=CALL;instruction=CALL dword ptr [ECX + 0x94];operand_index=0;operand=dword ptr [ECX + 0x94];objects=ECX,0x94;registers=ECX;scalars=0x94;slot=0x94;inputs=ESP,ECX,0x94,0x4,0x42dcfb;results=ESP;flows=;fallthrough=0042dcfb
virtual_slot_hit	0x94	FUN_00430c46	00430ce7	00430ced	COMPUTED_CALL	FUN_00430c46	owner_entry=00430c46;bytes=FF9094000000;mnemonic=CALL;instruction=CALL dword ptr [EAX + 0x94];operand_index=0;operand=dword ptr [EAX + 0x94];objects=EAX,0x94;registers=EAX;scalars=0x94;slot=0x94;inputs=EAX,ESP,0x94,0x4,0x430ced;results=ESP;flows=;fallthrough=00430ced
virtual_slot_hit	0x94	FUN_00430c46	00430d6a	00430d70	COMPUTED_CALL	FUN_00430c46	owner_entry=00430c46;bytes=FF9294000000;mnemonic=CALL;instruction=CALL dword ptr [EDX + 0x94];operand_index=0;operand=dword ptr [EDX + 0x94];objects=EDX,0x94;registers=EDX;scalars=0x94;slot=0x94;inputs=ESP,0x430d70,0x94,0x4,EDX;results=ESP;flows=;fallthrough=00430d70
virtual_slot_hit	0x94	FUN_004431e4	00444cf9	00444cff	COMPUTED_CALL	FUN_004431e4	owner_entry=004431e4;bytes=FF9294000000;mnemonic=CALL;instruction=CALL dword ptr [EDX + 0x94];operand_index=0;operand=dword ptr [EDX + 0x94];objects=EDX,0x94;registers=EDX;scalars=0x94;slot=0x94;inputs=ESP,0x94,0x4,EDX,0x444cff;results=ESP;flows=;fallthrough=00444cff
virtual_slot_hit	0x94	FUN_00454763	0045593b	00455941	COMPUTED_CALL	FUN_00454763	owner_entry=00454763;bytes=FF9094000000;mnemonic=CALL;instruction=CALL dword ptr [EAX + 0x94];operand_index=0;operand=dword ptr [EAX + 0x94];objects=EAX,0x94;registers=EAX;scalars=0x94;slot=0x94;inputs=EAX,ESP,0x94,0x4,0x455941;results=ESP;flows=;fallthrough=00455941
virtual_slot_hit	0x94	FUN_004b32a2	004b34bf	004b34c5	COMPUTED_CALL	FUN_004b32a2	owner_entry=004b32a2;bytes=FF9194000000;mnemonic=CALL;instruction=CALL dword ptr [ECX + 0x94];operand_index=0;operand=dword ptr [ECX + 0x94];objects=ECX,0x94;registers=ECX;scalars=0x94;slot=0x94;inputs=ESP,ECX,0x94,0x4,0x4b34c5;results=ESP;flows=;fallthrough=004b34c5
virtual_slot_hit	0x94	FUN_004bb847	004bba54	004bba5a	COMPUTED_CALL	FUN_004bb847	owner_entry=004bb847;bytes=FF9094000000;mnemonic=CALL;instruction=CALL dword ptr [EAX + 0x94];operand_index=0;operand=dword ptr [EAX + 0x94];objects=EAX,0x94;registers=EAX;scalars=0x94;slot=0x94;inputs=EAX,ESP,0x4bba5a,0x94,0x4;results=ESP;flows=;fallthrough=004bba5a
virtual_slot_hit	0x94	FUN_004bba7e	004bbc8b	004bbc91	COMPUTED_CALL	FUN_004bba7e	owner_entry=004bba7e;bytes=FF9294000000;mnemonic=CALL;instruction=CALL dword ptr [EDX + 0x94];operand_index=0;operand=dword ptr [EDX + 0x94];objects=EDX,0x94;registers=EDX;scalars=0x94;slot=0x94;inputs=ESP,0x94,0x4,EDX,0x4bbc91;results=ESP;flows=;fallthrough=004bbc91
virtual_slot_hit	0x94	FUN_004bbcb5	004bbf3b	004bbf41	COMPUTED_CALL	FUN_004bbcb5	owner_entry=004bbcb5;bytes=FF9194000000;mnemonic=CALL;instruction=CALL dword ptr [ECX + 0x94];operand_index=0;operand=dword ptr [ECX + 0x94];objects=ECX,0x94;registers=ECX;scalars=0x94;slot=0x94;inputs=ESP,ECX,0x94,0x4,0x4bbf41;results=ESP;flows=;fallthrough=004bbf41
virtual_slot_hit	0x94	FUN_004c16cc	004c1f0b	004c1f11	COMPUTED_CALL	FUN_004c16cc	owner_entry=004c16cc;bytes=FF9094000000;mnemonic=CALL;instruction=CALL dword ptr [EAX + 0x94];operand_index=0;operand=dword ptr [EAX + 0x94];objects=EAX,0x94;registers=EAX;scalars=0x94;slot=0x94;inputs=EAX,ESP,0x94,0x4,0x4c1f11;results=ESP;flows=;fallthrough=004c1f11
virtual_slot_hit	0x94	FUN_004c16cc	004c20f0	004c20f6	COMPUTED_CALL	FUN_004c16cc	owner_entry=004c16cc;bytes=FF9094000000;mnemonic=CALL;instruction=CALL dword ptr [EAX + 0x94];operand_index=0;operand=dword ptr [EAX + 0x94];objects=EAX,0x94;registers=EAX;scalars=0x94;slot=0x94;inputs=EAX,ESP,0x94,0x4,0x4c20f6;results=ESP;flows=;fallthrough=004c20f6
virtual_slot_hit	0x94	FUN_004c16cc	004c2179	004c217f	COMPUTED_CALL	FUN_004c16cc	owner_entry=004c16cc;bytes=FF9094000000;mnemonic=CALL;instruction=CALL dword ptr [EAX + 0x94];operand_index=0;operand=dword ptr [EAX + 0x94];objects=EAX,0x94;registers=EAX;scalars=0x94;slot=0x94;inputs=EAX,ESP,0x4c217f,0x94,0x4;results=ESP;flows=;fallthrough=004c217f
virtual_slot_hit	0x94	FUN_004c953d	004c960a	004c9610	COMPUTED_CALL	FUN_004c953d	owner_entry=004c953d;bytes=FF9194000000;mnemonic=CALL;instruction=CALL dword ptr [ECX + 0x94];operand_index=0;operand=dword ptr [ECX + 0x94];objects=ECX,0x94;registers=ECX;scalars=0x94;slot=0x94;inputs=ESP,ECX,0x94,0x4,0x4c9610;results=ESP;flows=;fallthrough=004c9610
virtual_slot_hit	0x94	FUN_004cbbfa	004cbc86	004cbc8c	COMPUTED_CALL	FUN_004cbbfa	owner_entry=004cbbfa;bytes=FF9094000000;mnemonic=CALL;instruction=CALL dword ptr [EAX + 0x94];operand_index=0;operand=dword ptr [EAX + 0x94];objects=EAX,0x94;registers=EAX;scalars=0x94;slot=0x94;inputs=EAX,ESP,0x4cbc8c,0x94,0x4;results=ESP;flows=;fallthrough=004cbc8c
virtual_slot_hit	0x94	FUN_004cd174	004cd1d3	004cd1d9	COMPUTED_CALL	FUN_004cd174	owner_entry=004cd174;bytes=FF9294000000;mnemonic=CALL;instruction=CALL dword ptr [EDX + 0x94];operand_index=0;operand=dword ptr [EDX + 0x94];objects=EDX,0x94;registers=EDX;scalars=0x94;slot=0x94;inputs=ESP,0x94,0x4,0x4cd1d9,EDX;results=ESP;flows=;fallthrough=004cd1d9
virtual_slot_hit	0x94	FUN_004d12e4	004d15c1	004d15c7	COMPUTED_CALL	FUN_004d12e4	owner_entry=004d12e4;bytes=FF9094000000;mnemonic=CALL;instruction=CALL dword ptr [EAX + 0x94];operand_index=0;operand=dword ptr [EAX + 0x94];objects=EAX,0x94;registers=EAX;scalars=0x94;slot=0x94;inputs=EAX,ESP,0x94,0x4,0x4d15c7;results=ESP;flows=;fallthrough=004d15c7
virtual_slot_hit	0x94	FUN_004d12e4	004d1734	004d173a	COMPUTED_CALL	FUN_004d12e4	owner_entry=004d12e4;bytes=FF9094000000;mnemonic=CALL;instruction=CALL dword ptr [EAX + 0x94];operand_index=0;operand=dword ptr [EAX + 0x94];objects=EAX,0x94;registers=EAX;scalars=0x94;slot=0x94;inputs=EAX,ESP,0x94,0x4,0x4d173a;results=ESP;flows=;fallthrough=004d173a
virtual_slot_hit	0x94	FUN_004d9bde	004d9c8e	004d9c94	COMPUTED_CALL	FUN_004d9bde	owner_entry=004d9bde;bytes=FF9094000000;mnemonic=CALL;instruction=CALL dword ptr [EAX + 0x94];operand_index=0;operand=dword ptr [EAX + 0x94];objects=EAX,0x94;registers=EAX;scalars=0x94;slot=0x94;inputs=EAX,ESP,0x94,0x4,0x4d9c94;results=ESP;flows=;fallthrough=004d9c94
virtual_slot_hit	0x94	FUN_004d9bde	004da376	004da37c	COMPUTED_CALL	FUN_004d9bde	owner_entry=004d9bde;bytes=FF9094000000;mnemonic=CALL;instruction=CALL dword ptr [EAX + 0x94];operand_index=0;operand=dword ptr [EAX + 0x94];objects=EAX,0x94;registers=EAX;scalars=0x94;slot=0x94;inputs=EAX,ESP,0x4da37c,0x94,0x4;results=ESP;flows=;fallthrough=004da37c
virtual_slot_hit	0x94	FUN_004dd081	004dd590	004dd596	COMPUTED_CALL	FUN_004dd081	owner_entry=004dd081;bytes=FF9294000000;mnemonic=CALL;instruction=CALL dword ptr [EDX + 0x94];operand_index=0;operand=dword ptr [EDX + 0x94];objects=EDX,0x94;registers=EDX;scalars=0x94;slot=0x94;inputs=ESP,0x94,0x4,EDX,0x4dd596;results=ESP;flows=;fallthrough=004dd596
virtual_slot_hit	0x94	FUN_004ddd46	004ddeac	004ddeb2	COMPUTED_CALL	FUN_004ddd46	owner_entry=004ddd46;bytes=FF9294000000;mnemonic=CALL;instruction=CALL dword ptr [EDX + 0x94];operand_index=0;operand=dword ptr [EDX + 0x94];objects=EDX,0x94;registers=EDX;scalars=0x94;slot=0x94;inputs=ESP,0x94,0x4,EDX,0x4ddeb2;results=ESP;flows=;fallthrough=004ddeb2
virtual_slot_hit	0x94	FUN_004de629	004ded34	004ded3a	COMPUTED_CALL	FUN_004de629	owner_entry=004de629;bytes=FF9094000000;mnemonic=CALL;instruction=CALL dword ptr [EAX + 0x94];operand_index=0;operand=dword ptr [EAX + 0x94];objects=EAX,0x94;registers=EAX;scalars=0x94;slot=0x94;inputs=EAX,ESP,0x94,0x4,0x4ded3a;results=ESP;flows=;fallthrough=004ded3a
virtual_slot_hit	0x94	FUN_004e01d4	004e0236	004e023c	COMPUTED_CALL	FUN_004e01d4	owner_entry=004e01d4;bytes=FF9094000000;mnemonic=CALL;instruction=CALL dword ptr [EAX + 0x94];operand_index=0;operand=dword ptr [EAX + 0x94];objects=EAX,0x94;registers=EAX;scalars=0x94;slot=0x94;inputs=EAX,ESP,0x4e023c,0x94,0x4;results=ESP;flows=;fallthrough=004e023c
virtual_slot_hit	0x94	FUN_004f2055	004f23cc	004f23d2	COMPUTED_CALL	FUN_004f2055	owner_entry=004f2055;bytes=FF9094000000;mnemonic=CALL;instruction=CALL dword ptr [EAX + 0x94];operand_index=0;operand=dword ptr [EAX + 0x94];objects=EAX,0x94;registers=EAX;scalars=0x94;slot=0x94;inputs=EAX,ESP,0x94,0x4,0x4f23d2;results=ESP;flows=;fallthrough=004f23d2
virtual_slot_hit	0x94	FUN_004f2055	004f2529	004f252f	COMPUTED_CALL	FUN_004f2055	owner_entry=004f2055;bytes=FF9294000000;mnemonic=CALL;instruction=CALL dword ptr [EDX + 0x94];operand_index=0;operand=dword ptr [EDX + 0x94];objects=EDX,0x94;registers=EDX;scalars=0x94;slot=0x94;inputs=ESP,0x4f252f,0x94,0x4,EDX;results=ESP;flows=;fallthrough=004f252f
virtual_slot_hit	0x94	FUN_004f2055	004f27df	004f27e5	COMPUTED_CALL	FUN_004f2055	owner_entry=004f2055;bytes=FF9194000000;mnemonic=CALL;instruction=CALL dword ptr [ECX + 0x94];operand_index=0;operand=dword ptr [ECX + 0x94];objects=ECX,0x94;registers=ECX;scalars=0x94;slot=0x94;inputs=ESP,ECX,0x94,0x4,0x4f27e5;results=ESP;flows=;fallthrough=004f27e5
virtual_slot_hit	0x94	FUN_004f2055	004f29b7	004f29bd	COMPUTED_CALL	FUN_004f2055	owner_entry=004f2055;bytes=FF9194000000;mnemonic=CALL;instruction=CALL dword ptr [ECX + 0x94];operand_index=0;operand=dword ptr [ECX + 0x94];objects=ECX,0x94;registers=ECX;scalars=0x94;slot=0x94;inputs=ESP,0x4f29bd,ECX,0x94,0x4;results=ESP;flows=;fallthrough=004f29bd
virtual_slot_hit	0x94	FUN_005225c0	00522b8f	00522b95	COMPUTED_CALL	FUN_005225c0	owner_entry=005225c0;bytes=FF9294000000;mnemonic=CALL;instruction=CALL dword ptr [EDX + 0x94];operand_index=0;operand=dword ptr [EDX + 0x94];objects=EDX,0x94;registers=EDX;scalars=0x94;slot=0x94;inputs=ESP,0x94,0x4,0x522b95,EDX;results=ESP;flows=;fallthrough=00522b95
virtual_slot_hit	0x94	FUN_005225c0	00522cea	00522cf0	COMPUTED_CALL	FUN_005225c0	owner_entry=005225c0;bytes=FF9294000000;mnemonic=CALL;instruction=CALL dword ptr [EDX + 0x94];operand_index=0;operand=dword ptr [EDX + 0x94];objects=EDX,0x94;registers=EDX;scalars=0x94;slot=0x94;inputs=ESP,0x522cf0,0x94,0x4,EDX;results=ESP;flows=;fallthrough=00522cf0
virtual_slot_hit	0x94	FUN_00522d56	0052337c	00523382	COMPUTED_CALL	FUN_00522d56	owner_entry=00522d56;bytes=FF9294000000;mnemonic=CALL;instruction=CALL dword ptr [EDX + 0x94];operand_index=0;operand=dword ptr [EDX + 0x94];objects=EDX,0x94;registers=EDX;scalars=0x94;slot=0x94;inputs=ESP,0x523382,0x94,0x4,EDX;results=ESP;flows=;fallthrough=00523382
virtual_slot_hit	0x94	FUN_00522d56	005234c7	005234cd	COMPUTED_CALL	FUN_00522d56	owner_entry=00522d56;bytes=FF9294000000;mnemonic=CALL;instruction=CALL dword ptr [EDX + 0x94];operand_index=0;operand=dword ptr [EDX + 0x94];objects=EDX,0x94;registers=EDX;scalars=0x94;slot=0x94;inputs=ESP,0x94,0x4,EDX,0x5234cd;results=ESP;flows=;fallthrough=005234cd
virtual_slot_hit	0x94	FUN_0052c5eb	0052caec	0052caf2	COMPUTED_CALL	FUN_0052c5eb	owner_entry=0052c5eb;bytes=FF9094000000;mnemonic=CALL;instruction=CALL dword ptr [EAX + 0x94];operand_index=0;operand=dword ptr [EAX + 0x94];objects=EAX,0x94;registers=EAX;scalars=0x94;slot=0x94;inputs=EAX,ESP,0x52caf2,0x94,0x4;results=ESP;flows=;fallthrough=0052caf2
virtual_slot_hit	0x94	FUN_00535298	005353f2	005353f8	COMPUTED_CALL	FUN_00535298	owner_entry=00535298;bytes=FF9294000000;mnemonic=CALL;instruction=CALL dword ptr [EDX + 0x94];operand_index=0;operand=dword ptr [EDX + 0x94];objects=EDX,0x94;registers=EDX;scalars=0x94;slot=0x94;inputs=ESP,0x94,0x4,EDX,0x5353f8;results=ESP;flows=;fallthrough=005353f8
virtual_slot_hit	0x94	FUN_00546007	00546913	00546919	COMPUTED_CALL	FUN_00546007	owner_entry=00546007;bytes=FF9294000000;mnemonic=CALL;instruction=CALL dword ptr [EDX + 0x94];operand_index=0;operand=dword ptr [EDX + 0x94];objects=EDX,0x94;registers=EDX;scalars=0x94;slot=0x94;inputs=ESP,0x94,0x4,EDX,0x546919;results=ESP;flows=;fallthrough=00546919
virtual_slot_hit	0x94	FUN_00547e8a	0054811b	00548121	COMPUTED_CALL	FUN_00547e8a	owner_entry=00547e8a;bytes=FF9094000000;mnemonic=CALL;instruction=CALL dword ptr [EAX + 0x94];operand_index=0;operand=dword ptr [EAX + 0x94];objects=EAX,0x94;registers=EAX;scalars=0x94;slot=0x94;inputs=EAX,ESP,0x94,0x4,0x548121;results=ESP;flows=;fallthrough=00548121
virtual_slot_hit	0x94	FUN_0057078d	00570846	0057084c	COMPUTED_CALL	FUN_0057078d	owner_entry=0057078d;bytes=FF9194000000;mnemonic=CALL;instruction=CALL dword ptr [ECX + 0x94];operand_index=0;operand=dword ptr [ECX + 0x94];objects=ECX,0x94;registers=ECX;scalars=0x94;slot=0x94;inputs=ESP,ECX,0x94,0x4,0x57084c;results=ESP;flows=;fallthrough=0057084c
virtual_slot_hit	0x94	FUN_0057078d	00570858	0057085e	COMPUTED_CALL	FUN_0057078d	owner_entry=0057078d;bytes=FF9194000000;mnemonic=CALL;instruction=CALL dword ptr [ECX + 0x94];operand_index=0;operand=dword ptr [ECX + 0x94];objects=ECX,0x94;registers=ECX;scalars=0x94;slot=0x94;inputs=ESP,ECX,0x94,0x4,0x57085e;results=ESP;flows=;fallthrough=0057085e
virtual_slot_hit	0x94	FUN_0057078d	00570872	00570878	COMPUTED_CALL	FUN_0057078d	owner_entry=0057078d;bytes=FF9194000000;mnemonic=CALL;instruction=CALL dword ptr [ECX + 0x94];operand_index=0;operand=dword ptr [ECX + 0x94];objects=ECX,0x94;registers=ECX;scalars=0x94;slot=0x94;inputs=ESP,ECX,0x94,0x4,0x570878;results=ESP;flows=;fallthrough=00570878
virtual_slot_hit	0x94	FUN_0057078d	00570baf	00570bb5	COMPUTED_CALL	FUN_0057078d	owner_entry=0057078d;bytes=FF9194000000;mnemonic=CALL;instruction=CALL dword ptr [ECX + 0x94];operand_index=0;operand=dword ptr [ECX + 0x94];objects=ECX,0x94;registers=ECX;scalars=0x94;slot=0x94;inputs=ESP,0x570bb5,ECX,0x94,0x4;results=ESP;flows=;fallthrough=00570bb5
virtual_slot_search	0x94				computed_call		hits=46;candidates=8173;instructions=441614
function	0040df9e	FUN_0040df9e			unknown		undefined FUN_0040df9e(void)
incoming	0040df9e	FUN_0040df9e	004972a4	0040df9e	UNCONDITIONAL_CALL	FUN_00494fa4	
incoming	0040df9e	FUN_0040df9e	0049779c	0040df9e	UNCONDITIONAL_CALL	FUN_004974ec	
caller	0040df9e	FUN_0040df9e	00494fa4	0040df9e	call	FUN_00494fa4	
caller	0040df9e	FUN_0040df9e	004974ec	0040df9e	call	FUN_004974ec	
callee	0040df9e	FUN_0040df9e	0040df9e	00401466	call	FUN_00401466	
callee	0040df9e	FUN_0040df9e	0040df9e	0040bea0	call	FUN_0040bea0	
callee	0040df9e	FUN_0040df9e	0040df9e	00421910	call	FUN_00421910	
callee	0040df9e	FUN_0040df9e	0040df9e	00430f20	call	FUN_00430f20	
callee	0040df9e	FUN_0040df9e	0040df9e	0058f020	call	_memset	
callee	0040df9e	FUN_0040df9e	0040df9e	0058f0ca	call	operator_new	
reference	0040df9e	FUN_0040df9e	0040dfa3	0059ee68	DATA	LAB_0059ee68	
reference	0040df9e	FUN_0040df9e	0040dfa8	ffdff000	READ	ExceptionList	00000000
reference	0040df9e	FUN_0040df9e	0040dfaf	ffdff000	WRITE	ExceptionList	00000000
reference	0040df9e	FUN_0040df9e	0040e0a1	005a4024	DATA	PTR_FUN_005a4024	004218e0
reference	0040df9e	FUN_0040df9e	0040e0a7	005b892c	READ	DAT_005b892c	0x2
reference	0040df9e	FUN_0040df9e	0040e0bf	005b490c	READ	DAT_005b490c	0x3f800000
reference	0040df9e	FUN_0040df9e	0040e0c7	005b4910	READ	DAT_005b4910	0x3f800000
reference	0040df9e	FUN_0040df9e	0040e127	0040bdb0	DATA	FUN_0040bdb0	
reference	0040df9e	FUN_0040df9e	0040e195	005b892c	READ	DAT_005b892c	0x2
reference	0040df9e	FUN_0040df9e	0040e2d9	ffdff000	WRITE	ExceptionList	00000000
function	0040e2e6	FUN_0040e2e6			unknown		undefined FUN_0040e2e6(void)
incoming	0040e2e6	FUN_0040e2e6	004218ea	0040e2e6	UNCONDITIONAL_CALL	FUN_004218e0	
caller	0040e2e6	FUN_0040e2e6	004218e0	0040e2e6	call	FUN_004218e0	
callee	0040e2e6	FUN_0040e2e6	0040e2e6	0040151a	call	FUN_0040151a	
callee	0040e2e6	FUN_0040e2e6	0040e2e6	0040c1b0	call	FUN_0040c1b0	
callee	0040e2e6	FUN_0040e2e6	0040e2e6	0040e4ee	call	FUN_0040e4ee	
callee	0040e2e6	FUN_0040e2e6	0040e2e6	0058ea3a	call	FUN_0058ea3a	
reference	0040e2e6	FUN_0040e2e6	0040e2eb	0059ee7b	DATA	LAB_0059ee7b	
reference	0040e2e6	FUN_0040e2e6	0040e2f0	ffdff000	READ	ExceptionList	00000000
reference	0040e2e6	FUN_0040e2e6	0040e2f7	ffdff000	WRITE	ExceptionList	00000000
reference	0040e2e6	FUN_0040e2e6	0040e307	005a4024	DATA	PTR_FUN_005a4024	004218e0
reference	0040e2e6	FUN_0040e2e6	0040e31c	0067cf38	READ	DAT_0067cf38	0x0
reference	0040e2e6	FUN_0040e2e6	0040e4e3	ffdff000	WRITE	ExceptionList	00000000
instruction	0040df9e	FUN_0040df9e	0040df9e	0040df9f	FALL_THROUGH	FUN_0040df9e	bytes=55;mnemonic=PUSH;instruction=PUSH EBP;inputs=ESP,EBP,0x4;results=ESP;flows=;fallthrough=0040df9f
instruction	0040df9e	FUN_0040df9e	0040df9f	0040dfa1	FALL_THROUGH	FUN_0040df9e	bytes=8BEC;mnemonic=MOV;instruction=MOV EBP,ESP;inputs=ESP;results=EBP;flows=;fallthrough=0040dfa1
instruction	0040df9e	FUN_0040df9e	0040dfa1	0040dfa3	FALL_THROUGH	FUN_0040df9e	bytes=6AFF;mnemonic=PUSH;instruction=PUSH -0x1;inputs=0xffffffff,ESP,0x4;results=ESP;flows=;fallthrough=0040dfa3
instruction	0040df9e	FUN_0040df9e	0040dfa3	0040dfa8	FALL_THROUGH	FUN_0040df9e	bytes=6868EE5900;mnemonic=PUSH;instruction=PUSH 0x59ee68;inputs=ESP,0x59ee68,0x4;results=ESP;flows=;fallthrough=0040dfa8
instruction_reference	0040df9e	FUN_0040df9e	0040dfa3	0059ee68	DATA	LAB_0059ee68	operand_index=0;primary=true;source=ANALYSIS
instruction	0040df9e	FUN_0040df9e	0040dfa8	0040dfae	FALL_THROUGH	FUN_0040df9e	bytes=64A100000000;mnemonic=MOV;instruction=MOV EAX,FS:[0x0];inputs=FS_OFFSET,0x0;results=EAX;flows=;fallthrough=0040dfae
instruction_reference	0040df9e	FUN_0040df9e	0040dfa8	ffdff000	READ	ExceptionList	operand_index=1;primary=true;source=ANALYSIS
instruction	0040df9e	FUN_0040df9e	0040dfae	0040dfaf	FALL_THROUGH	FUN_0040df9e	bytes=50;mnemonic=PUSH;instruction=PUSH EAX;inputs=EAX,ESP,0x4;results=ESP;flows=;fallthrough=0040dfaf
instruction	0040df9e	FUN_0040df9e	0040dfaf	0040dfb6	FALL_THROUGH	FUN_0040df9e	bytes=64892500000000;mnemonic=MOV;instruction=MOV dword ptr FS:[0x0],ESP;inputs=FS_OFFSET,0x0,ESP;results=;flows=;fallthrough=0040dfb6
instruction_reference	0040df9e	FUN_0040df9e	0040dfaf	ffdff000	WRITE	ExceptionList	operand_index=0;primary=true;source=ANALYSIS
instruction	0040df9e	FUN_0040df9e	0040dfb6	0040dfb9	FALL_THROUGH	FUN_0040df9e	bytes=83EC24;mnemonic=SUB;instruction=SUB ESP,0x24;inputs=ESP,0x0,0x1,0x24,0xff;results=CF,ESP,PF,ZF,SF,OF;flows=;fallthrough=0040dfb9
instruction	0040df9e	FUN_0040df9e	0040dfb9	0040dfbc	FALL_THROUGH	FUN_0040df9e	bytes=894DD4;mnemonic=MOV;instruction=MOV dword ptr [EBP + -0x2c],ECX;inputs=EBP,ECX,0xffffffd4;results=;flows=;fallthrough=0040dfbc
instruction_reference	0040df9e	FUN_0040df9e	0040dfb9	Stack[-0x30]	WRITE		operand_index=0;primary=true;source=ANALYSIS
instruction	0040df9e	FUN_0040df9e	0040dfbc	0040dfbe	FALL_THROUGH	FUN_0040df9e	bytes=6A04;mnemonic=PUSH;instruction=PUSH 0x4;inputs=ESP,0x4;results=ESP;flows=;fallthrough=0040dfbe
instruction	0040df9e	FUN_0040df9e	0040dfbe	0040dfc0	FALL_THROUGH	FUN_0040df9e	bytes=6AFF;mnemonic=PUSH;instruction=PUSH -0x1;inputs=0xffffffff,ESP,0x4;results=ESP;flows=;fallthrough=0040dfc0
instruction	0040df9e	FUN_0040df9e	0040dfc0	0040dfc3	FALL_THROUGH	FUN_0040df9e	bytes=8B4520;mnemonic=MOV;instruction=MOV EAX,dword ptr [EBP + 0x20];inputs=0x20,EBP;results=EAX;flows=;fallthrough=0040dfc3
instruction_reference	0040df9e	FUN_0040df9e	0040dfc0	Stack[0x1c]	READ		operand_index=1;primary=true;source=ANALYSIS
instruction	0040df9e	FUN_0040df9e	0040dfc3	0040dfc4	FALL_THROUGH	FUN_0040df9e	bytes=50;mnemonic=PUSH;instruction=PUSH EAX;inputs=EAX,ESP,0x4;results=ESP;flows=;fallthrough=0040dfc4
instruction	0040df9e	FUN_0040df9e	0040dfc4	0040dfc7	FALL_THROUGH	FUN_0040df9e	bytes=8B4D1C;mnemonic=MOV;instruction=MOV ECX,dword ptr [EBP + 0x1c];inputs=EBP,0x1c;results=ECX;flows=;fallthrough=0040dfc7
instruction_reference	0040df9e	FUN_0040df9e	0040dfc4	Stack[0x18]	READ		operand_index=1;primary=true;source=ANALYSIS
instruction	0040df9e	FUN_0040df9e	0040dfc7	0040dfc8	FALL_THROUGH	FUN_0040df9e	bytes=51;mnemonic=PUSH;instruction=PUSH ECX;inputs=ESP,ECX,0x4;results=ESP;flows=;fallthrough=0040dfc8
instruction	0040df9e	FUN_0040df9e	0040dfc8	0040dfcb	FALL_THROUGH	FUN_0040df9e	bytes=8B5518;mnemonic=MOV;instruction=MOV EDX,dword ptr [EBP + 0x18];inputs=EBP,0x18;results=EDX;flows=;fallthrough=0040dfcb
instruction_reference	0040df9e	FUN_0040df9e	0040dfc8	Stack[0x14]	READ		operand_index=1;primary=true;source=ANALYSIS
instruction	0040df9e	FUN_0040df9e	0040dfcb	0040dfcc	FALL_THROUGH	FUN_0040df9e	bytes=52;mnemonic=PUSH;instruction=PUSH EDX;inputs=ESP,0x4,EDX;results=ESP;flows=;fallthrough=0040dfcc
instruction	0040df9e	FUN_0040df9e	0040dfcc	0040dfcf	FALL_THROUGH	FUN_0040df9e	bytes=8B4514;mnemonic=MOV;instruction=MOV EAX,dword ptr [EBP + 0x14];inputs=EBP,0x14;results=EAX;flows=;fallthrough=0040dfcf
instruction_reference	0040df9e	FUN_0040df9e	0040dfcc	Stack[0x10]	READ		operand_index=1;primary=true;source=ANALYSIS
instruction	0040df9e	FUN_0040df9e	0040dfcf	0040dfd0	FALL_THROUGH	FUN_0040df9e	bytes=50;mnemonic=PUSH;instruction=PUSH EAX;inputs=EAX,ESP,0x4;results=ESP;flows=;fallthrough=0040dfd0
instruction	0040df9e	FUN_0040df9e	0040dfd0	0040dfd3	FALL_THROUGH	FUN_0040df9e	bytes=8B4D08;mnemonic=MOV;instruction=MOV ECX,dword ptr [EBP + 0x8];inputs=EBP,0x8;results=ECX;flows=;fallthrough=0040dfd3
instruction_reference	0040df9e	FUN_0040df9e	0040dfd0	Stack[0x4]	READ		operand_index=1;primary=true;source=ANALYSIS
instruction	0040df9e	FUN_0040df9e	0040dfd3	0040dfd4	FALL_THROUGH	FUN_0040df9e	bytes=51;mnemonic=PUSH;instruction=PUSH ECX;inputs=ESP,ECX,0x4;results=ESP;flows=;fallthrough=0040dfd4
instruction	0040df9e	FUN_0040df9e	0040dfd4	0040dfd7	FALL_THROUGH	FUN_0040df9e	bytes=8B4DD4;mnemonic=MOV;instruction=MOV ECX,dword ptr [EBP + -0x2c];inputs=EBP,0xffffffd4;results=ECX;flows=;fallthrough=0040dfd7
instruction_reference	0040df9e	FUN_0040df9e	0040dfd4	Stack[-0x30]	READ		operand_index=1;primary=true;source=ANALYSIS
instruction	0040df9e	FUN_0040df9e	0040dfd7	0040dfdc	UNCONDITIONAL_CALL	FUN_0040df9e	bytes=E88A34FFFF;mnemonic=CALL;instruction=CALL 0x00401466;inputs=ESP,0x4,0x40dfdc;results=ESP;flows=00401466;fallthrough=0040dfdc
instruction_reference	0040df9e	FUN_0040df9e	0040dfd7	00401466	UNCONDITIONAL_CALL	FUN_00401466	operand_index=0;primary=true;source=DEFAULT
instruction	0040df9e	FUN_0040df9e	0040dfdc	0040dfe3	FALL_THROUGH	FUN_0040df9e	bytes=C745FC00000000;mnemonic=MOV;instruction=MOV dword ptr [EBP + -0x4],0x0;inputs=0x0,0xfffffffc,EBP;results=;flows=;fallthrough=0040dfe3
instruction_reference	0040df9e	FUN_0040df9e	0040dfdc	Stack[-0x8]	WRITE		operand_index=0;primary=true;source=ANALYSIS
instruction	0040df9e	FUN_0040df9e	0040dfe3	0040dfe6	FALL_THROUGH	FUN_0040df9e	bytes=8B55D4;mnemonic=MOV;instruction=MOV EDX,dword ptr [EBP + -0x2c];inputs=EBP,0xffffffd4;results=EDX;flows=;fallthrough=0040dfe6
instruction_reference	0040df9e	FUN_0040df9e	0040dfe3	Stack[-0x30]	READ		operand_index=1;primary=true;source=ANALYSIS
instruction	0040df9e	FUN_0040df9e	0040dfe6	0040dfe9	FALL_THROUGH	FUN_0040df9e	bytes=8B4524;mnemonic=MOV;instruction=MOV EAX,dword ptr [EBP + 0x24];inputs=EBP,0x24;results=EAX;flows=;fallthrough=0040dfe9
instruction_reference	0040df9e	FUN_0040df9e	0040dfe6	Stack[0x20]	READ		operand_index=1;primary=true;source=ANALYSIS
instruction	0040df9e	FUN_0040df9e	0040dfe9	0040dfef	FALL_THROUGH	FUN_0040df9e	bytes=8982E4010000;mnemonic=MOV;instruction=MOV dword ptr [EDX + 0x1e4],EAX;inputs=EAX,0x1e4,EDX;results=;flows=;fallthrough=0040dfef
instruction	0040df9e	FUN_0040df9e	0040dfef	0040dff2	FALL_THROUGH	FUN_0040df9e	bytes=8B4DD4;mnemonic=MOV;instruction=MOV ECX,dword ptr [EBP + -0x2c];inputs=EBP,0xffffffd4;results=ECX;flows=;fallthrough=0040dff2
instruction_reference	0040df9e	FUN_0040df9e	0040dfef	Stack[-0x30]	READ		operand_index=1;primary=true;source=ANALYSIS
instruction	0040df9e	FUN_0040df9e	0040dff2	0040dff5	FALL_THROUGH	FUN_0040df9e	bytes=8B550C;mnemonic=MOV;instruction=MOV EDX,dword ptr [EBP + 0xc];inputs=EBP,0xc;results=EDX;flows=;fallthrough=0040dff5
instruction_reference	0040df9e	FUN_0040df9e	0040dff2	Stack[0x8]	READ		operand_index=1;primary=true;source=ANALYSIS
instruction	0040df9e	FUN_0040df9e	0040dff5	0040dffb	FALL_THROUGH	FUN_0040df9e	bytes=8991E8010000;mnemonic=MOV;instruction=MOV dword ptr [ECX + 0x1e8],EDX;inputs=ECX,0x1e8,EDX;results=;flows=;fallthrough=0040dffb
instruction	0040df9e	FUN_0040df9e	0040dffb	0040dffe	FALL_THROUGH	FUN_0040df9e	bytes=8B45D4;mnemonic=MOV;instruction=MOV EAX,dword ptr [EBP + -0x2c];inputs=EBP,0xffffffd4;results=EAX;flows=;fallthrough=0040dffe
instruction_reference	0040df9e	FUN_0040df9e	0040dffb	Stack[-0x30]	READ		operand_index=1;primary=true;source=ANALYSIS
instruction	0040df9e	FUN_0040df9e	0040dffe	0040e001	FALL_THROUGH	FUN_0040df9e	bytes=8B4D10;mnemonic=MOV;instruction=MOV ECX,dword ptr [EBP + 0x10];inputs=0x10,EBP;results=ECX;flows=;fallthrough=0040e001
instruction_reference	0040df9e	FUN_0040df9e	0040dffe	Stack[0xc]	READ		operand_index=1;primary=true;source=ANALYSIS
instruction	0040df9e	FUN_0040df9e	0040e001	0040e007	FALL_THROUGH	FUN_0040df9e	bytes=8988EC010000;mnemonic=MOV;instruction=MOV dword ptr [EAX + 0x1ec],ECX;inputs=EAX,ECX,0x1ec;results=;flows=;fallthrough=0040e007
instruction	0040df9e	FUN_0040df9e	0040e007	0040e00a	FALL_THROUGH	FUN_0040df9e	bytes=8B55D4;mnemonic=MOV;instruction=MOV EDX,dword ptr [EBP + -0x2c];inputs=EBP,0xffffffd4;results=EDX;flows=;fallthrough=0040e00a
instruction_reference	0040df9e	FUN_0040df9e	0040e007	Stack[-0x30]	READ		operand_index=1;primary=true;source=ANALYSIS
instruction	0040df9e	FUN_0040df9e	0040e00a	0040e014	FALL_THROUGH	FUN_0040df9e	bytes=C782F801000000000000;mnemonic=MOV;instruction=MOV dword ptr [EDX + 0x1f8],0x0;inputs=0x0,EDX,0x1f8;results=;flows=;fallthrough=0040e014
instruction	0040df9e	FUN_0040df9e	0040e014	0040e017	FALL_THROUGH	FUN_0040df9e	bytes=8B45D4;mnemonic=MOV;instruction=MOV EAX,dword ptr [EBP + -0x2c];inputs=EBP,0xffffffd4;results=EAX;flows=;fallthrough=0040e017
instruction_reference	0040df9e	FUN_0040df9e	0040e014	Stack[-0x30]	READ		operand_index=1;primary=true;source=ANALYSIS
instruction	0040df9e	FUN_0040df9e	0040e017	0040e021	FALL_THROUGH	FUN_0040df9e	bytes=C780FC01000000000000;mnemonic=MOV;instruction=MOV dword ptr [EAX + 0x1fc],0x0;inputs=EAX,0x0,0x1fc;results=;flows=;fallthrough=0040e021
instruction	0040df9e	FUN_0040df9e	0040e021	0040e024	FALL_THROUGH	FUN_0040df9e	bytes=8B4DD4;mnemonic=MOV;instruction=MOV ECX,dword ptr [EBP + -0x2c];inputs=EBP,0xffffffd4;results=ECX;flows=;fallthrough=0040e024
instruction_reference	0040df9e	FUN_0040df9e	0040e021	Stack[-0x30]	READ		operand_index=1;primary=true;source=ANALYSIS
instruction	0040df9e	FUN_0040df9e	0040e024	0040e02e	FALL_THROUGH	FUN_0040df9e	bytes=C7810004000000000000;mnemonic=MOV;instruction=MOV dword ptr [ECX + 0x400],0x0;inputs=0x400,0x0,ECX;results=;flows=;fallthrough=0040e02e
instruction	0040df9e	FUN_0040df9e	0040e02e	0040e031	FALL_THROUGH	FUN_0040df9e	bytes=8B55D4;mnemonic=MOV;instruction=MOV EDX,dword ptr [EBP + -0x2c];inputs=EBP,0xffffffd4;results=EDX;flows=;fallthrough=0040e031
instruction_reference	0040df9e	FUN_0040df9e	0040e02e	Stack[-0x30]	READ		operand_index=1;primary=true;source=ANALYSIS
instruction	0040df9e	FUN_0040df9e	0040e031	0040e03b	FALL_THROUGH	FUN_0040df9e	bytes=C7820404000000000000;mnemonic=MOV;instruction=MOV dword ptr [EDX + 0x404],0x0;inputs=0x0,0x404,EDX;results=;flows=;fallthrough=0040e03b
instruction	0040df9e	FUN_0040df9e	0040e03b	0040e03e	FALL_THROUGH	FUN_0040df9e	bytes=8B45D4;mnemonic=MOV;instruction=MOV EAX,dword ptr [EBP + -0x2c];inputs=EBP,0xffffffd4;results=EAX;flows=;fallthrough=0040e03e
instruction_reference	0040df9e	FUN_0040df9e	0040e03b	Stack[-0x30]	READ		operand_index=1;primary=true;source=ANALYSIS
instruction	0040df9e	FUN_0040df9e	0040e03e	0040e048	FALL_THROUGH	FUN_0040df9e	bytes=C7800804000000000000;mnemonic=MOV;instruction=MOV dword ptr [EAX + 0x408],0x0;inputs=EAX,0x0,0x408;results=;flows=;fallthrough=0040e048
instruction	0040df9e	FUN_0040df9e	0040e048	0040e04d	FALL_THROUGH	FUN_0040df9e	bytes=680000FFFF;mnemonic=PUSH;instruction=PUSH 0xffff0000;inputs=ESP,0x4,0xffff0000;results=ESP;flows=;fallthrough=0040e04d
instruction	0040df9e	FUN_0040df9e	0040e04d	0040e04f	FALL_THROUGH	FUN_0040df9e	bytes=6A00;mnemonic=PUSH;instruction=PUSH 0x0;inputs=0x0,ESP,0x4;results=ESP;flows=;fallthrough=0040e04f
instruction	0040df9e	FUN_0040df9e	0040e04f	0040e052	FALL_THROUGH	FUN_0040df9e	bytes=8B4D20;mnemonic=MOV;instruction=MOV ECX,dword ptr [EBP + 0x20];inputs=0x20,EBP;results=ECX;flows=;fallthrough=0040e052
instruction_reference	0040df9e	FUN_0040df9e	0040e04f	Stack[0x1c]	READ		operand_index=1;primary=true;source=ANALYSIS
instruction	0040df9e	FUN_0040df9e	0040e052	0040e053	FALL_THROUGH	FUN_0040df9e	bytes=51;mnemonic=PUSH;instruction=PUSH ECX;inputs=ESP,ECX,0x4;results=ESP;flows=;fallthrough=0040e053
instruction	0040df9e	FUN_0040df9e	0040e053	0040e056	FALL_THROUGH	FUN_0040df9e	bytes=8B551C;mnemonic=MOV;instruction=MOV EDX,dword ptr [EBP + 0x1c];inputs=EBP,0x1c;results=EDX;flows=;fallthrough=0040e056
instruction_reference	0040df9e	FUN_0040df9e	0040e053	Stack[0x18]	READ		operand_index=1;primary=true;source=ANALYSIS
instruction	0040df9e	FUN_0040df9e	0040e056	0040e057	FALL_THROUGH	FUN_0040df9e	bytes=52;mnemonic=PUSH;instruction=PUSH EDX;inputs=ESP,0x4,EDX;results=ESP;flows=;fallthrough=0040e057
instruction	0040df9e	FUN_0040df9e	0040e057	0040e059	FALL_THROUGH	FUN_0040df9e	bytes=6A00;mnemonic=PUSH;instruction=PUSH 0x0;inputs=0x0,ESP,0x4;results=ESP;flows=;fallthrough=0040e059
instruction	0040df9e	FUN_0040df9e	0040e059	0040e05b	FALL_THROUGH	FUN_0040df9e	bytes=6A00;mnemonic=PUSH;instruction=PUSH 0x0;inputs=0x0,ESP,0x4;results=ESP;flows=;fallthrough=0040e05b
instruction	0040df9e	FUN_0040df9e	0040e05b	0040e05d	FALL_THROUGH	FUN_0040df9e	bytes=6AFE;mnemonic=PUSH;instruction=PUSH -0x2;inputs=ESP,0xfffffffe,0x4;results=ESP;flows=;fallthrough=0040e05d
instruction	0040df9e	FUN_0040df9e	0040e05d	0040e05f	FALL_THROUGH	FUN_0040df9e	bytes=6A04;mnemonic=PUSH;instruction=PUSH 0x4;inputs=ESP,0x4;results=ESP;flows=;fallthrough=0040e05f
instruction	0040df9e	FUN_0040df9e	0040e05f	0040e062	FALL_THROUGH	FUN_0040df9e	bytes=8B4DD4;mnemonic=MOV;instruction=MOV ECX,dword ptr [EBP + -0x2c];inputs=EBP,0xffffffd4;results=ECX;flows=;fallthrough=0040e062
instruction_reference	0040df9e	FUN_0040df9e	0040e05f	Stack[-0x30]	READ		operand_index=1;primary=true;source=ANALYSIS
instruction	0040df9e	FUN_0040df9e	0040e062	0040e068	FALL_THROUGH	FUN_0040df9e	bytes=81C10C040000;mnemonic=ADD;instruction=ADD ECX,0x40c;inputs=0x0,0x1,ECX,0x40c,0xff;results=CF,PF,ECX,ZF,SF,OF;flows=;fallthrough=0040e068
instruction	0040df9e	FUN_0040df9e	0040e068	0040e06d	UNCONDITIONAL_CALL	FUN_0040df9e	bytes=E833DEFFFF;mnemonic=CALL;instruction=CALL 0x0040bea0;inputs=ESP,0x4,0x40e06d;results=ESP;flows=0040bea0;fallthrough=0040e06d
instruction_reference	0040df9e	FUN_0040df9e	0040e068	0040bea0	UNCONDITIONAL_CALL	FUN_0040bea0	operand_index=0;primary=true;source=DEFAULT
instruction	0040df9e	FUN_0040df9e	0040e06d	0040e070	FALL_THROUGH	FUN_0040df9e	bytes=8B45D4;mnemonic=MOV;instruction=MOV EAX,dword ptr [EBP + -0x2c];inputs=EBP,0xffffffd4;results=EAX;flows=;fallthrough=0040e070
instruction_reference	0040df9e	FUN_0040df9e	0040e06d	Stack[-0x30]	READ		operand_index=1;primary=true;source=ANALYSIS
instruction	0040df9e	FUN_0040df9e	0040e070	0040e07a	FALL_THROUGH	FUN_0040df9e	bytes=C7807805000000000000;mnemonic=MOV;instruction=MOV dword ptr [EAX + 0x578],0x0;inputs=EAX,0x0,0x578;results=;flows=;fallthrough=0040e07a
instruction	0040df9e	FUN_0040df9e	0040e07a	0040e07c	FALL_THROUGH	FUN_0040df9e	bytes=6A00;mnemonic=PUSH;instruction=PUSH 0x0;inputs=0x0,ESP,0x4;results=ESP;flows=;fallthrough=0040e07c
instruction	0040df9e	FUN_0040df9e	0040e07c	0040e07e	FALL_THROUGH	FUN_0040df9e	bytes=6A00;mnemonic=PUSH;instruction=PUSH 0x0;inputs=0x0,ESP,0x4;results=ESP;flows=;fallthrough=0040e07e
instruction	0040df9e	FUN_0040df9e	0040e07e	0040e081	FALL_THROUGH	FUN_0040df9e	bytes=8B4DD4;mnemonic=MOV;instruction=MOV ECX,dword ptr [EBP + -0x2c];inputs=EBP,0xffffffd4;results=ECX;flows=;fallthrough=0040e081
instruction_reference	0040df9e	FUN_0040df9e	0040e07e	Stack[-0x30]	READ		operand_index=1;primary=true;source=ANALYSIS
instruction	0040df9e	FUN_0040df9e	0040e081	0040e087	FALL_THROUGH	FUN_0040df9e	bytes=81C17C050000;mnemonic=ADD;instruction=ADD ECX,0x57c;inputs=0x0,0x1,ECX,0x57c,0xff;results=CF,PF,ECX,ZF,SF,OF;flows=;fallthrough=0040e087
instruction	0040df9e	FUN_0040df9e	0040e087	0040e08c	UNCONDITIONAL_CALL	FUN_0040df9e	bytes=E8942E0200;mnemonic=CALL;instruction=CALL 0x00430f20;inputs=ESP,0x4,0x40e08c;results=ESP;flows=00430f20;fallthrough=0040e08c
instruction_reference	0040df9e	FUN_0040df9e	0040e087	00430f20	UNCONDITIONAL_CALL	FUN_00430f20	operand_index=0;primary=true;source=DEFAULT
instruction	0040df9e	FUN_0040df9e	0040e08c	0040e08e	FALL_THROUGH	FUN_0040df9e	bytes=6A00;mnemonic=PUSH;instruction=PUSH 0x0;inputs=0x0,ESP,0x4;results=ESP;flows=;fallthrough=0040e08e
instruction	0040df9e	FUN_0040df9e	0040e08e	0040e090	FALL_THROUGH	FUN_0040df9e	bytes=6A00;mnemonic=PUSH;instruction=PUSH 0x0;inputs=0x0,ESP,0x4;results=ESP;flows=;fallthrough=0040e090
instruction	0040df9e	FUN_0040df9e	0040e090	0040e093	FALL_THROUGH	FUN_0040df9e	bytes=8B4DD4;mnemonic=MOV;instruction=MOV ECX,dword ptr [EBP + -0x2c];inputs=EBP,0xffffffd4;results=ECX;flows=;fallthrough=0040e093
instruction_reference	0040df9e	FUN_0040df9e	0040e090	Stack[-0x30]	READ		operand_index=1;primary=true;source=ANALYSIS
instruction	0040df9e	FUN_0040df9e	0040e093	0040e099	FALL_THROUGH	FUN_0040df9e	bytes=81C184050000;mnemonic=ADD;instruction=ADD ECX,0x584;inputs=0x0,0x1,ECX,0x584,0xff;results=CF,PF,ECX,ZF,SF,OF;flows=;fallthrough=0040e099
instruction	0040df9e	FUN_0040df9e	0040e099	0040e09e	UNCONDITIONAL_CALL	FUN_0040df9e	bytes=E8822E0200;mnemonic=CALL;instruction=CALL 0x00430f20;inputs=ESP,0x4,0x40e09e;results=ESP;flows=00430f20;fallthrough=0040e09e
instruction_reference	0040df9e	FUN_0040df9e	0040e099	00430f20	UNCONDITIONAL_CALL	FUN_00430f20	operand_index=0;primary=true;source=DEFAULT
instruction	0040df9e	FUN_0040df9e	0040e09e	0040e0a1	FALL_THROUGH	FUN_0040df9e	bytes=8B4DD4;mnemonic=MOV;instruction=MOV ECX,dword ptr [EBP + -0x2c];inputs=EBP,0xffffffd4;results=ECX;flows=;fallthrough=0040e0a1
instruction_reference	0040df9e	FUN_0040df9e	0040e09e	Stack[-0x30]	READ		operand_index=1;primary=true;source=ANALYSIS
instruction	0040df9e	FUN_0040df9e	0040e0a1	0040e0a7	FALL_THROUGH	FUN_0040df9e	bytes=C70124405A00;mnemonic=MOV;instruction=MOV dword ptr [ECX],0x5a4024;inputs=ECX,0x5a4024;results=;flows=;fallthrough=0040e0a7
instruction_reference	0040df9e	FUN_0040df9e	0040e0a1	005a4024	DATA	PTR_FUN_005a4024	operand_index=1;primary=true;source=ANALYSIS
instruction	0040df9e	FUN_0040df9e	0040e0a7	0040e0ae	FALL_THROUGH	FUN_0040df9e	bytes=833D2C895B0002;mnemonic=CMP;instruction=CMP dword ptr [0x005b892c],0x2;inputs=0x0,0x1,0x2,005b892c,0xff;results=CF,PF,ZF,SF,OF;flows=;fallthrough=0040e0ae
instruction_reference	0040df9e	FUN_0040df9e	0040e0a7	005b892c	READ	DAT_005b892c	operand_index=0;primary=true;source=DEFAULT
instruction	0040df9e	FUN_0040df9e	0040e0ae	0040e0b0	CONDITIONAL_JUMP	FUN_0040df9e	bytes=750F;mnemonic=JNZ;instruction=JNZ 0x0040e0bf;inputs=ZF;results=;flows=0040e0bf;fallthrough=0040e0b0
instruction_reference	0040df9e	FUN_0040df9e	0040e0ae	0040e0bf	CONDITIONAL_JUMP	LAB_0040e0bf	operand_index=0;primary=true;source=DEFAULT
instruction	0040df9e	FUN_0040df9e	0040e0b0	0040e0b7	FALL_THROUGH	FUN_0040df9e	bytes=C745F00000803F;mnemonic=MOV;instruction=MOV dword ptr [EBP + -0x10],0x3f800000;inputs=0x3f800000,EBP,0xfffffff0;results=;flows=;fallthrough=0040e0b7
instruction_reference	0040df9e	FUN_0040df9e	0040e0b0	Stack[-0x14]	WRITE		operand_index=0;primary=true;source=ANALYSIS
instruction	0040df9e	FUN_0040df9e	0040e0b7	0040e0ba	FALL_THROUGH	FUN_0040df9e	bytes=8B55F0;mnemonic=MOV;instruction=MOV EDX,dword ptr [EBP + -0x10];inputs=EBP,0xfffffff0;results=EDX;flows=;fallthrough=0040e0ba
instruction_reference	0040df9e	FUN_0040df9e	0040e0b7	Stack[-0x14]	READ		operand_index=1;primary=true;source=ANALYSIS
instruction	0040df9e	FUN_0040df9e	0040e0ba	0040e0bd	FALL_THROUGH	FUN_0040df9e	bytes=8955EC;mnemonic=MOV;instruction=MOV dword ptr [EBP + -0x14],EDX;inputs=0xffffffec,EBP,EDX;results=;flows=;fallthrough=0040e0bd
instruction_reference	0040df9e	FUN_0040df9e	0040e0ba	Stack[-0x18]	WRITE		operand_index=0;primary=true;source=ANALYSIS
instruction	0040df9e	FUN_0040df9e	0040e0bd		UNCONDITIONAL_JUMP	FUN_0040df9e	bytes=EB11;mnemonic=JMP;instruction=JMP 0x0040e0d0;inputs=;results=;flows=0040e0d0;fallthrough=
instruction_reference	0040df9e	FUN_0040df9e	0040e0bd	0040e0d0	UNCONDITIONAL_JUMP	LAB_0040e0d0	operand_index=0;primary=true;source=DEFAULT
instruction	0040df9e	FUN_0040df9e	0040e0bf	0040e0c4	FALL_THROUGH	FUN_0040df9e	bytes=A10C495B00;mnemonic=MOV;instruction=MOV EAX,[0x005b490c];inputs=005b490c;results=EAX;flows=;fallthrough=0040e0c4
instruction_reference	0040df9e	FUN_0040df9e	0040e0bf	005b490c	READ	DAT_005b490c	operand_index=1;primary=true;source=DEFAULT
instruction	0040df9e	FUN_0040df9e	0040e0c4	0040e0c7	FALL_THROUGH	FUN_0040df9e	bytes=8945EC;mnemonic=MOV;instruction=MOV dword ptr [EBP + -0x14],EAX;inputs=EAX,0xffffffec,EBP;results=;flows=;fallthrough=0040e0c7
instruction_reference	0040df9e	FUN_0040df9e	0040e0c4	Stack[-0x18]	WRITE		operand_index=0;primary=true;source=ANALYSIS
instruction	0040df9e	FUN_0040df9e	0040e0c7	0040e0cd	FALL_THROUGH	FUN_0040df9e	bytes=8B0D10495B00;mnemonic=MOV;instruction=MOV ECX,dword ptr [0x005b4910];inputs=005b4910;results=ECX;flows=;fallthrough=0040e0cd
instruction_reference	0040df9e	FUN_0040df9e	0040e0c7	005b4910	READ	DAT_005b4910	operand_index=1;primary=true;source=DEFAULT
instruction	0040df9e	FUN_0040df9e	0040e0cd	0040e0d0	FALL_THROUGH	FUN_0040df9e	bytes=894DF0;mnemonic=MOV;instruction=MOV dword ptr [EBP + -0x10],ECX;inputs=EBP,ECX,0xfffffff0;results=;flows=;fallthrough=0040e0d0
instruction_reference	0040df9e	FUN_0040df9e	0040e0cd	Stack[-0x14]	WRITE		operand_index=0;primary=true;source=ANALYSIS
instruction	0040df9e	FUN_0040df9e	0040e0d0	0040e0d3	FALL_THROUGH	FUN_0040df9e	bytes=8B55D4;mnemonic=MOV;instruction=MOV EDX,dword ptr [EBP + -0x2c];inputs=EBP,0xffffffd4;results=EDX;flows=;fallthrough=0040e0d3
instruction_reference	0040df9e	FUN_0040df9e	0040e0d0	Stack[-0x30]	READ		operand_index=1;primary=true;source=ANALYSIS
instruction	0040df9e	FUN_0040df9e	0040e0d3	0040e0d6	FALL_THROUGH	FUN_0040df9e	bytes=8B45D4;mnemonic=MOV;instruction=MOV EAX,dword ptr [EBP + -0x2c];inputs=EBP,0xffffffd4;results=EAX;flows=;fallthrough=0040e0d6
instruction_reference	0040df9e	FUN_0040df9e	0040e0d3	Stack[-0x30]	READ		operand_index=1;primary=true;source=ANALYSIS
instruction	0040df9e	FUN_0040df9e	0040e0d6	0040e0dc	FALL_THROUGH	FUN_0040df9e	bytes=8B8AE8010000;mnemonic=MOV;instruction=MOV ECX,dword ptr [EDX + 0x1e8];inputs=EDX,0x1e8;results=ECX;flows=;fallthrough=0040e0dc
instruction	0040df9e	FUN_0040df9e	0040e0dc	0040e0e3	FALL_THROUGH	FUN_0040df9e	bytes=0FAF88EC010000;mnemonic=IMUL;instruction=IMUL ECX,dword ptr [EAX + 0x1ec];inputs=EAX,0x0,ECX,0x4,0x1ec;results=CF,ECX,OF;flows=;fallthrough=0040e0e3
instruction	0040df9e	FUN_0040df9e	0040e0e3	0040e0e6	FALL_THROUGH	FUN_0040df9e	bytes=C1E102;mnemonic=SHL;instruction=SHL ECX,0x2;inputs=0x0,CF,0x1,0x2,PF,ECX,ZF,SF,OF,0x1f,0xff;results=CF,PF,ECX,ZF,SF,OF;flows=;fallthrough=0040e0e6
instruction	0040df9e	FUN_0040df9e	0040e0e6	0040e0e7	FALL_THROUGH	FUN_0040df9e	bytes=51;mnemonic=PUSH;instruction=PUSH ECX;inputs=ESP,ECX,0x4;results=ESP;flows=;fallthrough=0040e0e7
instruction	0040df9e	FUN_0040df9e	0040e0e7	0040e0ec	UNCONDITIONAL_CALL	FUN_0040df9e	bytes=E8DE0F1800;mnemonic=CALL;instruction=CALL 0x0058f0ca;inputs=ESP,0x4,0x40e0ec;results=ESP;flows=0058f0ca;fallthrough=0040e0ec
instruction_reference	0040df9e	FUN_0040df9e	0040e0e7	0058f0ca	UNCONDITIONAL_CALL	operator_new	operand_index=0;primary=true;source=DEFAULT
instruction	0040df9e	FUN_0040df9e	0040e0ec	0040e0ef	FALL_THROUGH	FUN_0040df9e	bytes=83C404;mnemonic=ADD;instruction=ADD ESP,0x4;inputs=ESP,0x0,0x1,0x4,0xff;results=CF,ESP,PF,ZF,SF,OF;flows=;fallthrough=0040e0ef
instruction	0040df9e	FUN_0040df9e	0040e0ef	0040e0f2	FALL_THROUGH	FUN_0040df9e	bytes=8945E0;mnemonic=MOV;instruction=MOV dword ptr [EBP + -0x20],EAX;inputs=EAX,EBP,0xffffffe0;results=;flows=;fallthrough=0040e0f2
instruction_reference	0040df9e	FUN_0040df9e	0040e0ef	Stack[-0x24]	WRITE		operand_index=0;primary=true;source=ANALYSIS
instruction	0040df9e	FUN_0040df9e	0040e0f2	0040e0f5	FALL_THROUGH	FUN_0040df9e	bytes=8B55D4;mnemonic=MOV;instruction=MOV EDX,dword ptr [EBP + -0x2c];inputs=EBP,0xffffffd4;results=EDX;flows=;fallthrough=0040e0f5
instruction_reference	0040df9e	FUN_0040df9e	0040e0f2	Stack[-0x30]	READ		operand_index=1;primary=true;source=ANALYSIS
instruction	0040df9e	FUN_0040df9e	0040e0f5	0040e0f8	FALL_THROUGH	FUN_0040df9e	bytes=8B45E0;mnemonic=MOV;instruction=MOV EAX,dword ptr [EBP + -0x20];inputs=EBP,0xffffffe0;results=EAX;flows=;fallthrough=0040e0f8
instruction_reference	0040df9e	FUN_0040df9e	0040e0f5	Stack[-0x24]	READ		operand_index=1;primary=true;source=ANALYSIS
instruction	0040df9e	FUN_0040df9e	0040e0f8	0040e0fe	FALL_THROUGH	FUN_0040df9e	bytes=8982F0010000;mnemonic=MOV;instruction=MOV dword ptr [EDX + 0x1f0],EAX;inputs=0x1f0,EAX,EDX;results=;flows=;fallthrough=0040e0fe
instruction	0040df9e	FUN_0040df9e	0040e0fe	0040e101	FALL_THROUGH	FUN_0040df9e	bytes=8B4D0C;mnemonic=MOV;instruction=MOV ECX,dword ptr [EBP + 0xc];inputs=EBP,0xc;results=ECX;flows=;fallthrough=0040e101
instruction_reference	0040df9e	FUN_0040df9e	0040e0fe	Stack[0x8]	READ		operand_index=1;primary=true;source=ANALYSIS
instruction	0040df9e	FUN_0040df9e	0040e101	0040e105	FALL_THROUGH	FUN_0040df9e	bytes=0FAF4D10;mnemonic=IMUL;instruction=IMUL ECX,dword ptr [EBP + 0x10];inputs=0x10,0x0,EBP,ECX,0x4;results=CF,ECX,OF;flows=;fallthrough=0040e105
instruction_reference	0040df9e	FUN_0040df9e	0040e101	Stack[0xc]	READ		operand_index=1;primary=true;source=ANALYSIS
instruction	0040df9e	FUN_0040df9e	0040e105	0040e108	FALL_THROUGH	FUN_0040df9e	bytes=894DE8;mnemonic=MOV;instruction=MOV dword ptr [EBP + -0x18],ECX;inputs=EBP,ECX,0xffffffe8;results=;flows=;fallthrough=0040e108
instruction_reference	0040df9e	FUN_0040df9e	0040e105	Stack[-0x1c]	WRITE		operand_index=0;primary=true;source=ANALYSIS
instruction	0040df9e	FUN_0040df9e	0040e108	0040e10b	FALL_THROUGH	FUN_0040df9e	bytes=8B55E8;mnemonic=MOV;instruction=MOV EDX,dword ptr [EBP + -0x18];inputs=EBP,0xffffffe8;results=EDX;flows=;fallthrough=0040e10b
instruction_reference	0040df9e	FUN_0040df9e	0040e108	Stack[-0x1c]	READ		operand_index=1;primary=true;source=ANALYSIS
instruction	0040df9e	FUN_0040df9e	0040e10b	0040e111	FALL_THROUGH	FUN_0040df9e	bytes=69D26C010000;mnemonic=IMUL;instruction=IMUL EDX,EDX,0x16c;inputs=0x0,0x4,EDX,0x16c;results=CF,EDX,OF;flows=;fallthrough=0040e111
instruction	0040df9e	FUN_0040df9e	0040e111	0040e112	FALL_THROUGH	FUN_0040df9e	bytes=52;mnemonic=PUSH;instruction=PUSH EDX;inputs=ESP,0x4,EDX;results=ESP;flows=;fallthrough=0040e112
instruction	0040df9e	FUN_0040df9e	0040e112	0040e117	UNCONDITIONAL_CALL	FUN_0040df9e	bytes=E8B30F1800;mnemonic=CALL;instruction=CALL 0x0058f0ca;inputs=ESP,0x4,0x40e117;results=ESP;flows=0058f0ca;fallthrough=0040e117
instruction_reference	0040df9e	FUN_0040df9e	0040e112	0058f0ca	UNCONDITIONAL_CALL	operator_new	operand_index=0;primary=true;source=DEFAULT
instruction	0040df9e	FUN_0040df9e	0040e117	0040e11a	FALL_THROUGH	FUN_0040df9e	bytes=83C404;mnemonic=ADD;instruction=ADD ESP,0x4;inputs=ESP,0x0,0x1,0x4,0xff;results=CF,ESP,PF,ZF,SF,OF;flows=;fallthrough=0040e11a
instruction	0040df9e	FUN_0040df9e	0040e11a	0040e11d	FALL_THROUGH	FUN_0040df9e	bytes=8945D8;mnemonic=MOV;instruction=MOV dword ptr [EBP + -0x28],EAX;inputs=EAX,EBP,0xffffffd8;results=;flows=;fallthrough=0040e11d
instruction_reference	0040df9e	FUN_0040df9e	0040e11a	Stack[-0x2c]	WRITE		operand_index=0;primary=true;source=ANALYSIS
instruction	0040df9e	FUN_0040df9e	0040e11d	0040e121	FALL_THROUGH	FUN_0040df9e	bytes=C645FC01;mnemonic=MOV;instruction=MOV byte ptr [EBP + -0x4],0x1;inputs=0x1,0xfffffffc,EBP;results=;flows=;fallthrough=0040e121
instruction_reference	0040df9e	FUN_0040df9e	0040e11d	Stack[-0x8]	WRITE		operand_index=0;primary=true;source=ANALYSIS
instruction	0040df9e	FUN_0040df9e	0040e121	0040e125	FALL_THROUGH	FUN_0040df9e	bytes=837DD800;mnemonic=CMP;instruction=CMP dword ptr [EBP + -0x28],0x0;inputs=0x0,0x1,EBP,0xffffffd8,0xff;results=CF,PF,ZF,SF,OF;flows=;fallthrough=0040e125
instruction_reference	0040df9e	FUN_0040df9e	0040e121	Stack[-0x2c]	READ		operand_index=0;primary=true;source=ANALYSIS
instruction	0040df9e	FUN_0040df9e	0040e125	0040e127	CONDITIONAL_JUMP	FUN_0040df9e	bytes=741F;mnemonic=JZ;instruction=JZ 0x0040e146;inputs=ZF;results=;flows=0040e146;fallthrough=0040e127
instruction_reference	0040df9e	FUN_0040df9e	0040e125	0040e146	CONDITIONAL_JUMP	LAB_0040e146	operand_index=0;primary=true;source=DEFAULT
instruction	0040df9e	FUN_0040df9e	0040e127	0040e12c	FALL_THROUGH	FUN_0040df9e	bytes=68B0BD4000;mnemonic=PUSH;instruction=PUSH 0x40bdb0;inputs=0x40bdb0,ESP,0x4;results=ESP;flows=;fallthrough=0040e12c
instruction_reference	0040df9e	FUN_0040df9e	0040e127	0040bdb0	DATA	FUN_0040bdb0	operand_index=0;primary=true;source=ANALYSIS
instruction	0040df9e	FUN_0040df9e	0040e12c	0040e12f	FALL_THROUGH	FUN_0040df9e	bytes=8B45E8;mnemonic=MOV;instruction=MOV EAX,dword ptr [EBP + -0x18];inputs=EBP,0xffffffe8;results=EAX;flows=;fallthrough=0040e12f
instruction_reference	0040df9e	FUN_0040df9e	0040e12c	Stack[-0x1c]	READ		operand_index=1;primary=true;source=ANALYSIS
instruction	0040df9e	FUN_0040df9e	0040e12f	0040e130	FALL_THROUGH	FUN_0040df9e	bytes=50;mnemonic=PUSH;instruction=PUSH EAX;inputs=EAX,ESP,0x4;results=ESP;flows=;fallthrough=0040e130
instruction	0040df9e	FUN_0040df9e	0040e130	0040e135	FALL_THROUGH	FUN_0040df9e	bytes=686C010000;mnemonic=PUSH;instruction=PUSH 0x16c;inputs=ESP,0x4,0x16c;results=ESP;flows=;fallthrough=0040e135
instruction	0040df9e	FUN_0040df9e	0040e135	0040e138	FALL_THROUGH	FUN_0040df9e	bytes=8B4DD8;mnemonic=MOV;instruction=MOV ECX,dword ptr [EBP + -0x28];inputs=EBP,0xffffffd8;results=ECX;flows=;fallthrough=0040e138
instruction_reference	0040df9e	FUN_0040df9e	0040e135	Stack[-0x2c]	READ		operand_index=1;primary=true;source=ANALYSIS
instruction	0040df9e	FUN_0040df9e	0040e138	0040e139	FALL_THROUGH	FUN_0040df9e	bytes=51;mnemonic=PUSH;instruction=PUSH ECX;inputs=ESP,ECX,0x4;results=ESP;flows=;fallthrough=0040e139
instruction	0040df9e	FUN_0040df9e	0040e139	0040e13e	UNCONDITIONAL_CALL	FUN_0040df9e	bytes=E8D2370100;mnemonic=CALL;instruction=CALL 0x00421910;inputs=ESP,0x4,0x40e13e;results=ESP;flows=00421910;fallthrough=0040e13e
instruction_reference	0040df9e	FUN_0040df9e	0040e139	00421910	UNCONDITIONAL_CALL	FUN_00421910	operand_index=0;primary=true;source=DEFAULT
instruction	0040df9e	FUN_0040df9e	0040e13e	0040e141	FALL_THROUGH	FUN_0040df9e	bytes=8B55D8;mnemonic=MOV;instruction=MOV EDX,dword ptr [EBP + -0x28];inputs=EBP,0xffffffd8;results=EDX;flows=;fallthrough=0040e141
instruction_reference	0040df9e	FUN_0040df9e	0040e13e	Stack[-0x2c]	READ		operand_index=1;primary=true;source=ANALYSIS
instruction	0040df9e	FUN_0040df9e	0040e141	0040e144	FALL_THROUGH	FUN_0040df9e	bytes=8955D0;mnemonic=MOV;instruction=MOV dword ptr [EBP + -0x30],EDX;inputs=EBP,EDX,0xffffffd0;results=;flows=;fallthrough=0040e144
instruction_reference	0040df9e	FUN_0040df9e	0040e141	Stack[-0x34]	WRITE		operand_index=0;primary=true;source=ANALYSIS
instruction	0040df9e	FUN_0040df9e	0040e144		UNCONDITIONAL_JUMP	FUN_0040df9e	bytes=EB07;mnemonic=JMP;instruction=JMP 0x0040e14d;inputs=;results=;flows=0040e14d;fallthrough=
instruction_reference	0040df9e	FUN_0040df9e	0040e144	0040e14d	UNCONDITIONAL_JUMP	LAB_0040e14d	operand_index=0;primary=true;source=DEFAULT
instruction	0040df9e	FUN_0040df9e	0040e146	0040e14d	FALL_THROUGH	FUN_0040df9e	bytes=C745D000000000;mnemonic=MOV;instruction=MOV dword ptr [EBP + -0x30],0x0;inputs=0x0,EBP,0xffffffd0;results=;flows=;fallthrough=0040e14d
instruction_reference	0040df9e	FUN_0040df9e	0040e146	Stack[-0x34]	WRITE		operand_index=0;primary=true;source=ANALYSIS
instruction	0040df9e	FUN_0040df9e	0040e14d	0040e150	FALL_THROUGH	FUN_0040df9e	bytes=8B45D0;mnemonic=MOV;instruction=MOV EAX,dword ptr [EBP + -0x30];inputs=EBP,0xffffffd0;results=EAX;flows=;fallthrough=0040e150
instruction_reference	0040df9e	FUN_0040df9e	0040e14d	Stack[-0x34]	READ		operand_index=1;primary=true;source=ANALYSIS
instruction	0040df9e	FUN_0040df9e	0040e150	0040e153	FALL_THROUGH	FUN_0040df9e	bytes=8945DC;mnemonic=MOV;instruction=MOV dword ptr [EBP + -0x24],EAX;inputs=EAX,0xffffffdc,EBP;results=;flows=;fallthrough=0040e153
instruction_reference	0040df9e	FUN_0040df9e	0040e150	Stack[-0x28]	WRITE		operand_index=0;primary=true;source=ANALYSIS
instruction	0040df9e	FUN_0040df9e	0040e153	0040e157	FALL_THROUGH	FUN_0040df9e	bytes=C645FC00;mnemonic=MOV;instruction=MOV byte ptr [EBP + -0x4],0x0;inputs=0x0,0xfffffffc,EBP;results=;flows=;fallthrough=0040e157
instruction_reference	0040df9e	FUN_0040df9e	0040e153	Stack[-0x8]	WRITE		operand_index=0;primary=true;source=ANALYSIS
instruction	0040df9e	FUN_0040df9e	0040e157	0040e15a	FALL_THROUGH	FUN_0040df9e	bytes=8B4DD4;mnemonic=MOV;instruction=MOV ECX,dword ptr [EBP + -0x2c];inputs=EBP,0xffffffd4;results=ECX;flows=;fallthrough=0040e15a
instruction_reference	0040df9e	FUN_0040df9e	0040e157	Stack[-0x30]	READ		operand_index=1;primary=true;source=ANALYSIS
instruction	0040df9e	FUN_0040df9e	0040e15a	0040e15d	FALL_THROUGH	FUN_0040df9e	bytes=8B55DC;mnemonic=MOV;instruction=MOV EDX,dword ptr [EBP + -0x24];inputs=0xffffffdc,EBP;results=EDX;flows=;fallthrough=0040e15d
instruction_reference	0040df9e	FUN_0040df9e	0040e15a	Stack[-0x28]	READ		operand_index=1;primary=true;source=ANALYSIS
instruction	0040df9e	FUN_0040df9e	0040e15d	0040e163	FALL_THROUGH	FUN_0040df9e	bytes=8991F4010000;mnemonic=MOV;instruction=MOV dword ptr [ECX + 0x1f4],EDX;inputs=ECX,0x1f4,EDX;results=;flows=;fallthrough=0040e163
instruction	0040df9e	FUN_0040df9e	0040e163	0040e166	FALL_THROUGH	FUN_0040df9e	bytes=8B45D4;mnemonic=MOV;instruction=MOV EAX,dword ptr [EBP + -0x2c];inputs=EBP,0xffffffd4;results=EAX;flows=;fallthrough=0040e166
instruction_reference	0040df9e	FUN_0040df9e	0040e163	Stack[-0x30]	READ		operand_index=1;primary=true;source=ANALYSIS
instruction	0040df9e	FUN_0040df9e	0040e166	0040e16d	FALL_THROUGH	FUN_0040df9e	bytes=83B8F401000000;mnemonic=CMP;instruction=CMP dword ptr [EAX + 0x1f4],0x0;inputs=EAX,0x0,0x1,0x1f4,0xff;results=CF,PF,ZF,SF,OF;flows=;fallthrough=0040e16d
instruction	0040df9e	FUN_0040df9e	0040e16d	0040e173	CONDITIONAL_JUMP	FUN_0040df9e	bytes=0F84FC000000;mnemonic=JZ;instruction=JZ 0x0040e26f;inputs=ZF;results=;flows=0040e26f;fallthrough=0040e173
instruction_reference	0040df9e	FUN_0040df9e	0040e16d	0040e26f	CONDITIONAL_JUMP	LAB_0040e26f	operand_index=0;primary=true;source=DEFAULT
instruction	0040df9e	FUN_0040df9e	0040e173	0040e17a	FALL_THROUGH	FUN_0040df9e	bytes=C745E400000000;mnemonic=MOV;instruction=MOV dword ptr [EBP + -0x1c],0x0;inputs=0x0,EBP,0xffffffe4;results=;flows=;fallthrough=0040e17a
instruction_reference	0040df9e	FUN_0040df9e	0040e173	Stack[-0x20]	WRITE		operand_index=0;primary=true;source=ANALYSIS
instruction	0040df9e	FUN_0040df9e	0040e17a		UNCONDITIONAL_JUMP	FUN_0040df9e	bytes=EB09;mnemonic=JMP;instruction=JMP 0x0040e185;inputs=;results=;flows=0040e185;fallthrough=
instruction_reference	0040df9e	FUN_0040df9e	0040e17a	0040e185	UNCONDITIONAL_JUMP	LAB_0040e185	operand_index=0;primary=true;source=DEFAULT
instruction	0040df9e	FUN_0040df9e	0040e17c	0040e17f	FALL_THROUGH	FUN_0040df9e	bytes=8B4DE4;mnemonic=MOV;instruction=MOV ECX,dword ptr [EBP + -0x1c];inputs=EBP,0xffffffe4;results=ECX;flows=;fallthrough=0040e17f
instruction_reference	0040df9e	FUN_0040df9e	0040e17c	Stack[-0x20]	READ		operand_index=1;primary=true;source=ANALYSIS
instruction	0040df9e	FUN_0040df9e	0040e17f	0040e182	FALL_THROUGH	FUN_0040df9e	bytes=83C101;mnemonic=ADD;instruction=ADD ECX,0x1;inputs=0x0,0x1,ECX,0xff;results=CF,PF,ECX,ZF,SF,OF;flows=;fallthrough=0040e182
instruction	0040df9e	FUN_0040df9e	0040e182	0040e185	FALL_THROUGH	FUN_0040df9e	bytes=894DE4;mnemonic=MOV;instruction=MOV dword ptr [EBP + -0x1c],ECX;inputs=EBP,ECX,0xffffffe4;results=;flows=;fallthrough=0040e185
instruction_reference	0040df9e	FUN_0040df9e	0040e182	Stack[-0x20]	WRITE		operand_index=0;primary=true;source=ANALYSIS
instruction	0040df9e	FUN_0040df9e	0040e185	0040e188	FALL_THROUGH	FUN_0040df9e	bytes=8B550C;mnemonic=MOV;instruction=MOV EDX,dword ptr [EBP + 0xc];inputs=EBP,0xc;results=EDX;flows=;fallthrough=0040e188
instruction_reference	0040df9e	FUN_0040df9e	0040e185	Stack[0x8]	READ		operand_index=1;primary=true;source=ANALYSIS
instruction	0040df9e	FUN_0040df9e	0040e188	0040e18c	FALL_THROUGH	FUN_0040df9e	bytes=0FAF5510;mnemonic=IMUL;instruction=IMUL EDX,dword ptr [EBP + 0x10];inputs=0x10,0x0,EBP,0x4,EDX;results=CF,EDX,OF;flows=;fallthrough=0040e18c
instruction_reference	0040df9e	FUN_0040df9e	0040e188	Stack[0xc]	READ		operand_index=1;primary=true;source=ANALYSIS
instruction	0040df9e	FUN_0040df9e	0040e18c	0040e18f	FALL_THROUGH	FUN_0040df9e	bytes=3955E4;mnemonic=CMP;instruction=CMP dword ptr [EBP + -0x1c],EDX;inputs=0x0,0x1,EBP,EDX,0xffffffe4,0xff;results=CF,PF,ZF,SF,OF;flows=;fallthrough=0040e18f
instruction_reference	0040df9e	FUN_0040df9e	0040e18c	Stack[-0x20]	READ		operand_index=0;primary=true;source=ANALYSIS
instruction	0040df9e	FUN_0040df9e	0040e18f	0040e195	CONDITIONAL_JUMP	FUN_0040df9e	bytes=0F8DDA000000;mnemonic=JGE;instruction=JGE 0x0040e26f;inputs=SF,OF;results=;flows=0040e26f;fallthrough=0040e195
instruction_reference	0040df9e	FUN_0040df9e	0040e18f	0040e26f	CONDITIONAL_JUMP	LAB_0040e26f	operand_index=0;primary=true;source=DEFAULT
instruction	0040df9e	FUN_0040df9e	0040e195	0040e19c	FALL_THROUGH	FUN_0040df9e	bytes=833D2C895B0002;mnemonic=CMP;instruction=CMP dword ptr [0x005b892c],0x2;inputs=0x0,0x1,0x2,005b892c,0xff;results=CF,PF,ZF,SF,OF;flows=;fallthrough=0040e19c
instruction_reference	0040df9e	FUN_0040df9e	0040e195	005b892c	READ	DAT_005b892c	operand_index=0;primary=true;source=DEFAULT
instruction	0040df9e	FUN_0040df9e	0040e19c	0040e19e	CONDITIONAL_JUMP	FUN_0040df9e	bytes=751C;mnemonic=JNZ;instruction=JNZ 0x0040e1ba;inputs=ZF;results=;flows=0040e1ba;fallthrough=0040e19e
instruction_reference	0040df9e	FUN_0040df9e	0040e19c	0040e1ba	CONDITIONAL_JUMP	LAB_0040e1ba	operand_index=0;primary=true;source=DEFAULT
instruction	0040df9e	FUN_0040df9e	0040e19e	0040e1a1	FALL_THROUGH	FUN_0040df9e	bytes=8B45E4;mnemonic=MOV;instruction=MOV EAX,dword ptr [EBP + -0x1c];inputs=EBP,0xffffffe4;results=EAX;flows=;fallthrough=0040e1a1
instruction_reference	0040df9e	FUN_0040df9e	0040e19e	Stack[-0x20]	READ		operand_index=1;primary=true;source=ANALYSIS
instruction	0040df9e	FUN_0040df9e	0040e1a1	0040e1a7	FALL_THROUGH	FUN_0040df9e	bytes=69C06C010000;mnemonic=IMUL;instruction=IMUL EAX,EAX,0x16c;inputs=EAX,0x0,0x4,0x16c;results=EAX,CF,OF;flows=;fallthrough=0040e1a7
instruction	0040df9e	FUN_0040df9e	0040e1a7	0040e1aa	FALL_THROUGH	FUN_0040df9e	bytes=8B4DD4;mnemonic=MOV;instruction=MOV ECX,dword ptr [EBP + -0x2c];inputs=EBP,0xffffffd4;results=ECX;flows=;fallthrough=0040e1aa
instruction_reference	0040df9e	FUN_0040df9e	0040e1a7	Stack[-0x30]	READ		operand_index=1;primary=true;source=ANALYSIS
instruction	0040df9e	FUN_0040df9e	0040e1aa	0040e1b0	FALL_THROUGH	FUN_0040df9e	bytes=8B91F4010000;mnemonic=MOV;instruction=MOV EDX,dword ptr [ECX + 0x1f4];inputs=ECX,0x1f4;results=EDX;flows=;fallthrough=0040e1b0
instruction	0040df9e	FUN_0040df9e	0040e1b0	0040e1b8	FALL_THROUGH	FUN_0040df9e	bytes=C744023C0DFFFFFF;mnemonic=MOV;instruction=MOV dword ptr [EDX + EAX*0x1 + 0x3c],0xffffff0d;inputs=EAX,0x1,0xffffff0d,EDX,0x3c;results=;flows=;fallthrough=0040e1b8
instruction	0040df9e	FUN_0040df9e	0040e1b8		UNCONDITIONAL_JUMP	FUN_0040df9e	bytes=EB1A;mnemonic=JMP;instruction=JMP 0x0040e1d4;inputs=;results=;flows=0040e1d4;fallthrough=
instruction_reference	0040df9e	FUN_0040df9e	0040e1b8	0040e1d4	UNCONDITIONAL_JUMP	LAB_0040e1d4	operand_index=0;primary=true;source=DEFAULT
instruction	0040df9e	FUN_0040df9e	0040e1ba	0040e1bd	FALL_THROUGH	FUN_0040df9e	bytes=8B45E4;mnemonic=MOV;instruction=MOV EAX,dword ptr [EBP + -0x1c];inputs=EBP,0xffffffe4;results=EAX;flows=;fallthrough=0040e1bd
instruction_reference	0040df9e	FUN_0040df9e	0040e1ba	Stack[-0x20]	READ		operand_index=1;primary=true;source=ANALYSIS
instruction	0040df9e	FUN_0040df9e	0040e1bd	0040e1c3	FALL_THROUGH	FUN_0040df9e	bytes=69C06C010000;mnemonic=IMUL;instruction=IMUL EAX,EAX,0x16c;inputs=EAX,0x0,0x4,0x16c;results=EAX,CF,OF;flows=;fallthrough=0040e1c3
instruction	0040df9e	FUN_0040df9e	0040e1c3	0040e1c6	FALL_THROUGH	FUN_0040df9e	bytes=8B4DD4;mnemonic=MOV;instruction=MOV ECX,dword ptr [EBP + -0x2c];inputs=EBP,0xffffffd4;results=ECX;flows=;fallthrough=0040e1c6
instruction_reference	0040df9e	FUN_0040df9e	0040e1c3	Stack[-0x30]	READ		operand_index=1;primary=true;source=ANALYSIS
instruction	0040df9e	FUN_0040df9e	0040e1c6	0040e1cc	FALL_THROUGH	FUN_0040df9e	bytes=8B91F4010000;mnemonic=MOV;instruction=MOV EDX,dword ptr [ECX + 0x1f4];inputs=ECX,0x1f4;results=EDX;flows=;fallthrough=0040e1cc
instruction	0040df9e	FUN_0040df9e	0040e1cc	0040e1d4	FALL_THROUGH	FUN_0040df9e	bytes=C744023C74000000;mnemonic=MOV;instruction=MOV dword ptr [EDX + EAX*0x1 + 0x3c],0x74;inputs=EAX,0x1,0x74,EDX,0x3c;results=;flows=;fallthrough=0040e1d4
instruction	0040df9e	FUN_0040df9e	0040e1d4	0040e1d7	FALL_THROUGH	FUN_0040df9e	bytes=8B45E4;mnemonic=MOV;instruction=MOV EAX,dword ptr [EBP + -0x1c];inputs=EBP,0xffffffe4;results=EAX;flows=;fallthrough=0040e1d7
instruction_reference	0040df9e	FUN_0040df9e	0040e1d4	Stack[-0x20]	READ		operand_index=1;primary=true;source=ANALYSIS
instruction	0040df9e	FUN_0040df9e	0040e1d7	0040e1dd	FALL_THROUGH	FUN_0040df9e	bytes=69C06C010000;mnemonic=IMUL;instruction=IMUL EAX,EAX,0x16c;inputs=EAX,0x0,0x4,0x16c;results=EAX,CF,OF;flows=;fallthrough=0040e1dd
instruction	0040df9e	FUN_0040df9e	0040e1dd	0040e1e0	FALL_THROUGH	FUN_0040df9e	bytes=8B4DD4;mnemonic=MOV;instruction=MOV ECX,dword ptr [EBP + -0x2c];inputs=EBP,0xffffffd4;results=ECX;flows=;fallthrough=0040e1e0
instruction_reference	0040df9e	FUN_0040df9e	0040e1dd	Stack[-0x30]	READ		operand_index=1;primary=true;source=ANALYSIS
instruction	0040df9e	FUN_0040df9e	0040e1e0	0040e1e6	FALL_THROUGH	FUN_0040df9e	bytes=8B91F4010000;mnemonic=MOV;instruction=MOV EDX,dword ptr [ECX + 0x1f4];inputs=ECX,0x1f4;results=EDX;flows=;fallthrough=0040e1e6
instruction	0040df9e	FUN_0040df9e	0040e1e6	0040e1e9	FALL_THROUGH	FUN_0040df9e	bytes=8B4DE4;mnemonic=MOV;instruction=MOV ECX,dword ptr [EBP + -0x1c];inputs=EBP,0xffffffe4;results=ECX;flows=;fallthrough=0040e1e9
instruction_reference	0040df9e	FUN_0040df9e	0040e1e6	Stack[-0x20]	READ		operand_index=1;primary=true;source=ANALYSIS
instruction	0040df9e	FUN_0040df9e	0040e1e9	0040e1ed	FALL_THROUGH	FUN_0040df9e	bytes=894C0240;mnemonic=MOV;instruction=MOV dword ptr [EDX + EAX*0x1 + 0x40],ECX;inputs=0x40,EAX,0x1,ECX,EDX;results=;flows=;fallthrough=0040e1ed
instruction	0040df9e	FUN_0040df9e	0040e1ed	0040e1f0	FALL_THROUGH	FUN_0040df9e	bytes=8B55D4;mnemonic=MOV;instruction=MOV EDX,dword ptr [EBP + -0x2c];inputs=EBP,0xffffffd4;results=EDX;flows=;fallthrough=0040e1f0
instruction_reference	0040df9e	FUN_0040df9e	0040e1ed	Stack[-0x30]	READ		operand_index=1;primary=true;source=ANALYSIS
instruction	0040df9e	FUN_0040df9e	0040e1f0	0040e1f6	FALL_THROUGH	FUN_0040df9e	bytes=DB82EC010000;mnemonic=FILD;instruction=FILD dword ptr [EDX + 0x1ec];inputs=ST6,ST4,ST2,ST0,EDX,0x1ec,0x40e1f0,ST7,ST5,ST3,ST1;results=ST7,ST6,ST5,ST4,ST3,ST2,ST1,ST0,FPUInstructionPointer;flows=;fallthrough=0040e1f6
instruction	0040df9e	FUN_0040df9e	0040e1f6	0040e1f9	FALL_THROUGH	FUN_0040df9e	bytes=D87D1C;mnemonic=FDIVR;instruction=FDIVR float ptr [EBP + 0x1c];inputs=ST0,EBP,0x40e1f6,0x1c;results=ST0,FPUInstructionPointer;flows=;fallthrough=0040e1f9
instruction_reference	0040df9e	FUN_0040df9e	0040e1f6	Stack[0x18]	READ		operand_index=0;primary=true;source=ANALYSIS
instruction	0040df9e	FUN_0040df9e	0040e1f9	0040e1fc	FALL_THROUGH	FUN_0040df9e	bytes=D84DEC;mnemonic=FMUL;instruction=FMUL float ptr [EBP + -0x14];inputs=ST0,0xffffffec,EBP,0x40e1f9;results=ST0,FPUInstructionPointer;flows=;fallthrough=0040e1fc
instruction_reference	0040df9e	FUN_0040df9e	0040e1f9	Stack[-0x18]	READ		operand_index=0;primary=true;source=ANALYSIS
instruction	0040df9e	FUN_0040df9e	0040e1fc	0040e1ff	FALL_THROUGH	FUN_0040df9e	bytes=8B45E4;mnemonic=MOV;instruction=MOV EAX,dword ptr [EBP + -0x1c];inputs=EBP,0xffffffe4;results=EAX;flows=;fallthrough=0040e1ff
instruction_reference	0040df9e	FUN_0040df9e	0040e1fc	Stack[-0x20]	READ		operand_index=1;primary=true;source=ANALYSIS
instruction	0040df9e	FUN_0040df9e	0040e1ff	0040e205	FALL_THROUGH	FUN_0040df9e	bytes=69C06C010000;mnemonic=IMUL;instruction=IMUL EAX,EAX,0x16c;inputs=EAX,0x0,0x4,0x16c;results=EAX,CF,OF;flows=;fallthrough=0040e205
instruction	0040df9e	FUN_0040df9e	0040e205	0040e208	FALL_THROUGH	FUN_0040df9e	bytes=8B4DD4;mnemonic=MOV;instruction=MOV ECX,dword ptr [EBP + -0x2c];inputs=EBP,0xffffffd4;results=ECX;flows=;fallthrough=0040e208
instruction_reference	0040df9e	FUN_0040df9e	0040e205	Stack[-0x30]	READ		operand_index=1;primary=true;source=ANALYSIS
instruction	0040df9e	FUN_0040df9e	0040e208	0040e20e	FALL_THROUGH	FUN_0040df9e	bytes=8B91F4010000;mnemonic=MOV;instruction=MOV EDX,dword ptr [ECX + 0x1f4];inputs=ECX,0x1f4;results=EDX;flows=;fallthrough=0040e20e
instruction	0040df9e	FUN_0040df9e	0040e20e	0040e212	FALL_THROUGH	FUN_0040df9e	bytes=D95C020C;mnemonic=FSTP;instruction=FSTP float ptr [EDX + EAX*0x1 + 0xc];inputs=EAX,ST0,ST2,ST4,ST6,0x1,EDX,0xc,0x40e20e,ST1,ST3,ST5,ST7;results=ST0,ST1,ST2,ST3,ST4,ST5,ST6,FPUInstructionPointer;flows=;fallthrough=0040e212
instruction	0040df9e	FUN_0040df9e	0040e212	0040e215	FALL_THROUGH	FUN_0040df9e	bytes=8B45D4;mnemonic=MOV;instruction=MOV EAX,dword ptr [EBP + -0x2c];inputs=EBP,0xffffffd4;results=EAX;flows=;fallthrough=0040e215
instruction_reference	0040df9e	FUN_0040df9e	0040e212	Stack[-0x30]	READ		operand_index=1;primary=true;source=ANALYSIS
instruction	0040df9e	FUN_0040df9e	0040e215	0040e21b	FALL_THROUGH	FUN_0040df9e	bytes=DB80E8010000;mnemonic=FILD;instruction=FILD dword ptr [EAX + 0x1e8];inputs=EAX,ST6,ST4,ST2,ST0,0x1e8,ST7,ST5,ST3,ST1,0x40e215;results=ST7,ST6,ST5,ST4,ST3,ST2,ST1,ST0,FPUInstructionPointer;flows=;fallthrough=0040e21b
instruction	0040df9e	FUN_0040df9e	0040e21b	0040e21e	FALL_THROUGH	FUN_0040df9e	bytes=D87D20;mnemonic=FDIVR;instruction=FDIVR float ptr [EBP + 0x20];inputs=0x20,ST0,EBP,0x40e21b;results=ST0,FPUInstructionPointer;flows=;fallthrough=0040e21e
instruction_reference	0040df9e	FUN_0040df9e	0040e21b	Stack[0x1c]	READ		operand_index=0;primary=true;source=ANALYSIS
instruction	0040df9e	FUN_0040df9e	0040e21e	0040e221	FALL_THROUGH	FUN_0040df9e	bytes=D84DF0;mnemonic=FMUL;instruction=FMUL float ptr [EBP + -0x10];inputs=ST0,EBP,0x40e21e,0xfffffff0;results=ST0,FPUInstructionPointer;flows=;fallthrough=0040e221
instruction_reference	0040df9e	FUN_0040df9e	0040e21e	Stack[-0x14]	READ		operand_index=0;primary=true;source=ANALYSIS
instruction	0040df9e	FUN_0040df9e	0040e221	0040e224	FALL_THROUGH	FUN_0040df9e	bytes=8B4DE4;mnemonic=MOV;instruction=MOV ECX,dword ptr [EBP + -0x1c];inputs=EBP,0xffffffe4;results=ECX;flows=;fallthrough=0040e224
instruction_reference	0040df9e	FUN_0040df9e	0040e221	Stack[-0x20]	READ		operand_index=1;primary=true;source=ANALYSIS
instruction	0040df9e	FUN_0040df9e	0040e224	0040e22a	FALL_THROUGH	FUN_0040df9e	bytes=69C96C010000;mnemonic=IMUL;instruction=IMUL ECX,ECX,0x16c;inputs=0x0,ECX,0x4,0x16c;results=CF,ECX,OF;flows=;fallthrough=0040e22a
instruction	0040df9e	FUN_0040df9e	0040e22a	0040e22d	FALL_THROUGH	FUN_0040df9e	bytes=8B55D4;mnemonic=MOV;instruction=MOV EDX,dword ptr [EBP + -0x2c];inputs=EBP,0xffffffd4;results=EDX;flows=;fallthrough=0040e22d
instruction_reference	0040df9e	FUN_0040df9e	0040e22a	Stack[-0x30]	READ		operand_index=1;primary=true;source=ANALYSIS
instruction	0040df9e	FUN_0040df9e	0040e22d	0040e233	FALL_THROUGH	FUN_0040df9e	bytes=8B82F4010000;mnemonic=MOV;instruction=MOV EAX,dword ptr [EDX + 0x1f4];inputs=0x1f4,EDX;results=EAX;flows=;fallthrough=0040e233
instruction	0040df9e	FUN_0040df9e	0040e233	0040e237	FALL_THROUGH	FUN_0040df9e	bytes=D95C0810;mnemonic=FSTP;instruction=FSTP float ptr [EAX + ECX*0x1 + 0x10];inputs=EAX,ST0,ST2,ST4,ST6,0x1,ECX,0x10,ST1,ST3,ST5,ST7,0x40e233;results=ST0,ST1,ST2,ST3,ST4,ST5,ST6,FPUInstructionPointer;flows=;fallthrough=0040e237
instruction	0040df9e	FUN_0040df9e	0040e237	0040e23a	FALL_THROUGH	FUN_0040df9e	bytes=8B4DE4;mnemonic=MOV;instruction=MOV ECX,dword ptr [EBP + -0x1c];inputs=EBP,0xffffffe4;results=ECX;flows=;fallthrough=0040e23a
instruction_reference	0040df9e	FUN_0040df9e	0040e237	Stack[-0x20]	READ		operand_index=1;primary=true;source=ANALYSIS
instruction	0040df9e	FUN_0040df9e	0040e23a	0040e240	FALL_THROUGH	FUN_0040df9e	bytes=69C96C010000;mnemonic=IMUL;instruction=IMUL ECX,ECX,0x16c;inputs=0x0,ECX,0x4,0x16c;results=CF,ECX,OF;flows=;fallthrough=0040e240
instruction	0040df9e	FUN_0040df9e	0040e240	0040e243	FALL_THROUGH	FUN_0040df9e	bytes=8B55D4;mnemonic=MOV;instruction=MOV EDX,dword ptr [EBP + -0x2c];inputs=EBP,0xffffffd4;results=EDX;flows=;fallthrough=0040e243
instruction_reference	0040df9e	FUN_0040df9e	0040e240	Stack[-0x30]	READ		operand_index=1;primary=true;source=ANALYSIS
instruction	0040df9e	FUN_0040df9e	0040e243	0040e249	FALL_THROUGH	FUN_0040df9e	bytes=8B82F4010000;mnemonic=MOV;instruction=MOV EAX,dword ptr [EDX + 0x1f4];inputs=0x1f4,EDX;results=EAX;flows=;fallthrough=0040e249
instruction	0040df9e	FUN_0040df9e	0040e249	0040e251	FALL_THROUGH	FUN_0040df9e	bytes=C7440830FFFFFFFF;mnemonic=MOV;instruction=MOV dword ptr [EAX + ECX*0x1 + 0x30],0xffffffff;inputs=0x30,EAX,0xffffffff,0x1,ECX;results=;flows=;fallthrough=0040e251
instruction	0040df9e	FUN_0040df9e	0040e251	0040e254	FALL_THROUGH	FUN_0040df9e	bytes=8B4DE4;mnemonic=MOV;instruction=MOV ECX,dword ptr [EBP + -0x1c];inputs=EBP,0xffffffe4;results=ECX;flows=;fallthrough=0040e254
instruction_reference	0040df9e	FUN_0040df9e	0040e251	Stack[-0x20]	READ		operand_index=1;primary=true;source=ANALYSIS
instruction	0040df9e	FUN_0040df9e	0040e254	0040e25a	FALL_THROUGH	FUN_0040df9e	bytes=69C96C010000;mnemonic=IMUL;instruction=IMUL ECX,ECX,0x16c;inputs=0x0,ECX,0x4,0x16c;results=CF,ECX,OF;flows=;fallthrough=0040e25a
instruction	0040df9e	FUN_0040df9e	0040e25a	0040e25d	FALL_THROUGH	FUN_0040df9e	bytes=8B55D4;mnemonic=MOV;instruction=MOV EDX,dword ptr [EBP + -0x2c];inputs=EBP,0xffffffd4;results=EDX;flows=;fallthrough=0040e25d
instruction_reference	0040df9e	FUN_0040df9e	0040e25a	Stack[-0x30]	READ		operand_index=1;primary=true;source=ANALYSIS
instruction	0040df9e	FUN_0040df9e	0040e25d	0040e263	FALL_THROUGH	FUN_0040df9e	bytes=8B82F4010000;mnemonic=MOV;instruction=MOV EAX,dword ptr [EDX + 0x1f4];inputs=0x1f4,EDX;results=EAX;flows=;fallthrough=0040e263
instruction	0040df9e	FUN_0040df9e	0040e263	0040e26a	FALL_THROUGH	FUN_0040df9e	bytes=C7040804000000;mnemonic=MOV;instruction=MOV dword ptr [EAX + ECX*0x1],0x4;inputs=EAX,0x1,ECX,0x4;results=;flows=;fallthrough=0040e26a
instruction	0040df9e	FUN_0040df9e	0040e26a		UNCONDITIONAL_JUMP	FUN_0040df9e	bytes=E90DFFFFFF;mnemonic=JMP;instruction=JMP 0x0040e17c;inputs=;results=;flows=0040e17c;fallthrough=
instruction_reference	0040df9e	FUN_0040df9e	0040e26a	0040e17c	UNCONDITIONAL_JUMP	LAB_0040e17c	operand_index=0;primary=true;source=DEFAULT
instruction	0040df9e	FUN_0040df9e	0040e26f	0040e272	FALL_THROUGH	FUN_0040df9e	bytes=8B4DD4;mnemonic=MOV;instruction=MOV ECX,dword ptr [EBP + -0x2c];inputs=EBP,0xffffffd4;results=ECX;flows=;fallthrough=0040e272
instruction_reference	0040df9e	FUN_0040df9e	0040e26f	Stack[-0x30]	READ		operand_index=1;primary=true;source=ANALYSIS
instruction	0040df9e	FUN_0040df9e	0040e272	0040e278	FALL_THROUGH	FUN_0040df9e	bytes=8B91E8010000;mnemonic=MOV;instruction=MOV EDX,dword ptr [ECX + 0x1e8];inputs=ECX,0x1e8;results=EDX;flows=;fallthrough=0040e278
instruction	0040df9e	FUN_0040df9e	0040e278	0040e27b	FALL_THROUGH	FUN_0040df9e	bytes=C1E202;mnemonic=SHL;instruction=SHL EDX,0x2;inputs=0x0,CF,0x1,0x2,PF,ZF,SF,EDX,OF,0x1f,0xff;results=CF,PF,ZF,SF,EDX,OF;flows=;fallthrough=0040e27b
instruction	0040df9e	FUN_0040df9e	0040e27b	0040e27e	FALL_THROUGH	FUN_0040df9e	bytes=8B45D4;mnemonic=MOV;instruction=MOV EAX,dword ptr [EBP + -0x2c];inputs=EBP,0xffffffd4;results=EAX;flows=;fallthrough=0040e27e
instruction_reference	0040df9e	FUN_0040df9e	0040e27b	Stack[-0x30]	READ		operand_index=1;primary=true;source=ANALYSIS
instruction	0040df9e	FUN_0040df9e	0040e27e	0040e285	FALL_THROUGH	FUN_0040df9e	bytes=0FAF90EC010000;mnemonic=IMUL;instruction=IMUL EDX,dword ptr [EAX + 0x1ec];inputs=EAX,0x0,0x4,EDX,0x1ec;results=CF,EDX,OF;flows=;fallthrough=0040e285
instruction	0040df9e	FUN_0040df9e	0040e285	0040e286	FALL_THROUGH	FUN_0040df9e	bytes=52;mnemonic=PUSH;instruction=PUSH EDX;inputs=ESP,0x4,EDX;results=ESP;flows=;fallthrough=0040e286
instruction	0040df9e	FUN_0040df9e	0040e286	0040e288	FALL_THROUGH	FUN_0040df9e	bytes=6A00;mnemonic=PUSH;instruction=PUSH 0x0;inputs=0x0,ESP,0x4;results=ESP;flows=;fallthrough=0040e288
instruction	0040df9e	FUN_0040df9e	0040e288	0040e28b	FALL_THROUGH	FUN_0040df9e	bytes=8B4DD4;mnemonic=MOV;instruction=MOV ECX,dword ptr [EBP + -0x2c];inputs=EBP,0xffffffd4;results=ECX;flows=;fallthrough=0040e28b
instruction_reference	0040df9e	FUN_0040df9e	0040e288	Stack[-0x30]	READ		operand_index=1;primary=true;source=ANALYSIS
instruction	0040df9e	FUN_0040df9e	0040e28b	0040e291	FALL_THROUGH	FUN_0040df9e	bytes=8B91F0010000;mnemonic=MOV;instruction=MOV EDX,dword ptr [ECX + 0x1f0];inputs=0x1f0,ECX;results=EDX;flows=;fallthrough=0040e291
instruction	0040df9e	FUN_0040df9e	0040e291	0040e292	FALL_THROUGH	FUN_0040df9e	bytes=52;mnemonic=PUSH;instruction=PUSH EDX;inputs=ESP,0x4,EDX;results=ESP;flows=;fallthrough=0040e292
instruction	0040df9e	FUN_0040df9e	0040e292	0040e297	UNCONDITIONAL_CALL	FUN_0040df9e	bytes=E8890D1800;mnemonic=CALL;instruction=CALL 0x0058f020;inputs=ESP,0x4,0x40e297;results=ESP;flows=0058f020;fallthrough=0040e297
instruction_reference	0040df9e	FUN_0040df9e	0040e292	0058f020	UNCONDITIONAL_CALL	_memset	operand_index=0;primary=true;source=DEFAULT
instruction	0040df9e	FUN_0040df9e	0040e297	0040e29a	FALL_THROUGH	FUN_0040df9e	bytes=83C40C;mnemonic=ADD;instruction=ADD ESP,0xc;inputs=ESP,0x0,0x1,0xc,0xff;results=CF,ESP,PF,ZF,SF,OF;flows=;fallthrough=0040e29a
instruction	0040df9e	FUN_0040df9e	0040e29a	0040e29f	FALL_THROUGH	FUN_0040df9e	bytes=6800020000;mnemonic=PUSH;instruction=PUSH 0x200;inputs=0x200,ESP,0x4;results=ESP;flows=;fallthrough=0040e29f
instruction	0040df9e	FUN_0040df9e	0040e29f	0040e2a1	FALL_THROUGH	FUN_0040df9e	bytes=6A00;mnemonic=PUSH;instruction=PUSH 0x0;inputs=0x0,ESP,0x4;results=ESP;flows=;fallthrough=0040e2a1
instruction	0040df9e	FUN_0040df9e	0040e2a1	0040e2a4	FALL_THROUGH	FUN_0040df9e	bytes=8B45D4;mnemonic=MOV;instruction=MOV EAX,dword ptr [EBP + -0x2c];inputs=EBP,0xffffffd4;results=EAX;flows=;fallthrough=0040e2a4
instruction_reference	0040df9e	FUN_0040df9e	0040e2a1	Stack[-0x30]	READ		operand_index=1;primary=true;source=ANALYSIS
instruction	0040df9e	FUN_0040df9e	0040e2a4	0040e2a9	FALL_THROUGH	FUN_0040df9e	bytes=0500020000;mnemonic=ADD;instruction=ADD EAX,0x200;inputs=EAX,0x200,0x0,0x1,0xff;results=CF,EAX,PF,ZF,SF,OF;flows=;fallthrough=0040e2a9
instruction	0040df9e	FUN_0040df9e	0040e2a9	0040e2aa	FALL_THROUGH	FUN_0040df9e	bytes=50;mnemonic=PUSH;instruction=PUSH EAX;inputs=EAX,ESP,0x4;results=ESP;flows=;fallthrough=0040e2aa
instruction	0040df9e	FUN_0040df9e	0040e2aa	0040e2af	UNCONDITIONAL_CALL	FUN_0040df9e	bytes=E8710D1800;mnemonic=CALL;instruction=CALL 0x0058f020;inputs=ESP,0x4,0x40e2af;results=ESP;flows=0058f020;fallthrough=0040e2af
instruction_reference	0040df9e	FUN_0040df9e	0040e2aa	0058f020	UNCONDITIONAL_CALL	_memset	operand_index=0;primary=true;source=DEFAULT
instruction	0040df9e	FUN_0040df9e	0040e2af	0040e2b2	FALL_THROUGH	FUN_0040df9e	bytes=83C40C;mnemonic=ADD;instruction=ADD ESP,0xc;inputs=ESP,0x0,0x1,0xc,0xff;results=CF,ESP,PF,ZF,SF,OF;flows=;fallthrough=0040e2b2
instruction	0040df9e	FUN_0040df9e	0040e2b2	0040e2b5	FALL_THROUGH	FUN_0040df9e	bytes=8B4DD4;mnemonic=MOV;instruction=MOV ECX,dword ptr [EBP + -0x2c];inputs=EBP,0xffffffd4;results=ECX;flows=;fallthrough=0040e2b5
instruction_reference	0040df9e	FUN_0040df9e	0040e2b2	Stack[-0x30]	READ		operand_index=1;primary=true;source=ANALYSIS
instruction	0040df9e	FUN_0040df9e	0040e2b5	0040e2bf	FALL_THROUGH	FUN_0040df9e	bytes=C7818C05000000000000;mnemonic=MOV;instruction=MOV dword ptr [ECX + 0x58c],0x0;inputs=0x0,ECX,0x58c;results=;flows=;fallthrough=0040e2bf
instruction	0040df9e	FUN_0040df9e	0040e2bf	0040e2c2	FALL_THROUGH	FUN_0040df9e	bytes=8B55D4;mnemonic=MOV;instruction=MOV EDX,dword ptr [EBP + -0x2c];inputs=EBP,0xffffffd4;results=EDX;flows=;fallthrough=0040e2c2
instruction_reference	0040df9e	FUN_0040df9e	0040e2bf	Stack[-0x30]	READ		operand_index=1;primary=true;source=ANALYSIS
instruction	0040df9e	FUN_0040df9e	0040e2c2	0040e2cc	FALL_THROUGH	FUN_0040df9e	bytes=C7829005000000000000;mnemonic=MOV;instruction=MOV dword ptr [EDX + 0x590],0x0;inputs=0x590,0x0,EDX;results=;flows=;fallthrough=0040e2cc
instruction	0040df9e	FUN_0040df9e	0040e2cc	0040e2d3	FALL_THROUGH	FUN_0040df9e	bytes=C745FCFFFFFFFF;mnemonic=MOV;instruction=MOV dword ptr [EBP + -0x4],0xffffffff;inputs=0xffffffff,0xfffffffc,EBP;results=;flows=;fallthrough=0040e2d3
instruction_reference	0040df9e	FUN_0040df9e	0040e2cc	Stack[-0x8]	WRITE		operand_index=0;primary=true;source=ANALYSIS
instruction	0040df9e	FUN_0040df9e	0040e2d3	0040e2d6	FALL_THROUGH	FUN_0040df9e	bytes=8B45D4;mnemonic=MOV;instruction=MOV EAX,dword ptr [EBP + -0x2c];inputs=EBP,0xffffffd4;results=EAX;flows=;fallthrough=0040e2d6
instruction_reference	0040df9e	FUN_0040df9e	0040e2d3	Stack[-0x30]	READ		operand_index=1;primary=true;source=ANALYSIS
instruction	0040df9e	FUN_0040df9e	0040e2d6	0040e2d9	FALL_THROUGH	FUN_0040df9e	bytes=8B4DF4;mnemonic=MOV;instruction=MOV ECX,dword ptr [EBP + -0xc];inputs=EBP,0xfffffff4;results=ECX;flows=;fallthrough=0040e2d9
instruction_reference	0040df9e	FUN_0040df9e	0040e2d6	Stack[-0x10]	READ		operand_index=1;primary=true;source=ANALYSIS
instruction	0040df9e	FUN_0040df9e	0040e2d9	0040e2e0	FALL_THROUGH	FUN_0040df9e	bytes=64890D00000000;mnemonic=MOV;instruction=MOV dword ptr FS:[0x0],ECX;inputs=FS_OFFSET,0x0,ECX;results=;flows=;fallthrough=0040e2e0
instruction_reference	0040df9e	FUN_0040df9e	0040e2d9	ffdff000	WRITE	ExceptionList	operand_index=0;primary=true;source=ANALYSIS
instruction	0040df9e	FUN_0040df9e	0040e2e0	0040e2e2	FALL_THROUGH	FUN_0040df9e	bytes=8BE5;mnemonic=MOV;instruction=MOV ESP,EBP;inputs=EBP;results=ESP;flows=;fallthrough=0040e2e2
instruction	0040df9e	FUN_0040df9e	0040e2e2	0040e2e3	FALL_THROUGH	FUN_0040df9e	bytes=5D;mnemonic=POP;instruction=POP EBP;inputs=0x0,ESP,0x4;results=ESP,EBP;flows=;fallthrough=0040e2e3
instruction	0040df9e	FUN_0040df9e	0040e2e3		TERMINATOR	FUN_0040df9e	bytes=C22000;mnemonic=RET;instruction=RET 0x20;inputs=ESP,0x20,0x4;results=ESP,EIP;flows=;fallthrough=
instruction_search	0040df9e	FUN_0040df9e	0040df9e	0040df9e	instructions	FUN_0040df9e	instructions=211;references=119;body_min=0040df9e;body_max=0040e2e5
instruction	0040e2e6	FUN_0040e2e6	0040e2e6	0040e2e7	FALL_THROUGH	FUN_0040e2e6	bytes=55;mnemonic=PUSH;instruction=PUSH EBP;inputs=ESP,EBP,0x4;results=ESP;flows=;fallthrough=0040e2e7
instruction	0040e2e6	FUN_0040e2e6	0040e2e7	0040e2e9	FALL_THROUGH	FUN_0040e2e6	bytes=8BEC;mnemonic=MOV;instruction=MOV EBP,ESP;inputs=ESP;results=EBP;flows=;fallthrough=0040e2e9
instruction	0040e2e6	FUN_0040e2e6	0040e2e9	0040e2eb	FALL_THROUGH	FUN_0040e2e6	bytes=6AFF;mnemonic=PUSH;instruction=PUSH -0x1;inputs=0xffffffff,ESP,0x4;results=ESP;flows=;fallthrough=0040e2eb
instruction	0040e2e6	FUN_0040e2e6	0040e2eb	0040e2f0	FALL_THROUGH	FUN_0040e2e6	bytes=687BEE5900;mnemonic=PUSH;instruction=PUSH 0x59ee7b;inputs=ESP,0x59ee7b,0x4;results=ESP;flows=;fallthrough=0040e2f0
instruction_reference	0040e2e6	FUN_0040e2e6	0040e2eb	0059ee7b	DATA	LAB_0059ee7b	operand_index=0;primary=true;source=ANALYSIS
instruction	0040e2e6	FUN_0040e2e6	0040e2f0	0040e2f6	FALL_THROUGH	FUN_0040e2e6	bytes=64A100000000;mnemonic=MOV;instruction=MOV EAX,FS:[0x0];inputs=FS_OFFSET,0x0;results=EAX;flows=;fallthrough=0040e2f6
instruction_reference	0040e2e6	FUN_0040e2e6	0040e2f0	ffdff000	READ	ExceptionList	operand_index=1;primary=true;source=ANALYSIS
instruction	0040e2e6	FUN_0040e2e6	0040e2f6	0040e2f7	FALL_THROUGH	FUN_0040e2e6	bytes=50;mnemonic=PUSH;instruction=PUSH EAX;inputs=EAX,ESP,0x4;results=ESP;flows=;fallthrough=0040e2f7
instruction	0040e2e6	FUN_0040e2e6	0040e2f7	0040e2fe	FALL_THROUGH	FUN_0040e2e6	bytes=64892500000000;mnemonic=MOV;instruction=MOV dword ptr FS:[0x0],ESP;inputs=FS_OFFSET,0x0,ESP;results=;flows=;fallthrough=0040e2fe
instruction_reference	0040e2e6	FUN_0040e2e6	0040e2f7	ffdff000	WRITE	ExceptionList	operand_index=0;primary=true;source=ANALYSIS
instruction	0040e2e6	FUN_0040e2e6	0040e2fe	0040e301	FALL_THROUGH	FUN_0040e2e6	bytes=83EC18;mnemonic=SUB;instruction=SUB ESP,0x18;inputs=ESP,0x0,0x1,0x18,0xff;results=CF,ESP,PF,ZF,SF,OF;flows=;fallthrough=0040e301
instruction	0040e2e6	FUN_0040e2e6	0040e301	0040e304	FALL_THROUGH	FUN_0040e2e6	bytes=894DDC;mnemonic=MOV;instruction=MOV dword ptr [EBP + -0x24],ECX;inputs=0xffffffdc,EBP,ECX;results=;flows=;fallthrough=0040e304
instruction_reference	0040e2e6	FUN_0040e2e6	0040e301	Stack[-0x28]	WRITE		operand_index=0;primary=true;source=ANALYSIS
instruction	0040e2e6	FUN_0040e2e6	0040e304	0040e307	FALL_THROUGH	FUN_0040e2e6	bytes=8B45DC;mnemonic=MOV;instruction=MOV EAX,dword ptr [EBP + -0x24];inputs=0xffffffdc,EBP;results=EAX;flows=;fallthrough=0040e307
instruction_reference	0040e2e6	FUN_0040e2e6	0040e304	Stack[-0x28]	READ		operand_index=1;primary=true;source=ANALYSIS
instruction	0040e2e6	FUN_0040e2e6	0040e307	0040e30d	FALL_THROUGH	FUN_0040e2e6	bytes=C70024405A00;mnemonic=MOV;instruction=MOV dword ptr [EAX],0x5a4024;inputs=EAX,0x5a4024;results=;flows=;fallthrough=0040e30d
instruction_reference	0040e2e6	FUN_0040e2e6	0040e307	005a4024	DATA	PTR_FUN_005a4024	operand_index=1;primary=true;source=ANALYSIS
instruction	0040e2e6	FUN_0040e2e6	0040e30d	0040e314	FALL_THROUGH	FUN_0040e2e6	bytes=C745FC00000000;mnemonic=MOV;instruction=MOV dword ptr [EBP + -0x4],0x0;inputs=0x0,0xfffffffc,EBP;results=;flows=;fallthrough=0040e314
instruction_reference	0040e2e6	FUN_0040e2e6	0040e30d	Stack[-0x8]	WRITE		operand_index=0;primary=true;source=ANALYSIS
instruction	0040e2e6	FUN_0040e2e6	0040e314	0040e317	FALL_THROUGH	FUN_0040e2e6	bytes=8B4DDC;mnemonic=MOV;instruction=MOV ECX,dword ptr [EBP + -0x24];inputs=0xffffffdc,EBP;results=ECX;flows=;fallthrough=0040e317
instruction_reference	0040e2e6	FUN_0040e2e6	0040e314	Stack[-0x28]	READ		operand_index=1;primary=true;source=ANALYSIS
instruction	0040e2e6	FUN_0040e2e6	0040e317	0040e31c	UNCONDITIONAL_CALL	FUN_0040e2e6	bytes=E8D2010000;mnemonic=CALL;instruction=CALL 0x0040e4ee;inputs=ESP,0x4,0x40e31c;results=ESP;flows=0040e4ee;fallthrough=0040e31c
instruction_reference	0040e2e6	FUN_0040e2e6	0040e317	0040e4ee	UNCONDITIONAL_CALL	FUN_0040e4ee	operand_index=0;primary=true;source=DEFAULT
instruction	0040e2e6	FUN_0040e2e6	0040e31c	0040e322	FALL_THROUGH	FUN_0040e2e6	bytes=8B0D38CF6700;mnemonic=MOV;instruction=MOV ECX,dword ptr [0x0067cf38];inputs=0067cf38;results=ECX;flows=;fallthrough=0040e322
instruction_reference	0040e2e6	FUN_0040e2e6	0040e31c	0067cf38	READ	DAT_0067cf38	operand_index=1;primary=true;source=DEFAULT
instruction	0040e2e6	FUN_0040e2e6	0040e322	0040e325	FALL_THROUGH	FUN_0040e2e6	bytes=8B5128;mnemonic=MOV;instruction=MOV EDX,dword ptr [ECX + 0x28];inputs=ECX,0x28;results=EDX;flows=;fallthrough=0040e325
instruction	0040e2e6	FUN_0040e2e6	0040e325	0040e328	FALL_THROUGH	FUN_0040e2e6	bytes=8955F0;mnemonic=MOV;instruction=MOV dword ptr [EBP + -0x10],EDX;inputs=EBP,EDX,0xfffffff0;results=;flows=;fallthrough=0040e328
instruction_reference	0040e2e6	FUN_0040e2e6	0040e325	Stack[-0x14]	WRITE		operand_index=0;primary=true;source=ANALYSIS
instruction	0040e2e6	FUN_0040e2e6	0040e328	0040e32c	FALL_THROUGH	FUN_0040e2e6	bytes=837DF000;mnemonic=CMP;instruction=CMP dword ptr [EBP + -0x10],0x0;inputs=0x0,0x1,EBP,0xfffffff0,0xff;results=CF,PF,ZF,SF,OF;flows=;fallthrough=0040e32c
instruction_reference	0040e2e6	FUN_0040e2e6	0040e328	Stack[-0x14]	READ		operand_index=0;primary=true;source=ANALYSIS
instruction	0040e2e6	FUN_0040e2e6	0040e32c	0040e332	CONDITIONAL_JUMP	FUN_0040e2e6	bytes=0F843D010000;mnemonic=JZ;instruction=JZ 0x0040e46f;inputs=ZF;results=;flows=0040e46f;fallthrough=0040e332
instruction_reference	0040e2e6	FUN_0040e2e6	0040e32c	0040e46f	CONDITIONAL_JUMP	LAB_0040e46f	operand_index=0;primary=true;source=DEFAULT
instruction	0040e2e6	FUN_0040e2e6	0040e332	0040e335	FALL_THROUGH	FUN_0040e2e6	bytes=8B45DC;mnemonic=MOV;instruction=MOV EAX,dword ptr [EBP + -0x24];inputs=0xffffffdc,EBP;results=EAX;flows=;fallthrough=0040e335
instruction_reference	0040e2e6	FUN_0040e2e6	0040e332	Stack[-0x28]	READ		operand_index=1;primary=true;source=ANALYSIS
instruction	0040e2e6	FUN_0040e2e6	0040e335	0040e33c	FALL_THROUGH	FUN_0040e2e6	bytes=83B8F801000001;mnemonic=CMP;instruction=CMP dword ptr [EAX + 0x1f8],0x1;inputs=EAX,0x0,0x1,0x1f8,0xff;results=CF,PF,ZF,SF,OF;flows=;fallthrough=0040e33c
instruction	0040e2e6	FUN_0040e2e6	0040e33c	0040e342	CONDITIONAL_JUMP	FUN_0040e2e6	bytes=0F85FE000000;mnemonic=JNZ;instruction=JNZ 0x0040e440;inputs=ZF;results=;flows=0040e440;fallthrough=0040e342
instruction_reference	0040e2e6	FUN_0040e2e6	0040e33c	0040e440	CONDITIONAL_JUMP	LAB_0040e440	operand_index=0;primary=true;source=DEFAULT
instruction	0040e2e6	FUN_0040e2e6	0040e342	0040e349	FALL_THROUGH	FUN_0040e2e6	bytes=C745EC00000000;mnemonic=MOV;instruction=MOV dword ptr [EBP + -0x14],0x0;inputs=0x0,0xffffffec,EBP;results=;flows=;fallthrough=0040e349
instruction_reference	0040e2e6	FUN_0040e2e6	0040e342	Stack[-0x18]	WRITE		operand_index=0;primary=true;source=ANALYSIS
instruction	0040e2e6	FUN_0040e2e6	0040e349		UNCONDITIONAL_JUMP	FUN_0040e2e6	bytes=EB09;mnemonic=JMP;instruction=JMP 0x0040e354;inputs=;results=;flows=0040e354;fallthrough=
instruction_reference	0040e2e6	FUN_0040e2e6	0040e349	0040e354	UNCONDITIONAL_JUMP	LAB_0040e354	operand_index=0;primary=true;source=DEFAULT
instruction	0040e2e6	FUN_0040e2e6	0040e34b	0040e34e	FALL_THROUGH	FUN_0040e2e6	bytes=8B4DEC;mnemonic=MOV;instruction=MOV ECX,dword ptr [EBP + -0x14];inputs=0xffffffec,EBP;results=ECX;flows=;fallthrough=0040e34e
instruction_reference	0040e2e6	FUN_0040e2e6	0040e34b	Stack[-0x18]	READ		operand_index=1;primary=true;source=ANALYSIS
instruction	0040e2e6	FUN_0040e2e6	0040e34e	0040e351	FALL_THROUGH	FUN_0040e2e6	bytes=83C101;mnemonic=ADD;instruction=ADD ECX,0x1;inputs=0x0,0x1,ECX,0xff;results=CF,PF,ECX,ZF,SF,OF;flows=;fallthrough=0040e351
instruction	0040e2e6	FUN_0040e2e6	0040e351	0040e354	FALL_THROUGH	FUN_0040e2e6	bytes=894DEC;mnemonic=MOV;instruction=MOV dword ptr [EBP + -0x14],ECX;inputs=0xffffffec,EBP,ECX;results=;flows=;fallthrough=0040e354
instruction_reference	0040e2e6	FUN_0040e2e6	0040e351	Stack[-0x18]	WRITE		operand_index=0;primary=true;source=ANALYSIS
instruction	0040e2e6	FUN_0040e2e6	0040e354	0040e357	FALL_THROUGH	FUN_0040e2e6	bytes=8B55DC;mnemonic=MOV;instruction=MOV EDX,dword ptr [EBP + -0x24];inputs=0xffffffdc,EBP;results=EDX;flows=;fallthrough=0040e357
instruction_reference	0040e2e6	FUN_0040e2e6	0040e354	Stack[-0x28]	READ		operand_index=1;primary=true;source=ANALYSIS
instruction	0040e2e6	FUN_0040e2e6	0040e357	0040e35a	FALL_THROUGH	FUN_0040e2e6	bytes=8B45EC;mnemonic=MOV;instruction=MOV EAX,dword ptr [EBP + -0x14];inputs=0xffffffec,EBP;results=EAX;flows=;fallthrough=0040e35a
instruction_reference	0040e2e6	FUN_0040e2e6	0040e357	Stack[-0x18]	READ		operand_index=1;primary=true;source=ANALYSIS
instruction	0040e2e6	FUN_0040e2e6	0040e35a	0040e360	FALL_THROUGH	FUN_0040e2e6	bytes=3B82E8010000;mnemonic=CMP;instruction=CMP EAX,dword ptr [EDX + 0x1e8];inputs=EAX,0x0,0x1,EDX,0x1e8,0xff;results=CF,PF,ZF,SF,OF;flows=;fallthrough=0040e360
instruction	0040e2e6	FUN_0040e2e6	0040e360	0040e366	CONDITIONAL_JUMP	FUN_0040e2e6	bytes=0F8DDA000000;mnemonic=JGE;instruction=JGE 0x0040e440;inputs=SF,OF;results=;flows=0040e440;fallthrough=0040e366
instruction_reference	0040e2e6	FUN_0040e2e6	0040e360	0040e440	CONDITIONAL_JUMP	LAB_0040e440	operand_index=0;primary=true;source=DEFAULT
instruction	0040e2e6	FUN_0040e2e6	0040e366	0040e36d	FALL_THROUGH	FUN_0040e2e6	bytes=C745E800000000;mnemonic=MOV;instruction=MOV dword ptr [EBP + -0x18],0x0;inputs=0x0,EBP,0xffffffe8;results=;flows=;fallthrough=0040e36d
instruction_reference	0040e2e6	FUN_0040e2e6	0040e366	Stack[-0x1c]	WRITE		operand_index=0;primary=true;source=ANALYSIS
instruction	0040e2e6	FUN_0040e2e6	0040e36d		UNCONDITIONAL_JUMP	FUN_0040e2e6	bytes=EB09;mnemonic=JMP;instruction=JMP 0x0040e378;inputs=;results=;flows=0040e378;fallthrough=
instruction_reference	0040e2e6	FUN_0040e2e6	0040e36d	0040e378	UNCONDITIONAL_JUMP	LAB_0040e378	operand_index=0;primary=true;source=DEFAULT
instruction	0040e2e6	FUN_0040e2e6	0040e36f	0040e372	FALL_THROUGH	FUN_0040e2e6	bytes=8B4DE8;mnemonic=MOV;instruction=MOV ECX,dword ptr [EBP + -0x18];inputs=EBP,0xffffffe8;results=ECX;flows=;fallthrough=0040e372
instruction_reference	0040e2e6	FUN_0040e2e6	0040e36f	Stack[-0x1c]	READ		operand_index=1;primary=true;source=ANALYSIS
instruction	0040e2e6	FUN_0040e2e6	0040e372	0040e375	FALL_THROUGH	FUN_0040e2e6	bytes=83C101;mnemonic=ADD;instruction=ADD ECX,0x1;inputs=0x0,0x1,ECX,0xff;results=CF,PF,ECX,ZF,SF,OF;flows=;fallthrough=0040e375
instruction	0040e2e6	FUN_0040e2e6	0040e375	0040e378	FALL_THROUGH	FUN_0040e2e6	bytes=894DE8;mnemonic=MOV;instruction=MOV dword ptr [EBP + -0x18],ECX;inputs=EBP,ECX,0xffffffe8;results=;flows=;fallthrough=0040e378
instruction_reference	0040e2e6	FUN_0040e2e6	0040e375	Stack[-0x1c]	WRITE		operand_index=0;primary=true;source=ANALYSIS
instruction	0040e2e6	FUN_0040e2e6	0040e378	0040e37b	FALL_THROUGH	FUN_0040e2e6	bytes=8B55DC;mnemonic=MOV;instruction=MOV EDX,dword ptr [EBP + -0x24];inputs=0xffffffdc,EBP;results=EDX;flows=;fallthrough=0040e37b
instruction_reference	0040e2e6	FUN_0040e2e6	0040e378	Stack[-0x28]	READ		operand_index=1;primary=true;source=ANALYSIS
instruction	0040e2e6	FUN_0040e2e6	0040e37b	0040e37e	FALL_THROUGH	FUN_0040e2e6	bytes=8B45E8;mnemonic=MOV;instruction=MOV EAX,dword ptr [EBP + -0x18];inputs=EBP,0xffffffe8;results=EAX;flows=;fallthrough=0040e37e
instruction_reference	0040e2e6	FUN_0040e2e6	0040e37b	Stack[-0x1c]	READ		operand_index=1;primary=true;source=ANALYSIS
instruction	0040e2e6	FUN_0040e2e6	0040e37e	0040e384	FALL_THROUGH	FUN_0040e2e6	bytes=3B82EC010000;mnemonic=CMP;instruction=CMP EAX,dword ptr [EDX + 0x1ec];inputs=EAX,0x0,0x1,EDX,0x1ec,0xff;results=CF,PF,ZF,SF,OF;flows=;fallthrough=0040e384
instruction	0040e2e6	FUN_0040e2e6	0040e384	0040e38a	CONDITIONAL_JUMP	FUN_0040e2e6	bytes=0F8DB1000000;mnemonic=JGE;instruction=JGE 0x0040e43b;inputs=SF,OF;results=;flows=0040e43b;fallthrough=0040e38a
instruction_reference	0040e2e6	FUN_0040e2e6	0040e384	0040e43b	CONDITIONAL_JUMP	LAB_0040e43b	operand_index=0;primary=true;source=DEFAULT
instruction	0040e2e6	FUN_0040e2e6	0040e38a	0040e38d	FALL_THROUGH	FUN_0040e2e6	bytes=8B4DDC;mnemonic=MOV;instruction=MOV ECX,dword ptr [EBP + -0x24];inputs=0xffffffdc,EBP;results=ECX;flows=;fallthrough=0040e38d
instruction_reference	0040e2e6	FUN_0040e2e6	0040e38a	Stack[-0x28]	READ		operand_index=1;primary=true;source=ANALYSIS
instruction	0040e2e6	FUN_0040e2e6	0040e38d	0040e390	FALL_THROUGH	FUN_0040e2e6	bytes=8B55EC;mnemonic=MOV;instruction=MOV EDX,dword ptr [EBP + -0x14];inputs=0xffffffec,EBP;results=EDX;flows=;fallthrough=0040e390
instruction_reference	0040e2e6	FUN_0040e2e6	0040e38d	Stack[-0x18]	READ		operand_index=1;primary=true;source=ANALYSIS
instruction	0040e2e6	FUN_0040e2e6	0040e390	0040e397	FALL_THROUGH	FUN_0040e2e6	bytes=0FAF91EC010000;mnemonic=IMUL;instruction=IMUL EDX,dword ptr [ECX + 0x1ec];inputs=0x0,ECX,0x4,EDX,0x1ec;results=CF,EDX,OF;flows=;fallthrough=0040e397
instruction	0040e2e6	FUN_0040e2e6	0040e397	0040e39a	FALL_THROUGH	FUN_0040e2e6	bytes=8B45E8;mnemonic=MOV;instruction=MOV EAX,dword ptr [EBP + -0x18];inputs=EBP,0xffffffe8;results=EAX;flows=;fallthrough=0040e39a
instruction_reference	0040e2e6	FUN_0040e2e6	0040e397	Stack[-0x1c]	READ		operand_index=1;primary=true;source=ANALYSIS
instruction	0040e2e6	FUN_0040e2e6	0040e39a	0040e39c	FALL_THROUGH	FUN_0040e2e6	bytes=03C2;mnemonic=ADD;instruction=ADD EAX,EDX;inputs=EAX,0x0,0x1,EDX,0xff;results=CF,EAX,PF,ZF,SF,OF;flows=;fallthrough=0040e39c
instruction	0040e2e6	FUN_0040e2e6	0040e39c	0040e39f	FALL_THROUGH	FUN_0040e2e6	bytes=8B4DDC;mnemonic=MOV;instruction=MOV ECX,dword ptr [EBP + -0x24];inputs=0xffffffdc,EBP;results=ECX;flows=;fallthrough=0040e39f
instruction_reference	0040e2e6	FUN_0040e2e6	0040e39c	Stack[-0x28]	READ		operand_index=1;primary=true;source=ANALYSIS
instruction	0040e2e6	FUN_0040e2e6	0040e39f	0040e3a5	FALL_THROUGH	FUN_0040e2e6	bytes=8B91F0010000;mnemonic=MOV;instruction=MOV EDX,dword ptr [ECX + 0x1f0];inputs=0x1f0,ECX;results=EDX;flows=;fallthrough=0040e3a5
instruction	0040e2e6	FUN_0040e2e6	0040e3a5	0040e3a9	FALL_THROUGH	FUN_0040e2e6	bytes=833C8200;mnemonic=CMP;instruction=CMP dword ptr [EDX + EAX*0x4],0x0;inputs=EAX,0x0,0x1,0x4,EDX,0xff;results=CF,PF,ZF,SF,OF;flows=;fallthrough=0040e3a9
instruction	0040e2e6	FUN_0040e2e6	0040e3a9	0040e3af	CONDITIONAL_JUMP	FUN_0040e2e6	bytes=0F8587000000;mnemonic=JNZ;instruction=JNZ 0x0040e436;inputs=ZF;results=;flows=0040e436;fallthrough=0040e3af
instruction_reference	0040e2e6	FUN_0040e2e6	0040e3a9	0040e436	CONDITIONAL_JUMP	LAB_0040e436	operand_index=0;primary=true;source=DEFAULT
instruction	0040e2e6	FUN_0040e2e6	0040e3af	0040e3b2	FALL_THROUGH	FUN_0040e2e6	bytes=8B45DC;mnemonic=MOV;instruction=MOV EAX,dword ptr [EBP + -0x24];inputs=0xffffffdc,EBP;results=EAX;flows=;fallthrough=0040e3b2
instruction_reference	0040e2e6	FUN_0040e2e6	0040e3af	Stack[-0x28]	READ		operand_index=1;primary=true;source=ANALYSIS
instruction	0040e2e6	FUN_0040e2e6	0040e3b2	0040e3b5	FALL_THROUGH	FUN_0040e2e6	bytes=8B4DEC;mnemonic=MOV;instruction=MOV ECX,dword ptr [EBP + -0x14];inputs=0xffffffec,EBP;results=ECX;flows=;fallthrough=0040e3b5
instruction_reference	0040e2e6	FUN_0040e2e6	0040e3b2	Stack[-0x18]	READ		operand_index=1;primary=true;source=ANALYSIS
instruction	0040e2e6	FUN_0040e2e6	0040e3b5	0040e3bc	FALL_THROUGH	FUN_0040e2e6	bytes=0FAF88EC010000;mnemonic=IMUL;instruction=IMUL ECX,dword ptr [EAX + 0x1ec];inputs=EAX,0x0,ECX,0x4,0x1ec;results=CF,ECX,OF;flows=;fallthrough=0040e3bc
instruction	0040e2e6	FUN_0040e2e6	0040e3bc	0040e3bf	FALL_THROUGH	FUN_0040e2e6	bytes=8B55E8;mnemonic=MOV;instruction=MOV EDX,dword ptr [EBP + -0x18];inputs=EBP,0xffffffe8;results=EDX;flows=;fallthrough=0040e3bf
instruction_reference	0040e2e6	FUN_0040e2e6	0040e3bc	Stack[-0x1c]	READ		operand_index=1;primary=true;source=ANALYSIS
instruction	0040e2e6	FUN_0040e2e6	0040e3bf	0040e3c1	FALL_THROUGH	FUN_0040e2e6	bytes=03D1;mnemonic=ADD;instruction=ADD EDX,ECX;inputs=0x0,0x1,ECX,EDX,0xff;results=CF,PF,ZF,SF,EDX,OF;flows=;fallthrough=0040e3c1
instruction	0040e2e6	FUN_0040e2e6	0040e3c1	0040e3c7	FALL_THROUGH	FUN_0040e2e6	bytes=69D26C010000;mnemonic=IMUL;instruction=IMUL EDX,EDX,0x16c;inputs=0x0,0x4,EDX,0x16c;results=CF,EDX,OF;flows=;fallthrough=0040e3c7
instruction	0040e2e6	FUN_0040e2e6	0040e3c7	0040e3ca	FALL_THROUGH	FUN_0040e2e6	bytes=8B45DC;mnemonic=MOV;instruction=MOV EAX,dword ptr [EBP + -0x24];inputs=0xffffffdc,EBP;results=EAX;flows=;fallthrough=0040e3ca
instruction_reference	0040e2e6	FUN_0040e2e6	0040e3c7	Stack[-0x28]	READ		operand_index=1;primary=true;source=ANALYSIS
instruction	0040e2e6	FUN_0040e2e6	0040e3ca	0040e3d0	FALL_THROUGH	FUN_0040e2e6	bytes=8B88F4010000;mnemonic=MOV;instruction=MOV ECX,dword ptr [EAX + 0x1f4];inputs=EAX,0x1f4;results=ECX;flows=;fallthrough=0040e3d0
instruction	0040e2e6	FUN_0040e2e6	0040e3d0	0040e3d8	FALL_THROUGH	FUN_0040e2e6	bytes=83BC114801000000;mnemonic=CMP;instruction=CMP dword ptr [ECX + EDX*0x1 + 0x148],0x0;inputs=0x0,0x1,ECX,0x148,EDX,0xff;results=CF,PF,ZF,SF,OF;flows=;fallthrough=0040e3d8
instruction	0040e2e6	FUN_0040e2e6	0040e3d8	0040e3da	CONDITIONAL_JUMP	FUN_0040e2e6	bytes=7C5C;mnemonic=JL;instruction=JL 0x0040e436;inputs=SF,OF;results=;flows=0040e436;fallthrough=0040e3da
instruction_reference	0040e2e6	FUN_0040e2e6	0040e3d8	0040e436	CONDITIONAL_JUMP	LAB_0040e436	operand_index=0;primary=true;source=DEFAULT
instruction	0040e2e6	FUN_0040e2e6	0040e3da	0040e3dd	FALL_THROUGH	FUN_0040e2e6	bytes=8B55DC;mnemonic=MOV;instruction=MOV EDX,dword ptr [EBP + -0x24];inputs=0xffffffdc,EBP;results=EDX;flows=;fallthrough=0040e3dd
instruction_reference	0040e2e6	FUN_0040e2e6	0040e3da	Stack[-0x28]	READ		operand_index=1;primary=true;source=ANALYSIS
instruction	0040e2e6	FUN_0040e2e6	0040e3dd	0040e3e0	FALL_THROUGH	FUN_0040e2e6	bytes=8B45EC;mnemonic=MOV;instruction=MOV EAX,dword ptr [EBP + -0x14];inputs=0xffffffec,EBP;results=EAX;flows=;fallthrough=0040e3e0
instruction_reference	0040e2e6	FUN_0040e2e6	0040e3dd	Stack[-0x18]	READ		operand_index=1;primary=true;source=ANALYSIS
instruction	0040e2e6	FUN_0040e2e6	0040e3e0	0040e3e7	FALL_THROUGH	FUN_0040e2e6	bytes=0FAF82EC010000;mnemonic=IMUL;instruction=IMUL EAX,dword ptr [EDX + 0x1ec];inputs=EAX,0x0,0x4,EDX,0x1ec;results=EAX,CF,OF;flows=;fallthrough=0040e3e7
instruction	0040e2e6	FUN_0040e2e6	0040e3e7	0040e3ea	FALL_THROUGH	FUN_0040e2e6	bytes=8B4DE8;mnemonic=MOV;instruction=MOV ECX,dword ptr [EBP + -0x18];inputs=EBP,0xffffffe8;results=ECX;flows=;fallthrough=0040e3ea
instruction_reference	0040e2e6	FUN_0040e2e6	0040e3e7	Stack[-0x1c]	READ		operand_index=1;primary=true;source=ANALYSIS
instruction	0040e2e6	FUN_0040e2e6	0040e3ea	0040e3ec	FALL_THROUGH	FUN_0040e2e6	bytes=03C8;mnemonic=ADD;instruction=ADD ECX,EAX;inputs=EAX,0x0,0x1,ECX,0xff;results=CF,PF,ECX,ZF,SF,OF;flows=;fallthrough=0040e3ec
instruction	0040e2e6	FUN_0040e2e6	0040e3ec	0040e3f2	FALL_THROUGH	FUN_0040e2e6	bytes=69C96C010000;mnemonic=IMUL;instruction=IMUL ECX,ECX,0x16c;inputs=0x0,ECX,0x4,0x16c;results=CF,ECX,OF;flows=;fallthrough=0040e3f2
instruction	0040e2e6	FUN_0040e2e6	0040e3f2	0040e3f5	FALL_THROUGH	FUN_0040e2e6	bytes=8B55DC;mnemonic=MOV;instruction=MOV EDX,dword ptr [EBP + -0x24];inputs=0xffffffdc,EBP;results=EDX;flows=;fallthrough=0040e3f5
instruction_reference	0040e2e6	FUN_0040e2e6	0040e3f2	Stack[-0x28]	READ		operand_index=1;primary=true;source=ANALYSIS
instruction	0040e2e6	FUN_0040e2e6	0040e3f5	0040e3fb	FALL_THROUGH	FUN_0040e2e6	bytes=8B82F4010000;mnemonic=MOV;instruction=MOV EAX,dword ptr [EDX + 0x1f4];inputs=0x1f4,EDX;results=EAX;flows=;fallthrough=0040e3fb
instruction	0040e2e6	FUN_0040e2e6	0040e3fb	0040e402	FALL_THROUGH	FUN_0040e2e6	bytes=8B8C0848010000;mnemonic=MOV;instruction=MOV ECX,dword ptr [EAX + ECX*0x1 + 0x148];inputs=EAX,0x1,ECX,0x148;results=ECX;flows=;fallthrough=0040e402
instruction	0040e2e6	FUN_0040e2e6	0040e402	0040e403	FALL_THROUGH	FUN_0040e2e6	bytes=51;mnemonic=PUSH;instruction=PUSH ECX;inputs=ESP,ECX,0x4;results=ESP;flows=;fallthrough=0040e403
instruction	0040e2e6	FUN_0040e2e6	0040e403	0040e406	FALL_THROUGH	FUN_0040e2e6	bytes=8B55DC;mnemonic=MOV;instruction=MOV EDX,dword ptr [EBP + -0x24];inputs=0xffffffdc,EBP;results=EDX;flows=;fallthrough=0040e406
instruction_reference	0040e2e6	FUN_0040e2e6	0040e403	Stack[-0x28]	READ		operand_index=1;primary=true;source=ANALYSIS
instruction	0040e2e6	FUN_0040e2e6	0040e406	0040e409	FALL_THROUGH	FUN_0040e2e6	bytes=8B45EC;mnemonic=MOV;instruction=MOV EAX,dword ptr [EBP + -0x14];inputs=0xffffffec,EBP;results=EAX;flows=;fallthrough=0040e409
instruction_reference	0040e2e6	FUN_0040e2e6	0040e406	Stack[-0x18]	READ		operand_index=1;primary=true;source=ANALYSIS
instruction	0040e2e6	FUN_0040e2e6	0040e409	0040e410	FALL_THROUGH	FUN_0040e2e6	bytes=0FAF82EC010000;mnemonic=IMUL;instruction=IMUL EAX,dword ptr [EDX + 0x1ec];inputs=EAX,0x0,0x4,EDX,0x1ec;results=EAX,CF,OF;flows=;fallthrough=0040e410
instruction	0040e2e6	FUN_0040e2e6	0040e410	0040e413	FALL_THROUGH	FUN_0040e2e6	bytes=8B4DE8;mnemonic=MOV;instruction=MOV ECX,dword ptr [EBP + -0x18];inputs=EBP,0xffffffe8;results=ECX;flows=;fallthrough=0040e413
instruction_reference	0040e2e6	FUN_0040e2e6	0040e410	Stack[-0x1c]	READ		operand_index=1;primary=true;source=ANALYSIS
instruction	0040e2e6	FUN_0040e2e6	0040e413	0040e415	FALL_THROUGH	FUN_0040e2e6	bytes=03C8;mnemonic=ADD;instruction=ADD ECX,EAX;inputs=EAX,0x0,0x1,ECX,0xff;results=CF,PF,ECX,ZF,SF,OF;flows=;fallthrough=0040e415
instruction	0040e2e6	FUN_0040e2e6	0040e415	0040e41b	FALL_THROUGH	FUN_0040e2e6	bytes=69C96C010000;mnemonic=IMUL;instruction=IMUL ECX,ECX,0x16c;inputs=0x0,ECX,0x4,0x16c;results=CF,ECX,OF;flows=;fallthrough=0040e41b
instruction	0040e2e6	FUN_0040e2e6	0040e41b	0040e41e	FALL_THROUGH	FUN_0040e2e6	bytes=8B55DC;mnemonic=MOV;instruction=MOV EDX,dword ptr [EBP + -0x24];inputs=0xffffffdc,EBP;results=EDX;flows=;fallthrough=0040e41e
instruction_reference	0040e2e6	FUN_0040e2e6	0040e41b	Stack[-0x28]	READ		operand_index=1;primary=true;source=ANALYSIS
instruction	0040e2e6	FUN_0040e2e6	0040e41e	0040e424	FALL_THROUGH	FUN_0040e2e6	bytes=8B82F4010000;mnemonic=MOV;instruction=MOV EAX,dword ptr [EDX + 0x1f4];inputs=0x1f4,EDX;results=EAX;flows=;fallthrough=0040e424
instruction	0040e2e6	FUN_0040e2e6	0040e424	0040e426	FALL_THROUGH	FUN_0040e2e6	bytes=03C1;mnemonic=ADD;instruction=ADD EAX,ECX;inputs=EAX,0x0,0x1,ECX,0xff;results=CF,EAX,PF,ZF,SF,OF;flows=;fallthrough=0040e426
instruction	0040e2e6	FUN_0040e2e6	0040e426	0040e427	FALL_THROUGH	FUN_0040e2e6	bytes=50;mnemonic=PUSH;instruction=PUSH EAX;inputs=EAX,ESP,0x4;results=ESP;flows=;fallthrough=0040e427
instruction	0040e2e6	FUN_0040e2e6	0040e427	0040e42a	FALL_THROUGH	FUN_0040e2e6	bytes=8B4DF0;mnemonic=MOV;instruction=MOV ECX,dword ptr [EBP + -0x10];inputs=EBP,0xfffffff0;results=ECX;flows=;fallthrough=0040e42a
instruction_reference	0040e2e6	FUN_0040e2e6	0040e427	Stack[-0x14]	READ		operand_index=1;primary=true;source=ANALYSIS
instruction	0040e2e6	FUN_0040e2e6	0040e42a	0040e42d	FALL_THROUGH	FUN_0040e2e6	bytes=83C13C;mnemonic=ADD;instruction=ADD ECX,0x3c;inputs=0x0,0x1,ECX,0x3c,0xff;results=CF,PF,ECX,ZF,SF,OF;flows=;fallthrough=0040e42d
instruction	0040e2e6	FUN_0040e2e6	0040e42d	0040e42e	FALL_THROUGH	FUN_0040e2e6	bytes=51;mnemonic=PUSH;instruction=PUSH ECX;inputs=ESP,ECX,0x4;results=ESP;flows=;fallthrough=0040e42e
instruction	0040e2e6	FUN_0040e2e6	0040e42e	0040e433	UNCONDITIONAL_CALL	FUN_0040e2e6	bytes=E87DDDFFFF;mnemonic=CALL;instruction=CALL 0x0040c1b0;inputs=ESP,0x40e433,0x4;results=ESP;flows=0040c1b0;fallthrough=0040e433
instruction_reference	0040e2e6	FUN_0040e2e6	0040e42e	0040c1b0	UNCONDITIONAL_CALL	FUN_0040c1b0	operand_index=0;primary=true;source=DEFAULT
instruction	0040e2e6	FUN_0040e2e6	0040e433	0040e436	FALL_THROUGH	FUN_0040e2e6	bytes=83C40C;mnemonic=ADD;instruction=ADD ESP,0xc;inputs=ESP,0x0,0x1,0xc,0xff;results=CF,ESP,PF,ZF,SF,OF;flows=;fallthrough=0040e436
instruction	0040e2e6	FUN_0040e2e6	0040e436		UNCONDITIONAL_JUMP	FUN_0040e2e6	bytes=E934FFFFFF;mnemonic=JMP;instruction=JMP 0x0040e36f;inputs=;results=;flows=0040e36f;fallthrough=
instruction_reference	0040e2e6	FUN_0040e2e6	0040e436	0040e36f	UNCONDITIONAL_JUMP	LAB_0040e36f	operand_index=0;primary=true;source=DEFAULT
instruction	0040e2e6	FUN_0040e2e6	0040e43b		UNCONDITIONAL_JUMP	FUN_0040e2e6	bytes=E90BFFFFFF;mnemonic=JMP;instruction=JMP 0x0040e34b;inputs=;results=;flows=0040e34b;fallthrough=
instruction_reference	0040e2e6	FUN_0040e2e6	0040e43b	0040e34b	UNCONDITIONAL_JUMP	LAB_0040e34b	operand_index=0;primary=true;source=DEFAULT
instruction	0040e2e6	FUN_0040e2e6	0040e440	0040e443	FALL_THROUGH	FUN_0040e2e6	bytes=8B55DC;mnemonic=MOV;instruction=MOV EDX,dword ptr [EBP + -0x24];inputs=0xffffffdc,EBP;results=EDX;flows=;fallthrough=0040e443
instruction_reference	0040e2e6	FUN_0040e2e6	0040e440	Stack[-0x28]	READ		operand_index=1;primary=true;source=ANALYSIS
instruction	0040e2e6	FUN_0040e2e6	0040e443	0040e44a	FALL_THROUGH	FUN_0040e2e6	bytes=83BA5405000000;mnemonic=CMP;instruction=CMP dword ptr [EDX + 0x554],0x0;inputs=0x0,0x1,0x554,EDX,0xff;results=CF,PF,ZF,SF,OF;flows=;fallthrough=0040e44a
instruction	0040e2e6	FUN_0040e2e6	0040e44a	0040e44c	CONDITIONAL_JUMP	FUN_0040e2e6	bytes=7C23;mnemonic=JL;instruction=JL 0x0040e46f;inputs=SF,OF;results=;flows=0040e46f;fallthrough=0040e44c
instruction_reference	0040e2e6	FUN_0040e2e6	0040e44a	0040e46f	CONDITIONAL_JUMP	LAB_0040e46f	operand_index=0;primary=true;source=DEFAULT
instruction	0040e2e6	FUN_0040e2e6	0040e44c	0040e44f	FALL_THROUGH	FUN_0040e2e6	bytes=8B45DC;mnemonic=MOV;instruction=MOV EAX,dword ptr [EBP + -0x24];inputs=0xffffffdc,EBP;results=EAX;flows=;fallthrough=0040e44f
instruction_reference	0040e2e6	FUN_0040e2e6	0040e44c	Stack[-0x28]	READ		operand_index=1;primary=true;source=ANALYSIS
instruction	0040e2e6	FUN_0040e2e6	0040e44f	0040e455	FALL_THROUGH	FUN_0040e2e6	bytes=8B8854050000;mnemonic=MOV;instruction=MOV ECX,dword ptr [EAX + 0x554];inputs=EAX,0x554;results=ECX;flows=;fallthrough=0040e455
instruction	0040e2e6	FUN_0040e2e6	0040e455	0040e456	FALL_THROUGH	FUN_0040e2e6	bytes=51;mnemonic=PUSH;instruction=PUSH ECX;inputs=ESP,ECX,0x4;results=ESP;flows=;fallthrough=0040e456
instruction	0040e2e6	FUN_0040e2e6	0040e456	0040e459	FALL_THROUGH	FUN_0040e2e6	bytes=8B55DC;mnemonic=MOV;instruction=MOV EDX,dword ptr [EBP + -0x24];inputs=0xffffffdc,EBP;results=EDX;flows=;fallthrough=0040e459
instruction_reference	0040e2e6	FUN_0040e2e6	0040e456	Stack[-0x28]	READ		operand_index=1;primary=true;source=ANALYSIS
instruction	0040e2e6	FUN_0040e2e6	0040e459	0040e45f	FALL_THROUGH	FUN_0040e2e6	bytes=81C20C040000;mnemonic=ADD;instruction=ADD EDX,0x40c;inputs=0x0,0x1,EDX,0x40c,0xff;results=CF,PF,ZF,SF,EDX,OF;flows=;fallthrough=0040e45f
instruction	0040e2e6	FUN_0040e2e6	0040e45f	0040e460	FALL_THROUGH	FUN_0040e2e6	bytes=52;mnemonic=PUSH;instruction=PUSH EDX;inputs=ESP,0x4,EDX;results=ESP;flows=;fallthrough=0040e460
instruction	0040e2e6	FUN_0040e2e6	0040e460	0040e463	FALL_THROUGH	FUN_0040e2e6	bytes=8B45F0;mnemonic=MOV;instruction=MOV EAX,dword ptr [EBP + -0x10];inputs=EBP,0xfffffff0;results=EAX;flows=;fallthrough=0040e463
instruction_reference	0040e2e6	FUN_0040e2e6	0040e460	Stack[-0x14]	READ		operand_index=1;primary=true;source=ANALYSIS
instruction	0040e2e6	FUN_0040e2e6	0040e463	0040e466	FALL_THROUGH	FUN_0040e2e6	bytes=83C03C;mnemonic=ADD;instruction=ADD EAX,0x3c;inputs=EAX,0x0,0x1,0x3c,0xff;results=CF,EAX,PF,ZF,SF,OF;flows=;fallthrough=0040e466
instruction	0040e2e6	FUN_0040e2e6	0040e466	0040e467	FALL_THROUGH	FUN_0040e2e6	bytes=50;mnemonic=PUSH;instruction=PUSH EAX;inputs=EAX,ESP,0x4;results=ESP;flows=;fallthrough=0040e467
instruction	0040e2e6	FUN_0040e2e6	0040e467	0040e46c	UNCONDITIONAL_CALL	FUN_0040e2e6	bytes=E844DDFFFF;mnemonic=CALL;instruction=CALL 0x0040c1b0;inputs=ESP,0x4,0x40e46c;results=ESP;flows=0040c1b0;fallthrough=0040e46c
instruction_reference	0040e2e6	FUN_0040e2e6	0040e467	0040c1b0	UNCONDITIONAL_CALL	FUN_0040c1b0	operand_index=0;primary=true;source=DEFAULT
instruction	0040e2e6	FUN_0040e2e6	0040e46c	0040e46f	FALL_THROUGH	FUN_0040e2e6	bytes=83C40C;mnemonic=ADD;instruction=ADD ESP,0xc;inputs=ESP,0x0,0x1,0xc,0xff;results=CF,ESP,PF,ZF,SF,OF;flows=;fallthrough=0040e46f
instruction	0040e2e6	FUN_0040e2e6	0040e46f	0040e472	FALL_THROUGH	FUN_0040e2e6	bytes=8B4DDC;mnemonic=MOV;instruction=MOV ECX,dword ptr [EBP + -0x24];inputs=0xffffffdc,EBP;results=ECX;flows=;fallthrough=0040e472
instruction_reference	0040e2e6	FUN_0040e2e6	0040e46f	Stack[-0x28]	READ		operand_index=1;primary=true;source=ANALYSIS
instruction	0040e2e6	FUN_0040e2e6	0040e472	0040e479	FALL_THROUGH	FUN_0040e2e6	bytes=83B9F001000000;mnemonic=CMP;instruction=CMP dword ptr [ECX + 0x1f0],0x0;inputs=0x1f0,0x0,0x1,ECX,0xff;results=CF,PF,ZF,SF,OF;flows=;fallthrough=0040e479
instruction	0040e2e6	FUN_0040e2e6	0040e479	0040e47b	CONDITIONAL_JUMP	FUN_0040e2e6	bytes=7425;mnemonic=JZ;instruction=JZ 0x0040e4a0;inputs=ZF;results=;flows=0040e4a0;fallthrough=0040e47b
instruction_reference	0040e2e6	FUN_0040e2e6	0040e479	0040e4a0	CONDITIONAL_JUMP	LAB_0040e4a0	operand_index=0;primary=true;source=DEFAULT
instruction	0040e2e6	FUN_0040e2e6	0040e47b	0040e47e	FALL_THROUGH	FUN_0040e2e6	bytes=8B55DC;mnemonic=MOV;instruction=MOV EDX,dword ptr [EBP + -0x24];inputs=0xffffffdc,EBP;results=EDX;flows=;fallthrough=0040e47e
instruction_reference	0040e2e6	FUN_0040e2e6	0040e47b	Stack[-0x28]	READ		operand_index=1;primary=true;source=ANALYSIS
instruction	0040e2e6	FUN_0040e2e6	0040e47e	0040e484	FALL_THROUGH	FUN_0040e2e6	bytes=8B82F0010000;mnemonic=MOV;instruction=MOV EAX,dword ptr [EDX + 0x1f0];inputs=0x1f0,EDX;results=EAX;flows=;fallthrough=0040e484
instruction	0040e2e6	FUN_0040e2e6	0040e484	0040e487	FALL_THROUGH	FUN_0040e2e6	bytes=8945E4;mnemonic=MOV;instruction=MOV dword ptr [EBP + -0x1c],EAX;inputs=EAX,EBP,0xffffffe4;results=;flows=;fallthrough=0040e487
instruction_reference	0040e2e6	FUN_0040e2e6	0040e484	Stack[-0x20]	WRITE		operand_index=0;primary=true;source=ANALYSIS
instruction	0040e2e6	FUN_0040e2e6	0040e487	0040e48a	FALL_THROUGH	FUN_0040e2e6	bytes=8B4DE4;mnemonic=MOV;instruction=MOV ECX,dword ptr [EBP + -0x1c];inputs=EBP,0xffffffe4;results=ECX;flows=;fallthrough=0040e48a
instruction_reference	0040e2e6	FUN_0040e2e6	0040e487	Stack[-0x20]	READ		operand_index=1;primary=true;source=ANALYSIS
instruction	0040e2e6	FUN_0040e2e6	0040e48a	0040e48b	FALL_THROUGH	FUN_0040e2e6	bytes=51;mnemonic=PUSH;instruction=PUSH ECX;inputs=ESP,ECX,0x4;results=ESP;flows=;fallthrough=0040e48b
instruction	0040e2e6	FUN_0040e2e6	0040e48b	0040e490	UNCONDITIONAL_CALL	FUN_0040e2e6	bytes=E8AA051800;mnemonic=CALL;instruction=CALL 0x0058ea3a;inputs=ESP,0x40e490,0x4;results=ESP;flows=0058ea3a;fallthrough=0040e490
instruction_reference	0040e2e6	FUN_0040e2e6	0040e48b	0058ea3a	UNCONDITIONAL_CALL	FUN_0058ea3a	operand_index=0;primary=true;source=DEFAULT
instruction	0040e2e6	FUN_0040e2e6	0040e490	0040e493	FALL_THROUGH	FUN_0040e2e6	bytes=83C404;mnemonic=ADD;instruction=ADD ESP,0x4;inputs=ESP,0x0,0x1,0x4,0xff;results=CF,ESP,PF,ZF,SF,OF;flows=;fallthrough=0040e493
instruction	0040e2e6	FUN_0040e2e6	0040e493	0040e496	FALL_THROUGH	FUN_0040e2e6	bytes=8B55DC;mnemonic=MOV;instruction=MOV EDX,dword ptr [EBP + -0x24];inputs=0xffffffdc,EBP;results=EDX;flows=;fallthrough=0040e496
instruction_reference	0040e2e6	FUN_0040e2e6	0040e493	Stack[-0x28]	READ		operand_index=1;primary=true;source=ANALYSIS
instruction	0040e2e6	FUN_0040e2e6	0040e496	0040e4a0	FALL_THROUGH	FUN_0040e2e6	bytes=C782F001000000000000;mnemonic=MOV;instruction=MOV dword ptr [EDX + 0x1f0],0x0;inputs=0x1f0,0x0,EDX;results=;flows=;fallthrough=0040e4a0
instruction	0040e2e6	FUN_0040e2e6	0040e4a0	0040e4a3	FALL_THROUGH	FUN_0040e2e6	bytes=8B45DC;mnemonic=MOV;instruction=MOV EAX,dword ptr [EBP + -0x24];inputs=0xffffffdc,EBP;results=EAX;flows=;fallthrough=0040e4a3
instruction_reference	0040e2e6	FUN_0040e2e6	0040e4a0	Stack[-0x28]	READ		operand_index=1;primary=true;source=ANALYSIS
instruction	0040e2e6	FUN_0040e2e6	0040e4a3	0040e4aa	FALL_THROUGH	FUN_0040e2e6	bytes=83B8F401000000;mnemonic=CMP;instruction=CMP dword ptr [EAX + 0x1f4],0x0;inputs=EAX,0x0,0x1,0x1f4,0xff;results=CF,PF,ZF,SF,OF;flows=;fallthrough=0040e4aa
instruction	0040e2e6	FUN_0040e2e6	0040e4aa	0040e4ac	CONDITIONAL_JUMP	FUN_0040e2e6	bytes=7425;mnemonic=JZ;instruction=JZ 0x0040e4d1;inputs=ZF;results=;flows=0040e4d1;fallthrough=0040e4ac
instruction_reference	0040e2e6	FUN_0040e2e6	0040e4aa	0040e4d1	CONDITIONAL_JUMP	LAB_0040e4d1	operand_index=0;primary=true;source=DEFAULT
instruction	0040e2e6	FUN_0040e2e6	0040e4ac	0040e4af	FALL_THROUGH	FUN_0040e2e6	bytes=8B4DDC;mnemonic=MOV;instruction=MOV ECX,dword ptr [EBP + -0x24];inputs=0xffffffdc,EBP;results=ECX;flows=;fallthrough=0040e4af
instruction_reference	0040e2e6	FUN_0040e2e6	0040e4ac	Stack[-0x28]	READ		operand_index=1;primary=true;source=ANALYSIS
instruction	0040e2e6	FUN_0040e2e6	0040e4af	0040e4b5	FALL_THROUGH	FUN_0040e2e6	bytes=8B91F4010000;mnemonic=MOV;instruction=MOV EDX,dword ptr [ECX + 0x1f4];inputs=ECX,0x1f4;results=EDX;flows=;fallthrough=0040e4b5
instruction	0040e2e6	FUN_0040e2e6	0040e4b5	0040e4b8	FALL_THROUGH	FUN_0040e2e6	bytes=8955E0;mnemonic=MOV;instruction=MOV dword ptr [EBP + -0x20],EDX;inputs=EBP,EDX,0xffffffe0;results=;flows=;fallthrough=0040e4b8
instruction_reference	0040e2e6	FUN_0040e2e6	0040e4b5	Stack[-0x24]	WRITE		operand_index=0;primary=true;source=ANALYSIS
instruction	0040e2e6	FUN_0040e2e6	0040e4b8	0040e4bb	FALL_THROUGH	FUN_0040e2e6	bytes=8B45E0;mnemonic=MOV;instruction=MOV EAX,dword ptr [EBP + -0x20];inputs=EBP,0xffffffe0;results=EAX;flows=;fallthrough=0040e4bb
instruction_reference	0040e2e6	FUN_0040e2e6	0040e4b8	Stack[-0x24]	READ		operand_index=1;primary=true;source=ANALYSIS
instruction	0040e2e6	FUN_0040e2e6	0040e4bb	0040e4bc	FALL_THROUGH	FUN_0040e2e6	bytes=50;mnemonic=PUSH;instruction=PUSH EAX;inputs=EAX,ESP,0x4;results=ESP;flows=;fallthrough=0040e4bc
instruction	0040e2e6	FUN_0040e2e6	0040e4bc	0040e4c1	UNCONDITIONAL_CALL	FUN_0040e2e6	bytes=E879051800;mnemonic=CALL;instruction=CALL 0x0058ea3a;inputs=ESP,0x40e4c1,0x4;results=ESP;flows=0058ea3a;fallthrough=0040e4c1
instruction_reference	0040e2e6	FUN_0040e2e6	0040e4bc	0058ea3a	UNCONDITIONAL_CALL	FUN_0058ea3a	operand_index=0;primary=true;source=DEFAULT
instruction	0040e2e6	FUN_0040e2e6	0040e4c1	0040e4c4	FALL_THROUGH	FUN_0040e2e6	bytes=83C404;mnemonic=ADD;instruction=ADD ESP,0x4;inputs=ESP,0x0,0x1,0x4,0xff;results=CF,ESP,PF,ZF,SF,OF;flows=;fallthrough=0040e4c4
instruction	0040e2e6	FUN_0040e2e6	0040e4c4	0040e4c7	FALL_THROUGH	FUN_0040e2e6	bytes=8B4DDC;mnemonic=MOV;instruction=MOV ECX,dword ptr [EBP + -0x24];inputs=0xffffffdc,EBP;results=ECX;flows=;fallthrough=0040e4c7
instruction_reference	0040e2e6	FUN_0040e2e6	0040e4c4	Stack[-0x28]	READ		operand_index=1;primary=true;source=ANALYSIS
instruction	0040e2e6	FUN_0040e2e6	0040e4c7	0040e4d1	FALL_THROUGH	FUN_0040e2e6	bytes=C781F401000000000000;mnemonic=MOV;instruction=MOV dword ptr [ECX + 0x1f4],0x0;inputs=0x0,ECX,0x1f4;results=;flows=;fallthrough=0040e4d1
instruction	0040e2e6	FUN_0040e2e6	0040e4d1	0040e4d8	FALL_THROUGH	FUN_0040e2e6	bytes=C745FCFFFFFFFF;mnemonic=MOV;instruction=MOV dword ptr [EBP + -0x4],0xffffffff;inputs=0xffffffff,0xfffffffc,EBP;results=;flows=;fallthrough=0040e4d8
instruction_reference	0040e2e6	FUN_0040e2e6	0040e4d1	Stack[-0x8]	WRITE		operand_index=0;primary=true;source=ANALYSIS
instruction	0040e2e6	FUN_0040e2e6	0040e4d8	0040e4db	FALL_THROUGH	FUN_0040e2e6	bytes=8B4DDC;mnemonic=MOV;instruction=MOV ECX,dword ptr [EBP + -0x24];inputs=0xffffffdc,EBP;results=ECX;flows=;fallthrough=0040e4db
instruction_reference	0040e2e6	FUN_0040e2e6	0040e4d8	Stack[-0x28]	READ		operand_index=1;primary=true;source=ANALYSIS
instruction	0040e2e6	FUN_0040e2e6	0040e4db	0040e4e0	UNCONDITIONAL_CALL	FUN_0040e2e6	bytes=E83A30FFFF;mnemonic=CALL;instruction=CALL 0x0040151a;inputs=ESP,0x40e4e0,0x4;results=ESP;flows=0040151a;fallthrough=0040e4e0
instruction_reference	0040e2e6	FUN_0040e2e6	0040e4db	0040151a	UNCONDITIONAL_CALL	FUN_0040151a	operand_index=0;primary=true;source=DEFAULT
instruction	0040e2e6	FUN_0040e2e6	0040e4e0	0040e4e3	FALL_THROUGH	FUN_0040e2e6	bytes=8B4DF4;mnemonic=MOV;instruction=MOV ECX,dword ptr [EBP + -0xc];inputs=EBP,0xfffffff4;results=ECX;flows=;fallthrough=0040e4e3
instruction_reference	0040e2e6	FUN_0040e2e6	0040e4e0	Stack[-0x10]	READ		operand_index=1;primary=true;source=ANALYSIS
instruction	0040e2e6	FUN_0040e2e6	0040e4e3	0040e4ea	FALL_THROUGH	FUN_0040e2e6	bytes=64890D00000000;mnemonic=MOV;instruction=MOV dword ptr FS:[0x0],ECX;inputs=FS_OFFSET,0x0,ECX;results=;flows=;fallthrough=0040e4ea
instruction_reference	0040e2e6	FUN_0040e2e6	0040e4e3	ffdff000	WRITE	ExceptionList	operand_index=0;primary=true;source=ANALYSIS
instruction	0040e2e6	FUN_0040e2e6	0040e4ea	0040e4ec	FALL_THROUGH	FUN_0040e2e6	bytes=8BE5;mnemonic=MOV;instruction=MOV ESP,EBP;inputs=EBP;results=ESP;flows=;fallthrough=0040e4ec
instruction	0040e2e6	FUN_0040e2e6	0040e4ec	0040e4ed	FALL_THROUGH	FUN_0040e2e6	bytes=5D;mnemonic=POP;instruction=POP EBP;inputs=0x0,ESP,0x4;results=ESP,EBP;flows=;fallthrough=0040e4ed
instruction	0040e2e6	FUN_0040e2e6	0040e4ed		TERMINATOR	FUN_0040e2e6	bytes=C3;mnemonic=RET;instruction=RET;inputs=ESP,0x4;results=ESP,EIP;flows=;fallthrough=
instruction_search	0040e2e6	FUN_0040e2e6	0040e2e6	0040e2e6	instructions	FUN_0040e2e6	instructions=132;references=76;body_min=0040e2e6;body_max=0040e4ed
