record	entry	name	from	to	type	symbol	value
program					sha256		8aa2f918844bce3afe21f1204f69757a443e32eb2f2f616936b1d9bfe215f593
program					image_base		00400000
table_slot	005a45f0	PTR_FUN_005a45f0	005a45f0	004b1690	pointer	FUN_004b1690	index=0;offset=0x0;raw=0x004B1690;data=004b1690
table_slot_incoming	005a45f0	PTR_FUN_005a45f0	004afacc	005a45f0	DATA	FUN_004afac0	index=0;offset=0x0;raw=0x004B1690;data=004b1690;owner_entry=004afac0
table_slot_incoming	005a45f0	PTR_FUN_005a45f0	004afbaa	005a45f0	DATA	FUN_004afba0	index=0;offset=0x0;raw=0x004B1690;data=004b1690;owner_entry=004afba0
table_slot_outgoing	005a45f0	PTR_FUN_005a45f0	005a45f0	004b1690	DATA	FUN_004b1690	index=0;offset=0x0;raw=0x004B1690;data=004b1690
table_slot	005a45f0	PTR_FUN_005a45f0	005a45f4	004b00e4	pointer	FUN_004b00e4	index=1;offset=0x4;raw=0x004B00E4;data=
table_slot	005a45f0	PTR_FUN_005a45f0	005a45f8	004b15bf	pointer	FUN_004b15bf	index=2;offset=0x8;raw=0x004B15BF;data=
table_slot	005a45f0	PTR_FUN_005a45f0	005a45fc	004b3a20	pointer	FUN_004b3a20	index=3;offset=0xC;raw=0x004B3A20;data=004b3a20
table_slot_incoming	005a45f0	PTR_FUN_005a45f0	004b1ef1	005a45fc	DATA	FUN_004b1ea9	index=3;offset=0xC;raw=0x004B3A20;data=004b3a20;owner_entry=004b1ea9
table_slot_incoming	005a45f0	PTR_FUN_005a45f0	004b2161	005a45fc	DATA	FUN_004b2155	index=3;offset=0xC;raw=0x004B3A20;data=004b3a20;owner_entry=004b2155
table_slot_outgoing	005a45f0	PTR_FUN_005a45f0	005a45fc	004b3a20	DATA	FUN_004b3a20	index=3;offset=0xC;raw=0x004B3A20;data=004b3a20
table_slot	005a45f0	PTR_FUN_005a45f0	005a4600	004b21be	pointer	FUN_004b21be	index=4;offset=0x10;raw=0x004B21BE;data=004b21be
table_slot_outgoing	005a45f0	PTR_FUN_005a45f0	005a4600	004b21be	DATA	FUN_004b21be	index=4;offset=0x10;raw=0x004B21BE;data=004b21be
table_slot	005a45f0	PTR_FUN_005a45f0	005a4604	004b263e	pointer	FUN_004b263e	index=5;offset=0x14;raw=0x004B263E;data=004b263e
table_slot_outgoing	005a45f0	PTR_FUN_005a45f0	005a4604	004b263e	DATA	FUN_004b263e	index=5;offset=0x14;raw=0x004B263E;data=004b263e
table_slot	005a45f0	PTR_FUN_005a45f0	005a4608	004b273b	pointer	FUN_004b273b	index=6;offset=0x18;raw=0x004B273B;data=004b273b
table_slot_outgoing	005a45f0	PTR_FUN_005a45f0	005a4608	004b273b	DATA	FUN_004b273b	index=6;offset=0x18;raw=0x004B273B;data=004b273b
table_slot	005a45f0	PTR_FUN_005a45f0	005a460c	004b2893	pointer	FUN_004b2893	index=7;offset=0x1C;raw=0x004B2893;data=004b2893
table_slot_outgoing	005a45f0	PTR_FUN_005a45f0	005a460c	004b2893	DATA	FUN_004b2893	index=7;offset=0x1C;raw=0x004B2893;data=004b2893
table_slot	005a45f0	PTR_FUN_005a45f0	005a4610	004b2926	pointer	FUN_004b2926	index=8;offset=0x20;raw=0x004B2926;data=004b2926
table_slot_outgoing	005a45f0	PTR_FUN_005a45f0	005a4610	004b2926	DATA	FUN_004b2926	index=8;offset=0x20;raw=0x004B2926;data=004b2926
table_slot	005a45f0	PTR_FUN_005a45f0	005a4614	004b29b9	pointer	FUN_004b29b9	index=9;offset=0x24;raw=0x004B29B9;data=004b29b9
table_slot_outgoing	005a45f0	PTR_FUN_005a45f0	005a4614	004b29b9	DATA	FUN_004b29b9	index=9;offset=0x24;raw=0x004B29B9;data=004b29b9
table_slot	005a45f0	PTR_FUN_005a45f0	005a4618	004b2a50	pointer	FUN_004b2a50	index=10;offset=0x28;raw=0x004B2A50;data=004b2a50
table_slot_outgoing	005a45f0	PTR_FUN_005a45f0	005a4618	004b2a50	DATA	FUN_004b2a50	index=10;offset=0x28;raw=0x004B2A50;data=004b2a50
table_slot	005a45f0	PTR_FUN_005a45f0	005a461c	004b2a8f	pointer	FUN_004b2a8f	index=11;offset=0x2C;raw=0x004B2A8F;data=004b2a8f
table_slot_outgoing	005a45f0	PTR_FUN_005a45f0	005a461c	004b2a8f	DATA	FUN_004b2a8f	index=11;offset=0x2C;raw=0x004B2A8F;data=004b2a8f
table_slot	005a45f0	PTR_FUN_005a45f0	005a4620	004b2aba	pointer	FUN_004b2aba	index=12;offset=0x30;raw=0x004B2ABA;data=004b2aba
table_slot_outgoing	005a45f0	PTR_FUN_005a45f0	005a4620	004b2aba	DATA	FUN_004b2aba	index=12;offset=0x30;raw=0x004B2ABA;data=004b2aba
table_slot	005a45f0	PTR_FUN_005a45f0	005a4624	004b2d35	pointer	FUN_004b2d35	index=13;offset=0x34;raw=0x004B2D35;data=004b2d35
table_slot_outgoing	005a45f0	PTR_FUN_005a45f0	005a4624	004b2d35	DATA	FUN_004b2d35	index=13;offset=0x34;raw=0x004B2D35;data=004b2d35
table_slot	005a45f0	PTR_FUN_005a45f0	005a4628	004b2e46	pointer	FUN_004b2e46	index=14;offset=0x38;raw=0x004B2E46;data=004b2e46
table_slot_outgoing	005a45f0	PTR_FUN_005a45f0	005a4628	004b2e46	DATA	FUN_004b2e46	index=14;offset=0x38;raw=0x004B2E46;data=004b2e46
table_slot	005a45f0	PTR_FUN_005a45f0	005a462c	004b2b55	pointer	FUN_004b2b55	index=15;offset=0x3C;raw=0x004B2B55;data=004b2b55
table_slot_outgoing	005a45f0	PTR_FUN_005a45f0	005a462c	004b2b55	DATA	FUN_004b2b55	index=15;offset=0x3C;raw=0x004B2B55;data=004b2b55
table_slot	005a45f0	PTR_FUN_005a45f0	005a4630	004b2bf3	pointer	FUN_004b2bf3	index=16;offset=0x40;raw=0x004B2BF3;data=004b2bf3
table_slot_outgoing	005a45f0	PTR_FUN_005a45f0	005a4630	004b2bf3	DATA	FUN_004b2bf3	index=16;offset=0x40;raw=0x004B2BF3;data=004b2bf3
table_slot	005a45f0	PTR_FUN_005a45f0	005a4634	004b2c94	pointer	FUN_004b2c94	index=17;offset=0x44;raw=0x004B2C94;data=004b2c94
table_slot_outgoing	005a45f0	PTR_FUN_005a45f0	005a4634	004b2c94	DATA	FUN_004b2c94	index=17;offset=0x44;raw=0x004B2C94;data=004b2c94
table_slot	005a45f0	PTR_FUN_005a45f0	005a4638	004b2f09	pointer	FUN_004b2f09	index=18;offset=0x48;raw=0x004B2F09;data=004b2f09
table_slot_outgoing	005a45f0	PTR_FUN_005a45f0	005a4638	004b2f09	DATA	FUN_004b2f09	index=18;offset=0x48;raw=0x004B2F09;data=004b2f09
table_slot	005a45f0	PTR_FUN_005a45f0	005a463c	004b2f84	pointer	FUN_004b2f84	index=19;offset=0x4C;raw=0x004B2F84;data=004b2f84
table_slot_outgoing	005a45f0	PTR_FUN_005a45f0	005a463c	004b2f84	DATA	FUN_004b2f84	index=19;offset=0x4C;raw=0x004B2F84;data=004b2f84
table_slot	005a45f0	PTR_FUN_005a45f0	005a4640	004b2fff	pointer	FUN_004b2fff	index=20;offset=0x50;raw=0x004B2FFF;data=004b2fff
table_slot_outgoing	005a45f0	PTR_FUN_005a45f0	005a4640	004b2fff	DATA	FUN_004b2fff	index=20;offset=0x50;raw=0x004B2FFF;data=004b2fff
table_slot	005a45f0	PTR_FUN_005a45f0	005a4644	004b3205	pointer	FUN_004b3205	index=21;offset=0x54;raw=0x004B3205;data=004b3205
table_slot_outgoing	005a45f0	PTR_FUN_005a45f0	005a4644	004b3205	DATA	FUN_004b3205	index=21;offset=0x54;raw=0x004B3205;data=004b3205
table_slot	005a45f0	PTR_FUN_005a45f0	005a4648	004b316b	pointer	FUN_004b316b	index=22;offset=0x58;raw=0x004B316B;data=004b316b
table_slot_outgoing	005a45f0	PTR_FUN_005a45f0	005a4648	004b316b	DATA	FUN_004b316b	index=22;offset=0x58;raw=0x004B316B;data=004b316b
table_slot	005a45f0	PTR_FUN_005a45f0	005a464c	004b32a2	pointer	FUN_004b32a2	index=23;offset=0x5C;raw=0x004B32A2;data=004b32a2
table_slot_outgoing	005a45f0	PTR_FUN_005a45f0	005a464c	004b32a2	DATA	FUN_004b32a2	index=23;offset=0x5C;raw=0x004B32A2;data=004b32a2
table_slot	005a45f0	PTR_FUN_005a45f0	005a4650	004b3500	pointer	FUN_004b3500	index=24;offset=0x60;raw=0x004B3500;data=004b3500
table_slot_outgoing	005a45f0	PTR_FUN_005a45f0	005a4650	004b3500	DATA	FUN_004b3500	index=24;offset=0x60;raw=0x004B3500;data=004b3500
table_slot	005a45f0	PTR_FUN_005a45f0	005a4654	004b37c9	pointer	FUN_004b37c9	index=25;offset=0x64;raw=0x004B37C9;data=004b37c9
table_slot_outgoing	005a45f0	PTR_FUN_005a45f0	005a4654	004b37c9	DATA	FUN_004b37c9	index=25;offset=0x64;raw=0x004B37C9;data=004b37c9
table_slot	005a45f0	PTR_FUN_005a45f0	005a4658	004b3952	pointer	FUN_004b3952	index=26;offset=0x68;raw=0x004B3952;data=004b3952
table_slot_outgoing	005a45f0	PTR_FUN_005a45f0	005a4658	004b3952	DATA	FUN_004b3952	index=26;offset=0x68;raw=0x004B3952;data=004b3952
table_search	005a45f0	PTR_FUN_005a45f0	005a45f0		table		requested_slots=27;slots_read=27;errors=0;slot_bytes=4
instruction	004afac0	FUN_004afac0	004afac0	004afac1	FALL_THROUGH	FUN_004afac0	bytes=55;mnemonic=PUSH;instruction=PUSH EBP;inputs=ESP,EBP,0x4;results=ESP;flows=;fallthrough=004afac1
instruction	004afac0	FUN_004afac0	004afac1	004afac3	FALL_THROUGH	FUN_004afac0	bytes=8BEC;mnemonic=MOV;instruction=MOV EBP,ESP;inputs=ESP;results=EBP;flows=;fallthrough=004afac3
instruction	004afac0	FUN_004afac0	004afac3	004afac6	FALL_THROUGH	FUN_004afac0	bytes=83EC10;mnemonic=SUB;instruction=SUB ESP,0x10;inputs=ESP,0x10,0x0,0x1,0xff;results=CF,ESP,PF,ZF,SF,OF;flows=;fallthrough=004afac6
instruction	004afac0	FUN_004afac0	004afac6	004afac9	FALL_THROUGH	FUN_004afac0	bytes=894DF0;mnemonic=MOV;instruction=MOV dword ptr [EBP + -0x10],ECX;inputs=EBP,ECX,0xfffffff0;results=;flows=;fallthrough=004afac9
instruction_reference	004afac0	FUN_004afac0	004afac6	Stack[-0x14]	WRITE		operand_index=0;primary=true;source=ANALYSIS
instruction	004afac0	FUN_004afac0	004afac9	004afacc	FALL_THROUGH	FUN_004afac0	bytes=8B45F0;mnemonic=MOV;instruction=MOV EAX,dword ptr [EBP + -0x10];inputs=EBP,0xfffffff0;results=EAX;flows=;fallthrough=004afacc
instruction_reference	004afac0	FUN_004afac0	004afac9	Stack[-0x14]	READ		operand_index=1;primary=true;source=ANALYSIS
instruction	004afac0	FUN_004afac0	004afacc	004afad2	FALL_THROUGH	FUN_004afac0	bytes=C700F0455A00;mnemonic=MOV;instruction=MOV dword ptr [EAX],0x5a45f0;inputs=EAX,0x5a45f0;results=;flows=;fallthrough=004afad2
instruction_reference	004afac0	FUN_004afac0	004afacc	005a45f0	DATA	PTR_FUN_005a45f0	operand_index=1;primary=true;source=ANALYSIS
instruction	004afac0	FUN_004afac0	004afad2	004afad7	FALL_THROUGH	FUN_004afac0	bytes=68C0170400;mnemonic=PUSH;instruction=PUSH 0x417c0;inputs=ESP,0x417c0,0x4;results=ESP;flows=;fallthrough=004afad7
instruction	004afac0	FUN_004afac0	004afad7	004afad9	FALL_THROUGH	FUN_004afac0	bytes=6A00;mnemonic=PUSH;instruction=PUSH 0x0;inputs=0x0,ESP,0x4;results=ESP;flows=;fallthrough=004afad9
instruction	004afac0	FUN_004afac0	004afad9	004afadc	FALL_THROUGH	FUN_004afac0	bytes=8B4DF0;mnemonic=MOV;instruction=MOV ECX,dword ptr [EBP + -0x10];inputs=EBP,0xfffffff0;results=ECX;flows=;fallthrough=004afadc
instruction_reference	004afac0	FUN_004afac0	004afad9	Stack[-0x14]	READ		operand_index=1;primary=true;source=ANALYSIS
instruction	004afac0	FUN_004afac0	004afadc	004afadf	FALL_THROUGH	FUN_004afac0	bytes=83C108;mnemonic=ADD;instruction=ADD ECX,0x8;inputs=0x0,0x1,ECX,0x8,0xff;results=CF,PF,ECX,ZF,SF,OF;flows=;fallthrough=004afadf
instruction	004afac0	FUN_004afac0	004afadf	004afae0	FALL_THROUGH	FUN_004afac0	bytes=51;mnemonic=PUSH;instruction=PUSH ECX;inputs=ESP,ECX,0x4;results=ESP;flows=;fallthrough=004afae0
instruction	004afac0	FUN_004afac0	004afae0	004afae5	UNCONDITIONAL_CALL	FUN_004afac0	bytes=E83BF50D00;mnemonic=CALL;instruction=CALL 0x0058f020;inputs=ESP,0x4,0x4afae5;results=ESP;flows=0058f020;fallthrough=004afae5
instruction_reference	004afac0	FUN_004afac0	004afae0	0058f020	UNCONDITIONAL_CALL	_memset	operand_index=0;primary=true;source=DEFAULT
instruction	004afac0	FUN_004afac0	004afae5	004afae8	FALL_THROUGH	FUN_004afac0	bytes=83C40C;mnemonic=ADD;instruction=ADD ESP,0xc;inputs=ESP,0x0,0x1,0xc,0xff;results=CF,ESP,PF,ZF,SF,OF;flows=;fallthrough=004afae8
instruction	004afac0	FUN_004afac0	004afae8	004afaed	FALL_THROUGH	FUN_004afac0	bytes=6800600100;mnemonic=PUSH;instruction=PUSH 0x16000;inputs=ESP,0x16000,0x4;results=ESP;flows=;fallthrough=004afaed
instruction	004afac0	FUN_004afac0	004afaed	004afaef	FALL_THROUGH	FUN_004afac0	bytes=6A00;mnemonic=PUSH;instruction=PUSH 0x0;inputs=0x0,ESP,0x4;results=ESP;flows=;fallthrough=004afaef
instruction	004afac0	FUN_004afac0	004afaef	004afaf2	FALL_THROUGH	FUN_004afac0	bytes=8B55F0;mnemonic=MOV;instruction=MOV EDX,dword ptr [EBP + -0x10];inputs=EBP,0xfffffff0;results=EDX;flows=;fallthrough=004afaf2
instruction_reference	004afac0	FUN_004afac0	004afaef	Stack[-0x14]	READ		operand_index=1;primary=true;source=ANALYSIS
instruction	004afac0	FUN_004afac0	004afaf2	004afaf8	FALL_THROUGH	FUN_004afac0	bytes=81C2C8170400;mnemonic=ADD;instruction=ADD EDX,0x417c8;inputs=0x0,0x1,EDX,0x417c8,0xff;results=CF,PF,ZF,SF,EDX,OF;flows=;fallthrough=004afaf8
instruction	004afac0	FUN_004afac0	004afaf8	004afaf9	FALL_THROUGH	FUN_004afac0	bytes=52;mnemonic=PUSH;instruction=PUSH EDX;inputs=ESP,0x4,EDX;results=ESP;flows=;fallthrough=004afaf9
instruction	004afac0	FUN_004afac0	004afaf9	004afafe	UNCONDITIONAL_CALL	FUN_004afac0	bytes=E822F50D00;mnemonic=CALL;instruction=CALL 0x0058f020;inputs=ESP,0x4,0x4afafe;results=ESP;flows=0058f020;fallthrough=004afafe
instruction_reference	004afac0	FUN_004afac0	004afaf9	0058f020	UNCONDITIONAL_CALL	_memset	operand_index=0;primary=true;source=DEFAULT
instruction	004afac0	FUN_004afac0	004afafe	004afb01	FALL_THROUGH	FUN_004afac0	bytes=83C40C;mnemonic=ADD;instruction=ADD ESP,0xc;inputs=ESP,0x0,0x1,0xc,0xff;results=CF,ESP,PF,ZF,SF,OF;flows=;fallthrough=004afb01
instruction	004afac0	FUN_004afac0	004afb01	004afb06	FALL_THROUGH	FUN_004afac0	bytes=68A0220100;mnemonic=PUSH;instruction=PUSH 0x122a0;inputs=ESP,0x122a0,0x4;results=ESP;flows=;fallthrough=004afb06
instruction	004afac0	FUN_004afac0	004afb06	004afb08	FALL_THROUGH	FUN_004afac0	bytes=6A00;mnemonic=PUSH;instruction=PUSH 0x0;inputs=0x0,ESP,0x4;results=ESP;flows=;fallthrough=004afb08
instruction	004afac0	FUN_004afac0	004afb08	004afb0b	FALL_THROUGH	FUN_004afac0	bytes=8B45F0;mnemonic=MOV;instruction=MOV EAX,dword ptr [EBP + -0x10];inputs=EBP,0xfffffff0;results=EAX;flows=;fallthrough=004afb0b
instruction_reference	004afac0	FUN_004afac0	004afb08	Stack[-0x14]	READ		operand_index=1;primary=true;source=ANALYSIS
instruction	004afac0	FUN_004afac0	004afb0b	004afb10	FALL_THROUGH	FUN_004afac0	bytes=05C8770500;mnemonic=ADD;instruction=ADD EAX,0x577c8;inputs=EAX,0x0,0x1,0x577c8,0xff;results=CF,EAX,PF,ZF,SF,OF;flows=;fallthrough=004afb10
instruction	004afac0	FUN_004afac0	004afb10	004afb11	FALL_THROUGH	FUN_004afac0	bytes=50;mnemonic=PUSH;instruction=PUSH EAX;inputs=EAX,ESP,0x4;results=ESP;flows=;fallthrough=004afb11
instruction	004afac0	FUN_004afac0	004afb11	004afb16	UNCONDITIONAL_CALL	FUN_004afac0	bytes=E80AF50D00;mnemonic=CALL;instruction=CALL 0x0058f020;inputs=ESP,0x4,0x4afb16;results=ESP;flows=0058f020;fallthrough=004afb16
instruction_reference	004afac0	FUN_004afac0	004afb11	0058f020	UNCONDITIONAL_CALL	_memset	operand_index=0;primary=true;source=DEFAULT
instruction	004afac0	FUN_004afac0	004afb16	004afb19	FALL_THROUGH	FUN_004afac0	bytes=83C40C;mnemonic=ADD;instruction=ADD ESP,0xc;inputs=ESP,0x0,0x1,0xc,0xff;results=CF,ESP,PF,ZF,SF,OF;flows=;fallthrough=004afb19
instruction	004afac0	FUN_004afac0	004afb19	004afb20	FALL_THROUGH	FUN_004afac0	bytes=C745FC00000000;mnemonic=MOV;instruction=MOV dword ptr [EBP + -0x4],0x0;inputs=0x0,0xfffffffc,EBP;results=;flows=;fallthrough=004afb20
instruction_reference	004afac0	FUN_004afac0	004afb19	Stack[-0x8]	WRITE		operand_index=0;primary=true;source=ANALYSIS
instruction	004afac0	FUN_004afac0	004afb20		UNCONDITIONAL_JUMP	FUN_004afac0	bytes=EB09;mnemonic=JMP;instruction=JMP 0x004afb2b;inputs=;results=;flows=004afb2b;fallthrough=
instruction_reference	004afac0	FUN_004afac0	004afb20	004afb2b	UNCONDITIONAL_JUMP	LAB_004afb2b	operand_index=0;primary=true;source=DEFAULT
instruction	004afac0	FUN_004afac0	004afb22	004afb25	FALL_THROUGH	FUN_004afac0	bytes=8B4DFC;mnemonic=MOV;instruction=MOV ECX,dword ptr [EBP + -0x4];inputs=0xfffffffc,EBP;results=ECX;flows=;fallthrough=004afb25
instruction_reference	004afac0	FUN_004afac0	004afb22	Stack[-0x8]	READ		operand_index=1;primary=true;source=ANALYSIS
instruction	004afac0	FUN_004afac0	004afb25	004afb28	FALL_THROUGH	FUN_004afac0	bytes=83C101;mnemonic=ADD;instruction=ADD ECX,0x1;inputs=0x0,0x1,ECX,0xff;results=CF,PF,ECX,ZF,SF,OF;flows=;fallthrough=004afb28
instruction	004afac0	FUN_004afac0	004afb28	004afb2b	FALL_THROUGH	FUN_004afac0	bytes=894DFC;mnemonic=MOV;instruction=MOV dword ptr [EBP + -0x4],ECX;inputs=0xfffffffc,EBP,ECX;results=;flows=;fallthrough=004afb2b
instruction_reference	004afac0	FUN_004afac0	004afb28	Stack[-0x8]	WRITE		operand_index=0;primary=true;source=ANALYSIS
instruction	004afac0	FUN_004afac0	004afb2b	004afb2f	FALL_THROUGH	FUN_004afac0	bytes=837DFC06;mnemonic=CMP;instruction=CMP dword ptr [EBP + -0x4],0x6;inputs=0x0,0x1,0xfffffffc,EBP,0x6,0xff;results=CF,PF,ZF,SF,OF;flows=;fallthrough=004afb2f
instruction_reference	004afac0	FUN_004afac0	004afb2b	Stack[-0x8]	READ		operand_index=0;primary=true;source=ANALYSIS
instruction	004afac0	FUN_004afac0	004afb2f	004afb31	CONDITIONAL_JUMP	FUN_004afac0	bytes=7D55;mnemonic=JGE;instruction=JGE 0x004afb86;inputs=SF,OF;results=;flows=004afb86;fallthrough=004afb31
instruction_reference	004afac0	FUN_004afac0	004afb2f	004afb86	CONDITIONAL_JUMP	LAB_004afb86	operand_index=0;primary=true;source=DEFAULT
instruction	004afac0	FUN_004afac0	004afb31	004afb38	FALL_THROUGH	FUN_004afac0	bytes=C745F800000000;mnemonic=MOV;instruction=MOV dword ptr [EBP + -0x8],0x0;inputs=0x0,EBP,0xfffffff8;results=;flows=;fallthrough=004afb38
instruction_reference	004afac0	FUN_004afac0	004afb31	Stack[-0xc]	WRITE		operand_index=0;primary=true;source=ANALYSIS
instruction	004afac0	FUN_004afac0	004afb38		UNCONDITIONAL_JUMP	FUN_004afac0	bytes=EB09;mnemonic=JMP;instruction=JMP 0x004afb43;inputs=;results=;flows=004afb43;fallthrough=
instruction_reference	004afac0	FUN_004afac0	004afb38	004afb43	UNCONDITIONAL_JUMP	LAB_004afb43	operand_index=0;primary=true;source=DEFAULT
instruction	004afac0	FUN_004afac0	004afb3a	004afb3d	FALL_THROUGH	FUN_004afac0	bytes=8B55F8;mnemonic=MOV;instruction=MOV EDX,dword ptr [EBP + -0x8];inputs=EBP,0xfffffff8;results=EDX;flows=;fallthrough=004afb3d
instruction_reference	004afac0	FUN_004afac0	004afb3a	Stack[-0xc]	READ		operand_index=1;primary=true;source=ANALYSIS
instruction	004afac0	FUN_004afac0	004afb3d	004afb40	FALL_THROUGH	FUN_004afac0	bytes=83C201;mnemonic=ADD;instruction=ADD EDX,0x1;inputs=0x0,0x1,EDX,0xff;results=CF,PF,ZF,SF,EDX,OF;flows=;fallthrough=004afb40
instruction	004afac0	FUN_004afac0	004afb40	004afb43	FALL_THROUGH	FUN_004afac0	bytes=8955F8;mnemonic=MOV;instruction=MOV dword ptr [EBP + -0x8],EDX;inputs=EBP,0xfffffff8,EDX;results=;flows=;fallthrough=004afb43
instruction_reference	004afac0	FUN_004afac0	004afb40	Stack[-0xc]	WRITE		operand_index=0;primary=true;source=ANALYSIS
instruction	004afac0	FUN_004afac0	004afb43	004afb47	FALL_THROUGH	FUN_004afac0	bytes=837DF83C;mnemonic=CMP;instruction=CMP dword ptr [EBP + -0x8],0x3c;inputs=0x0,0x1,EBP,0xfffffff8,0x3c,0xff;results=CF,PF,ZF,SF,OF;flows=;fallthrough=004afb47
instruction_reference	004afac0	FUN_004afac0	004afb43	Stack[-0xc]	READ		operand_index=0;primary=true;source=ANALYSIS
instruction	004afac0	FUN_004afac0	004afb47	004afb49	CONDITIONAL_JUMP	FUN_004afac0	bytes=7D3B;mnemonic=JGE;instruction=JGE 0x004afb84;inputs=SF,OF;results=;flows=004afb84;fallthrough=004afb49
instruction_reference	004afac0	FUN_004afac0	004afb47	004afb84	CONDITIONAL_JUMP	LAB_004afb84	operand_index=0;primary=true;source=DEFAULT
instruction	004afac0	FUN_004afac0	004afb49	004afb50	FALL_THROUGH	FUN_004afac0	bytes=C745F400000000;mnemonic=MOV;instruction=MOV dword ptr [EBP + -0xc],0x0;inputs=0x0,EBP,0xfffffff4;results=;flows=;fallthrough=004afb50
instruction_reference	004afac0	FUN_004afac0	004afb49	Stack[-0x10]	WRITE		operand_index=0;primary=true;source=ANALYSIS
instruction	004afac0	FUN_004afac0	004afb50		UNCONDITIONAL_JUMP	FUN_004afac0	bytes=EB09;mnemonic=JMP;instruction=JMP 0x004afb5b;inputs=;results=;flows=004afb5b;fallthrough=
instruction_reference	004afac0	FUN_004afac0	004afb50	004afb5b	UNCONDITIONAL_JUMP	LAB_004afb5b	operand_index=0;primary=true;source=DEFAULT
instruction	004afac0	FUN_004afac0	004afb52	004afb55	FALL_THROUGH	FUN_004afac0	bytes=8B45F4;mnemonic=MOV;instruction=MOV EAX,dword ptr [EBP + -0xc];inputs=EBP,0xfffffff4;results=EAX;flows=;fallthrough=004afb55
instruction_reference	004afac0	FUN_004afac0	004afb52	Stack[-0x10]	READ		operand_index=1;primary=true;source=ANALYSIS
instruction	004afac0	FUN_004afac0	004afb55	004afb58	FALL_THROUGH	FUN_004afac0	bytes=83C001;mnemonic=ADD;instruction=ADD EAX,0x1;inputs=EAX,0x0,0x1,0xff;results=CF,EAX,PF,ZF,SF,OF;flows=;fallthrough=004afb58
instruction	004afac0	FUN_004afac0	004afb58	004afb5b	FALL_THROUGH	FUN_004afac0	bytes=8945F4;mnemonic=MOV;instruction=MOV dword ptr [EBP + -0xc],EAX;inputs=EAX,EBP,0xfffffff4;results=;flows=;fallthrough=004afb5b
instruction_reference	004afac0	FUN_004afac0	004afb58	Stack[-0x10]	WRITE		operand_index=0;primary=true;source=ANALYSIS
instruction	004afac0	FUN_004afac0	004afb5b	004afb5f	FALL_THROUGH	FUN_004afac0	bytes=837DF438;mnemonic=CMP;instruction=CMP dword ptr [EBP + -0xc],0x38;inputs=0x0,0x1,EBP,0x38,0xfffffff4,0xff;results=CF,PF,ZF,SF,OF;flows=;fallthrough=004afb5f
instruction_reference	004afac0	FUN_004afac0	004afb5b	Stack[-0x10]	READ		operand_index=0;primary=true;source=ANALYSIS
instruction	004afac0	FUN_004afac0	004afb5f	004afb61	CONDITIONAL_JUMP	FUN_004afac0	bytes=7D21;mnemonic=JGE;instruction=JGE 0x004afb82;inputs=SF,OF;results=;flows=004afb82;fallthrough=004afb61
instruction_reference	004afac0	FUN_004afac0	004afb5f	004afb82	CONDITIONAL_JUMP	LAB_004afb82	operand_index=0;primary=true;source=DEFAULT
instruction	004afac0	FUN_004afac0	004afb61	004afb64	FALL_THROUGH	FUN_004afac0	bytes=8B4DFC;mnemonic=MOV;instruction=MOV ECX,dword ptr [EBP + -0x4];inputs=0xfffffffc,EBP;results=ECX;flows=;fallthrough=004afb64
instruction_reference	004afac0	FUN_004afac0	004afb61	Stack[-0x8]	READ		operand_index=1;primary=true;source=ANALYSIS
instruction	004afac0	FUN_004afac0	004afb64	004afb6a	FALL_THROUGH	FUN_004afac0	bytes=69C9401A0000;mnemonic=IMUL;instruction=IMUL ECX,ECX,0x1a40;inputs=0x1a40,0x0,ECX,0x4;results=CF,ECX,OF;flows=;fallthrough=004afb6a
instruction	004afac0	FUN_004afac0	004afb6a	004afb6d	FALL_THROUGH	FUN_004afac0	bytes=8B55F8;mnemonic=MOV;instruction=MOV EDX,dword ptr [EBP + -0x8];inputs=EBP,0xfffffff8;results=EDX;flows=;fallthrough=004afb6d
instruction_reference	004afac0	FUN_004afac0	004afb6a	Stack[-0xc]	READ		operand_index=1;primary=true;source=ANALYSIS
instruction	004afac0	FUN_004afac0	004afb6d	004afb70	FALL_THROUGH	FUN_004afac0	bytes=6BD270;mnemonic=IMUL;instruction=IMUL EDX,EDX,0x70;inputs=0x70,0x0,0x4,EDX;results=CF,EDX,OF;flows=;fallthrough=004afb70
instruction	004afac0	FUN_004afac0	004afb70	004afb77	FALL_THROUGH	FUN_004afac0	bytes=8D841108055D00;mnemonic=LEA;instruction=LEA EAX,[ECX + EDX*0x1 + 0x5d0508];inputs=0x1,ECX,0x5d0508,EDX;results=EAX;flows=;fallthrough=004afb77
instruction_reference	004afac0	FUN_004afac0	004afb70	005d0508	DATA	DAT_005d0508	operand_index=1;primary=true;source=ANALYSIS
instruction	004afac0	FUN_004afac0	004afb77	004afb7a	FALL_THROUGH	FUN_004afac0	bytes=8B4DF4;mnemonic=MOV;instruction=MOV ECX,dword ptr [EBP + -0xc];inputs=EBP,0xfffffff4;results=ECX;flows=;fallthrough=004afb7a
instruction_reference	004afac0	FUN_004afac0	004afb77	Stack[-0x10]	READ		operand_index=1;primary=true;source=ANALYSIS
instruction	004afac0	FUN_004afac0	004afb7a	004afb80	FALL_THROUGH	FUN_004afac0	bytes=66C704480000;mnemonic=MOV;instruction=MOV word ptr [EAX + ECX*0x2],0x0;inputs=EAX,0x0,0x2,ECX;results=;flows=;fallthrough=004afb80
instruction	004afac0	FUN_004afac0	004afb80		UNCONDITIONAL_JUMP	FUN_004afac0	bytes=EBD0;mnemonic=JMP;instruction=JMP 0x004afb52;inputs=;results=;flows=004afb52;fallthrough=
instruction_reference	004afac0	FUN_004afac0	004afb80	004afb52	UNCONDITIONAL_JUMP	LAB_004afb52	operand_index=0;primary=true;source=DEFAULT
instruction	004afac0	FUN_004afac0	004afb82		UNCONDITIONAL_JUMP	FUN_004afac0	bytes=EBB6;mnemonic=JMP;instruction=JMP 0x004afb3a;inputs=;results=;flows=004afb3a;fallthrough=
instruction_reference	004afac0	FUN_004afac0	004afb82	004afb3a	UNCONDITIONAL_JUMP	LAB_004afb3a	operand_index=0;primary=true;source=DEFAULT
instruction	004afac0	FUN_004afac0	004afb84		UNCONDITIONAL_JUMP	FUN_004afac0	bytes=EB9C;mnemonic=JMP;instruction=JMP 0x004afb22;inputs=;results=;flows=004afb22;fallthrough=
instruction_reference	004afac0	FUN_004afac0	004afb84	004afb22	UNCONDITIONAL_JUMP	LAB_004afb22	operand_index=0;primary=true;source=DEFAULT
instruction	004afac0	FUN_004afac0	004afb86	004afb89	FALL_THROUGH	FUN_004afac0	bytes=8B55F0;mnemonic=MOV;instruction=MOV EDX,dword ptr [EBP + -0x10];inputs=EBP,0xfffffff0;results=EDX;flows=;fallthrough=004afb89
instruction_reference	004afac0	FUN_004afac0	004afb86	Stack[-0x14]	READ		operand_index=1;primary=true;source=ANALYSIS
instruction	004afac0	FUN_004afac0	004afb89	004afb8f	FALL_THROUGH	FUN_004afac0	bytes=8915A8036700;mnemonic=MOV;instruction=MOV dword ptr [0x006703a8],EDX;inputs=EDX;results=006703a8;flows=;fallthrough=004afb8f
instruction_reference	004afac0	FUN_004afac0	004afb89	006703a8	WRITE	DAT_006703a8	operand_index=0;primary=true;source=DEFAULT
instruction	004afac0	FUN_004afac0	004afb8f	004afb92	FALL_THROUGH	FUN_004afac0	bytes=8B45F0;mnemonic=MOV;instruction=MOV EAX,dword ptr [EBP + -0x10];inputs=EBP,0xfffffff0;results=EAX;flows=;fallthrough=004afb92
instruction_reference	004afac0	FUN_004afac0	004afb8f	Stack[-0x14]	READ		operand_index=1;primary=true;source=ANALYSIS
instruction	004afac0	FUN_004afac0	004afb92	004afb99	FALL_THROUGH	FUN_004afac0	bytes=C7400400000000;mnemonic=MOV;instruction=MOV dword ptr [EAX + 0x4],0x0;inputs=EAX,0x0,0x4;results=;flows=;fallthrough=004afb99
instruction	004afac0	FUN_004afac0	004afb99	004afb9c	FALL_THROUGH	FUN_004afac0	bytes=8B45F0;mnemonic=MOV;instruction=MOV EAX,dword ptr [EBP + -0x10];inputs=EBP,0xfffffff0;results=EAX;flows=;fallthrough=004afb9c
instruction_reference	004afac0	FUN_004afac0	004afb99	Stack[-0x14]	READ		operand_index=1;primary=true;source=ANALYSIS
instruction	004afac0	FUN_004afac0	004afb9c	004afb9e	FALL_THROUGH	FUN_004afac0	bytes=8BE5;mnemonic=MOV;instruction=MOV ESP,EBP;inputs=EBP;results=ESP;flows=;fallthrough=004afb9e
instruction	004afac0	FUN_004afac0	004afb9e	004afb9f	FALL_THROUGH	FUN_004afac0	bytes=5D;mnemonic=POP;instruction=POP EBP;inputs=0x0,ESP,0x4;results=ESP,EBP;flows=;fallthrough=004afb9f
instruction	004afac0	FUN_004afac0	004afb9f		TERMINATOR	FUN_004afac0	bytes=C3;mnemonic=RET;instruction=RET;inputs=ESP,0x4;results=ESP,EIP;flows=;fallthrough=
instruction_search	004afac0	FUN_004afac0	004afac0	004afac0	instructions	FUN_004afac0	instructions=66;references=38;body_min=004afac0;body_max=004afb9f
body_flow_incoming	004afac0	FUN_004afac0	0042c569	004afac0	UNCONDITIONAL_CALL	FUN_0042c51b	owner_entry=0042c51b;source_block=.text
entry_boundary	004afac0	FUN_004afac0	004afabb	004afac0	TERMINATOR	RET 0x4	fallthrough=
body_search	004afac0	FUN_004afac0		004afac0	body_refs		external_flow_hits=1;external_data_hits=0;switch_table_hits=0;external_other_hits=0;thunk_hits=0;instructions=66;body_min=004afac0;body_max=004afb9f;block=.text;execute=true;initialized=true
instruction	004afba0	FUN_004afba0	004afba0	004afba1	FALL_THROUGH	FUN_004afba0	bytes=55;mnemonic=PUSH;instruction=PUSH EBP;inputs=ESP,EBP,0x4;results=ESP;flows=;fallthrough=004afba1
instruction	004afba0	FUN_004afba0	004afba1	004afba3	FALL_THROUGH	FUN_004afba0	bytes=8BEC;mnemonic=MOV;instruction=MOV EBP,ESP;inputs=ESP;results=EBP;flows=;fallthrough=004afba3
instruction	004afba0	FUN_004afba0	004afba3	004afba4	FALL_THROUGH	FUN_004afba0	bytes=51;mnemonic=PUSH;instruction=PUSH ECX;inputs=ESP,ECX,0x4;results=ESP;flows=;fallthrough=004afba4
instruction	004afba0	FUN_004afba0	004afba4	004afba7	FALL_THROUGH	FUN_004afba0	bytes=894DFC;mnemonic=MOV;instruction=MOV dword ptr [EBP + -0x4],ECX;inputs=0xfffffffc,EBP,ECX;results=;flows=;fallthrough=004afba7
instruction_reference	004afba0	FUN_004afba0	004afba4	Stack[-0x8]	WRITE		operand_index=0;primary=true;source=ANALYSIS
instruction	004afba0	FUN_004afba0	004afba7	004afbaa	FALL_THROUGH	FUN_004afba0	bytes=8B45FC;mnemonic=MOV;instruction=MOV EAX,dword ptr [EBP + -0x4];inputs=0xfffffffc,EBP;results=EAX;flows=;fallthrough=004afbaa
instruction_reference	004afba0	FUN_004afba0	004afba7	Stack[-0x8]	READ		operand_index=1;primary=true;source=ANALYSIS
instruction	004afba0	FUN_004afba0	004afbaa	004afbb0	FALL_THROUGH	FUN_004afba0	bytes=C700F0455A00;mnemonic=MOV;instruction=MOV dword ptr [EAX],0x5a45f0;inputs=EAX,0x5a45f0;results=;flows=;fallthrough=004afbb0
instruction_reference	004afba0	FUN_004afba0	004afbaa	005a45f0	DATA	PTR_FUN_005a45f0	operand_index=1;primary=true;source=ANALYSIS
instruction	004afba0	FUN_004afba0	004afbb0	004afbb3	FALL_THROUGH	FUN_004afba0	bytes=8B4DFC;mnemonic=MOV;instruction=MOV ECX,dword ptr [EBP + -0x4];inputs=0xfffffffc,EBP;results=ECX;flows=;fallthrough=004afbb3
instruction_reference	004afba0	FUN_004afba0	004afbb0	Stack[-0x8]	READ		operand_index=1;primary=true;source=ANALYSIS
instruction	004afba0	FUN_004afba0	004afbb3	004afbb8	UNCONDITIONAL_CALL	FUN_004afba0	bytes=E8A1020000;mnemonic=CALL;instruction=CALL 0x004afe59;inputs=ESP,0x4afbb8,0x4;results=ESP;flows=004afe59;fallthrough=004afbb8
instruction_reference	004afba0	FUN_004afba0	004afbb3	004afe59	UNCONDITIONAL_CALL	FUN_004afe59	operand_index=0;primary=true;source=DEFAULT
instruction	004afba0	FUN_004afba0	004afbb8	004afbc2	FALL_THROUGH	FUN_004afba0	bytes=C705A803670000000000;mnemonic=MOV;instruction=MOV dword ptr [0x006703a8],0x0;inputs=0x0;results=006703a8;flows=;fallthrough=004afbc2
instruction_reference	004afba0	FUN_004afba0	004afbb8	006703a8	WRITE	DAT_006703a8	operand_index=0;primary=true;source=DEFAULT
instruction	004afba0	FUN_004afba0	004afbc2	004afbc4	FALL_THROUGH	FUN_004afba0	bytes=8BE5;mnemonic=MOV;instruction=MOV ESP,EBP;inputs=EBP;results=ESP;flows=;fallthrough=004afbc4
instruction	004afba0	FUN_004afba0	004afbc4	004afbc5	FALL_THROUGH	FUN_004afba0	bytes=5D;mnemonic=POP;instruction=POP EBP;inputs=0x0,ESP,0x4;results=ESP,EBP;flows=;fallthrough=004afbc5
instruction	004afba0	FUN_004afba0	004afbc5		TERMINATOR	FUN_004afba0	bytes=C3;mnemonic=RET;instruction=RET;inputs=ESP,0x4;results=ESP,EIP;flows=;fallthrough=
instruction_search	004afba0	FUN_004afba0	004afba0	004afba0	instructions	FUN_004afba0	instructions=12;references=6;body_min=004afba0;body_max=004afbc5
body_flow_incoming	004afba0	FUN_004afba0	004b169a	004afba0	UNCONDITIONAL_CALL	FUN_004b1690	owner_entry=004b1690;source_block=.text
entry_boundary	004afba0	FUN_004afba0	004afb9f	004afba0	TERMINATOR	RET	fallthrough=
body_search	004afba0	FUN_004afba0		004afba0	body_refs		external_flow_hits=1;external_data_hits=0;switch_table_hits=0;external_other_hits=0;thunk_hits=0;instructions=12;body_min=004afba0;body_max=004afbc5;block=.text;execute=true;initialized=true
instruction	004afbc6	FUN_004afbc6	004afbc6	004afbc7	FALL_THROUGH	FUN_004afbc6	bytes=55;mnemonic=PUSH;instruction=PUSH EBP;inputs=ESP,EBP,0x4;results=ESP;flows=;fallthrough=004afbc7
instruction	004afbc6	FUN_004afbc6	004afbc7	004afbc9	FALL_THROUGH	FUN_004afbc6	bytes=8BEC;mnemonic=MOV;instruction=MOV EBP,ESP;inputs=ESP;results=EBP;flows=;fallthrough=004afbc9
instruction	004afbc6	FUN_004afbc6	004afbc9	004afbcf	FALL_THROUGH	FUN_004afbc6	bytes=81EC0C010000;mnemonic=SUB;instruction=SUB ESP,0x10c;inputs=ESP,0x0,0x1,0x10c,0xff;results=CF,ESP,PF,ZF,SF,OF;flows=;fallthrough=004afbcf
instruction	004afbc6	FUN_004afbc6	004afbcf	004afbd5	FALL_THROUGH	FUN_004afbc6	bytes=898DF4FEFFFF;mnemonic=MOV;instruction=MOV dword ptr [EBP + 0xfffffef4],ECX;inputs=EBP,ECX,0xfffffef4;results=;flows=;fallthrough=004afbd5
instruction_reference	004afbc6	FUN_004afbc6	004afbcf	Stack[-0x110]	WRITE		operand_index=0;primary=true;source=ANALYSIS
instruction	004afbc6	FUN_004afbc6	004afbd5	004afbdb	FALL_THROUGH	FUN_004afbc6	bytes=8B85F4FEFFFF;mnemonic=MOV;instruction=MOV EAX,dword ptr [EBP + 0xfffffef4];inputs=EBP,0xfffffef4;results=EAX;flows=;fallthrough=004afbdb
instruction_reference	004afbc6	FUN_004afbc6	004afbd5	Stack[-0x110]	READ		operand_index=1;primary=true;source=ANALYSIS
instruction	004afbc6	FUN_004afbc6	004afbdb	004afbdd	FALL_THROUGH	FUN_004afbc6	bytes=8B10;mnemonic=MOV;instruction=MOV EDX,dword ptr [EAX];inputs=EAX;results=EDX;flows=;fallthrough=004afbdd
instruction	004afbc6	FUN_004afbc6	004afbdd	004afbe3	FALL_THROUGH	FUN_004afbc6	bytes=8B8DF4FEFFFF;mnemonic=MOV;instruction=MOV ECX,dword ptr [EBP + 0xfffffef4];inputs=EBP,0xfffffef4;results=ECX;flows=;fallthrough=004afbe3
instruction_reference	004afbc6	FUN_004afbc6	004afbdd	Stack[-0x110]	READ		operand_index=1;primary=true;source=ANALYSIS
instruction	004afbc6	FUN_004afbc6	004afbe3	004afbe6	COMPUTED_CALL	FUN_004afbc6	bytes=FF5204;mnemonic=CALL;instruction=CALL dword ptr [EDX + 0x4];inputs=ESP,0x4,EDX,0x4afbe6;results=ESP;flows=;fallthrough=004afbe6
instruction	004afbc6	FUN_004afbc6	004afbe6	004afbe8	FALL_THROUGH	FUN_004afbc6	bytes=85C0;mnemonic=TEST;instruction=TEST EAX,EAX;inputs=0x0,EAX,0x1,0xff;results=CF,PF,ZF,SF,OF;flows=;fallthrough=004afbe8
instruction	004afbc6	FUN_004afbc6	004afbe8	004afbea	CONDITIONAL_JUMP	FUN_004afbc6	bytes=7514;mnemonic=JNZ;instruction=JNZ 0x004afbfe;inputs=ZF;results=;flows=004afbfe;fallthrough=004afbea
instruction_reference	004afbc6	FUN_004afbc6	004afbe8	004afbfe	CONDITIONAL_JUMP	LAB_004afbfe	operand_index=0;primary=true;source=DEFAULT
instruction	004afbc6	FUN_004afbc6	004afbea	004afbef	FALL_THROUGH	FUN_004afbc6	bytes=6890985B00;mnemonic=PUSH;instruction=PUSH 0x5b9890;inputs=ESP,0x4,0x5b9890;results=ESP;flows=;fallthrough=004afbef
instruction_reference	004afbc6	FUN_004afbc6	004afbea	005b9890	DATA	s_Initialize_Bone_Animation_Failed_005b9890	operand_index=0;primary=true;source=ANALYSIS
instruction	004afbc6	FUN_004afbc6	004afbef	004afbf4	UNCONDITIONAL_CALL	FUN_004afbc6	bytes=E86515F8FF;mnemonic=CALL;instruction=CALL 0x00431159;inputs=ESP,0x4,0x4afbf4;results=ESP;flows=00431159;fallthrough=004afbf4
instruction_reference	004afbc6	FUN_004afbc6	004afbef	00431159	UNCONDITIONAL_CALL	FUN_00431159	operand_index=0;primary=true;source=DEFAULT
instruction	004afbc6	FUN_004afbc6	004afbf4	004afbf7	FALL_THROUGH	FUN_004afbc6	bytes=83C404;mnemonic=ADD;instruction=ADD ESP,0x4;inputs=ESP,0x0,0x1,0x4,0xff;results=CF,ESP,PF,ZF,SF,OF;flows=;fallthrough=004afbf7
instruction	004afbc6	FUN_004afbc6	004afbf7	004afbf9	FALL_THROUGH	FUN_004afbc6	bytes=33C0;mnemonic=XOR;instruction=XOR EAX,EAX;inputs=0x0,EAX,0x1,0xff;results=CF,EAX,PF,ZF,SF,OF;flows=;fallthrough=004afbf9
instruction	004afbc6	FUN_004afbc6	004afbf9		UNCONDITIONAL_JUMP	FUN_004afbc6	bytes=E9A0000000;mnemonic=JMP;instruction=JMP 0x004afc9e;inputs=;results=;flows=004afc9e;fallthrough=
instruction_reference	004afbc6	FUN_004afbc6	004afbf9	004afc9e	UNCONDITIONAL_JUMP	LAB_004afc9e	operand_index=0;primary=true;source=DEFAULT
instruction	004afbc6	FUN_004afbc6	004afbfe	004afc05	FALL_THROUGH	FUN_004afbc6	bytes=C745FC00000000;mnemonic=MOV;instruction=MOV dword ptr [EBP + -0x4],0x0;inputs=0x0,0xfffffffc,EBP;results=;flows=;fallthrough=004afc05
instruction_reference	004afbc6	FUN_004afbc6	004afbfe	Stack[-0x8]	WRITE		operand_index=0;primary=true;source=ANALYSIS
instruction	004afbc6	FUN_004afbc6	004afc05	004afc0a	FALL_THROUGH	FUN_004afbc6	bytes=68B4985B00;mnemonic=PUSH;instruction=PUSH 0x5b98b4;inputs=ESP,0x4,0x5b98b4;results=ESP;flows=;fallthrough=004afc0a
instruction_reference	004afbc6	FUN_004afbc6	004afc05	005b98b4	DATA	DAT_005b98b4	operand_index=0;primary=true;source=ANALYSIS
instruction	004afbc6	FUN_004afbc6	004afc0a	004afc0f	FALL_THROUGH	FUN_004afbc6	bytes=68B8985B00;mnemonic=PUSH;instruction=PUSH 0x5b98b8;inputs=ESP,0x5b98b8,0x4;results=ESP;flows=;fallthrough=004afc0f
instruction_reference	004afbc6	FUN_004afbc6	004afc0a	005b98b8	DATA	s_mesh\MeshList.txt_005b98b8	operand_index=0;primary=true;source=ANALYSIS
instruction	004afbc6	FUN_004afbc6	004afc0f	004afc14	UNCONDITIONAL_CALL	FUN_004afbc6	bytes=E802FB0D00;mnemonic=CALL;instruction=CALL 0x0058f716;inputs=ESP,0x4,0x4afc14;results=ESP;flows=0058f716;fallthrough=004afc14
instruction_reference	004afbc6	FUN_004afbc6	004afc0f	0058f716	UNCONDITIONAL_CALL	FUN_0058f716	operand_index=0;primary=true;source=DEFAULT
instruction	004afbc6	FUN_004afbc6	004afc14	004afc17	FALL_THROUGH	FUN_004afbc6	bytes=83C408;mnemonic=ADD;instruction=ADD ESP,0x8;inputs=ESP,0x0,0x1,0x8,0xff;results=CF,ESP,PF,ZF,SF,OF;flows=;fallthrough=004afc17
instruction	004afbc6	FUN_004afbc6	004afc17	004afc1a	FALL_THROUGH	FUN_004afbc6	bytes=8945FC;mnemonic=MOV;instruction=MOV dword ptr [EBP + -0x4],EAX;inputs=EAX,0xfffffffc,EBP;results=;flows=;fallthrough=004afc1a
instruction_reference	004afbc6	FUN_004afbc6	004afc17	Stack[-0x8]	WRITE		operand_index=0;primary=true;source=ANALYSIS
instruction	004afbc6	FUN_004afbc6	004afc1a	004afc1e	FALL_THROUGH	FUN_004afbc6	bytes=837DFC00;mnemonic=CMP;instruction=CMP dword ptr [EBP + -0x4],0x0;inputs=0x0,0x1,0xfffffffc,EBP,0xff;results=CF,PF,ZF,SF,OF;flows=;fallthrough=004afc1e
instruction_reference	004afbc6	FUN_004afbc6	004afc1a	Stack[-0x8]	READ		operand_index=0;primary=true;source=ANALYSIS
instruction	004afbc6	FUN_004afbc6	004afc1e	004afc20	CONDITIONAL_JUMP	FUN_004afbc6	bytes=747C;mnemonic=JZ;instruction=JZ 0x004afc9c;inputs=ZF;results=;flows=004afc9c;fallthrough=004afc20
instruction_reference	004afbc6	FUN_004afbc6	004afc1e	004afc9c	CONDITIONAL_JUMP	LAB_004afc9c	operand_index=0;primary=true;source=DEFAULT
instruction	004afbc6	FUN_004afbc6	004afc20	004afc2a	FALL_THROUGH	FUN_004afbc6	bytes=C785F8FEFFFF00000000;mnemonic=MOV;instruction=MOV dword ptr [EBP + 0xfffffef8],0x0;inputs=0x0,EBP,0xfffffef8;results=;flows=;fallthrough=004afc2a
instruction_reference	004afbc6	FUN_004afbc6	004afc20	Stack[-0x10c]	WRITE		operand_index=0;primary=true;source=ANALYSIS
instruction	004afbc6	FUN_004afbc6	004afc2a	004afc2f	FALL_THROUGH	FUN_004afbc6	bytes=B801000000;mnemonic=MOV;instruction=MOV EAX,0x1;inputs=0x1;results=EAX;flows=;fallthrough=004afc2f
instruction	004afbc6	FUN_004afbc6	004afc2f	004afc31	FALL_THROUGH	FUN_004afbc6	bytes=85C0;mnemonic=TEST;instruction=TEST EAX,EAX;inputs=0x0,EAX,0x1,0xff;results=CF,PF,ZF,SF,OF;flows=;fallthrough=004afc31
instruction	004afbc6	FUN_004afbc6	004afc31	004afc33	CONDITIONAL_JUMP	FUN_004afbc6	bytes=7450;mnemonic=JZ;instruction=JZ 0x004afc83;inputs=ZF;results=;flows=004afc83;fallthrough=004afc33
instruction_reference	004afbc6	FUN_004afbc6	004afc31	004afc83	CONDITIONAL_JUMP	LAB_004afc83	operand_index=0;primary=true;source=DEFAULT
instruction	004afbc6	FUN_004afbc6	004afc33	004afc39	FALL_THROUGH	FUN_004afbc6	bytes=8D8DFCFEFFFF;mnemonic=LEA;instruction=LEA ECX,[EBP + 0xfffffefc];inputs=0xfffffefc,EBP;results=ECX;flows=;fallthrough=004afc39
instruction_reference	004afbc6	FUN_004afbc6	004afc33	Stack[-0x108]	DATA		operand_index=0;primary=true;source=ANALYSIS
instruction	004afbc6	FUN_004afbc6	004afc39	004afc3a	FALL_THROUGH	FUN_004afbc6	bytes=51;mnemonic=PUSH;instruction=PUSH ECX;inputs=ESP,ECX,0x4;results=ESP;flows=;fallthrough=004afc3a
instruction	004afbc6	FUN_004afbc6	004afc3a	004afc40	FALL_THROUGH	FUN_004afbc6	bytes=8D95F8FEFFFF;mnemonic=LEA;instruction=LEA EDX,[EBP + 0xfffffef8];inputs=EBP,0xfffffef8;results=EDX;flows=;fallthrough=004afc40
instruction_reference	004afbc6	FUN_004afbc6	004afc3a	Stack[-0x10c]	DATA		operand_index=0;primary=true;source=ANALYSIS
instruction	004afbc6	FUN_004afbc6	004afc40	004afc41	FALL_THROUGH	FUN_004afbc6	bytes=52;mnemonic=PUSH;instruction=PUSH EDX;inputs=ESP,0x4,EDX;results=ESP;flows=;fallthrough=004afc41
instruction	004afbc6	FUN_004afbc6	004afc41	004afc46	FALL_THROUGH	FUN_004afbc6	bytes=68CC985B00;mnemonic=PUSH;instruction=PUSH 0x5b98cc;inputs=ESP,0x4,0x5b98cc;results=ESP;flows=;fallthrough=004afc46
instruction_reference	004afbc6	FUN_004afbc6	004afc41	005b98cc	DATA	s_%d_%s_005b98cc	operand_index=0;primary=true;source=ANALYSIS
instruction	004afbc6	FUN_004afbc6	004afc46	004afc49	FALL_THROUGH	FUN_004afbc6	bytes=8B45FC;mnemonic=MOV;instruction=MOV EAX,dword ptr [EBP + -0x4];inputs=0xfffffffc,EBP;results=EAX;flows=;fallthrough=004afc49
instruction_reference	004afbc6	FUN_004afbc6	004afc46	Stack[-0x8]	READ		operand_index=1;primary=true;source=ANALYSIS
instruction	004afbc6	FUN_004afbc6	004afc49	004afc4a	FALL_THROUGH	FUN_004afbc6	bytes=50;mnemonic=PUSH;instruction=PUSH EAX;inputs=EAX,ESP,0x4;results=ESP;flows=;fallthrough=004afc4a
instruction	004afbc6	FUN_004afbc6	004afc4a	004afc4f	UNCONDITIONAL_CALL	FUN_004afbc6	bytes=E8190E0E00;mnemonic=CALL;instruction=CALL 0x00590a68;inputs=ESP,0x4,0x4afc4f;results=ESP;flows=00590a68;fallthrough=004afc4f
instruction_reference	004afbc6	FUN_004afbc6	004afc4a	00590a68	UNCONDITIONAL_CALL	FUN_00590a68	operand_index=0;primary=true;source=DEFAULT
instruction	004afbc6	FUN_004afbc6	004afc4f	004afc52	FALL_THROUGH	FUN_004afbc6	bytes=83C410;mnemonic=ADD;instruction=ADD ESP,0x10;inputs=ESP,0x10,0x0,0x1,0xff;results=CF,ESP,PF,ZF,SF,OF;flows=;fallthrough=004afc52
instruction	004afbc6	FUN_004afbc6	004afc52	004afc55	FALL_THROUGH	FUN_004afbc6	bytes=83F8FF;mnemonic=CMP;instruction=CMP EAX,-0x1;inputs=EAX,0xffffffff,0x0,0x1,0xff;results=CF,PF,ZF,SF,OF;flows=;fallthrough=004afc55
instruction	004afbc6	FUN_004afbc6	004afc55	004afc57	CONDITIONAL_JUMP	FUN_004afbc6	bytes=7502;mnemonic=JNZ;instruction=JNZ 0x004afc59;inputs=ZF;results=;flows=004afc59;fallthrough=004afc57
instruction_reference	004afbc6	FUN_004afbc6	004afc55	004afc59	CONDITIONAL_JUMP	LAB_004afc59	operand_index=0;primary=true;source=DEFAULT
instruction	004afbc6	FUN_004afbc6	004afc57		UNCONDITIONAL_JUMP	FUN_004afbc6	bytes=EB2A;mnemonic=JMP;instruction=JMP 0x004afc83;inputs=;results=;flows=004afc83;fallthrough=
instruction_reference	004afbc6	FUN_004afbc6	004afc57	004afc83	UNCONDITIONAL_JUMP	LAB_004afc83	operand_index=0;primary=true;source=DEFAULT
instruction	004afbc6	FUN_004afbc6	004afc59	004afc5f	FALL_THROUGH	FUN_004afbc6	bytes=8D8DFCFEFFFF;mnemonic=LEA;instruction=LEA ECX,[EBP + 0xfffffefc];inputs=0xfffffefc,EBP;results=ECX;flows=;fallthrough=004afc5f
instruction_reference	004afbc6	FUN_004afbc6	004afc59	Stack[-0x108]	DATA		operand_index=0;primary=true;source=ANALYSIS
instruction	004afbc6	FUN_004afbc6	004afc5f	004afc60	FALL_THROUGH	FUN_004afbc6	bytes=51;mnemonic=PUSH;instruction=PUSH ECX;inputs=ESP,ECX,0x4;results=ESP;flows=;fallthrough=004afc60
instruction	004afbc6	FUN_004afbc6	004afc60	004afc65	FALL_THROUGH	FUN_004afbc6	bytes=68D4985B00;mnemonic=PUSH;instruction=PUSH 0x5b98d4;inputs=ESP,0x4,0x5b98d4;results=ESP;flows=;fallthrough=004afc65
instruction_reference	004afbc6	FUN_004afbc6	004afc60	005b98d4	DATA	DAT_005b98d4	operand_index=0;primary=true;source=ANALYSIS
instruction	004afbc6	FUN_004afbc6	004afc65	004afc6b	FALL_THROUGH	FUN_004afbc6	bytes=8B95F8FEFFFF;mnemonic=MOV;instruction=MOV EDX,dword ptr [EBP + 0xfffffef8];inputs=EBP,0xfffffef8;results=EDX;flows=;fallthrough=004afc6b
instruction_reference	004afbc6	FUN_004afbc6	004afc65	Stack[-0x10c]	READ		operand_index=1;primary=true;source=ANALYSIS
instruction	004afbc6	FUN_004afbc6	004afc6b	004afc6e	FALL_THROUGH	FUN_004afbc6	bytes=6BD258;mnemonic=IMUL;instruction=IMUL EDX,EDX,0x58;inputs=0x0,0x4,EDX,0x58;results=CF,EDX,OF;flows=;fallthrough=004afc6e
instruction	004afbc6	FUN_004afbc6	004afc6e	004afc74	FALL_THROUGH	FUN_004afbc6	bytes=8B85F4FEFFFF;mnemonic=MOV;instruction=MOV EAX,dword ptr [EBP + 0xfffffef4];inputs=EBP,0xfffffef4;results=EAX;flows=;fallthrough=004afc74
instruction_reference	004afbc6	FUN_004afbc6	004afc6e	Stack[-0x110]	READ		operand_index=1;primary=true;source=ANALYSIS
instruction	004afbc6	FUN_004afbc6	004afc74	004afc78	FALL_THROUGH	FUN_004afbc6	bytes=8D4C1008;mnemonic=LEA;instruction=LEA ECX,[EAX + EDX*0x1 + 0x8];inputs=EAX,0x1,0x8,EDX;results=ECX;flows=;fallthrough=004afc78
instruction	004afbc6	FUN_004afbc6	004afc78	004afc79	FALL_THROUGH	FUN_004afbc6	bytes=51;mnemonic=PUSH;instruction=PUSH ECX;inputs=ESP,ECX,0x4;results=ESP;flows=;fallthrough=004afc79
instruction	004afbc6	FUN_004afbc6	004afc79	004afc7e	UNCONDITIONAL_CALL	FUN_004afbc6	bytes=E8FAF30D00;mnemonic=CALL;instruction=CALL 0x0058f078;inputs=ESP,0x4,0x4afc7e;results=ESP;flows=0058f078;fallthrough=004afc7e
instruction_reference	004afbc6	FUN_004afbc6	004afc79	0058f078	UNCONDITIONAL_CALL	FUN_0058f078	operand_index=0;primary=true;source=DEFAULT
instruction	004afbc6	FUN_004afbc6	004afc7e	004afc81	FALL_THROUGH	FUN_004afbc6	bytes=83C40C;mnemonic=ADD;instruction=ADD ESP,0xc;inputs=ESP,0x0,0x1,0xc,0xff;results=CF,ESP,PF,ZF,SF,OF;flows=;fallthrough=004afc81
instruction	004afbc6	FUN_004afbc6	004afc81		UNCONDITIONAL_JUMP	FUN_004afbc6	bytes=EBA7;mnemonic=JMP;instruction=JMP 0x004afc2a;inputs=;results=;flows=004afc2a;fallthrough=
instruction_reference	004afbc6	FUN_004afbc6	004afc81	004afc2a	UNCONDITIONAL_JUMP	LAB_004afc2a	operand_index=0;primary=true;source=DEFAULT
instruction	004afbc6	FUN_004afbc6	004afc83	004afc86	FALL_THROUGH	FUN_004afbc6	bytes=8B55FC;mnemonic=MOV;instruction=MOV EDX,dword ptr [EBP + -0x4];inputs=0xfffffffc,EBP;results=EDX;flows=;fallthrough=004afc86
instruction_reference	004afbc6	FUN_004afbc6	004afc83	Stack[-0x8]	READ		operand_index=1;primary=true;source=ANALYSIS
instruction	004afbc6	FUN_004afbc6	004afc86	004afc87	FALL_THROUGH	FUN_004afbc6	bytes=52;mnemonic=PUSH;instruction=PUSH EDX;inputs=ESP,0x4,EDX;results=ESP;flows=;fallthrough=004afc87
instruction	004afbc6	FUN_004afbc6	004afc87	004afc8c	UNCONDITIONAL_CALL	FUN_004afbc6	bytes=E8A0F90D00;mnemonic=CALL;instruction=CALL 0x0058f62c;inputs=ESP,0x4,0x4afc8c;results=ESP;flows=0058f62c;fallthrough=004afc8c
instruction_reference	004afbc6	FUN_004afbc6	004afc87	0058f62c	UNCONDITIONAL_CALL	FUN_0058f62c	operand_index=0;primary=true;source=DEFAULT
instruction	004afbc6	FUN_004afbc6	004afc8c	004afc8f	FALL_THROUGH	FUN_004afbc6	bytes=83C404;mnemonic=ADD;instruction=ADD ESP,0x4;inputs=ESP,0x0,0x1,0x4,0xff;results=CF,ESP,PF,ZF,SF,OF;flows=;fallthrough=004afc8f
instruction	004afbc6	FUN_004afbc6	004afc8f	004afc95	FALL_THROUGH	FUN_004afbc6	bytes=8B8DF4FEFFFF;mnemonic=MOV;instruction=MOV ECX,dword ptr [EBP + 0xfffffef4];inputs=EBP,0xfffffef4;results=ECX;flows=;fallthrough=004afc95
instruction_reference	004afbc6	FUN_004afbc6	004afc8f	Stack[-0x110]	READ		operand_index=1;primary=true;source=ANALYSIS
instruction	004afbc6	FUN_004afbc6	004afc95	004afc9a	UNCONDITIONAL_CALL	FUN_004afbc6	bytes=E808000000;mnemonic=CALL;instruction=CALL 0x004afca2;inputs=ESP,0x4afc9a,0x4;results=ESP;flows=004afca2;fallthrough=004afc9a
instruction_reference	004afbc6	FUN_004afbc6	004afc95	004afca2	UNCONDITIONAL_CALL	FUN_004afca2	operand_index=0;primary=true;source=DEFAULT
instruction	004afbc6	FUN_004afbc6	004afc9a		UNCONDITIONAL_JUMP	FUN_004afbc6	bytes=EB02;mnemonic=JMP;instruction=JMP 0x004afc9e;inputs=;results=;flows=004afc9e;fallthrough=
instruction_reference	004afbc6	FUN_004afbc6	004afc9a	004afc9e	UNCONDITIONAL_JUMP	LAB_004afc9e	operand_index=0;primary=true;source=DEFAULT
instruction	004afbc6	FUN_004afbc6	004afc9c	004afc9e	FALL_THROUGH	FUN_004afbc6	bytes=33C0;mnemonic=XOR;instruction=XOR EAX,EAX;inputs=0x0,EAX,0x1,0xff;results=CF,EAX,PF,ZF,SF,OF;flows=;fallthrough=004afc9e
instruction	004afbc6	FUN_004afbc6	004afc9e	004afca0	FALL_THROUGH	FUN_004afbc6	bytes=8BE5;mnemonic=MOV;instruction=MOV ESP,EBP;inputs=EBP;results=ESP;flows=;fallthrough=004afca0
instruction	004afbc6	FUN_004afbc6	004afca0	004afca1	FALL_THROUGH	FUN_004afbc6	bytes=5D;mnemonic=POP;instruction=POP EBP;inputs=0x0,ESP,0x4;results=ESP,EBP;flows=;fallthrough=004afca1
instruction	004afbc6	FUN_004afbc6	004afca1		TERMINATOR	FUN_004afbc6	bytes=C3;mnemonic=RET;instruction=RET;inputs=ESP,0x4;results=ESP,EIP;flows=;fallthrough=
instruction_search	004afbc6	FUN_004afbc6	004afbc6	004afbc6	instructions	FUN_004afbc6	instructions=61;references=34;body_min=004afbc6;body_max=004afca1
body_flow_incoming	004afbc6	FUN_004afbc6	0042c5a8	004afbc6	UNCONDITIONAL_CALL	FUN_0042c51b	owner_entry=0042c51b;source_block=.text
entry_boundary	004afbc6	FUN_004afbc6	004afbc5	004afbc6	TERMINATOR	RET	fallthrough=
body_search	004afbc6	FUN_004afbc6		004afbc6	body_refs		external_flow_hits=1;external_data_hits=0;switch_table_hits=0;external_other_hits=0;thunk_hits=0;instructions=61;body_min=004afbc6;body_max=004afca1;block=.text;execute=true;initialized=true
instruction	004afca2	FUN_004afca2	004afca2	004afca3	FALL_THROUGH	FUN_004afca2	bytes=55;mnemonic=PUSH;instruction=PUSH EBP;inputs=ESP,EBP,0x4;results=ESP;flows=;fallthrough=004afca3
instruction	004afca2	FUN_004afca2	004afca3	004afca5	FALL_THROUGH	FUN_004afca2	bytes=8BEC;mnemonic=MOV;instruction=MOV EBP,ESP;inputs=ESP;results=EBP;flows=;fallthrough=004afca5
instruction	004afca2	FUN_004afca2	004afca5	004afca8	FALL_THROUGH	FUN_004afca2	bytes=83EC2C;mnemonic=SUB;instruction=SUB ESP,0x2c;inputs=ESP,0x0,0x1,0x2c,0xff;results=CF,ESP,PF,ZF,SF,OF;flows=;fallthrough=004afca8
instruction	004afca2	FUN_004afca2	004afca8	004afcab	FALL_THROUGH	FUN_004afca2	bytes=894DD4;mnemonic=MOV;instruction=MOV dword ptr [EBP + -0x2c],ECX;inputs=EBP,ECX,0xffffffd4;results=;flows=;fallthrough=004afcab
instruction_reference	004afca2	FUN_004afca2	004afca8	Stack[-0x30]	WRITE		operand_index=0;primary=true;source=ANALYSIS
instruction	004afca2	FUN_004afca2	004afcab	004afcb2	FALL_THROUGH	FUN_004afca2	bytes=C745FC00000000;mnemonic=MOV;instruction=MOV dword ptr [EBP + -0x4],0x0;inputs=0x0,0xfffffffc,EBP;results=;flows=;fallthrough=004afcb2
instruction_reference	004afca2	FUN_004afca2	004afcab	Stack[-0x8]	WRITE		operand_index=0;primary=true;source=ANALYSIS
instruction	004afca2	FUN_004afca2	004afcb2	004afcb9	FALL_THROUGH	FUN_004afca2	bytes=C745F8D8985B00;mnemonic=MOV;instruction=MOV dword ptr [EBP + -0x8],0x5b98d8;inputs=0x5b98d8,EBP,0xfffffff8;results=;flows=;fallthrough=004afcb9
instruction_reference	004afca2	FUN_004afca2	004afcb2	005b98d8	DATA	DAT_005b98d8	operand_index=1;primary=true;source=ANALYSIS
instruction_reference	004afca2	FUN_004afca2	004afcb2	Stack[-0xc]	WRITE		operand_index=0;primary=true;source=ANALYSIS
instruction	004afca2	FUN_004afca2	004afcb9	004afcbc	FALL_THROUGH	FUN_004afca2	bytes=8B45F8;mnemonic=MOV;instruction=MOV EAX,dword ptr [EBP + -0x8];inputs=EBP,0xfffffff8;results=EAX;flows=;fallthrough=004afcbc
instruction_reference	004afca2	FUN_004afca2	004afcb9	Stack[-0xc]	READ		operand_index=1;primary=true;source=ANALYSIS
instruction	004afca2	FUN_004afca2	004afcbc	004afcbd	FALL_THROUGH	FUN_004afca2	bytes=50;mnemonic=PUSH;instruction=PUSH EAX;inputs=EAX,ESP,0x4;results=ESP;flows=;fallthrough=004afcbd
instruction_reference	004afca2	FUN_004afca2	004afcbc	005b98d8	DATA	DAT_005b98d8	operand_index=0;primary=true;source=ANALYSIS
instruction	004afca2	FUN_004afca2	004afcbd	004afcc2	UNCONDITIONAL_CALL	FUN_004afca2	bytes=E84EF20D00;mnemonic=CALL;instruction=CALL 0x0058ef10;inputs=ESP,0x4,0x4afcc2;results=ESP;flows=0058ef10;fallthrough=004afcc2
instruction_reference	004afca2	FUN_004afca2	004afcbd	0058ef10	UNCONDITIONAL_CALL	_strlen	operand_index=0;primary=true;source=DEFAULT
instruction	004afca2	FUN_004afca2	004afcc2	004afcc5	FALL_THROUGH	FUN_004afca2	bytes=83C404;mnemonic=ADD;instruction=ADD ESP,0x4;inputs=ESP,0x0,0x1,0x4,0xff;results=CF,ESP,PF,ZF,SF,OF;flows=;fallthrough=004afcc5
instruction	004afca2	FUN_004afca2	004afcc5	004afcc8	FALL_THROUGH	FUN_004afca2	bytes=8945F4;mnemonic=MOV;instruction=MOV dword ptr [EBP + -0xc],EAX;inputs=EAX,EBP,0xfffffff4;results=;flows=;fallthrough=004afcc8
instruction_reference	004afca2	FUN_004afca2	004afcc5	Stack[-0x10]	WRITE		operand_index=0;primary=true;source=ANALYSIS
instruction	004afca2	FUN_004afca2	004afcc8	004afccf	FALL_THROUGH	FUN_004afca2	bytes=C745F000000000;mnemonic=MOV;instruction=MOV dword ptr [EBP + -0x10],0x0;inputs=0x0,EBP,0xfffffff0;results=;flows=;fallthrough=004afccf
instruction_reference	004afca2	FUN_004afca2	004afcc8	Stack[-0x14]	WRITE		operand_index=0;primary=true;source=ANALYSIS
instruction	004afca2	FUN_004afca2	004afccf	004afcd4	FALL_THROUGH	FUN_004afca2	bytes=6884995B00;mnemonic=PUSH;instruction=PUSH 0x5b9984;inputs=ESP,0x4,0x5b9984;results=ESP;flows=;fallthrough=004afcd4
instruction_reference	004afca2	FUN_004afca2	004afccf	005b9984	DATA	DAT_005b9984	operand_index=0;primary=true;source=ANALYSIS
instruction	004afca2	FUN_004afca2	004afcd4	004afcd9	FALL_THROUGH	FUN_004afca2	bytes=6888995B00;mnemonic=PUSH;instruction=PUSH 0x5b9988;inputs=ESP,0x5b9988,0x4;results=ESP;flows=;fallthrough=004afcd9
instruction_reference	004afca2	FUN_004afca2	004afcd4	005b9988	DATA	s_object.bin_005b9988	operand_index=0;primary=true;source=ANALYSIS
instruction	004afca2	FUN_004afca2	004afcd9	004afcde	UNCONDITIONAL_CALL	FUN_004afca2	bytes=E838FA0D00;mnemonic=CALL;instruction=CALL 0x0058f716;inputs=ESP,0x4,0x4afcde;results=ESP;flows=0058f716;fallthrough=004afcde
instruction_reference	004afca2	FUN_004afca2	004afcd9	0058f716	UNCONDITIONAL_CALL	FUN_0058f716	operand_index=0;primary=true;source=DEFAULT
instruction	004afca2	FUN_004afca2	004afcde	004afce1	FALL_THROUGH	FUN_004afca2	bytes=83C408;mnemonic=ADD;instruction=ADD ESP,0x8;inputs=ESP,0x0,0x1,0x8,0xff;results=CF,ESP,PF,ZF,SF,OF;flows=;fallthrough=004afce1
instruction	004afca2	FUN_004afca2	004afce1	004afce4	FALL_THROUGH	FUN_004afca2	bytes=8945F0;mnemonic=MOV;instruction=MOV dword ptr [EBP + -0x10],EAX;inputs=EAX,EBP,0xfffffff0;results=;flows=;fallthrough=004afce4
instruction_reference	004afca2	FUN_004afca2	004afce1	Stack[-0x14]	WRITE		operand_index=0;primary=true;source=ANALYSIS
instruction	004afca2	FUN_004afca2	004afce4	004afce8	FALL_THROUGH	FUN_004afca2	bytes=837DF000;mnemonic=CMP;instruction=CMP dword ptr [EBP + -0x10],0x0;inputs=0x0,0x1,EBP,0xfffffff0,0xff;results=CF,PF,ZF,SF,OF;flows=;fallthrough=004afce8
instruction_reference	004afca2	FUN_004afca2	004afce4	Stack[-0x14]	READ		operand_index=0;primary=true;source=ANALYSIS
instruction	004afca2	FUN_004afca2	004afce8	004afcee	CONDITIONAL_JUMP	FUN_004afca2	bytes=0F844A010000;mnemonic=JZ;instruction=JZ 0x004afe38;inputs=ZF;results=;flows=004afe38;fallthrough=004afcee
instruction_reference	004afca2	FUN_004afca2	004afce8	004afe38	CONDITIONAL_JUMP	LAB_004afe38	operand_index=0;primary=true;source=DEFAULT
instruction	004afca2	FUN_004afca2	004afcee	004afcf5	FALL_THROUGH	FUN_004afca2	bytes=C745E000000000;mnemonic=MOV;instruction=MOV dword ptr [EBP + -0x20],0x0;inputs=0x0,EBP,0xffffffe0;results=;flows=;fallthrough=004afcf5
instruction_reference	004afca2	FUN_004afca2	004afcee	Stack[-0x24]	WRITE		operand_index=0;primary=true;source=ANALYSIS
instruction	004afca2	FUN_004afca2	004afcf5		UNCONDITIONAL_JUMP	FUN_004afca2	bytes=EB09;mnemonic=JMP;instruction=JMP 0x004afd00;inputs=;results=;flows=004afd00;fallthrough=
instruction_reference	004afca2	FUN_004afca2	004afcf5	004afd00	UNCONDITIONAL_JUMP	LAB_004afd00	operand_index=0;primary=true;source=DEFAULT
instruction	004afca2	FUN_004afca2	004afcf7	004afcfa	FALL_THROUGH	FUN_004afca2	bytes=8B4DE0;mnemonic=MOV;instruction=MOV ECX,dword ptr [EBP + -0x20];inputs=EBP,0xffffffe0;results=ECX;flows=;fallthrough=004afcfa
instruction_reference	004afca2	FUN_004afca2	004afcf7	Stack[-0x24]	READ		operand_index=1;primary=true;source=ANALYSIS
instruction	004afca2	FUN_004afca2	004afcfa	004afcfd	FALL_THROUGH	FUN_004afca2	bytes=83C101;mnemonic=ADD;instruction=ADD ECX,0x1;inputs=0x0,0x1,ECX,0xff;results=CF,PF,ECX,ZF,SF,OF;flows=;fallthrough=004afcfd
instruction	004afca2	FUN_004afca2	004afcfd	004afd00	FALL_THROUGH	FUN_004afca2	bytes=894DE0;mnemonic=MOV;instruction=MOV dword ptr [EBP + -0x20],ECX;inputs=EBP,ECX,0xffffffe0;results=;flows=;fallthrough=004afd00
instruction_reference	004afca2	FUN_004afca2	004afcfd	Stack[-0x24]	WRITE		operand_index=0;primary=true;source=ANALYSIS
instruction	004afca2	FUN_004afca2	004afd00	004afd07	FALL_THROUGH	FUN_004afca2	bytes=817DE000080000;mnemonic=CMP;instruction=CMP dword ptr [EBP + -0x20],0x800;inputs=0x800,0x0,0x1,EBP,0xffffffe0,0xff;results=CF,PF,ZF,SF,OF;flows=;fallthrough=004afd07
instruction_reference	004afca2	FUN_004afca2	004afd00	Stack[-0x24]	READ		operand_index=0;primary=true;source=ANALYSIS
instruction	004afca2	FUN_004afca2	004afd07	004afd0d	CONDITIONAL_JUMP	FUN_004afca2	bytes=0F8D9A000000;mnemonic=JGE;instruction=JGE 0x004afda7;inputs=SF,OF;results=;flows=004afda7;fallthrough=004afd0d
instruction_reference	004afca2	FUN_004afca2	004afd07	004afda7	CONDITIONAL_JUMP	LAB_004afda7	operand_index=0;primary=true;source=DEFAULT
instruction	004afca2	FUN_004afca2	004afd0d	004afd14	FALL_THROUGH	FUN_004afca2	bytes=C745DC00000000;mnemonic=MOV;instruction=MOV dword ptr [EBP + -0x24],0x0;inputs=0x0,0xffffffdc,EBP;results=;flows=;fallthrough=004afd14
instruction_reference	004afca2	FUN_004afca2	004afd0d	Stack[-0x28]	WRITE		operand_index=0;primary=true;source=ANALYSIS
instruction	004afca2	FUN_004afca2	004afd14		UNCONDITIONAL_JUMP	FUN_004afca2	bytes=EB09;mnemonic=JMP;instruction=JMP 0x004afd1f;inputs=;results=;flows=004afd1f;fallthrough=
instruction_reference	004afca2	FUN_004afca2	004afd14	004afd1f	UNCONDITIONAL_JUMP	LAB_004afd1f	operand_index=0;primary=true;source=DEFAULT
instruction	004afca2	FUN_004afca2	004afd16	004afd19	FALL_THROUGH	FUN_004afca2	bytes=8B55DC;mnemonic=MOV;instruction=MOV EDX,dword ptr [EBP + -0x24];inputs=0xffffffdc,EBP;results=EDX;flows=;fallthrough=004afd19
instruction_reference	004afca2	FUN_004afca2	004afd16	Stack[-0x28]	READ		operand_index=1;primary=true;source=ANALYSIS
instruction	004afca2	FUN_004afca2	004afd19	004afd1c	FALL_THROUGH	FUN_004afca2	bytes=83C201;mnemonic=ADD;instruction=ADD EDX,0x1;inputs=0x0,0x1,EDX,0xff;results=CF,PF,ZF,SF,EDX,OF;flows=;fallthrough=004afd1c
instruction	004afca2	FUN_004afca2	004afd1c	004afd1f	FALL_THROUGH	FUN_004afca2	bytes=8955DC;mnemonic=MOV;instruction=MOV dword ptr [EBP + -0x24],EDX;inputs=0xffffffdc,EBP,EDX;results=;flows=;fallthrough=004afd1f
instruction_reference	004afca2	FUN_004afca2	004afd1c	Stack[-0x28]	WRITE		operand_index=0;primary=true;source=ANALYSIS
instruction	004afca2	FUN_004afca2	004afd1f	004afd23	FALL_THROUGH	FUN_004afca2	bytes=837DDC10;mnemonic=CMP;instruction=CMP dword ptr [EBP + -0x24],0x10;inputs=0x10,0x0,0x1,0xffffffdc,EBP,0xff;results=CF,PF,ZF,SF,OF;flows=;fallthrough=004afd23
instruction_reference	004afca2	FUN_004afca2	004afd1f	Stack[-0x28]	READ		operand_index=0;primary=true;source=ANALYSIS
instruction	004afca2	FUN_004afca2	004afd23	004afd25	CONDITIONAL_JUMP	FUN_004afca2	bytes=7D7D;mnemonic=JGE;instruction=JGE 0x004afda2;inputs=SF,OF;results=;flows=004afda2;fallthrough=004afd25
instruction_reference	004afca2	FUN_004afca2	004afd23	004afda2	CONDITIONAL_JUMP	LAB_004afda2	operand_index=0;primary=true;source=DEFAULT
instruction	004afca2	FUN_004afca2	004afd25	004afd28	FALL_THROUGH	FUN_004afca2	bytes=8B45F0;mnemonic=MOV;instruction=MOV EAX,dword ptr [EBP + -0x10];inputs=EBP,0xfffffff0;results=EAX;flows=;fallthrough=004afd28
instruction_reference	004afca2	FUN_004afca2	004afd25	Stack[-0x14]	READ		operand_index=1;primary=true;source=ANALYSIS
instruction	004afca2	FUN_004afca2	004afd28	004afd29	FALL_THROUGH	FUN_004afca2	bytes=50;mnemonic=PUSH;instruction=PUSH EAX;inputs=EAX,ESP,0x4;results=ESP;flows=;fallthrough=004afd29
instruction	004afca2	FUN_004afca2	004afd29	004afd2b	FALL_THROUGH	FUN_004afca2	bytes=6A01;mnemonic=PUSH;instruction=PUSH 0x1;inputs=ESP,0x1,0x4;results=ESP;flows=;fallthrough=004afd2b
instruction	004afca2	FUN_004afca2	004afd2b	004afd2d	FALL_THROUGH	FUN_004afca2	bytes=6A10;mnemonic=PUSH;instruction=PUSH 0x10;inputs=0x10,ESP,0x4;results=ESP;flows=;fallthrough=004afd2d
instruction	004afca2	FUN_004afca2	004afd2d	004afd30	FALL_THROUGH	FUN_004afca2	bytes=8B4DE0;mnemonic=MOV;instruction=MOV ECX,dword ptr [EBP + -0x20];inputs=EBP,0xffffffe0;results=ECX;flows=;fallthrough=004afd30
instruction_reference	004afca2	FUN_004afca2	004afd2d	Stack[-0x24]	READ		operand_index=1;primary=true;source=ANALYSIS
instruction	004afca2	FUN_004afca2	004afd30	004afd33	FALL_THROUGH	FUN_004afca2	bytes=C1E108;mnemonic=SHL;instruction=SHL ECX,0x8;inputs=0x0,CF,0x1,PF,ECX,ZF,SF,0x8,OF,0x1f,0xff;results=CF,PF,ECX,ZF,SF,OF;flows=;fallthrough=004afd33
instruction	004afca2	FUN_004afca2	004afd33	004afd36	FALL_THROUGH	FUN_004afca2	bytes=8B55DC;mnemonic=MOV;instruction=MOV EDX,dword ptr [EBP + -0x24];inputs=0xffffffdc,EBP;results=EDX;flows=;fallthrough=004afd36
instruction_reference	004afca2	FUN_004afca2	004afd33	Stack[-0x28]	READ		operand_index=1;primary=true;source=ANALYSIS
instruction	004afca2	FUN_004afca2	004afd36	004afd39	FALL_THROUGH	FUN_004afca2	bytes=C1E204;mnemonic=SHL;instruction=SHL EDX,0x4;inputs=0x0,CF,0x1,PF,0x4,ZF,SF,EDX,OF,0x1f,0xff;results=CF,PF,ZF,SF,EDX,OF;flows=;fallthrough=004afd39
instruction	004afca2	FUN_004afca2	004afd39	004afd40	FALL_THROUGH	FUN_004afca2	bytes=8D841188A25D00;mnemonic=LEA;instruction=LEA EAX,[ECX + EDX*0x1 + 0x5da288];inputs=0x1,ECX,0x5da288,EDX;results=EAX;flows=;fallthrough=004afd40
instruction_reference	004afca2	FUN_004afca2	004afd39	005da288	DATA	DAT_005da288	operand_index=1;primary=true;source=ANALYSIS
instruction	004afca2	FUN_004afca2	004afd40	004afd41	FALL_THROUGH	FUN_004afca2	bytes=50;mnemonic=PUSH;instruction=PUSH EAX;inputs=EAX,ESP,0x4;results=ESP;flows=;fallthrough=004afd41
instruction	004afca2	FUN_004afca2	004afd41	004afd46	UNCONDITIONAL_CALL	FUN_004afca2	bytes=E822100E00;mnemonic=CALL;instruction=CALL 0x00590d68;inputs=ESP,0x4,0x4afd46;results=ESP;flows=00590d68;fallthrough=004afd46
instruction_reference	004afca2	FUN_004afca2	004afd41	00590d68	UNCONDITIONAL_CALL	FUN_00590d68	operand_index=0;primary=true;source=DEFAULT
instruction	004afca2	FUN_004afca2	004afd46	004afd49	FALL_THROUGH	FUN_004afca2	bytes=83C410;mnemonic=ADD;instruction=ADD ESP,0x10;inputs=ESP,0x10,0x0,0x1,0xff;results=CF,ESP,PF,ZF,SF,OF;flows=;fallthrough=004afd49
instruction	004afca2	FUN_004afca2	004afd49	004afd50	FALL_THROUGH	FUN_004afca2	bytes=C745D800000000;mnemonic=MOV;instruction=MOV dword ptr [EBP + -0x28],0x0;inputs=0x0,EBP,0xffffffd8;results=;flows=;fallthrough=004afd50
instruction_reference	004afca2	FUN_004afca2	004afd49	Stack[-0x2c]	WRITE		operand_index=0;primary=true;source=ANALYSIS
instruction	004afca2	FUN_004afca2	004afd50		UNCONDITIONAL_JUMP	FUN_004afca2	bytes=EB09;mnemonic=JMP;instruction=JMP 0x004afd5b;inputs=;results=;flows=004afd5b;fallthrough=
instruction_reference	004afca2	FUN_004afca2	004afd50	004afd5b	UNCONDITIONAL_JUMP	LAB_004afd5b	operand_index=0;primary=true;source=DEFAULT
instruction	004afca2	FUN_004afca2	004afd52	004afd55	FALL_THROUGH	FUN_004afca2	bytes=8B4DD8;mnemonic=MOV;instruction=MOV ECX,dword ptr [EBP + -0x28];inputs=EBP,0xffffffd8;results=ECX;flows=;fallthrough=004afd55
instruction_reference	004afca2	FUN_004afca2	004afd52	Stack[-0x2c]	READ		operand_index=1;primary=true;source=ANALYSIS
instruction	004afca2	FUN_004afca2	004afd55	004afd58	FALL_THROUGH	FUN_004afca2	bytes=83C101;mnemonic=ADD;instruction=ADD ECX,0x1;inputs=0x0,0x1,ECX,0xff;results=CF,PF,ECX,ZF,SF,OF;flows=;fallthrough=004afd58
instruction	004afca2	FUN_004afca2	004afd58	004afd5b	FALL_THROUGH	FUN_004afca2	bytes=894DD8;mnemonic=MOV;instruction=MOV dword ptr [EBP + -0x28],ECX;inputs=EBP,ECX,0xffffffd8;results=;flows=;fallthrough=004afd5b
instruction_reference	004afca2	FUN_004afca2	004afd58	Stack[-0x2c]	WRITE		operand_index=0;primary=true;source=ANALYSIS
instruction	004afca2	FUN_004afca2	004afd5b	004afd5f	FALL_THROUGH	FUN_004afca2	bytes=837DD810;mnemonic=CMP;instruction=CMP dword ptr [EBP + -0x28],0x10;inputs=0x10,0x0,0x1,EBP,0xffffffd8,0xff;results=CF,PF,ZF,SF,OF;flows=;fallthrough=004afd5f
instruction_reference	004afca2	FUN_004afca2	004afd5b	Stack[-0x2c]	READ		operand_index=0;primary=true;source=ANALYSIS
instruction	004afca2	FUN_004afca2	004afd5f	004afd61	CONDITIONAL_JUMP	FUN_004afca2	bytes=7D3C;mnemonic=JGE;instruction=JGE 0x004afd9d;inputs=SF,OF;results=;flows=004afd9d;fallthrough=004afd61
instruction_reference	004afca2	FUN_004afca2	004afd5f	004afd9d	CONDITIONAL_JUMP	LAB_004afd9d	operand_index=0;primary=true;source=DEFAULT
instruction	004afca2	FUN_004afca2	004afd61	004afd64	FALL_THROUGH	FUN_004afca2	bytes=8B55E0;mnemonic=MOV;instruction=MOV EDX,dword ptr [EBP + -0x20];inputs=EBP,0xffffffe0;results=EDX;flows=;fallthrough=004afd64
instruction_reference	004afca2	FUN_004afca2	004afd61	Stack[-0x24]	READ		operand_index=1;primary=true;source=ANALYSIS
instruction	004afca2	FUN_004afca2	004afd64	004afd67	FALL_THROUGH	FUN_004afca2	bytes=C1E208;mnemonic=SHL;instruction=SHL EDX,0x8;inputs=0x0,CF,0x1,PF,ZF,SF,0x8,EDX,OF,0x1f,0xff;results=CF,PF,ZF,SF,EDX,OF;flows=;fallthrough=004afd67
instruction	004afca2	FUN_004afca2	004afd67	004afd6a	FALL_THROUGH	FUN_004afca2	bytes=8B45DC;mnemonic=MOV;instruction=MOV EAX,dword ptr [EBP + -0x24];inputs=0xffffffdc,EBP;results=EAX;flows=;fallthrough=004afd6a
instruction_reference	004afca2	FUN_004afca2	004afd67	Stack[-0x28]	READ		operand_index=1;primary=true;source=ANALYSIS
instruction	004afca2	FUN_004afca2	004afd6a	004afd6d	FALL_THROUGH	FUN_004afca2	bytes=C1E004;mnemonic=SHL;instruction=SHL EAX,0x4;inputs=EAX,0x0,CF,0x1,PF,0x4,ZF,SF,OF,0x1f,0xff;results=EAX,CF,PF,ZF,SF,OF;flows=;fallthrough=004afd6d
instruction	004afca2	FUN_004afca2	004afd6d	004afd70	FALL_THROUGH	FUN_004afca2	bytes=8B4DD8;mnemonic=MOV;instruction=MOV ECX,dword ptr [EBP + -0x28];inputs=EBP,0xffffffd8;results=ECX;flows=;fallthrough=004afd70
instruction_reference	004afca2	FUN_004afca2	004afd6d	Stack[-0x2c]	READ		operand_index=1;primary=true;source=ANALYSIS
instruction	004afca2	FUN_004afca2	004afd70	004afd72	FALL_THROUGH	FUN_004afca2	bytes=03CA;mnemonic=ADD;instruction=ADD ECX,EDX;inputs=0x0,0x1,ECX,EDX,0xff;results=CF,PF,ECX,ZF,SF,OF;flows=;fallthrough=004afd72
instruction	004afca2	FUN_004afca2	004afd72	004afd7a	FALL_THROUGH	FUN_004afca2	bytes=0FBE940888A25D00;mnemonic=MOVSX;instruction=MOVSX EDX,byte ptr [EAX + ECX*0x1 + 0x5da288];inputs=EAX,0x1,ECX,0x5da288;results=EDX;flows=;fallthrough=004afd7a
instruction_reference	004afca2	FUN_004afca2	004afd72	005da288	DATA	DAT_005da288	operand_index=1;primary=true;source=ANALYSIS
instruction	004afca2	FUN_004afca2	004afd7a	004afd80	FALL_THROUGH	FUN_004afca2	bytes=81E203000080;mnemonic=AND;instruction=AND EDX,0x80000003;inputs=0x0,0x1,0x80000003,EDX,0xff;results=CF,PF,ZF,SF,EDX,OF;flows=;fallthrough=004afd80
instruction	004afca2	FUN_004afca2	004afd80	004afd82	CONDITIONAL_JUMP	FUN_004afca2	bytes=7905;mnemonic=JNS;instruction=JNS 0x004afd87;inputs=SF;results=;flows=004afd87;fallthrough=004afd82
instruction_reference	004afca2	FUN_004afca2	004afd80	004afd87	CONDITIONAL_JUMP	LAB_004afd87	operand_index=0;primary=true;source=DEFAULT
instruction	004afca2	FUN_004afca2	004afd82	004afd83	FALL_THROUGH	FUN_004afca2	bytes=4A;mnemonic=DEC;instruction=DEC EDX;inputs=0x0,0x1,EDX,0xff;results=PF,ZF,SF,EDX,OF;flows=;fallthrough=004afd83
instruction	004afca2	FUN_004afca2	004afd83	004afd86	FALL_THROUGH	FUN_004afca2	bytes=83CAFC;mnemonic=OR;instruction=OR EDX,0xfffffffc;inputs=0x0,0x1,0xfffffffc,EDX,0xff;results=CF,PF,ZF,SF,EDX,OF;flows=;fallthrough=004afd86
instruction	004afca2	FUN_004afca2	004afd86	004afd87	FALL_THROUGH	FUN_004afca2	bytes=42;mnemonic=INC;instruction=INC EDX;inputs=0x0,0x1,EDX,0xff;results=PF,ZF,SF,EDX,OF;flows=;fallthrough=004afd87
instruction	004afca2	FUN_004afca2	004afd87	004afd8a	FALL_THROUGH	FUN_004afca2	bytes=8B45DC;mnemonic=MOV;instruction=MOV EAX,dword ptr [EBP + -0x24];inputs=0xffffffdc,EBP;results=EAX;flows=;fallthrough=004afd8a
instruction_reference	004afca2	FUN_004afca2	004afd87	Stack[-0x28]	READ		operand_index=1;primary=true;source=ANALYSIS
instruction	004afca2	FUN_004afca2	004afd8a	004afd8d	FALL_THROUGH	FUN_004afca2	bytes=8D0C42;mnemonic=LEA;instruction=LEA ECX,[EDX + EAX*0x2];inputs=EAX,0x2,EDX;results=ECX;flows=;fallthrough=004afd8d
instruction	004afca2	FUN_004afca2	004afd8d	004afd90	FALL_THROUGH	FUN_004afca2	bytes=8B55E0;mnemonic=MOV;instruction=MOV EDX,dword ptr [EBP + -0x20];inputs=EBP,0xffffffe0;results=EDX;flows=;fallthrough=004afd90
instruction_reference	004afca2	FUN_004afca2	004afd8d	Stack[-0x24]	READ		operand_index=1;primary=true;source=ANALYSIS
instruction	004afca2	FUN_004afca2	004afd90	004afd93	FALL_THROUGH	FUN_004afca2	bytes=6BD205;mnemonic=IMUL;instruction=IMUL EDX,EDX,0x5;inputs=0x0,0x4,0x5,EDX;results=CF,EDX,OF;flows=;fallthrough=004afd93
instruction	004afca2	FUN_004afca2	004afd93	004afd96	FALL_THROUGH	FUN_004afca2	bytes=0355FC;mnemonic=ADD;instruction=ADD EDX,dword ptr [EBP + -0x4];inputs=0x0,0x1,0xfffffffc,EBP,EDX,0xff;results=CF,PF,ZF,SF,EDX,OF;flows=;fallthrough=004afd96
instruction_reference	004afca2	FUN_004afca2	004afd93	Stack[-0x8]	READ		operand_index=1;primary=true;source=ANALYSIS
instruction	004afca2	FUN_004afca2	004afd96	004afd98	FALL_THROUGH	FUN_004afca2	bytes=03D1;mnemonic=ADD;instruction=ADD EDX,ECX;inputs=0x0,0x1,ECX,EDX,0xff;results=CF,PF,ZF,SF,EDX,OF;flows=;fallthrough=004afd98
instruction	004afca2	FUN_004afca2	004afd98	004afd9b	FALL_THROUGH	FUN_004afca2	bytes=8955FC;mnemonic=MOV;instruction=MOV dword ptr [EBP + -0x4],EDX;inputs=0xfffffffc,EBP,EDX;results=;flows=;fallthrough=004afd9b
instruction_reference	004afca2	FUN_004afca2	004afd98	Stack[-0x8]	WRITE		operand_index=0;primary=true;source=ANALYSIS
instruction	004afca2	FUN_004afca2	004afd9b		UNCONDITIONAL_JUMP	FUN_004afca2	bytes=EBB5;mnemonic=JMP;instruction=JMP 0x004afd52;inputs=;results=;flows=004afd52;fallthrough=
instruction_reference	004afca2	FUN_004afca2	004afd9b	004afd52	UNCONDITIONAL_JUMP	LAB_004afd52	operand_index=0;primary=true;source=DEFAULT
instruction	004afca2	FUN_004afca2	004afd9d		UNCONDITIONAL_JUMP	FUN_004afca2	bytes=E974FFFFFF;mnemonic=JMP;instruction=JMP 0x004afd16;inputs=;results=;flows=004afd16;fallthrough=
instruction_reference	004afca2	FUN_004afca2	004afd9d	004afd16	UNCONDITIONAL_JUMP	LAB_004afd16	operand_index=0;primary=true;source=DEFAULT
instruction	004afca2	FUN_004afca2	004afda2		UNCONDITIONAL_JUMP	FUN_004afca2	bytes=E950FFFFFF;mnemonic=JMP;instruction=JMP 0x004afcf7;inputs=;results=;flows=004afcf7;fallthrough=
instruction_reference	004afca2	FUN_004afca2	004afda2	004afcf7	UNCONDITIONAL_JUMP	LAB_004afcf7	operand_index=0;primary=true;source=DEFAULT
instruction	004afca2	FUN_004afca2	004afda7	004afdae	FALL_THROUGH	FUN_004afca2	bytes=C745E488A25D00;mnemonic=MOV;instruction=MOV dword ptr [EBP + -0x1c],0x5da288;inputs=EBP,0x5da288,0xffffffe4;results=;flows=;fallthrough=004afdae
instruction_reference	004afca2	FUN_004afca2	004afda7	005da288	DATA	DAT_005da288	operand_index=1;primary=true;source=ANALYSIS
instruction_reference	004afca2	FUN_004afca2	004afda7	Stack[-0x20]	WRITE		operand_index=0;primary=true;source=ANALYSIS
instruction	004afca2	FUN_004afca2	004afdae	004afdb5	FALL_THROUGH	FUN_004afca2	bytes=C745E800000000;mnemonic=MOV;instruction=MOV dword ptr [EBP + -0x18],0x0;inputs=0x0,EBP,0xffffffe8;results=;flows=;fallthrough=004afdb5
instruction_reference	004afca2	FUN_004afca2	004afdae	Stack[-0x1c]	WRITE		operand_index=0;primary=true;source=ANALYSIS
instruction	004afca2	FUN_004afca2	004afdb5		UNCONDITIONAL_JUMP	FUN_004afca2	bytes=EB09;mnemonic=JMP;instruction=JMP 0x004afdc0;inputs=;results=;flows=004afdc0;fallthrough=
instruction_reference	004afca2	FUN_004afca2	004afdb5	004afdc0	UNCONDITIONAL_JUMP	LAB_004afdc0	operand_index=0;primary=true;source=DEFAULT
instruction	004afca2	FUN_004afca2	004afdb7	004afdba	FALL_THROUGH	FUN_004afca2	bytes=8B45E8;mnemonic=MOV;instruction=MOV EAX,dword ptr [EBP + -0x18];inputs=EBP,0xffffffe8;results=EAX;flows=;fallthrough=004afdba
instruction_reference	004afca2	FUN_004afca2	004afdb7	Stack[-0x1c]	READ		operand_index=1;primary=true;source=ANALYSIS
instruction	004afca2	FUN_004afca2	004afdba	004afdbd	FALL_THROUGH	FUN_004afca2	bytes=83C001;mnemonic=ADD;instruction=ADD EAX,0x1;inputs=EAX,0x0,0x1,0xff;results=CF,EAX,PF,ZF,SF,OF;flows=;fallthrough=004afdbd
instruction	004afca2	FUN_004afca2	004afdbd	004afdc0	FALL_THROUGH	FUN_004afca2	bytes=8945E8;mnemonic=MOV;instruction=MOV dword ptr [EBP + -0x18],EAX;inputs=EAX,EBP,0xffffffe8;results=;flows=;fallthrough=004afdc0
instruction_reference	004afca2	FUN_004afca2	004afdbd	Stack[-0x1c]	WRITE		operand_index=0;primary=true;source=ANALYSIS
instruction	004afca2	FUN_004afca2	004afdc0	004afdc7	FALL_THROUGH	FUN_004afca2	bytes=817DE800000800;mnemonic=CMP;instruction=CMP dword ptr [EBP + -0x18],0x80000;inputs=0x0,0x1,EBP,0xffffffe8,0x80000,0xff;results=CF,PF,ZF,SF,OF;flows=;fallthrough=004afdc7
instruction_reference	004afca2	FUN_004afca2	004afdc0	Stack[-0x1c]	READ		operand_index=0;primary=true;source=ANALYSIS
instruction	004afca2	FUN_004afca2	004afdc7	004afdc9	CONDITIONAL_JUMP	FUN_004afca2	bytes=7D26;mnemonic=JGE;instruction=JGE 0x004afdef;inputs=SF,OF;results=;flows=004afdef;fallthrough=004afdc9
instruction_reference	004afca2	FUN_004afca2	004afdc7	004afdef	CONDITIONAL_JUMP	LAB_004afdef	operand_index=0;primary=true;source=DEFAULT
instruction	004afca2	FUN_004afca2	004afdc9	004afdcc	FALL_THROUGH	FUN_004afca2	bytes=8B4DE4;mnemonic=MOV;instruction=MOV ECX,dword ptr [EBP + -0x1c];inputs=EBP,0xffffffe4;results=ECX;flows=;fallthrough=004afdcc
instruction_reference	004afca2	FUN_004afca2	004afdc9	Stack[-0x20]	READ		operand_index=1;primary=true;source=ANALYSIS
instruction	004afca2	FUN_004afca2	004afdcc	004afdcf	FALL_THROUGH	FUN_004afca2	bytes=034DE8;mnemonic=ADD;instruction=ADD ECX,dword ptr [EBP + -0x18];inputs=0x0,0x1,EBP,ECX,0xffffffe8,0xff;results=CF,PF,ECX,ZF,SF,OF;flows=;fallthrough=004afdcf
instruction_reference	004afca2	FUN_004afca2	004afdcc	Stack[-0x1c]	READ		operand_index=1;primary=true;source=ANALYSIS
instruction	004afca2	FUN_004afca2	004afdcf	004afdd2	FALL_THROUGH	FUN_004afca2	bytes=0FBE09;mnemonic=MOVSX;instruction=MOVSX ECX,byte ptr [ECX];inputs=ECX;results=ECX;flows=;fallthrough=004afdd2
instruction_reference	004afca2	FUN_004afca2	004afdcf	005da288	DATA	DAT_005da288	operand_index=1;primary=true;source=ANALYSIS
instruction_reference	004afca2	FUN_004afca2	004afdcf	005da289	DATA	DAT_005da289	operand_index=1;primary=false;source=ANALYSIS
instruction	004afca2	FUN_004afca2	004afdd2	004afdd5	FALL_THROUGH	FUN_004afca2	bytes=8B45E8;mnemonic=MOV;instruction=MOV EAX,dword ptr [EBP + -0x18];inputs=EBP,0xffffffe8;results=EAX;flows=;fallthrough=004afdd5
instruction_reference	004afca2	FUN_004afca2	004afdd2	Stack[-0x1c]	READ		operand_index=1;primary=true;source=ANALYSIS
instruction	004afca2	FUN_004afca2	004afdd5	004afdd6	FALL_THROUGH	FUN_004afca2	bytes=99;mnemonic=CDQ;instruction=CDQ;inputs=EAX,0x4;results=EDX;flows=;fallthrough=004afdd6
instruction	004afca2	FUN_004afca2	004afdd6	004afdd9	FALL_THROUGH	FUN_004afca2	bytes=F77DF4;mnemonic=IDIV;instruction=IDIV dword ptr [EBP + -0xc];inputs=0x20,EAX,0x0,EBP,EDX,0xfffffff4;results=EAX,EDX;flows=;fallthrough=004afdd9
instruction_reference	004afca2	FUN_004afca2	004afdd6	Stack[-0x10]	READ		operand_index=0;primary=true;source=ANALYSIS
instruction	004afca2	FUN_004afca2	004afdd9	004afddc	FALL_THROUGH	FUN_004afca2	bytes=8B45F8;mnemonic=MOV;instruction=MOV EAX,dword ptr [EBP + -0x8];inputs=EBP,0xfffffff8;results=EAX;flows=;fallthrough=004afddc
instruction_reference	004afca2	FUN_004afca2	004afdd9	Stack[-0xc]	READ		operand_index=1;primary=true;source=ANALYSIS
instruction	004afca2	FUN_004afca2	004afddc	004afde0	FALL_THROUGH	FUN_004afca2	bytes=0FBE1410;mnemonic=MOVSX;instruction=MOVSX EDX,byte ptr [EAX + EDX*0x1];inputs=EAX,0x1,EDX;results=EDX;flows=;fallthrough=004afde0
instruction_reference	004afca2	FUN_004afca2	004afddc	005b98d8	DATA	DAT_005b98d8	operand_index=1;primary=true;source=ANALYSIS
instruction	004afca2	FUN_004afca2	004afde0	004afde2	FALL_THROUGH	FUN_004afca2	bytes=2BCA;mnemonic=SUB;instruction=SUB ECX,EDX;inputs=0x0,0x1,ECX,EDX,0xff;results=CF,PF,ECX,ZF,SF,OF;flows=;fallthrough=004afde2
instruction	004afca2	FUN_004afca2	004afde2	004afde5	FALL_THROUGH	FUN_004afca2	bytes=2B4DE8;mnemonic=SUB;instruction=SUB ECX,dword ptr [EBP + -0x18];inputs=0x0,0x1,EBP,ECX,0xffffffe8,0xff;results=CF,PF,ECX,ZF,SF,OF;flows=;fallthrough=004afde5
instruction_reference	004afca2	FUN_004afca2	004afde2	Stack[-0x1c]	READ		operand_index=1;primary=true;source=ANALYSIS
instruction	004afca2	FUN_004afca2	004afde5	004afde8	FALL_THROUGH	FUN_004afca2	bytes=8B45E4;mnemonic=MOV;instruction=MOV EAX,dword ptr [EBP + -0x1c];inputs=EBP,0xffffffe4;results=EAX;flows=;fallthrough=004afde8
instruction_reference	004afca2	FUN_004afca2	004afde5	Stack[-0x20]	READ		operand_index=1;primary=true;source=ANALYSIS
instruction	004afca2	FUN_004afca2	004afde8	004afdeb	FALL_THROUGH	FUN_004afca2	bytes=0345E8;mnemonic=ADD;instruction=ADD EAX,dword ptr [EBP + -0x18];inputs=EAX,0x0,0x1,EBP,0xffffffe8,0xff;results=CF,EAX,PF,ZF,SF,OF;flows=;fallthrough=004afdeb
instruction_reference	004afca2	FUN_004afca2	004afde8	Stack[-0x1c]	READ		operand_index=1;primary=true;source=ANALYSIS
instruction	004afca2	FUN_004afca2	004afdeb	004afded	FALL_THROUGH	FUN_004afca2	bytes=8808;mnemonic=MOV;instruction=MOV byte ptr [EAX],CL;inputs=EAX,CL;results=;flows=;fallthrough=004afded
instruction_reference	004afca2	FUN_004afca2	004afdeb	005da288	DATA	DAT_005da288	operand_index=1;primary=true;source=ANALYSIS
instruction_reference	004afca2	FUN_004afca2	004afdeb	005da289	DATA	DAT_005da289	operand_index=1;primary=false;source=ANALYSIS
instruction	004afca2	FUN_004afca2	004afded		UNCONDITIONAL_JUMP	FUN_004afca2	bytes=EBC8;mnemonic=JMP;instruction=JMP 0x004afdb7;inputs=;results=;flows=004afdb7;fallthrough=
instruction_reference	004afca2	FUN_004afca2	004afded	004afdb7	UNCONDITIONAL_JUMP	LAB_004afdb7	operand_index=0;primary=true;source=DEFAULT
instruction	004afca2	FUN_004afca2	004afdef	004afdf6	FALL_THROUGH	FUN_004afca2	bytes=C745EC00000000;mnemonic=MOV;instruction=MOV dword ptr [EBP + -0x14],0x0;inputs=0x0,0xffffffec,EBP;results=;flows=;fallthrough=004afdf6
instruction_reference	004afca2	FUN_004afca2	004afdef	Stack[-0x18]	WRITE		operand_index=0;primary=true;source=ANALYSIS
instruction	004afca2	FUN_004afca2	004afdf6	004afdf9	FALL_THROUGH	FUN_004afca2	bytes=8B4DF0;mnemonic=MOV;instruction=MOV ECX,dword ptr [EBP + -0x10];inputs=EBP,0xfffffff0;results=ECX;flows=;fallthrough=004afdf9
instruction_reference	004afca2	FUN_004afca2	004afdf6	Stack[-0x14]	READ		operand_index=1;primary=true;source=ANALYSIS
instruction	004afca2	FUN_004afca2	004afdf9	004afdfa	FALL_THROUGH	FUN_004afca2	bytes=51;mnemonic=PUSH;instruction=PUSH ECX;inputs=ESP,ECX,0x4;results=ESP;flows=;fallthrough=004afdfa
instruction	004afca2	FUN_004afca2	004afdfa	004afdfc	FALL_THROUGH	FUN_004afca2	bytes=6A01;mnemonic=PUSH;instruction=PUSH 0x1;inputs=ESP,0x1,0x4;results=ESP;flows=;fallthrough=004afdfc
instruction	004afca2	FUN_004afca2	004afdfc	004afdfe	FALL_THROUGH	FUN_004afca2	bytes=6A04;mnemonic=PUSH;instruction=PUSH 0x4;inputs=ESP,0x4;results=ESP;flows=;fallthrough=004afdfe
instruction	004afca2	FUN_004afca2	004afdfe	004afe01	FALL_THROUGH	FUN_004afca2	bytes=8D55EC;mnemonic=LEA;instruction=LEA EDX,[EBP + -0x14];inputs=0xffffffec,EBP;results=EDX;flows=;fallthrough=004afe01
instruction_reference	004afca2	FUN_004afca2	004afdfe	Stack[-0x18]	DATA		operand_index=0;primary=true;source=ANALYSIS
instruction	004afca2	FUN_004afca2	004afe01	004afe02	FALL_THROUGH	FUN_004afca2	bytes=52;mnemonic=PUSH;instruction=PUSH EDX;inputs=ESP,0x4,EDX;results=ESP;flows=;fallthrough=004afe02
instruction	004afca2	FUN_004afca2	004afe02	004afe07	UNCONDITIONAL_CALL	FUN_004afca2	bytes=E8610F0E00;mnemonic=CALL;instruction=CALL 0x00590d68;inputs=ESP,0x4,0x4afe07;results=ESP;flows=00590d68;fallthrough=004afe07
instruction_reference	004afca2	FUN_004afca2	004afe02	00590d68	UNCONDITIONAL_CALL	FUN_00590d68	operand_index=0;primary=true;source=DEFAULT
instruction	004afca2	FUN_004afca2	004afe07	004afe0a	FALL_THROUGH	FUN_004afca2	bytes=83C410;mnemonic=ADD;instruction=ADD ESP,0x10;inputs=ESP,0x10,0x0,0x1,0xff;results=CF,ESP,PF,ZF,SF,OF;flows=;fallthrough=004afe0a
instruction	004afca2	FUN_004afca2	004afe0a	004afe0d	FALL_THROUGH	FUN_004afca2	bytes=8B45F0;mnemonic=MOV;instruction=MOV EAX,dword ptr [EBP + -0x10];inputs=EBP,0xfffffff0;results=EAX;flows=;fallthrough=004afe0d
instruction_reference	004afca2	FUN_004afca2	004afe0a	Stack[-0x14]	READ		operand_index=1;primary=true;source=ANALYSIS
instruction	004afca2	FUN_004afca2	004afe0d	004afe0e	FALL_THROUGH	FUN_004afca2	bytes=50;mnemonic=PUSH;instruction=PUSH EAX;inputs=EAX,ESP,0x4;results=ESP;flows=;fallthrough=004afe0e
instruction	004afca2	FUN_004afca2	004afe0e	004afe13	UNCONDITIONAL_CALL	FUN_004afca2	bytes=E819F80D00;mnemonic=CALL;instruction=CALL 0x0058f62c;inputs=ESP,0x4,0x4afe13;results=ESP;flows=0058f62c;fallthrough=004afe13
instruction_reference	004afca2	FUN_004afca2	004afe0e	0058f62c	UNCONDITIONAL_CALL	FUN_0058f62c	operand_index=0;primary=true;source=DEFAULT
instruction	004afca2	FUN_004afca2	004afe13	004afe16	FALL_THROUGH	FUN_004afca2	bytes=83C404;mnemonic=ADD;instruction=ADD ESP,0x4;inputs=ESP,0x0,0x1,0x4,0xff;results=CF,ESP,PF,ZF,SF,OF;flows=;fallthrough=004afe16
instruction	004afca2	FUN_004afca2	004afe16	004afe19	FALL_THROUGH	FUN_004afca2	bytes=8B4DFC;mnemonic=MOV;instruction=MOV ECX,dword ptr [EBP + -0x4];inputs=0xfffffffc,EBP;results=ECX;flows=;fallthrough=004afe19
instruction_reference	004afca2	FUN_004afca2	004afe16	Stack[-0x8]	READ		operand_index=1;primary=true;source=ANALYSIS
instruction	004afca2	FUN_004afca2	004afe19	004afe1c	FALL_THROUGH	FUN_004afca2	bytes=3B4DEC;mnemonic=CMP;instruction=CMP ECX,dword ptr [EBP + -0x14];inputs=0x0,0x1,0xffffffec,EBP,ECX,0xff;results=CF,PF,ZF,SF,OF;flows=;fallthrough=004afe1c
instruction_reference	004afca2	FUN_004afca2	004afe19	Stack[-0x18]	READ		operand_index=1;primary=true;source=ANALYSIS
instruction	004afca2	FUN_004afca2	004afe1c	004afe1e	CONDITIONAL_JUMP	FUN_004afca2	bytes=7418;mnemonic=JZ;instruction=JZ 0x004afe36;inputs=ZF;results=;flows=004afe36;fallthrough=004afe1e
instruction_reference	004afca2	FUN_004afca2	004afe1c	004afe36	CONDITIONAL_JUMP	LAB_004afe36	operand_index=0;primary=true;source=DEFAULT
instruction	004afca2	FUN_004afca2	004afe1e	004afe20	FALL_THROUGH	FUN_004afca2	bytes=6A00;mnemonic=PUSH;instruction=PUSH 0x0;inputs=0x0,ESP,0x4;results=ESP;flows=;fallthrough=004afe20
instruction	004afca2	FUN_004afca2	004afe20	004afe25	FALL_THROUGH	FUN_004afca2	bytes=6894995B00;mnemonic=PUSH;instruction=PUSH 0x5b9994;inputs=ESP,0x4,0x5b9994;results=ESP;flows=;fallthrough=004afe25
instruction_reference	004afca2	FUN_004afca2	004afe20	005b9994	DATA	s_CheckSum_Error_005b9994	operand_index=0;primary=true;source=ANALYSIS
instruction	004afca2	FUN_004afca2	004afe25	004afe2a	FALL_THROUGH	FUN_004afca2	bytes=68A4995B00;mnemonic=PUSH;instruction=PUSH 0x5b99a4;inputs=ESP,0x4,0x5b99a4;results=ESP;flows=;fallthrough=004afe2a
instruction_reference	004afca2	FUN_004afca2	004afe25	005b99a4	DATA	s_Object.bin_File_Crashed_005b99a4	operand_index=0;primary=true;source=ANALYSIS
instruction	004afca2	FUN_004afca2	004afe2a	004afe2c	FALL_THROUGH	FUN_004afca2	bytes=6A00;mnemonic=PUSH;instruction=PUSH 0x0;inputs=0x0,ESP,0x4;results=ESP;flows=;fallthrough=004afe2c
instruction	004afca2	FUN_004afca2	004afe2c	004afe32	COMPUTED_CALL	FUN_004afca2	bytes=FF1584325A00;mnemonic=CALL;instruction=CALL dword ptr [0x005a3284];inputs=ESP,005a3284,0x4,0x4afe32;results=ESP;flows=EXTERNAL:00000071;fallthrough=004afe32
instruction_reference	004afca2	FUN_004afca2	004afe2c	005a3284	READ	PTR_MessageBoxA_005a3284	operand_index=0;primary=true;source=DEFAULT
instruction_reference	004afca2	FUN_004afca2	004afe2c	EXTERNAL:00000071	COMPUTED_CALL	MessageBoxA	operand_index=-1;primary=true;source=ANALYSIS
instruction	004afca2	FUN_004afca2	004afe32	004afe34	FALL_THROUGH	FUN_004afca2	bytes=33C0;mnemonic=XOR;instruction=XOR EAX,EAX;inputs=0x0,EAX,0x1,0xff;results=CF,EAX,PF,ZF,SF,OF;flows=;fallthrough=004afe34
instruction	004afca2	FUN_004afca2	004afe34		UNCONDITIONAL_JUMP	FUN_004afca2	bytes=EB1F;mnemonic=JMP;instruction=JMP 0x004afe55;inputs=;results=;flows=004afe55;fallthrough=
instruction_reference	004afca2	FUN_004afca2	004afe34	004afe55	UNCONDITIONAL_JUMP	LAB_004afe55	operand_index=0;primary=true;source=DEFAULT
instruction	004afca2	FUN_004afca2	004afe36		UNCONDITIONAL_JUMP	FUN_004afca2	bytes=EB18;mnemonic=JMP;instruction=JMP 0x004afe50;inputs=;results=;flows=004afe50;fallthrough=
instruction_reference	004afca2	FUN_004afca2	004afe36	004afe50	UNCONDITIONAL_JUMP	LAB_004afe50	operand_index=0;primary=true;source=DEFAULT
instruction	004afca2	FUN_004afca2	004afe38	004afe3a	FALL_THROUGH	FUN_004afca2	bytes=6A00;mnemonic=PUSH;instruction=PUSH 0x0;inputs=0x0,ESP,0x4;results=ESP;flows=;fallthrough=004afe3a
instruction	004afca2	FUN_004afca2	004afe3a	004afe3f	FALL_THROUGH	FUN_004afca2	bytes=68BC995B00;mnemonic=PUSH;instruction=PUSH 0x5b99bc;inputs=ESP,0x4,0x5b99bc;results=ESP;flows=;fallthrough=004afe3f
instruction_reference	004afca2	FUN_004afca2	004afe3a	005b99bc	DATA	s_ERROR_005b99bc	operand_index=0;primary=true;source=ANALYSIS
instruction	004afca2	FUN_004afca2	004afe3f	004afe44	FALL_THROUGH	FUN_004afca2	bytes=68C4995B00;mnemonic=PUSH;instruction=PUSH 0x5b99c4;inputs=ESP,0x4,0x5b99c4;results=ESP;flows=;fallthrough=004afe44
instruction_reference	004afca2	FUN_004afca2	004afe3f	005b99c4	DATA	s_Can't_read_object.bin_005b99c4	operand_index=0;primary=true;source=ANALYSIS
instruction	004afca2	FUN_004afca2	004afe44	004afe46	FALL_THROUGH	FUN_004afca2	bytes=6A00;mnemonic=PUSH;instruction=PUSH 0x0;inputs=0x0,ESP,0x4;results=ESP;flows=;fallthrough=004afe46
instruction	004afca2	FUN_004afca2	004afe46	004afe4c	COMPUTED_CALL	FUN_004afca2	bytes=FF1584325A00;mnemonic=CALL;instruction=CALL dword ptr [0x005a3284];inputs=ESP,005a3284,0x4,0x4afe4c;results=ESP;flows=EXTERNAL:00000071;fallthrough=004afe4c
instruction_reference	004afca2	FUN_004afca2	004afe46	005a3284	READ	PTR_MessageBoxA_005a3284	operand_index=0;primary=true;source=DEFAULT
instruction_reference	004afca2	FUN_004afca2	004afe46	EXTERNAL:00000071	COMPUTED_CALL	MessageBoxA	operand_index=-1;primary=true;source=ANALYSIS
instruction	004afca2	FUN_004afca2	004afe4c	004afe4e	FALL_THROUGH	FUN_004afca2	bytes=33C0;mnemonic=XOR;instruction=XOR EAX,EAX;inputs=0x0,EAX,0x1,0xff;results=CF,EAX,PF,ZF,SF,OF;flows=;fallthrough=004afe4e
instruction	004afca2	FUN_004afca2	004afe4e		UNCONDITIONAL_JUMP	FUN_004afca2	bytes=EB05;mnemonic=JMP;instruction=JMP 0x004afe55;inputs=;results=;flows=004afe55;fallthrough=
instruction_reference	004afca2	FUN_004afca2	004afe4e	004afe55	UNCONDITIONAL_JUMP	LAB_004afe55	operand_index=0;primary=true;source=DEFAULT
instruction	004afca2	FUN_004afca2	004afe50	004afe55	FALL_THROUGH	FUN_004afca2	bytes=B801000000;mnemonic=MOV;instruction=MOV EAX,0x1;inputs=0x1;results=EAX;flows=;fallthrough=004afe55
instruction	004afca2	FUN_004afca2	004afe55	004afe57	FALL_THROUGH	FUN_004afca2	bytes=8BE5;mnemonic=MOV;instruction=MOV ESP,EBP;inputs=EBP;results=ESP;flows=;fallthrough=004afe57
instruction	004afca2	FUN_004afca2	004afe57	004afe58	FALL_THROUGH	FUN_004afca2	bytes=5D;mnemonic=POP;instruction=POP EBP;inputs=0x0,ESP,0x4;results=ESP,EBP;flows=;fallthrough=004afe58
instruction	004afca2	FUN_004afca2	004afe58		TERMINATOR	FUN_004afca2	bytes=C3;mnemonic=RET;instruction=RET;inputs=ESP,0x4;results=ESP,EIP;flows=;fallthrough=
instruction_search	004afca2	FUN_004afca2	004afca2	004afca2	instructions	FUN_004afca2	instructions=131;references=92;body_min=004afca2;body_max=004afe58
body_flow_incoming	004afca2	FUN_004afca2	004afc95	004afca2	UNCONDITIONAL_CALL	FUN_004afbc6	owner_entry=004afbc6;source_block=.text
entry_boundary	004afca2	FUN_004afca2	004afca1	004afca2	TERMINATOR	RET	fallthrough=
body_search	004afca2	FUN_004afca2		004afca2	body_refs		external_flow_hits=1;external_data_hits=0;switch_table_hits=0;external_other_hits=0;thunk_hits=0;instructions=131;body_min=004afca2;body_max=004afe58;block=.text;execute=true;initialized=true
instruction	0042c51b	FUN_0042c51b	0042c51b	0042c51c	FALL_THROUGH	FUN_0042c51b	bytes=55;mnemonic=PUSH;instruction=PUSH EBP;inputs=ESP,EBP,0x4;results=ESP;flows=;fallthrough=0042c51c
instruction	0042c51b	FUN_0042c51b	0042c51c	0042c51e	FALL_THROUGH	FUN_0042c51b	bytes=8BEC;mnemonic=MOV;instruction=MOV EBP,ESP;inputs=ESP;results=EBP;flows=;fallthrough=0042c51e
instruction	0042c51b	FUN_0042c51b	0042c51e	0042c520	FALL_THROUGH	FUN_0042c51b	bytes=6AFF;mnemonic=PUSH;instruction=PUSH -0x1;inputs=0xffffffff,ESP,0x4;results=ESP;flows=;fallthrough=0042c520
instruction	0042c51b	FUN_0042c51b	0042c520	0042c525	FALL_THROUGH	FUN_0042c51b	bytes=6891F05900;mnemonic=PUSH;instruction=PUSH 0x59f091;inputs=ESP,0x4,0x59f091;results=ESP;flows=;fallthrough=0042c525
instruction_reference	0042c51b	FUN_0042c51b	0042c520	0059f091	DATA	LAB_0059f091	operand_index=0;primary=true;source=ANALYSIS
instruction	0042c51b	FUN_0042c51b	0042c525	0042c52b	FALL_THROUGH	FUN_0042c51b	bytes=64A100000000;mnemonic=MOV;instruction=MOV EAX,FS:[0x0];inputs=FS_OFFSET,0x0;results=EAX;flows=;fallthrough=0042c52b
instruction_reference	0042c51b	FUN_0042c51b	0042c525	ffdff000	READ	ExceptionList	operand_index=1;primary=true;source=ANALYSIS
instruction	0042c51b	FUN_0042c51b	0042c52b	0042c52c	FALL_THROUGH	FUN_0042c51b	bytes=50;mnemonic=PUSH;instruction=PUSH EAX;inputs=EAX,ESP,0x4;results=ESP;flows=;fallthrough=0042c52c
instruction	0042c51b	FUN_0042c51b	0042c52c	0042c533	FALL_THROUGH	FUN_0042c51b	bytes=64892500000000;mnemonic=MOV;instruction=MOV dword ptr FS:[0x0],ESP;inputs=FS_OFFSET,0x0,ESP;results=;flows=;fallthrough=0042c533
instruction_reference	0042c51b	FUN_0042c51b	0042c52c	ffdff000	WRITE	ExceptionList	operand_index=0;primary=true;source=ANALYSIS
instruction	0042c51b	FUN_0042c51b	0042c533	0042c536	FALL_THROUGH	FUN_0042c51b	bytes=83EC10;mnemonic=SUB;instruction=SUB ESP,0x10;inputs=ESP,0x10,0x0,0x1,0xff;results=CF,ESP,PF,ZF,SF,OF;flows=;fallthrough=0042c536
instruction	0042c51b	FUN_0042c51b	0042c536	0042c539	FALL_THROUGH	FUN_0042c51b	bytes=894DE8;mnemonic=MOV;instruction=MOV dword ptr [EBP + -0x18],ECX;inputs=EBP,ECX,0xffffffe8;results=;flows=;fallthrough=0042c539
instruction_reference	0042c51b	FUN_0042c51b	0042c536	Stack[-0x1c]	WRITE		operand_index=0;primary=true;source=ANALYSIS
instruction	0042c51b	FUN_0042c51b	0042c539	0042c53c	FALL_THROUGH	FUN_0042c51b	bytes=8B45E8;mnemonic=MOV;instruction=MOV EAX,dword ptr [EBP + -0x18];inputs=EBP,0xffffffe8;results=EAX;flows=;fallthrough=0042c53c
instruction_reference	0042c51b	FUN_0042c51b	0042c539	Stack[-0x1c]	READ		operand_index=1;primary=true;source=ANALYSIS
instruction	0042c51b	FUN_0042c51b	0042c53c	0042c543	FALL_THROUGH	FUN_0042c51b	bytes=83B810A7020000;mnemonic=CMP;instruction=CMP dword ptr [EAX + 0x2a710],0x0;inputs=EAX,0x0,0x1,0x2a710,0xff;results=CF,PF,ZF,SF,OF;flows=;fallthrough=0042c543
instruction	0042c51b	FUN_0042c51b	0042c543	0042c549	CONDITIONAL_JUMP	FUN_0042c51b	bytes=0F85A4000000;mnemonic=JNZ;instruction=JNZ 0x0042c5ed;inputs=ZF;results=;flows=0042c5ed;fallthrough=0042c549
instruction_reference	0042c51b	FUN_0042c51b	0042c543	0042c5ed	CONDITIONAL_JUMP	LAB_0042c5ed	operand_index=0;primary=true;source=DEFAULT
instruction	0042c51b	FUN_0042c51b	0042c549	0042c54e	FALL_THROUGH	FUN_0042c51b	bytes=68689A0600;mnemonic=PUSH;instruction=PUSH 0x69a68;inputs=ESP,0x4,0x69a68;results=ESP;flows=;fallthrough=0042c54e
instruction	0042c51b	FUN_0042c51b	0042c54e	0042c553	UNCONDITIONAL_CALL	FUN_0042c51b	bytes=E8772B1600;mnemonic=CALL;instruction=CALL 0x0058f0ca;inputs=ESP,0x42c553,0x4;results=ESP;flows=0058f0ca;fallthrough=0042c553
instruction_reference	0042c51b	FUN_0042c51b	0042c54e	0058f0ca	UNCONDITIONAL_CALL	operator_new	operand_index=0;primary=true;source=DEFAULT
instruction	0042c51b	FUN_0042c51b	0042c553	0042c556	FALL_THROUGH	FUN_0042c51b	bytes=83C404;mnemonic=ADD;instruction=ADD ESP,0x4;inputs=ESP,0x0,0x1,0x4,0xff;results=CF,ESP,PF,ZF,SF,OF;flows=;fallthrough=0042c556
instruction	0042c51b	FUN_0042c51b	0042c556	0042c559	FALL_THROUGH	FUN_0042c51b	bytes=8945EC;mnemonic=MOV;instruction=MOV dword ptr [EBP + -0x14],EAX;inputs=EAX,0xffffffec,EBP;results=;flows=;fallthrough=0042c559
instruction_reference	0042c51b	FUN_0042c51b	0042c556	Stack[-0x18]	WRITE		operand_index=0;primary=true;source=ANALYSIS
instruction	0042c51b	FUN_0042c51b	0042c559	0042c560	FALL_THROUGH	FUN_0042c51b	bytes=C745FC00000000;mnemonic=MOV;instruction=MOV dword ptr [EBP + -0x4],0x0;inputs=0x0,0xfffffffc,EBP;results=;flows=;fallthrough=0042c560
instruction_reference	0042c51b	FUN_0042c51b	0042c559	Stack[-0x8]	WRITE		operand_index=0;primary=true;source=ANALYSIS
instruction	0042c51b	FUN_0042c51b	0042c560	0042c564	FALL_THROUGH	FUN_0042c51b	bytes=837DEC00;mnemonic=CMP;instruction=CMP dword ptr [EBP + -0x14],0x0;inputs=0x0,0x1,0xffffffec,EBP,0xff;results=CF,PF,ZF,SF,OF;flows=;fallthrough=0042c564
instruction_reference	0042c51b	FUN_0042c51b	0042c560	Stack[-0x18]	READ		operand_index=0;primary=true;source=ANALYSIS
instruction	0042c51b	FUN_0042c51b	0042c564	0042c566	CONDITIONAL_JUMP	FUN_0042c51b	bytes=740D;mnemonic=JZ;instruction=JZ 0x0042c573;inputs=ZF;results=;flows=0042c573;fallthrough=0042c566
instruction_reference	0042c51b	FUN_0042c51b	0042c564	0042c573	CONDITIONAL_JUMP	LAB_0042c573	operand_index=0;primary=true;source=DEFAULT
instruction	0042c51b	FUN_0042c51b	0042c566	0042c569	FALL_THROUGH	FUN_0042c51b	bytes=8B4DEC;mnemonic=MOV;instruction=MOV ECX,dword ptr [EBP + -0x14];inputs=0xffffffec,EBP;results=ECX;flows=;fallthrough=0042c569
instruction_reference	0042c51b	FUN_0042c51b	0042c566	Stack[-0x18]	READ		operand_index=1;primary=true;source=ANALYSIS
instruction	0042c51b	FUN_0042c51b	0042c569	0042c56e	UNCONDITIONAL_CALL	FUN_0042c51b	bytes=E852350800;mnemonic=CALL;instruction=CALL 0x004afac0;inputs=ESP,0x4,0x42c56e;results=ESP;flows=004afac0;fallthrough=0042c56e
instruction_reference	0042c51b	FUN_0042c51b	0042c569	004afac0	UNCONDITIONAL_CALL	FUN_004afac0	operand_index=0;primary=true;source=DEFAULT
instruction	0042c51b	FUN_0042c51b	0042c56e	0042c571	FALL_THROUGH	FUN_0042c51b	bytes=8945E4;mnemonic=MOV;instruction=MOV dword ptr [EBP + -0x1c],EAX;inputs=EAX,EBP,0xffffffe4;results=;flows=;fallthrough=0042c571
instruction_reference	0042c51b	FUN_0042c51b	0042c56e	Stack[-0x20]	WRITE		operand_index=0;primary=true;source=ANALYSIS
instruction	0042c51b	FUN_0042c51b	0042c571		UNCONDITIONAL_JUMP	FUN_0042c51b	bytes=EB07;mnemonic=JMP;instruction=JMP 0x0042c57a;inputs=;results=;flows=0042c57a;fallthrough=
instruction_reference	0042c51b	FUN_0042c51b	0042c571	0042c57a	UNCONDITIONAL_JUMP	LAB_0042c57a	operand_index=0;primary=true;source=DEFAULT
instruction	0042c51b	FUN_0042c51b	0042c573	0042c57a	FALL_THROUGH	FUN_0042c51b	bytes=C745E400000000;mnemonic=MOV;instruction=MOV dword ptr [EBP + -0x1c],0x0;inputs=0x0,EBP,0xffffffe4;results=;flows=;fallthrough=0042c57a
instruction_reference	0042c51b	FUN_0042c51b	0042c573	Stack[-0x20]	WRITE		operand_index=0;primary=true;source=ANALYSIS
instruction	0042c51b	FUN_0042c51b	0042c57a	0042c57d	FALL_THROUGH	FUN_0042c51b	bytes=8B4DE4;mnemonic=MOV;instruction=MOV ECX,dword ptr [EBP + -0x1c];inputs=EBP,0xffffffe4;results=ECX;flows=;fallthrough=0042c57d
instruction_reference	0042c51b	FUN_0042c51b	0042c57a	Stack[-0x20]	READ		operand_index=1;primary=true;source=ANALYSIS
instruction	0042c51b	FUN_0042c51b	0042c57d	0042c580	FALL_THROUGH	FUN_0042c51b	bytes=894DF0;mnemonic=MOV;instruction=MOV dword ptr [EBP + -0x10],ECX;inputs=EBP,ECX,0xfffffff0;results=;flows=;fallthrough=0042c580
instruction_reference	0042c51b	FUN_0042c51b	0042c57d	Stack[-0x14]	WRITE		operand_index=0;primary=true;source=ANALYSIS
instruction	0042c51b	FUN_0042c51b	0042c580	0042c587	FALL_THROUGH	FUN_0042c51b	bytes=C745FCFFFFFFFF;mnemonic=MOV;instruction=MOV dword ptr [EBP + -0x4],0xffffffff;inputs=0xffffffff,0xfffffffc,EBP;results=;flows=;fallthrough=0042c587
instruction_reference	0042c51b	FUN_0042c51b	0042c580	Stack[-0x8]	WRITE		operand_index=0;primary=true;source=ANALYSIS
instruction	0042c51b	FUN_0042c51b	0042c587	0042c58a	FALL_THROUGH	FUN_0042c51b	bytes=8B55E8;mnemonic=MOV;instruction=MOV EDX,dword ptr [EBP + -0x18];inputs=EBP,0xffffffe8;results=EDX;flows=;fallthrough=0042c58a
instruction_reference	0042c51b	FUN_0042c51b	0042c587	Stack[-0x1c]	READ		operand_index=1;primary=true;source=ANALYSIS
instruction	0042c51b	FUN_0042c51b	0042c58a	0042c58d	FALL_THROUGH	FUN_0042c51b	bytes=8B45F0;mnemonic=MOV;instruction=MOV EAX,dword ptr [EBP + -0x10];inputs=EBP,0xfffffff0;results=EAX;flows=;fallthrough=0042c58d
instruction_reference	0042c51b	FUN_0042c51b	0042c58a	Stack[-0x14]	READ		operand_index=1;primary=true;source=ANALYSIS
instruction	0042c51b	FUN_0042c51b	0042c58d	0042c593	FALL_THROUGH	FUN_0042c51b	bytes=898210A70200;mnemonic=MOV;instruction=MOV dword ptr [EDX + 0x2a710],EAX;inputs=EAX,0x2a710,EDX;results=;flows=;fallthrough=0042c593
instruction	0042c51b	FUN_0042c51b	0042c593	0042c596	FALL_THROUGH	FUN_0042c51b	bytes=8B4DE8;mnemonic=MOV;instruction=MOV ECX,dword ptr [EBP + -0x18];inputs=EBP,0xffffffe8;results=ECX;flows=;fallthrough=0042c596
instruction_reference	0042c51b	FUN_0042c51b	0042c593	Stack[-0x1c]	READ		operand_index=1;primary=true;source=ANALYSIS
instruction	0042c51b	FUN_0042c51b	0042c596	0042c59d	FALL_THROUGH	FUN_0042c51b	bytes=83B910A7020000;mnemonic=CMP;instruction=CMP dword ptr [ECX + 0x2a710],0x0;inputs=0x0,0x1,0x2a710,ECX,0xff;results=CF,PF,ZF,SF,OF;flows=;fallthrough=0042c59d
instruction	0042c51b	FUN_0042c51b	0042c59d	0042c59f	CONDITIONAL_JUMP	FUN_0042c51b	bytes=744E;mnemonic=JZ;instruction=JZ 0x0042c5ed;inputs=ZF;results=;flows=0042c5ed;fallthrough=0042c59f
instruction_reference	0042c51b	FUN_0042c51b	0042c59d	0042c5ed	CONDITIONAL_JUMP	LAB_0042c5ed	operand_index=0;primary=true;source=DEFAULT
instruction	0042c51b	FUN_0042c51b	0042c59f	0042c5a2	FALL_THROUGH	FUN_0042c51b	bytes=8B55E8;mnemonic=MOV;instruction=MOV EDX,dword ptr [EBP + -0x18];inputs=EBP,0xffffffe8;results=EDX;flows=;fallthrough=0042c5a2
instruction_reference	0042c51b	FUN_0042c51b	0042c59f	Stack[-0x1c]	READ		operand_index=1;primary=true;source=ANALYSIS
instruction	0042c51b	FUN_0042c51b	0042c5a2	0042c5a8	FALL_THROUGH	FUN_0042c51b	bytes=8B8A10A70200;mnemonic=MOV;instruction=MOV ECX,dword ptr [EDX + 0x2a710];inputs=0x2a710,EDX;results=ECX;flows=;fallthrough=0042c5a8
instruction	0042c51b	FUN_0042c51b	0042c5a8	0042c5ad	UNCONDITIONAL_CALL	FUN_0042c51b	bytes=E819360800;mnemonic=CALL;instruction=CALL 0x004afbc6;inputs=ESP,0x4,0x42c5ad;results=ESP;flows=004afbc6;fallthrough=0042c5ad
instruction_reference	0042c51b	FUN_0042c51b	0042c5a8	004afbc6	UNCONDITIONAL_CALL	FUN_004afbc6	operand_index=0;primary=true;source=DEFAULT
instruction	0042c51b	FUN_0042c51b	0042c5ad	0042c5af	FALL_THROUGH	FUN_0042c51b	bytes=85C0;mnemonic=TEST;instruction=TEST EAX,EAX;inputs=0x0,EAX,0x1,0xff;results=CF,PF,ZF,SF,OF;flows=;fallthrough=0042c5af
instruction	0042c51b	FUN_0042c51b	0042c5af	0042c5b1	CONDITIONAL_JUMP	FUN_0042c51b	bytes=7511;mnemonic=JNZ;instruction=JNZ 0x0042c5c2;inputs=ZF;results=;flows=0042c5c2;fallthrough=0042c5b1
instruction_reference	0042c51b	FUN_0042c51b	0042c5af	0042c5c2	CONDITIONAL_JUMP	LAB_0042c5c2	operand_index=0;primary=true;source=DEFAULT
instruction	0042c51b	FUN_0042c51b	0042c5b1	0042c5b6	FALL_THROUGH	FUN_0042c51b	bytes=682C495B00;mnemonic=PUSH;instruction=PUSH 0x5b492c;inputs=ESP,0x4,0x5b492c;results=ESP;flows=;fallthrough=0042c5b6
instruction_reference	0042c51b	FUN_0042c51b	0042c5b1	005b492c	DATA	s_Initialize_Mesh_Manager_Failed_005b492c	operand_index=0;primary=true;source=ANALYSIS
instruction	0042c51b	FUN_0042c51b	0042c5b6	0042c5bb	UNCONDITIONAL_CALL	FUN_0042c51b	bytes=E89E4B0000;mnemonic=CALL;instruction=CALL 0x00431159;inputs=ESP,0x4,0x42c5bb;results=ESP;flows=00431159;fallthrough=0042c5bb
instruction_reference	0042c51b	FUN_0042c51b	0042c5b6	00431159	UNCONDITIONAL_CALL	FUN_00431159	operand_index=0;primary=true;source=DEFAULT
instruction	0042c51b	FUN_0042c51b	0042c5bb	0042c5be	FALL_THROUGH	FUN_0042c51b	bytes=83C404;mnemonic=ADD;instruction=ADD ESP,0x4;inputs=ESP,0x0,0x1,0x4,0xff;results=CF,ESP,PF,ZF,SF,OF;flows=;fallthrough=0042c5be
instruction	0042c51b	FUN_0042c51b	0042c5be	0042c5c0	FALL_THROUGH	FUN_0042c51b	bytes=33C0;mnemonic=XOR;instruction=XOR EAX,EAX;inputs=0x0,EAX,0x1,0xff;results=CF,EAX,PF,ZF,SF,OF;flows=;fallthrough=0042c5c0
instruction	0042c51b	FUN_0042c51b	0042c5c0		UNCONDITIONAL_JUMP	FUN_0042c51b	bytes=EB30;mnemonic=JMP;instruction=JMP 0x0042c5f2;inputs=;results=;flows=0042c5f2;fallthrough=
instruction_reference	0042c51b	FUN_0042c51b	0042c5c0	0042c5f2	UNCONDITIONAL_JUMP	LAB_0042c5f2	operand_index=0;primary=true;source=DEFAULT
instruction	0042c51b	FUN_0042c51b	0042c5c2	0042c5c5	FALL_THROUGH	FUN_0042c51b	bytes=8B45E8;mnemonic=MOV;instruction=MOV EAX,dword ptr [EBP + -0x18];inputs=EBP,0xffffffe8;results=EAX;flows=;fallthrough=0042c5c5
instruction_reference	0042c51b	FUN_0042c51b	0042c5c2	Stack[-0x1c]	READ		operand_index=1;primary=true;source=ANALYSIS
instruction	0042c51b	FUN_0042c51b	0042c5c5	0042c5cb	FALL_THROUGH	FUN_0042c51b	bytes=8B8810A70200;mnemonic=MOV;instruction=MOV ECX,dword ptr [EAX + 0x2a710];inputs=EAX,0x2a710;results=ECX;flows=;fallthrough=0042c5cb
instruction	0042c51b	FUN_0042c51b	0042c5cb	0042c5ce	FALL_THROUGH	FUN_0042c51b	bytes=8B55E8;mnemonic=MOV;instruction=MOV EDX,dword ptr [EBP + -0x18];inputs=EBP,0xffffffe8;results=EDX;flows=;fallthrough=0042c5ce
instruction_reference	0042c51b	FUN_0042c51b	0042c5cb	Stack[-0x1c]	READ		operand_index=1;primary=true;source=ANALYSIS
instruction	0042c51b	FUN_0042c51b	0042c5ce	0042c5d4	FALL_THROUGH	FUN_0042c51b	bytes=8B8210A70200;mnemonic=MOV;instruction=MOV EAX,dword ptr [EDX + 0x2a710];inputs=0x2a710,EDX;results=EAX;flows=;fallthrough=0042c5d4
instruction	0042c51b	FUN_0042c51b	0042c5d4	0042c5d6	FALL_THROUGH	FUN_0042c51b	bytes=8B10;mnemonic=MOV;instruction=MOV EDX,dword ptr [EAX];inputs=EAX;results=EDX;flows=;fallthrough=0042c5d6
instruction	0042c51b	FUN_0042c51b	0042c5d6	0042c5d9	COMPUTED_CALL	FUN_0042c51b	bytes=FF5208;mnemonic=CALL;instruction=CALL dword ptr [EDX + 0x8];inputs=ESP,0x4,EDX,0x8,0x42c5d9;results=ESP;flows=;fallthrough=0042c5d9
instruction	0042c51b	FUN_0042c51b	0042c5d9	0042c5dc	FALL_THROUGH	FUN_0042c51b	bytes=8B45E8;mnemonic=MOV;instruction=MOV EAX,dword ptr [EBP + -0x18];inputs=EBP,0xffffffe8;results=EAX;flows=;fallthrough=0042c5dc
instruction_reference	0042c51b	FUN_0042c51b	0042c5d9	Stack[-0x1c]	READ		operand_index=1;primary=true;source=ANALYSIS
instruction	0042c51b	FUN_0042c51b	0042c5dc	0042c5e6	FALL_THROUGH	FUN_0042c51b	bytes=C7804CB0020001000000;mnemonic=MOV;instruction=MOV dword ptr [EAX + 0x2b04c],0x1;inputs=EAX,0x1,0x2b04c;results=;flows=;fallthrough=0042c5e6
instruction	0042c51b	FUN_0042c51b	0042c5e6	0042c5eb	FALL_THROUGH	FUN_0042c51b	bytes=B801000000;mnemonic=MOV;instruction=MOV EAX,0x1;inputs=0x1;results=EAX;flows=;fallthrough=0042c5eb
instruction	0042c51b	FUN_0042c51b	0042c5eb		UNCONDITIONAL_JUMP	FUN_0042c51b	bytes=EB05;mnemonic=JMP;instruction=JMP 0x0042c5f2;inputs=;results=;flows=0042c5f2;fallthrough=
instruction_reference	0042c51b	FUN_0042c51b	0042c5eb	0042c5f2	UNCONDITIONAL_JUMP	LAB_0042c5f2	operand_index=0;primary=true;source=DEFAULT
instruction	0042c51b	FUN_0042c51b	0042c5ed	0042c5f2	FALL_THROUGH	FUN_0042c51b	bytes=B801000000;mnemonic=MOV;instruction=MOV EAX,0x1;inputs=0x1;results=EAX;flows=;fallthrough=0042c5f2
instruction	0042c51b	FUN_0042c51b	0042c5f2	0042c5f5	FALL_THROUGH	FUN_0042c51b	bytes=8B4DF4;mnemonic=MOV;instruction=MOV ECX,dword ptr [EBP + -0xc];inputs=EBP,0xfffffff4;results=ECX;flows=;fallthrough=0042c5f5
instruction_reference	0042c51b	FUN_0042c51b	0042c5f2	Stack[-0x10]	READ		operand_index=1;primary=true;source=ANALYSIS
instruction	0042c51b	FUN_0042c51b	0042c5f5	0042c5fc	FALL_THROUGH	FUN_0042c51b	bytes=64890D00000000;mnemonic=MOV;instruction=MOV dword ptr FS:[0x0],ECX;inputs=FS_OFFSET,0x0,ECX;results=;flows=;fallthrough=0042c5fc
instruction_reference	0042c51b	FUN_0042c51b	0042c5f5	ffdff000	WRITE	ExceptionList	operand_index=0;primary=true;source=ANALYSIS
instruction	0042c51b	FUN_0042c51b	0042c5fc	0042c5fe	FALL_THROUGH	FUN_0042c51b	bytes=8BE5;mnemonic=MOV;instruction=MOV ESP,EBP;inputs=EBP;results=ESP;flows=;fallthrough=0042c5fe
instruction	0042c51b	FUN_0042c51b	0042c5fe	0042c5ff	FALL_THROUGH	FUN_0042c51b	bytes=5D;mnemonic=POP;instruction=POP EBP;inputs=0x0,ESP,0x4;results=ESP,EBP;flows=;fallthrough=0042c5ff
instruction	0042c51b	FUN_0042c51b	0042c5ff		TERMINATOR	FUN_0042c51b	bytes=C3;mnemonic=RET;instruction=RET;inputs=ESP,0x4;results=ESP,EIP;flows=;fallthrough=
instruction_search	0042c51b	FUN_0042c51b	0042c51b	0042c51b	instructions	FUN_0042c51b	instructions=59;references=35;body_min=0042c51b;body_max=0042c5ff
body_flow_incoming	0042c51b	FUN_0042c51b	0055d610	0042c51b	UNCONDITIONAL_CALL	FUN_0055d345	owner_entry=0055d345;source_block=.text
entry_boundary	0042c51b	FUN_0042c51b	0042c51a	0042c51b	TERMINATOR	RET	fallthrough=
body_search	0042c51b	FUN_0042c51b		0042c51b	body_refs		external_flow_hits=1;external_data_hits=0;switch_table_hits=0;external_other_hits=0;thunk_hits=0;instructions=59;body_min=0042c51b;body_max=0042c5ff;block=.text;execute=true;initialized=true
instruction	0055d345	FUN_0055d345	0055d345	0055d346	FALL_THROUGH	FUN_0055d345	bytes=55;mnemonic=PUSH;instruction=PUSH EBP;inputs=ESP,EBP,0x4;results=ESP;flows=;fallthrough=0055d346
instruction	0055d345	FUN_0055d345	0055d346	0055d348	FALL_THROUGH	FUN_0055d345	bytes=8BEC;mnemonic=MOV;instruction=MOV EBP,ESP;inputs=ESP;results=EBP;flows=;fallthrough=0055d348
instruction	0055d345	FUN_0055d345	0055d348	0055d34b	FALL_THROUGH	FUN_0055d345	bytes=83EC40;mnemonic=SUB;instruction=SUB ESP,0x40;inputs=ESP,0x40,0x0,0x1,0xff;results=CF,ESP,PF,ZF,SF,OF;flows=;fallthrough=0055d34b
instruction	0055d345	FUN_0055d345	0055d34b	0055d34e	FALL_THROUGH	FUN_0055d345	bytes=894DC4;mnemonic=MOV;instruction=MOV dword ptr [EBP + -0x3c],ECX;inputs=EBP,ECX,0xffffffc4;results=;flows=;fallthrough=0055d34e
instruction_reference	0055d345	FUN_0055d345	0055d34b	Stack[-0x40]	WRITE		operand_index=0;primary=true;source=ANALYSIS
instruction	0055d345	FUN_0055d345	0055d34e	0055d353	FALL_THROUGH	FUN_0055d345	bytes=68B0000000;mnemonic=PUSH;instruction=PUSH 0xb0;inputs=0xb0,ESP,0x4;results=ESP;flows=;fallthrough=0055d353
instruction	0055d345	FUN_0055d345	0055d353	0055d355	FALL_THROUGH	FUN_0055d345	bytes=6A00;mnemonic=PUSH;instruction=PUSH 0x0;inputs=0x0,ESP,0x4;results=ESP;flows=;fallthrough=0055d355
instruction	0055d345	FUN_0055d345	0055d355	0055d35b	COMPUTED_CALL	FUN_0055d345	bytes=FF1524335A00;mnemonic=CALL;instruction=CALL dword ptr [0x005a3324];inputs=ESP,005a3324,0x4,0x55d35b;results=ESP;flows=;fallthrough=0055d35b
instruction_reference	0055d345	FUN_0055d345	0055d355	005a3324	READ	PTR_LoadAcceleratorsA_005a3324	operand_index=0;primary=true;source=DEFAULT
instruction_reference	0055d345	FUN_0055d345	0055d355	013be7f0	DATA	Rsrc_Accelerator_b0_412	operand_index=-1;primary=true;source=ANALYSIS
instruction	0055d345	FUN_0055d345	0055d35b	0055d35e	FALL_THROUGH	FUN_0055d345	bytes=8945F8;mnemonic=MOV;instruction=MOV dword ptr [EBP + -0x8],EAX;inputs=EAX,EBP,0xfffffff8;results=;flows=;fallthrough=0055d35e
instruction_reference	0055d345	FUN_0055d345	0055d35b	Stack[-0xc]	WRITE		operand_index=0;primary=true;source=ANALYSIS
instruction	0055d345	FUN_0055d345	0055d35e	0055d360	FALL_THROUGH	FUN_0055d345	bytes=6A00;mnemonic=PUSH;instruction=PUSH 0x0;inputs=0x0,ESP,0x4;results=ESP;flows=;fallthrough=0055d360
instruction	0055d345	FUN_0055d345	0055d360	0055d362	FALL_THROUGH	FUN_0055d345	bytes=6A00;mnemonic=PUSH;instruction=PUSH 0x0;inputs=0x0,ESP,0x4;results=ESP;flows=;fallthrough=0055d362
instruction	0055d345	FUN_0055d345	0055d362	0055d364	FALL_THROUGH	FUN_0055d345	bytes=6A00;mnemonic=PUSH;instruction=PUSH 0x0;inputs=0x0,ESP,0x4;results=ESP;flows=;fallthrough=0055d364
instruction	0055d345	FUN_0055d345	0055d364	0055d366	FALL_THROUGH	FUN_0055d345	bytes=6A00;mnemonic=PUSH;instruction=PUSH 0x0;inputs=0x0,ESP,0x4;results=ESP;flows=;fallthrough=0055d366
instruction	0055d345	FUN_0055d345	0055d366	0055d369	FALL_THROUGH	FUN_0055d345	bytes=8D45DC;mnemonic=LEA;instruction=LEA EAX,[EBP + -0x24];inputs=0xffffffdc,EBP;results=EAX;flows=;fallthrough=0055d369
instruction_reference	0055d345	FUN_0055d345	0055d366	Stack[-0x28]	DATA		operand_index=0;primary=true;source=ANALYSIS
instruction	0055d345	FUN_0055d345	0055d369	0055d36a	FALL_THROUGH	FUN_0055d345	bytes=50;mnemonic=PUSH;instruction=PUSH EAX;inputs=EAX,ESP,0x4;results=ESP;flows=;fallthrough=0055d36a
instruction	0055d345	FUN_0055d345	0055d36a	0055d370	COMPUTED_CALL	FUN_0055d345	bytes=FF1528335A00;mnemonic=CALL;instruction=CALL dword ptr [0x005a3328];inputs=ESP,0x4,0x55d370,005a3328;results=ESP;flows=EXTERNAL:0000009a;fallthrough=0055d370
instruction_reference	0055d345	FUN_0055d345	0055d36a	005a3328	READ	PTR_PeekMessageA_005a3328	operand_index=0;primary=true;source=DEFAULT
instruction_reference	0055d345	FUN_0055d345	0055d36a	EXTERNAL:0000009a	COMPUTED_CALL	PeekMessageA	operand_index=-1;primary=true;source=ANALYSIS
instruction	0055d345	FUN_0055d345	0055d370	0055d374	FALL_THROUGH	FUN_0055d345	bytes=837DE012;mnemonic=CMP;instruction=CMP dword ptr [EBP + -0x20],0x12;inputs=0x0,0x1,0x12,EBP,0xffffffe0,0xff;results=CF,PF,ZF,SF,OF;flows=;fallthrough=0055d374
instruction_reference	0055d345	FUN_0055d345	0055d370	Stack[-0x24]	READ		operand_index=0;primary=true;source=ANALYSIS
instruction	0055d345	FUN_0055d345	0055d374	0055d37a	CONDITIONAL_JUMP	FUN_0055d345	bytes=0F8455030000;mnemonic=JZ;instruction=JZ 0x0055d6cf;inputs=ZF;results=;flows=0055d6cf;fallthrough=0055d37a
instruction_reference	0055d345	FUN_0055d345	0055d374	0055d6cf	CONDITIONAL_JUMP	LAB_0055d6cf	operand_index=0;primary=true;source=DEFAULT
instruction	0055d345	FUN_0055d345	0055d37a	0055d37d	FALL_THROUGH	FUN_0055d345	bytes=8B4DC4;mnemonic=MOV;instruction=MOV ECX,dword ptr [EBP + -0x3c];inputs=EBP,0xffffffc4;results=ECX;flows=;fallthrough=0055d37d
instruction_reference	0055d345	FUN_0055d345	0055d37a	Stack[-0x40]	READ		operand_index=1;primary=true;source=ANALYSIS
instruction	0055d345	FUN_0055d345	0055d37d	0055d381	FALL_THROUGH	FUN_0055d345	bytes=83790800;mnemonic=CMP;instruction=CMP dword ptr [ECX + 0x8],0x0;inputs=0x0,0x1,ECX,0x8,0xff;results=CF,PF,ZF,SF,OF;flows=;fallthrough=0055d381
instruction	0055d345	FUN_0055d345	0055d381	0055d383	CONDITIONAL_JUMP	FUN_0055d345	bytes=7417;mnemonic=JZ;instruction=JZ 0x0055d39a;inputs=ZF;results=;flows=0055d39a;fallthrough=0055d383
instruction_reference	0055d345	FUN_0055d345	0055d381	0055d39a	CONDITIONAL_JUMP	LAB_0055d39a	operand_index=0;primary=true;source=DEFAULT
instruction	0055d345	FUN_0055d345	0055d383	0055d385	FALL_THROUGH	FUN_0055d345	bytes=6A01;mnemonic=PUSH;instruction=PUSH 0x1;inputs=ESP,0x1,0x4;results=ESP;flows=;fallthrough=0055d385
instruction	0055d345	FUN_0055d345	0055d385	0055d387	FALL_THROUGH	FUN_0055d345	bytes=6A00;mnemonic=PUSH;instruction=PUSH 0x0;inputs=0x0,ESP,0x4;results=ESP;flows=;fallthrough=0055d387
instruction	0055d345	FUN_0055d345	0055d387	0055d389	FALL_THROUGH	FUN_0055d345	bytes=6A00;mnemonic=PUSH;instruction=PUSH 0x0;inputs=0x0,ESP,0x4;results=ESP;flows=;fallthrough=0055d389
instruction	0055d345	FUN_0055d345	0055d389	0055d38b	FALL_THROUGH	FUN_0055d345	bytes=6A00;mnemonic=PUSH;instruction=PUSH 0x0;inputs=0x0,ESP,0x4;results=ESP;flows=;fallthrough=0055d38b
instruction	0055d345	FUN_0055d345	0055d38b	0055d38e	FALL_THROUGH	FUN_0055d345	bytes=8D55DC;mnemonic=LEA;instruction=LEA EDX,[EBP + -0x24];inputs=0xffffffdc,EBP;results=EDX;flows=;fallthrough=0055d38e
instruction_reference	0055d345	FUN_0055d345	0055d38b	Stack[-0x28]	DATA		operand_index=0;primary=true;source=ANALYSIS
instruction	0055d345	FUN_0055d345	0055d38e	0055d38f	FALL_THROUGH	FUN_0055d345	bytes=52;mnemonic=PUSH;instruction=PUSH EDX;inputs=ESP,0x4,EDX;results=ESP;flows=;fallthrough=0055d38f
instruction	0055d345	FUN_0055d345	0055d38f	0055d395	COMPUTED_CALL	FUN_0055d345	bytes=FF1528335A00;mnemonic=CALL;instruction=CALL dword ptr [0x005a3328];inputs=ESP,0x55d395,0x4,005a3328;results=ESP;flows=EXTERNAL:0000009a;fallthrough=0055d395
instruction_reference	0055d345	FUN_0055d345	0055d38f	005a3328	READ	PTR_PeekMessageA_005a3328	operand_index=0;primary=true;source=DEFAULT
instruction_reference	0055d345	FUN_0055d345	0055d38f	EXTERNAL:0000009a	COMPUTED_CALL	PeekMessageA	operand_index=-1;primary=true;source=ANALYSIS
instruction	0055d345	FUN_0055d345	0055d395	0055d398	FALL_THROUGH	FUN_0055d345	bytes=8945FC;mnemonic=MOV;instruction=MOV dword ptr [EBP + -0x4],EAX;inputs=EAX,0xfffffffc,EBP;results=;flows=;fallthrough=0055d398
instruction_reference	0055d345	FUN_0055d345	0055d395	Stack[-0x8]	WRITE		operand_index=0;primary=true;source=ANALYSIS
instruction	0055d345	FUN_0055d345	0055d398		UNCONDITIONAL_JUMP	FUN_0055d345	bytes=EB13;mnemonic=JMP;instruction=JMP 0x0055d3ad;inputs=;results=;flows=0055d3ad;fallthrough=
instruction_reference	0055d345	FUN_0055d345	0055d398	0055d3ad	UNCONDITIONAL_JUMP	LAB_0055d3ad	operand_index=0;primary=true;source=DEFAULT
instruction	0055d345	FUN_0055d345	0055d39a	0055d39c	FALL_THROUGH	FUN_0055d345	bytes=6A00;mnemonic=PUSH;instruction=PUSH 0x0;inputs=0x0,ESP,0x4;results=ESP;flows=;fallthrough=0055d39c
instruction	0055d345	FUN_0055d345	0055d39c	0055d39e	FALL_THROUGH	FUN_0055d345	bytes=6A00;mnemonic=PUSH;instruction=PUSH 0x0;inputs=0x0,ESP,0x4;results=ESP;flows=;fallthrough=0055d39e
instruction	0055d345	FUN_0055d345	0055d39e	0055d3a0	FALL_THROUGH	FUN_0055d345	bytes=6A00;mnemonic=PUSH;instruction=PUSH 0x0;inputs=0x0,ESP,0x4;results=ESP;flows=;fallthrough=0055d3a0
instruction	0055d345	FUN_0055d345	0055d3a0	0055d3a3	FALL_THROUGH	FUN_0055d345	bytes=8D45DC;mnemonic=LEA;instruction=LEA EAX,[EBP + -0x24];inputs=0xffffffdc,EBP;results=EAX;flows=;fallthrough=0055d3a3
instruction_reference	0055d345	FUN_0055d345	0055d3a0	Stack[-0x28]	DATA		operand_index=0;primary=true;source=ANALYSIS
instruction	0055d345	FUN_0055d345	0055d3a3	0055d3a4	FALL_THROUGH	FUN_0055d345	bytes=50;mnemonic=PUSH;instruction=PUSH EAX;inputs=EAX,ESP,0x4;results=ESP;flows=;fallthrough=0055d3a4
instruction	0055d345	FUN_0055d345	0055d3a4	0055d3aa	COMPUTED_CALL	FUN_0055d345	bytes=FF152C335A00;mnemonic=CALL;instruction=CALL dword ptr [0x005a332c];inputs=ESP,0x4,005a332c,0x55d3aa;results=ESP;flows=EXTERNAL:0000009b;fallthrough=0055d3aa
instruction_reference	0055d345	FUN_0055d345	0055d3a4	005a332c	READ	PTR_GetMessageA_005a332c	operand_index=0;primary=true;source=DEFAULT
instruction_reference	0055d345	FUN_0055d345	0055d3a4	EXTERNAL:0000009b	COMPUTED_CALL	GetMessageA	operand_index=-1;primary=true;source=ANALYSIS
instruction	0055d345	FUN_0055d345	0055d3aa	0055d3ad	FALL_THROUGH	FUN_0055d345	bytes=8945FC;mnemonic=MOV;instruction=MOV dword ptr [EBP + -0x4],EAX;inputs=EAX,0xfffffffc,EBP;results=;flows=;fallthrough=0055d3ad
instruction_reference	0055d345	FUN_0055d345	0055d3aa	Stack[-0x8]	WRITE		operand_index=0;primary=true;source=ANALYSIS
instruction	0055d345	FUN_0055d345	0055d3ad	0055d3b1	FALL_THROUGH	FUN_0055d345	bytes=837DFC00;mnemonic=CMP;instruction=CMP dword ptr [EBP + -0x4],0x0;inputs=0x0,0x1,0xfffffffc,EBP,0xff;results=CF,PF,ZF,SF,OF;flows=;fallthrough=0055d3b1
instruction_reference	0055d345	FUN_0055d345	0055d3ad	Stack[-0x8]	READ		operand_index=0;primary=true;source=ANALYSIS
instruction	0055d345	FUN_0055d345	0055d3b1	0055d3b3	CONDITIONAL_JUMP	FUN_0055d345	bytes=7441;mnemonic=JZ;instruction=JZ 0x0055d3f4;inputs=ZF;results=;flows=0055d3f4;fallthrough=0055d3b3
instruction_reference	0055d345	FUN_0055d345	0055d3b1	0055d3f4	CONDITIONAL_JUMP	LAB_0055d3f4	operand_index=0;primary=true;source=DEFAULT
instruction	0055d345	FUN_0055d345	0055d3b3	0055d3b7	FALL_THROUGH	FUN_0055d345	bytes=837DF800;mnemonic=CMP;instruction=CMP dword ptr [EBP + -0x8],0x0;inputs=0x0,0x1,EBP,0xfffffff8,0xff;results=CF,PF,ZF,SF,OF;flows=;fallthrough=0055d3b7
instruction_reference	0055d345	FUN_0055d345	0055d3b3	Stack[-0xc]	READ		operand_index=0;primary=true;source=ANALYSIS
instruction	0055d345	FUN_0055d345	0055d3b7	0055d3b9	CONDITIONAL_JUMP	FUN_0055d345	bytes=7422;mnemonic=JZ;instruction=JZ 0x0055d3db;inputs=ZF;results=;flows=0055d3db;fallthrough=0055d3b9
instruction_reference	0055d345	FUN_0055d345	0055d3b7	0055d3db	CONDITIONAL_JUMP	LAB_0055d3db	operand_index=0;primary=true;source=DEFAULT
instruction	0055d345	FUN_0055d345	0055d3b9	0055d3bc	FALL_THROUGH	FUN_0055d345	bytes=8B4DC4;mnemonic=MOV;instruction=MOV ECX,dword ptr [EBP + -0x3c];inputs=EBP,0xffffffc4;results=ECX;flows=;fallthrough=0055d3bc
instruction_reference	0055d345	FUN_0055d345	0055d3b9	Stack[-0x40]	READ		operand_index=1;primary=true;source=ANALYSIS
instruction	0055d345	FUN_0055d345	0055d3bc	0055d3c0	FALL_THROUGH	FUN_0055d345	bytes=83790400;mnemonic=CMP;instruction=CMP dword ptr [ECX + 0x4],0x0;inputs=0x0,0x1,ECX,0x4,0xff;results=CF,PF,ZF,SF,OF;flows=;fallthrough=0055d3c0
instruction	0055d345	FUN_0055d345	0055d3c0	0055d3c2	CONDITIONAL_JUMP	FUN_0055d345	bytes=7419;mnemonic=JZ;instruction=JZ 0x0055d3db;inputs=ZF;results=;flows=0055d3db;fallthrough=0055d3c2
instruction_reference	0055d345	FUN_0055d345	0055d3c0	0055d3db	CONDITIONAL_JUMP	LAB_0055d3db	operand_index=0;primary=true;source=DEFAULT
instruction	0055d345	FUN_0055d345	0055d3c2	0055d3c5	FALL_THROUGH	FUN_0055d345	bytes=8D55DC;mnemonic=LEA;instruction=LEA EDX,[EBP + -0x24];inputs=0xffffffdc,EBP;results=EDX;flows=;fallthrough=0055d3c5
instruction_reference	0055d345	FUN_0055d345	0055d3c2	Stack[-0x28]	DATA		operand_index=0;primary=true;source=ANALYSIS
instruction	0055d345	FUN_0055d345	0055d3c5	0055d3c6	FALL_THROUGH	FUN_0055d345	bytes=52;mnemonic=PUSH;instruction=PUSH EDX;inputs=ESP,0x4,EDX;results=ESP;flows=;fallthrough=0055d3c6
instruction	0055d345	FUN_0055d345	0055d3c6	0055d3c9	FALL_THROUGH	FUN_0055d345	bytes=8B45F8;mnemonic=MOV;instruction=MOV EAX,dword ptr [EBP + -0x8];inputs=EBP,0xfffffff8;results=EAX;flows=;fallthrough=0055d3c9
instruction_reference	0055d345	FUN_0055d345	0055d3c6	Stack[-0xc]	READ		operand_index=1;primary=true;source=ANALYSIS
instruction	0055d345	FUN_0055d345	0055d3c9	0055d3ca	FALL_THROUGH	FUN_0055d345	bytes=50;mnemonic=PUSH;instruction=PUSH EAX;inputs=EAX,ESP,0x4;results=ESP;flows=;fallthrough=0055d3ca
instruction	0055d345	FUN_0055d345	0055d3ca	0055d3cd	FALL_THROUGH	FUN_0055d345	bytes=8B4DC4;mnemonic=MOV;instruction=MOV ECX,dword ptr [EBP + -0x3c];inputs=EBP,0xffffffc4;results=ECX;flows=;fallthrough=0055d3cd
instruction_reference	0055d345	FUN_0055d345	0055d3ca	Stack[-0x40]	READ		operand_index=1;primary=true;source=ANALYSIS
instruction	0055d345	FUN_0055d345	0055d3cd	0055d3d0	FALL_THROUGH	FUN_0055d345	bytes=8B5104;mnemonic=MOV;instruction=MOV EDX,dword ptr [ECX + 0x4];inputs=ECX,0x4;results=EDX;flows=;fallthrough=0055d3d0
instruction	0055d345	FUN_0055d345	0055d3d0	0055d3d1	FALL_THROUGH	FUN_0055d345	bytes=52;mnemonic=PUSH;instruction=PUSH EDX;inputs=ESP,0x4,EDX;results=ESP;flows=;fallthrough=0055d3d1
instruction	0055d345	FUN_0055d345	0055d3d1	0055d3d7	COMPUTED_CALL	FUN_0055d345	bytes=FF1530335A00;mnemonic=CALL;instruction=CALL dword ptr [0x005a3330];inputs=ESP,0x55d3d7,0x4,005a3330;results=ESP;flows=EXTERNAL:0000009c;fallthrough=0055d3d7
instruction_reference	0055d345	FUN_0055d345	0055d3d1	005a3330	READ	PTR_TranslateAcceleratorA_005a3330	operand_index=0;primary=true;source=DEFAULT
instruction_reference	0055d345	FUN_0055d345	0055d3d1	EXTERNAL:0000009c	COMPUTED_CALL	TranslateAcceleratorA	operand_index=-1;primary=true;source=ANALYSIS
instruction	0055d345	FUN_0055d345	0055d3d7	0055d3d9	FALL_THROUGH	FUN_0055d345	bytes=85C0;mnemonic=TEST;instruction=TEST EAX,EAX;inputs=0x0,EAX,0x1,0xff;results=CF,PF,ZF,SF,OF;flows=;fallthrough=0055d3d9
instruction	0055d345	FUN_0055d345	0055d3d9	0055d3db	CONDITIONAL_JUMP	FUN_0055d345	bytes=7514;mnemonic=JNZ;instruction=JNZ 0x0055d3ef;inputs=ZF;results=;flows=0055d3ef;fallthrough=0055d3db
instruction_reference	0055d345	FUN_0055d345	0055d3d9	0055d3ef	CONDITIONAL_JUMP	LAB_0055d3ef	operand_index=0;primary=true;source=DEFAULT
instruction	0055d345	FUN_0055d345	0055d3db	0055d3de	FALL_THROUGH	FUN_0055d345	bytes=8D45DC;mnemonic=LEA;instruction=LEA EAX,[EBP + -0x24];inputs=0xffffffdc,EBP;results=EAX;flows=;fallthrough=0055d3de
instruction_reference	0055d345	FUN_0055d345	0055d3db	Stack[-0x28]	DATA		operand_index=0;primary=true;source=ANALYSIS
instruction	0055d345	FUN_0055d345	0055d3de	0055d3df	FALL_THROUGH	FUN_0055d345	bytes=50;mnemonic=PUSH;instruction=PUSH EAX;inputs=EAX,ESP,0x4;results=ESP;flows=;fallthrough=0055d3df
instruction	0055d345	FUN_0055d345	0055d3df	0055d3e5	COMPUTED_CALL	FUN_0055d345	bytes=FF1534335A00;mnemonic=CALL;instruction=CALL dword ptr [0x005a3334];inputs=ESP,0x55d3e5,005a3334,0x4;results=ESP;flows=EXTERNAL:0000009d;fallthrough=0055d3e5
instruction_reference	0055d345	FUN_0055d345	0055d3df	005a3334	READ	PTR_TranslateMessage_005a3334	operand_index=0;primary=true;source=DEFAULT
instruction_reference	0055d345	FUN_0055d345	0055d3df	EXTERNAL:0000009d	COMPUTED_CALL	TranslateMessage	operand_index=-1;primary=true;source=ANALYSIS
instruction	0055d345	FUN_0055d345	0055d3e5	0055d3e8	FALL_THROUGH	FUN_0055d345	bytes=8D4DDC;mnemonic=LEA;instruction=LEA ECX,[EBP + -0x24];inputs=0xffffffdc,EBP;results=ECX;flows=;fallthrough=0055d3e8
instruction_reference	0055d345	FUN_0055d345	0055d3e5	Stack[-0x28]	DATA		operand_index=0;primary=true;source=ANALYSIS
instruction	0055d345	FUN_0055d345	0055d3e8	0055d3e9	FALL_THROUGH	FUN_0055d345	bytes=51;mnemonic=PUSH;instruction=PUSH ECX;inputs=ESP,ECX,0x4;results=ESP;flows=;fallthrough=0055d3e9
instruction	0055d345	FUN_0055d345	0055d3e9	0055d3ef	COMPUTED_CALL	FUN_0055d345	bytes=FF1538335A00;mnemonic=CALL;instruction=CALL dword ptr [0x005a3338];inputs=ESP,0x4,0x55d3ef,005a3338;results=ESP;flows=EXTERNAL:0000009e;fallthrough=0055d3ef
instruction_reference	0055d345	FUN_0055d345	0055d3e9	005a3338	READ	PTR_DispatchMessageA_005a3338	operand_index=0;primary=true;source=DEFAULT
instruction_reference	0055d345	FUN_0055d345	0055d3e9	EXTERNAL:0000009e	COMPUTED_CALL	DispatchMessageA	operand_index=-1;primary=true;source=ANALYSIS
instruction	0055d345	FUN_0055d345	0055d3ef		UNCONDITIONAL_JUMP	FUN_0055d345	bytes=E9D6020000;mnemonic=JMP;instruction=JMP 0x0055d6ca;inputs=;results=;flows=0055d6ca;fallthrough=
instruction_reference	0055d345	FUN_0055d345	0055d3ef	0055d6ca	UNCONDITIONAL_JUMP	LAB_0055d6ca	operand_index=0;primary=true;source=DEFAULT
instruction	0055d345	FUN_0055d345	0055d3f4	0055d3f7	FALL_THROUGH	FUN_0055d345	bytes=8B55C4;mnemonic=MOV;instruction=MOV EDX,dword ptr [EBP + -0x3c];inputs=EBP,0xffffffc4;results=EDX;flows=;fallthrough=0055d3f7
instruction_reference	0055d345	FUN_0055d345	0055d3f4	Stack[-0x40]	READ		operand_index=1;primary=true;source=ANALYSIS
instruction	0055d345	FUN_0055d345	0055d3f7	0055d3fb	FALL_THROUGH	FUN_0055d345	bytes=837A0800;mnemonic=CMP;instruction=CMP dword ptr [EDX + 0x8],0x0;inputs=0x0,0x1,EDX,0x8,0xff;results=CF,PF,ZF,SF,OF;flows=;fallthrough=0055d3fb
instruction	0055d345	FUN_0055d345	0055d3fb	0055d401	CONDITIONAL_JUMP	FUN_0055d345	bytes=0F84C9020000;mnemonic=JZ;instruction=JZ 0x0055d6ca;inputs=ZF;results=;flows=0055d6ca;fallthrough=0055d401
instruction_reference	0055d345	FUN_0055d345	0055d3fb	0055d6ca	CONDITIONAL_JUMP	LAB_0055d6ca	operand_index=0;primary=true;source=DEFAULT
instruction	0055d345	FUN_0055d345	0055d401	0055d404	FALL_THROUGH	FUN_0055d345	bytes=8B45C4;mnemonic=MOV;instruction=MOV EAX,dword ptr [EBP + -0x3c];inputs=EBP,0xffffffc4;results=EAX;flows=;fallthrough=0055d404
instruction_reference	0055d345	FUN_0055d345	0055d401	Stack[-0x40]	READ		operand_index=1;primary=true;source=ANALYSIS
instruction	0055d345	FUN_0055d345	0055d404	0055d40a	FALL_THROUGH	FUN_0055d345	bytes=8B88F4000000;mnemonic=MOV;instruction=MOV ECX,dword ptr [EAX + 0xf4];inputs=EAX,0xf4;results=ECX;flows=;fallthrough=0055d40a
instruction	0055d345	FUN_0055d345	0055d40a	0055d40d	FALL_THROUGH	FUN_0055d345	bytes=8B55C4;mnemonic=MOV;instruction=MOV EDX,dword ptr [EBP + -0x3c];inputs=EBP,0xffffffc4;results=EDX;flows=;fallthrough=0055d40d
instruction_reference	0055d345	FUN_0055d345	0055d40a	Stack[-0x40]	READ		operand_index=1;primary=true;source=ANALYSIS
instruction	0055d345	FUN_0055d345	0055d40d	0055d413	FALL_THROUGH	FUN_0055d345	bytes=8B82F4000000;mnemonic=MOV;instruction=MOV EAX,dword ptr [EDX + 0xf4];inputs=0xf4,EDX;results=EAX;flows=;fallthrough=0055d413
instruction	0055d345	FUN_0055d345	0055d413	0055d415	FALL_THROUGH	FUN_0055d345	bytes=8B10;mnemonic=MOV;instruction=MOV EDX,dword ptr [EAX];inputs=EAX;results=EDX;flows=;fallthrough=0055d415
instruction	0055d345	FUN_0055d345	0055d415	0055d418	COMPUTED_CALL	FUN_0055d345	bytes=FF5208;mnemonic=CALL;instruction=CALL dword ptr [EDX + 0x8];inputs=ESP,0x4,EDX,0x8,0x55d418;results=ESP;flows=;fallthrough=0055d418
instruction	0055d345	FUN_0055d345	0055d418	0055d41b	FALL_THROUGH	FUN_0055d345	bytes=8945D8;mnemonic=MOV;instruction=MOV dword ptr [EBP + -0x28],EAX;inputs=EAX,EBP,0xffffffd8;results=;flows=;fallthrough=0055d41b
instruction_reference	0055d345	FUN_0055d345	0055d418	Stack[-0x2c]	WRITE		operand_index=0;primary=true;source=ANALYSIS
instruction	0055d345	FUN_0055d345	0055d41b	0055d41e	FALL_THROUGH	FUN_0055d345	bytes=8B45C4;mnemonic=MOV;instruction=MOV EAX,dword ptr [EBP + -0x3c];inputs=EBP,0xffffffc4;results=EAX;flows=;fallthrough=0055d41e
instruction_reference	0055d345	FUN_0055d345	0055d41b	Stack[-0x40]	READ		operand_index=1;primary=true;source=ANALYSIS
instruction	0055d345	FUN_0055d345	0055d41e	0055d424	FALL_THROUGH	FUN_0055d345	bytes=8B88F0000000;mnemonic=MOV;instruction=MOV ECX,dword ptr [EAX + 0xf0];inputs=EAX,0xf0;results=ECX;flows=;fallthrough=0055d424
instruction	0055d345	FUN_0055d345	0055d424	0055d429	UNCONDITIONAL_CALL	FUN_0055d345	bytes=E81418F5FF;mnemonic=CALL;instruction=CALL 0x004aec3d;inputs=ESP,0x4,0x55d429;results=ESP;flows=004aec3d;fallthrough=0055d429
instruction_reference	0055d345	FUN_0055d345	0055d424	004aec3d	UNCONDITIONAL_CALL	FUN_004aec3d	operand_index=0;primary=true;source=DEFAULT
instruction	0055d345	FUN_0055d345	0055d429	0055d42c	FALL_THROUGH	FUN_0055d345	bytes=8B4DD8;mnemonic=MOV;instruction=MOV ECX,dword ptr [EBP + -0x28];inputs=EBP,0xffffffd8;results=ECX;flows=;fallthrough=0055d42c
instruction_reference	0055d345	FUN_0055d345	0055d429	Stack[-0x2c]	READ		operand_index=1;primary=true;source=ANALYSIS
instruction	0055d345	FUN_0055d345	0055d42c	0055d42d	FALL_THROUGH	FUN_0055d345	bytes=51;mnemonic=PUSH;instruction=PUSH ECX;inputs=ESP,ECX,0x4;results=ESP;flows=;fallthrough=0055d42d
instruction	0055d345	FUN_0055d345	0055d42d	0055d430	FALL_THROUGH	FUN_0055d345	bytes=8B55C4;mnemonic=MOV;instruction=MOV EDX,dword ptr [EBP + -0x3c];inputs=EBP,0xffffffc4;results=EDX;flows=;fallthrough=0055d430
instruction_reference	0055d345	FUN_0055d345	0055d42d	Stack[-0x40]	READ		operand_index=1;primary=true;source=ANALYSIS
instruction	0055d345	FUN_0055d345	0055d430	0055d436	FALL_THROUGH	FUN_0055d345	bytes=8B8AF8000000;mnemonic=MOV;instruction=MOV ECX,dword ptr [EDX + 0xf8];inputs=EDX,0xf8;results=ECX;flows=;fallthrough=0055d436
instruction	0055d345	FUN_0055d345	0055d436	0055d439	FALL_THROUGH	FUN_0055d345	bytes=8B45C4;mnemonic=MOV;instruction=MOV EAX,dword ptr [EBP + -0x3c];inputs=EBP,0xffffffc4;results=EAX;flows=;fallthrough=0055d439
instruction_reference	0055d345	FUN_0055d345	0055d436	Stack[-0x40]	READ		operand_index=1;primary=true;source=ANALYSIS
instruction	0055d345	FUN_0055d345	0055d439	0055d43f	FALL_THROUGH	FUN_0055d345	bytes=8B90F8000000;mnemonic=MOV;instruction=MOV EDX,dword ptr [EAX + 0xf8];inputs=EAX,0xf8;results=EDX;flows=;fallthrough=0055d43f
instruction	0055d345	FUN_0055d345	0055d43f	0055d441	FALL_THROUGH	FUN_0055d345	bytes=8B02;mnemonic=MOV;instruction=MOV EAX,dword ptr [EDX];inputs=EDX;results=EAX;flows=;fallthrough=0055d441
instruction	0055d345	FUN_0055d345	0055d441	0055d444	COMPUTED_CALL	FUN_0055d345	bytes=FF5028;mnemonic=CALL;instruction=CALL dword ptr [EAX + 0x28];inputs=EAX,ESP,0x55d444,0x4,0x28;results=ESP;flows=;fallthrough=0055d444
instruction	0055d345	FUN_0055d345	0055d444	0055d44b	FALL_THROUGH	FUN_0055d345	bytes=833DF8713B0100;mnemonic=CMP;instruction=CMP dword ptr [0x013b71f8],0x0;inputs=0x0,0x1,013b71f8,0xff;results=CF,PF,ZF,SF,OF;flows=;fallthrough=0055d44b
instruction_reference	0055d345	FUN_0055d345	0055d444	013b71f8	READ	DAT_013b71f8	operand_index=0;primary=true;source=DEFAULT
instruction	0055d345	FUN_0055d345	0055d44b	0055d451	CONDITIONAL_JUMP	FUN_0055d345	bytes=0F8400010000;mnemonic=JZ;instruction=JZ 0x0055d551;inputs=ZF;results=;flows=0055d551;fallthrough=0055d451
instruction_reference	0055d345	FUN_0055d345	0055d44b	0055d551	CONDITIONAL_JUMP	LAB_0055d551	operand_index=0;primary=true;source=DEFAULT
instruction	0055d345	FUN_0055d345	0055d451	0055d458	FALL_THROUGH	FUN_0055d345	bytes=833DFC713B0100;mnemonic=CMP;instruction=CMP dword ptr [0x013b71fc],0x0;inputs=0x0,0x1,013b71fc,0xff;results=CF,PF,ZF,SF,OF;flows=;fallthrough=0055d458
instruction_reference	0055d345	FUN_0055d345	0055d451	013b71fc	READ	DAT_013b71fc	operand_index=0;primary=true;source=DEFAULT
instruction	0055d345	FUN_0055d345	0055d458	0055d45e	CONDITIONAL_JUMP	FUN_0055d345	bytes=0F85F3000000;mnemonic=JNZ;instruction=JNZ 0x0055d551;inputs=ZF;results=;flows=0055d551;fallthrough=0055d45e
instruction_reference	0055d345	FUN_0055d345	0055d458	0055d551	CONDITIONAL_JUMP	LAB_0055d551	operand_index=0;primary=true;source=DEFAULT
instruction	0055d345	FUN_0055d345	0055d45e	0055d464	FALL_THROUGH	FUN_0055d345	bytes=8B0D08723B01;mnemonic=MOV;instruction=MOV ECX,dword ptr [0x013b7208];inputs=013b7208;results=ECX;flows=;fallthrough=0055d464
instruction_reference	0055d345	FUN_0055d345	0055d45e	013b7208	READ	DAT_013b7208	operand_index=1;primary=true;source=DEFAULT
instruction	0055d345	FUN_0055d345	0055d464	0055d46a	FALL_THROUGH	FUN_0055d345	bytes=3B0D04723B01;mnemonic=CMP;instruction=CMP ECX,dword ptr [0x013b7204];inputs=013b7204,0x0,0x1,ECX,0xff;results=CF,PF,ZF,SF,OF;flows=;fallthrough=0055d46a
instruction_reference	0055d345	FUN_0055d345	0055d464	013b7204	READ	DAT_013b7204	operand_index=1;primary=true;source=DEFAULT
instruction	0055d345	FUN_0055d345	0055d46a	0055d470	CONDITIONAL_JUMP	FUN_0055d345	bytes=0F8E8A000000;mnemonic=JLE;instruction=JLE 0x0055d4fa;inputs=ZF,SF,OF;results=;flows=0055d4fa;fallthrough=0055d470
instruction_reference	0055d345	FUN_0055d345	0055d46a	0055d4fa	CONDITIONAL_JUMP	LAB_0055d4fa	operand_index=0;primary=true;source=DEFAULT
instruction	0055d345	FUN_0055d345	0055d470	0055d477	FALL_THROUGH	FUN_0055d345	bytes=C745D400000000;mnemonic=MOV;instruction=MOV dword ptr [EBP + -0x2c],0x0;inputs=0x0,EBP,0xffffffd4;results=;flows=;fallthrough=0055d477
instruction_reference	0055d345	FUN_0055d345	0055d470	Stack[-0x30]	WRITE		operand_index=0;primary=true;source=ANALYSIS
instruction	0055d345	FUN_0055d345	0055d477	0055d479	FALL_THROUGH	FUN_0055d345	bytes=6A04;mnemonic=PUSH;instruction=PUSH 0x4;inputs=ESP,0x4;results=ESP;flows=;fallthrough=0055d479
instruction	0055d345	FUN_0055d345	0055d479	0055d47f	FALL_THROUGH	FUN_0055d345	bytes=8B15F4713B01;mnemonic=MOV;instruction=MOV EDX,dword ptr [0x013b71f4];inputs=013b71f4;results=EDX;flows=;fallthrough=0055d47f
instruction_reference	0055d345	FUN_0055d345	0055d479	013b71f4	READ	DAT_013b71f4	operand_index=1;primary=true;source=DEFAULT
instruction	0055d345	FUN_0055d345	0055d47f	0055d485	FALL_THROUGH	FUN_0055d345	bytes=031504723B01;mnemonic=ADD;instruction=ADD EDX,dword ptr [0x013b7204];inputs=013b7204,0x0,0x1,EDX,0xff;results=CF,PF,ZF,SF,EDX,OF;flows=;fallthrough=0055d485
instruction_reference	0055d345	FUN_0055d345	0055d47f	013b7204	READ	DAT_013b7204	operand_index=1;primary=true;source=DEFAULT
instruction	0055d345	FUN_0055d345	0055d485	0055d486	FALL_THROUGH	FUN_0055d345	bytes=52;mnemonic=PUSH;instruction=PUSH EDX;inputs=ESP,0x4,EDX;results=ESP;flows=;fallthrough=0055d486
instruction	0055d345	FUN_0055d345	0055d486	0055d489	FALL_THROUGH	FUN_0055d345	bytes=8D45D4;mnemonic=LEA;instruction=LEA EAX,[EBP + -0x2c];inputs=EBP,0xffffffd4;results=EAX;flows=;fallthrough=0055d489
instruction_reference	0055d345	FUN_0055d345	0055d486	Stack[-0x30]	DATA		operand_index=0;primary=true;source=ANALYSIS
instruction	0055d345	FUN_0055d345	0055d489	0055d48a	FALL_THROUGH	FUN_0055d345	bytes=50;mnemonic=PUSH;instruction=PUSH EAX;inputs=EAX,ESP,0x4;results=ESP;flows=;fallthrough=0055d48a
instruction	0055d345	FUN_0055d345	0055d48a	0055d48f	UNCONDITIONAL_CALL	FUN_0055d345	bytes=E8911D0300;mnemonic=CALL;instruction=CALL 0x0058f220;inputs=ESP,0x4,0x55d48f;results=ESP;flows=0058f220;fallthrough=0055d48f
instruction_reference	0055d345	FUN_0055d345	0055d48a	0058f220	UNCONDITIONAL_CALL	FUN_0058f220	operand_index=0;primary=true;source=DEFAULT
instruction	0055d345	FUN_0055d345	0055d48f	0055d492	FALL_THROUGH	FUN_0055d345	bytes=83C40C;mnemonic=ADD;instruction=ADD ESP,0xc;inputs=ESP,0x0,0x1,0xc,0xff;results=CF,ESP,PF,ZF,SF,OF;flows=;fallthrough=0055d492
instruction	0055d345	FUN_0055d345	0055d492	0055d495	FALL_THROUGH	FUN_0055d345	bytes=8B4DD4;mnemonic=MOV;instruction=MOV ECX,dword ptr [EBP + -0x2c];inputs=EBP,0xffffffd4;results=ECX;flows=;fallthrough=0055d495
instruction_reference	0055d345	FUN_0055d345	0055d492	Stack[-0x30]	READ		operand_index=1;primary=true;source=ANALYSIS
instruction	0055d345	FUN_0055d345	0055d495	0055d49b	FALL_THROUGH	FUN_0055d345	bytes=030DF8713B01;mnemonic=ADD;instruction=ADD ECX,dword ptr [0x013b71f8];inputs=0x0,0x1,ECX,013b71f8,0xff;results=CF,PF,ECX,ZF,SF,OF;flows=;fallthrough=0055d49b
instruction_reference	0055d345	FUN_0055d345	0055d495	013b71f8	READ	DAT_013b71f8	operand_index=1;primary=true;source=DEFAULT
instruction	0055d345	FUN_0055d345	0055d49b	0055d49e	FALL_THROUGH	FUN_0055d345	bytes=394DD8;mnemonic=CMP;instruction=CMP dword ptr [EBP + -0x28],ECX;inputs=0x0,0x1,EBP,ECX,0xffffffd8,0xff;results=CF,PF,ZF,SF,OF;flows=;fallthrough=0055d49e
instruction_reference	0055d345	FUN_0055d345	0055d49b	Stack[-0x2c]	READ		operand_index=0;primary=true;source=ANALYSIS
instruction	0055d345	FUN_0055d345	0055d49e	0055d4a0	CONDITIONAL_JUMP	FUN_0055d345	bytes=7658;mnemonic=JBE;instruction=JBE 0x0055d4f8;inputs=CF,ZF;results=;flows=0055d4f8;fallthrough=0055d4a0
instruction_reference	0055d345	FUN_0055d345	0055d49e	0055d4f8	CONDITIONAL_JUMP	LAB_0055d4f8	operand_index=0;primary=true;source=DEFAULT
instruction	0055d345	FUN_0055d345	0055d4a0	0055d4a6	FALL_THROUGH	FUN_0055d345	bytes=8B1504723B01;mnemonic=MOV;instruction=MOV EDX,dword ptr [0x013b7204];inputs=013b7204;results=EDX;flows=;fallthrough=0055d4a6
instruction_reference	0055d345	FUN_0055d345	0055d4a0	013b7204	READ	DAT_013b7204	operand_index=1;primary=true;source=DEFAULT
instruction	0055d345	FUN_0055d345	0055d4a6	0055d4a9	FALL_THROUGH	FUN_0055d345	bytes=83C204;mnemonic=ADD;instruction=ADD EDX,0x4;inputs=0x0,0x1,0x4,EDX,0xff;results=CF,PF,ZF,SF,EDX,OF;flows=;fallthrough=0055d4a9
instruction	0055d345	FUN_0055d345	0055d4a9	0055d4af	FALL_THROUGH	FUN_0055d345	bytes=891504723B01;mnemonic=MOV;instruction=MOV dword ptr [0x013b7204],EDX;inputs=EDX;results=013b7204;flows=;fallthrough=0055d4af
instruction_reference	0055d345	FUN_0055d345	0055d4a9	013b7204	WRITE	DAT_013b7204	operand_index=0;primary=true;source=DEFAULT
instruction	0055d345	FUN_0055d345	0055d4af	0055d4b4	FALL_THROUGH	FUN_0055d345	bytes=A1F4713B01;mnemonic=MOV;instruction=MOV EAX,[0x013b71f4];inputs=013b71f4;results=EAX;flows=;fallthrough=0055d4b4
instruction_reference	0055d345	FUN_0055d345	0055d4af	013b71f4	READ	DAT_013b71f4	operand_index=1;primary=true;source=DEFAULT
instruction	0055d345	FUN_0055d345	0055d4b4	0055d4ba	FALL_THROUGH	FUN_0055d345	bytes=030504723B01;mnemonic=ADD;instruction=ADD EAX,dword ptr [0x013b7204];inputs=EAX,013b7204,0x0,0x1,0xff;results=CF,EAX,PF,ZF,SF,OF;flows=;fallthrough=0055d4ba
instruction_reference	0055d345	FUN_0055d345	0055d4b4	013b7204	READ	DAT_013b7204	operand_index=1;primary=true;source=DEFAULT
instruction	0055d345	FUN_0055d345	0055d4ba	0055d4bd	FALL_THROUGH	FUN_0055d345	bytes=8945D0;mnemonic=MOV;instruction=MOV dword ptr [EBP + -0x30],EAX;inputs=EAX,EBP,0xffffffd0;results=;flows=;fallthrough=0055d4bd
instruction_reference	0055d345	FUN_0055d345	0055d4ba	Stack[-0x34]	WRITE		operand_index=0;primary=true;source=ANALYSIS
instruction	0055d345	FUN_0055d345	0055d4bd	0055d4c0	FALL_THROUGH	FUN_0055d345	bytes=8B4DD0;mnemonic=MOV;instruction=MOV ECX,dword ptr [EBP + -0x30];inputs=EBP,0xffffffd0;results=ECX;flows=;fallthrough=0055d4c0
instruction_reference	0055d345	FUN_0055d345	0055d4bd	Stack[-0x34]	READ		operand_index=1;primary=true;source=ANALYSIS
instruction	0055d345	FUN_0055d345	0055d4c0	0055d4c1	FALL_THROUGH	FUN_0055d345	bytes=51;mnemonic=PUSH;instruction=PUSH ECX;inputs=ESP,ECX,0x4;results=ESP;flows=;fallthrough=0055d4c1
instruction	0055d345	FUN_0055d345	0055d4c1	0055d4c4	FALL_THROUGH	FUN_0055d345	bytes=8B55D0;mnemonic=MOV;instruction=MOV EDX,dword ptr [EBP + -0x30];inputs=EBP,0xffffffd0;results=EDX;flows=;fallthrough=0055d4c4
instruction_reference	0055d345	FUN_0055d345	0055d4c1	Stack[-0x34]	READ		operand_index=1;primary=true;source=ANALYSIS
instruction	0055d345	FUN_0055d345	0055d4c4	0055d4c6	FALL_THROUGH	FUN_0055d345	bytes=33C0;mnemonic=XOR;instruction=XOR EAX,EAX;inputs=0x0,EAX,0x1,0xff;results=CF,EAX,PF,ZF,SF,OF;flows=;fallthrough=0055d4c6
instruction	0055d345	FUN_0055d345	0055d4c6	0055d4ca	FALL_THROUGH	FUN_0055d345	bytes=668B4204;mnemonic=MOV;instruction=MOV AX,word ptr [EDX + 0x4];inputs=0x4,EDX;results=AX;flows=;fallthrough=0055d4ca
instruction	0055d345	FUN_0055d345	0055d4ca	0055d4cb	FALL_THROUGH	FUN_0055d345	bytes=50;mnemonic=PUSH;instruction=PUSH EAX;inputs=EAX,ESP,0x4;results=ESP;flows=;fallthrough=0055d4cb
instruction	0055d345	FUN_0055d345	0055d4cb	0055d4ce	FALL_THROUGH	FUN_0055d345	bytes=8B4DC4;mnemonic=MOV;instruction=MOV ECX,dword ptr [EBP + -0x3c];inputs=EBP,0xffffffc4;results=ECX;flows=;fallthrough=0055d4ce
instruction_reference	0055d345	FUN_0055d345	0055d4cb	Stack[-0x40]	READ		operand_index=1;primary=true;source=ANALYSIS
instruction	0055d345	FUN_0055d345	0055d4ce	0055d4d4	FALL_THROUGH	FUN_0055d345	bytes=8B89F8000000;mnemonic=MOV;instruction=MOV ECX,dword ptr [ECX + 0xf8];inputs=ECX,0xf8;results=ECX;flows=;fallthrough=0055d4d4
instruction	0055d345	FUN_0055d345	0055d4d4	0055d4d7	FALL_THROUGH	FUN_0055d345	bytes=8B55C4;mnemonic=MOV;instruction=MOV EDX,dword ptr [EBP + -0x3c];inputs=EBP,0xffffffc4;results=EDX;flows=;fallthrough=0055d4d7
instruction_reference	0055d345	FUN_0055d345	0055d4d4	Stack[-0x40]	READ		operand_index=1;primary=true;source=ANALYSIS
instruction	0055d345	FUN_0055d345	0055d4d7	0055d4dd	FALL_THROUGH	FUN_0055d345	bytes=8B82F8000000;mnemonic=MOV;instruction=MOV EAX,dword ptr [EDX + 0xf8];inputs=EDX,0xf8;results=EAX;flows=;fallthrough=0055d4dd
instruction	0055d345	FUN_0055d345	0055d4dd	0055d4df	FALL_THROUGH	FUN_0055d345	bytes=8B10;mnemonic=MOV;instruction=MOV EDX,dword ptr [EAX];inputs=EAX;results=EDX;flows=;fallthrough=0055d4df
instruction	0055d345	FUN_0055d345	0055d4df	0055d4e2	COMPUTED_CALL	FUN_0055d345	bytes=FF5208;mnemonic=CALL;instruction=CALL dword ptr [EDX + 0x8];inputs=ESP,0x4,0x55d4e2,EDX,0x8;results=ESP;flows=;fallthrough=0055d4e2
instruction	0055d345	FUN_0055d345	0055d4e2	0055d4e5	FALL_THROUGH	FUN_0055d345	bytes=8B45D0;mnemonic=MOV;instruction=MOV EAX,dword ptr [EBP + -0x30];inputs=EBP,0xffffffd0;results=EAX;flows=;fallthrough=0055d4e5
instruction_reference	0055d345	FUN_0055d345	0055d4e2	Stack[-0x34]	READ		operand_index=1;primary=true;source=ANALYSIS
instruction	0055d345	FUN_0055d345	0055d4e5	0055d4e7	FALL_THROUGH	FUN_0055d345	bytes=33C9;mnemonic=XOR;instruction=XOR ECX,ECX;inputs=0x0,0x1,ECX,0xff;results=CF,PF,ECX,ZF,SF,OF;flows=;fallthrough=0055d4e7
instruction	0055d345	FUN_0055d345	0055d4e7	0055d4ea	FALL_THROUGH	FUN_0055d345	bytes=668B08;mnemonic=MOV;instruction=MOV CX,word ptr [EAX];inputs=EAX;results=CX;flows=;fallthrough=0055d4ea
instruction	0055d345	FUN_0055d345	0055d4ea	0055d4f0	FALL_THROUGH	FUN_0055d345	bytes=8B1504723B01;mnemonic=MOV;instruction=MOV EDX,dword ptr [0x013b7204];inputs=013b7204;results=EDX;flows=;fallthrough=0055d4f0
instruction_reference	0055d345	FUN_0055d345	0055d4ea	013b7204	READ	DAT_013b7204	operand_index=1;primary=true;source=DEFAULT
instruction	0055d345	FUN_0055d345	0055d4f0	0055d4f2	FALL_THROUGH	FUN_0055d345	bytes=03D1;mnemonic=ADD;instruction=ADD EDX,ECX;inputs=0x0,0x1,ECX,EDX,0xff;results=CF,PF,ZF,SF,EDX,OF;flows=;fallthrough=0055d4f2
instruction	0055d345	FUN_0055d345	0055d4f2	0055d4f8	FALL_THROUGH	FUN_0055d345	bytes=891504723B01;mnemonic=MOV;instruction=MOV dword ptr [0x013b7204],EDX;inputs=EDX;results=013b7204;flows=;fallthrough=0055d4f8
instruction_reference	0055d345	FUN_0055d345	0055d4f2	013b7204	WRITE	DAT_013b7204	operand_index=0;primary=true;source=DEFAULT
instruction	0055d345	FUN_0055d345	0055d4f8		UNCONDITIONAL_JUMP	FUN_0055d345	bytes=EB57;mnemonic=JMP;instruction=JMP 0x0055d551;inputs=;results=;flows=0055d551;fallthrough=
instruction_reference	0055d345	FUN_0055d345	0055d4f8	0055d551	UNCONDITIONAL_JUMP	LAB_0055d551	operand_index=0;primary=true;source=DEFAULT
instruction	0055d345	FUN_0055d345	0055d4fa	0055d504	FALL_THROUGH	FUN_0055d345	bytes=C705F8713B0100000000;mnemonic=MOV;instruction=MOV dword ptr [0x013b71f8],0x0;inputs=0x0;results=013b71f8;flows=;fallthrough=0055d504
instruction_reference	0055d345	FUN_0055d345	0055d4fa	013b71f8	WRITE	DAT_013b71f8	operand_index=0;primary=true;source=DEFAULT
instruction	0055d345	FUN_0055d345	0055d504	0055d509	FALL_THROUGH	FUN_0055d345	bytes=68A00F0000;mnemonic=PUSH;instruction=PUSH 0xfa0;inputs=0xfa0,ESP,0x4;results=ESP;flows=;fallthrough=0055d509
instruction	0055d345	FUN_0055d345	0055d509	0055d50e	FALL_THROUGH	FUN_0055d345	bytes=68204F5C00;mnemonic=PUSH;instruction=PUSH 0x5c4f20;inputs=ESP,0x4,0x5c4f20;results=ESP;flows=;fallthrough=0055d50e
instruction_reference	0055d345	FUN_0055d345	0055d509	005c4f20	DATA	s_End_Replay_005c4f20	operand_index=0;primary=true;source=ANALYSIS
instruction	0055d345	FUN_0055d345	0055d50e	0055d513	FALL_THROUGH	FUN_0055d345	bytes=A138CF6700;mnemonic=MOV;instruction=MOV EAX,[0x0067cf38];inputs=0067cf38;results=EAX;flows=;fallthrough=0055d513
instruction_reference	0055d345	FUN_0055d345	0055d50e	0067cf38	READ	DAT_0067cf38	operand_index=1;primary=true;source=DEFAULT
instruction	0055d345	FUN_0055d345	0055d513	0055d519	FALL_THROUGH	FUN_0055d345	bytes=8B8884000000;mnemonic=MOV;instruction=MOV ECX,dword ptr [EAX + 0x84];inputs=EAX,0x84;results=ECX;flows=;fallthrough=0055d519
instruction	0055d345	FUN_0055d345	0055d519	0055d51e	UNCONDITIONAL_CALL	FUN_0055d345	bytes=E8D468EAFF;mnemonic=CALL;instruction=CALL 0x00403df2;inputs=ESP,0x4,0x55d51e;results=ESP;flows=00403df2;fallthrough=0055d51e
instruction_reference	0055d345	FUN_0055d345	0055d519	00403df2	UNCONDITIONAL_CALL	FUN_00403df2	operand_index=0;primary=true;source=DEFAULT
instruction	0055d345	FUN_0055d345	0055d51e	0055d520	FALL_THROUGH	FUN_0055d345	bytes=6A01;mnemonic=PUSH;instruction=PUSH 0x1;inputs=ESP,0x1,0x4;results=ESP;flows=;fallthrough=0055d520
instruction	0055d345	FUN_0055d345	0055d520	0055d522	FALL_THROUGH	FUN_0055d345	bytes=6A01;mnemonic=PUSH;instruction=PUSH 0x1;inputs=ESP,0x1,0x4;results=ESP;flows=;fallthrough=0055d522
instruction	0055d345	FUN_0055d345	0055d522	0055d528	FALL_THROUGH	FUN_0055d345	bytes=8B0D38CF6700;mnemonic=MOV;instruction=MOV ECX,dword ptr [0x0067cf38];inputs=0067cf38;results=ECX;flows=;fallthrough=0055d528
instruction_reference	0055d345	FUN_0055d345	0055d522	0067cf38	READ	DAT_0067cf38	operand_index=1;primary=true;source=DEFAULT
instruction	0055d345	FUN_0055d345	0055d528	0055d52e	FALL_THROUGH	FUN_0055d345	bytes=8B8984000000;mnemonic=MOV;instruction=MOV ECX,dword ptr [ECX + 0x84];inputs=ECX,0x84;results=ECX;flows=;fallthrough=0055d52e
instruction	0055d345	FUN_0055d345	0055d52e	0055d534	FALL_THROUGH	FUN_0055d345	bytes=8B1538CF6700;mnemonic=MOV;instruction=MOV EDX,dword ptr [0x0067cf38];inputs=0067cf38;results=EDX;flows=;fallthrough=0055d534
instruction_reference	0055d345	FUN_0055d345	0055d52e	0067cf38	READ	DAT_0067cf38	operand_index=1;primary=true;source=DEFAULT
instruction	0055d345	FUN_0055d345	0055d534	0055d53a	FALL_THROUGH	FUN_0055d345	bytes=8B8284000000;mnemonic=MOV;instruction=MOV EAX,dword ptr [EDX + 0x84];inputs=0x84,EDX;results=EAX;flows=;fallthrough=0055d53a
instruction	0055d345	FUN_0055d345	0055d53a	0055d53c	FALL_THROUGH	FUN_0055d345	bytes=8B10;mnemonic=MOV;instruction=MOV EDX,dword ptr [EAX];inputs=EAX;results=EDX;flows=;fallthrough=0055d53c
instruction	0055d345	FUN_0055d345	0055d53c	0055d542	COMPUTED_CALL	FUN_0055d345	bytes=FF9288000000;mnemonic=CALL;instruction=CALL dword ptr [EDX + 0x88];inputs=ESP,0x4,0x55d542,EDX,0x88;results=ESP;flows=;fallthrough=0055d542
instruction	0055d345	FUN_0055d345	0055d542	0055d547	FALL_THROUGH	FUN_0055d345	bytes=A138CF6700;mnemonic=MOV;instruction=MOV EAX,[0x0067cf38];inputs=0067cf38;results=EAX;flows=;fallthrough=0055d547
instruction_reference	0055d345	FUN_0055d345	0055d542	0067cf38	READ	DAT_0067cf38	operand_index=1;primary=true;source=DEFAULT
instruction	0055d345	FUN_0055d345	0055d547	0055d54a	FALL_THROUGH	FUN_0055d345	bytes=8B484C;mnemonic=MOV;instruction=MOV ECX,dword ptr [EAX + 0x4c];inputs=EAX,0x4c;results=ECX;flows=;fallthrough=0055d54a
instruction	0055d345	FUN_0055d345	0055d54a	0055d551	FALL_THROUGH	FUN_0055d345	bytes=C6819507000000;mnemonic=MOV;instruction=MOV byte ptr [ECX + 0x795],0x0;inputs=0x0,ECX,0x795;results=;flows=;fallthrough=0055d551
instruction	0055d345	FUN_0055d345	0055d551	0055d558	FALL_THROUGH	FUN_0055d345	bytes=833D6C733B0101;mnemonic=CMP;instruction=CMP dword ptr [0x013b736c],0x1;inputs=0x0,0x1,013b736c,0xff;results=CF,PF,ZF,SF,OF;flows=;fallthrough=0055d558
instruction_reference	0055d345	FUN_0055d345	0055d551	013b736c	READ	DAT_013b736c	operand_index=0;primary=true;source=DEFAULT
instruction	0055d345	FUN_0055d345	0055d558	0055d55a	CONDITIONAL_JUMP	FUN_0055d345	bytes=7530;mnemonic=JNZ;instruction=JNZ 0x0055d58a;inputs=ZF;results=;flows=0055d58a;fallthrough=0055d55a
instruction_reference	0055d345	FUN_0055d345	0055d558	0055d58a	CONDITIONAL_JUMP	LAB_0055d58a	operand_index=0;primary=true;source=DEFAULT
instruction	0055d345	FUN_0055d345	0055d55a	0055d561	FALL_THROUGH	FUN_0055d345	bytes=833D74733B0100;mnemonic=CMP;instruction=CMP dword ptr [0x013b7374],0x0;inputs=013b7374,0x0,0x1,0xff;results=CF,PF,ZF,SF,OF;flows=;fallthrough=0055d561
instruction_reference	0055d345	FUN_0055d345	0055d55a	013b7374	READ	DAT_013b7374	operand_index=0;primary=true;source=DEFAULT
instruction	0055d345	FUN_0055d345	0055d561	0055d563	CONDITIONAL_JUMP	FUN_0055d345	bytes=750A;mnemonic=JNZ;instruction=JNZ 0x0055d56d;inputs=ZF;results=;flows=0055d56d;fallthrough=0055d563
instruction_reference	0055d345	FUN_0055d345	0055d561	0055d56d	CONDITIONAL_JUMP	LAB_0055d56d	operand_index=0;primary=true;source=DEFAULT
instruction	0055d345	FUN_0055d345	0055d563	0055d56d	FALL_THROUGH	FUN_0055d345	bytes=C70574733B0101000000;mnemonic=MOV;instruction=MOV dword ptr [0x013b7374],0x1;inputs=0x1;results=013b7374;flows=;fallthrough=0055d56d
instruction_reference	0055d345	FUN_0055d345	0055d563	013b7374	WRITE	DAT_013b7374	operand_index=0;primary=true;source=DEFAULT
instruction	0055d345	FUN_0055d345	0055d56d	0055d56f	FALL_THROUGH	FUN_0055d345	bytes=6A05;mnemonic=PUSH;instruction=PUSH 0x5;inputs=ESP,0x4,0x5;results=ESP;flows=;fallthrough=0055d56f
instruction	0055d345	FUN_0055d345	0055d56f	0055d575	FALL_THROUGH	FUN_0055d345	bytes=8B1564733B01;mnemonic=MOV;instruction=MOV EDX,dword ptr [0x013b7364];inputs=013b7364;results=EDX;flows=;fallthrough=0055d575
instruction_reference	0055d345	FUN_0055d345	0055d56f	013b7364	READ	DAT_013b7364	operand_index=1;primary=true;source=DEFAULT
instruction	0055d345	FUN_0055d345	0055d575	0055d576	FALL_THROUGH	FUN_0055d345	bytes=52;mnemonic=PUSH;instruction=PUSH EDX;inputs=ESP,0x4,EDX;results=ESP;flows=;fallthrough=0055d576
instruction	0055d345	FUN_0055d345	0055d576	0055d57c	COMPUTED_CALL	FUN_0055d345	bytes=FF15AC325A00;mnemonic=CALL;instruction=CALL dword ptr [0x005a32ac];inputs=ESP,0x4,005a32ac,0x55d57c;results=ESP;flows=EXTERNAL:0000007b;fallthrough=0055d57c
instruction_reference	0055d345	FUN_0055d345	0055d576	005a32ac	READ	PTR_ShowWindow_005a32ac	operand_index=0;primary=true;source=DEFAULT
instruction_reference	0055d345	FUN_0055d345	0055d576	EXTERNAL:0000007b	COMPUTED_CALL	ShowWindow	operand_index=-1;primary=true;source=ANALYSIS
instruction	0055d345	FUN_0055d345	0055d57c	0055d581	FALL_THROUGH	FUN_0055d345	bytes=A164733B01;mnemonic=MOV;instruction=MOV EAX,[0x013b7364];inputs=013b7364;results=EAX;flows=;fallthrough=0055d581
instruction_reference	0055d345	FUN_0055d345	0055d57c	013b7364	READ	DAT_013b7364	operand_index=1;primary=true;source=DEFAULT
instruction	0055d345	FUN_0055d345	0055d581	0055d582	FALL_THROUGH	FUN_0055d345	bytes=50;mnemonic=PUSH;instruction=PUSH EAX;inputs=EAX,ESP,0x4;results=ESP;flows=;fallthrough=0055d582
instruction	0055d345	FUN_0055d345	0055d582	0055d588	COMPUTED_CALL	FUN_0055d345	bytes=FF153C335A00;mnemonic=CALL;instruction=CALL dword ptr [0x005a333c];inputs=ESP,0x4,005a333c,0x55d588;results=ESP;flows=EXTERNAL:0000009f;fallthrough=0055d588
instruction_reference	0055d345	FUN_0055d345	0055d582	005a333c	READ	PTR_UpdateWindow_005a333c	operand_index=0;primary=true;source=DEFAULT
instruction_reference	0055d345	FUN_0055d345	0055d582	EXTERNAL:0000009f	COMPUTED_CALL	UpdateWindow	operand_index=-1;primary=true;source=ANALYSIS
instruction	0055d345	FUN_0055d345	0055d588		UNCONDITIONAL_JUMP	FUN_0055d345	bytes=EB35;mnemonic=JMP;instruction=JMP 0x0055d5bf;inputs=;results=;flows=0055d5bf;fallthrough=
instruction_reference	0055d345	FUN_0055d345	0055d588	0055d5bf	UNCONDITIONAL_JUMP	LAB_0055d5bf	operand_index=0;primary=true;source=DEFAULT
instruction	0055d345	FUN_0055d345	0055d58a	0055d58d	FALL_THROUGH	FUN_0055d345	bytes=8B4DC4;mnemonic=MOV;instruction=MOV ECX,dword ptr [EBP + -0x3c];inputs=EBP,0xffffffc4;results=ECX;flows=;fallthrough=0055d58d
instruction_reference	0055d345	FUN_0055d345	0055d58a	Stack[-0x40]	READ		operand_index=1;primary=true;source=ANALYSIS
instruction	0055d345	FUN_0055d345	0055d58d	0055d594	FALL_THROUGH	FUN_0055d345	bytes=83B9E800000000;mnemonic=CMP;instruction=CMP dword ptr [ECX + 0xe8],0x0;inputs=0x0,0x1,ECX,0xe8,0xff;results=CF,PF,ZF,SF,OF;flows=;fallthrough=0055d594
instruction	0055d345	FUN_0055d345	0055d594	0055d596	CONDITIONAL_JUMP	FUN_0055d345	bytes=741E;mnemonic=JZ;instruction=JZ 0x0055d5b4;inputs=ZF;results=;flows=0055d5b4;fallthrough=0055d596
instruction_reference	0055d345	FUN_0055d345	0055d594	0055d5b4	CONDITIONAL_JUMP	LAB_0055d5b4	operand_index=0;primary=true;source=DEFAULT
instruction	0055d345	FUN_0055d345	0055d596	0055d599	FALL_THROUGH	FUN_0055d345	bytes=8B55C4;mnemonic=MOV;instruction=MOV EDX,dword ptr [EBP + -0x3c];inputs=EBP,0xffffffc4;results=EDX;flows=;fallthrough=0055d599
instruction_reference	0055d345	FUN_0055d345	0055d596	Stack[-0x40]	READ		operand_index=1;primary=true;source=ANALYSIS
instruction	0055d345	FUN_0055d345	0055d599	0055d5a0	FALL_THROUGH	FUN_0055d345	bytes=83BAE800000000;mnemonic=CMP;instruction=CMP dword ptr [EDX + 0xe8],0x0;inputs=0x0,0x1,EDX,0xe8,0xff;results=CF,PF,ZF,SF,OF;flows=;fallthrough=0055d5a0
instruction	0055d345	FUN_0055d345	0055d5a0	0055d5a2	CONDITIONAL_JUMP	FUN_0055d345	bytes=741D;mnemonic=JZ;instruction=JZ 0x0055d5bf;inputs=ZF;results=;flows=0055d5bf;fallthrough=0055d5a2
instruction_reference	0055d345	FUN_0055d345	0055d5a0	0055d5bf	CONDITIONAL_JUMP	LAB_0055d5bf	operand_index=0;primary=true;source=DEFAULT
instruction	0055d345	FUN_0055d345	0055d5a2	0055d5a5	FALL_THROUGH	FUN_0055d345	bytes=8B45C4;mnemonic=MOV;instruction=MOV EAX,dword ptr [EBP + -0x3c];inputs=EBP,0xffffffc4;results=EAX;flows=;fallthrough=0055d5a5
instruction_reference	0055d345	FUN_0055d345	0055d5a2	Stack[-0x40]	READ		operand_index=1;primary=true;source=ANALYSIS
instruction	0055d345	FUN_0055d345	0055d5a5	0055d5ab	FALL_THROUGH	FUN_0055d345	bytes=8B88E8000000;mnemonic=MOV;instruction=MOV ECX,dword ptr [EAX + 0xe8];inputs=EAX,0xe8;results=ECX;flows=;fallthrough=0055d5ab
instruction	0055d345	FUN_0055d345	0055d5ab	0055d5b2	FALL_THROUGH	FUN_0055d345	bytes=83B90C01000002;mnemonic=CMP;instruction=CMP dword ptr [ECX + 0x10c],0x2;inputs=0x0,0x1,0x2,ECX,0x10c,0xff;results=CF,PF,ZF,SF,OF;flows=;fallthrough=0055d5b2
instruction	0055d345	FUN_0055d345	0055d5b2	0055d5b4	CONDITIONAL_JUMP	FUN_0055d345	bytes=740B;mnemonic=JZ;instruction=JZ 0x0055d5bf;inputs=ZF;results=;flows=0055d5bf;fallthrough=0055d5b4
instruction_reference	0055d345	FUN_0055d345	0055d5b2	0055d5bf	CONDITIONAL_JUMP	LAB_0055d5bf	operand_index=0;primary=true;source=DEFAULT
instruction	0055d345	FUN_0055d345	0055d5b4	0055d5b7	FALL_THROUGH	FUN_0055d345	bytes=8B55C4;mnemonic=MOV;instruction=MOV EDX,dword ptr [EBP + -0x3c];inputs=EBP,0xffffffc4;results=EDX;flows=;fallthrough=0055d5b7
instruction_reference	0055d345	FUN_0055d345	0055d5b4	Stack[-0x40]	READ		operand_index=1;primary=true;source=ANALYSIS
instruction	0055d345	FUN_0055d345	0055d5b7	0055d5b9	FALL_THROUGH	FUN_0055d345	bytes=8B02;mnemonic=MOV;instruction=MOV EAX,dword ptr [EDX];inputs=EDX;results=EAX;flows=;fallthrough=0055d5b9
instruction	0055d345	FUN_0055d345	0055d5b9	0055d5bc	FALL_THROUGH	FUN_0055d345	bytes=8B4DC4;mnemonic=MOV;instruction=MOV ECX,dword ptr [EBP + -0x3c];inputs=EBP,0xffffffc4;results=ECX;flows=;fallthrough=0055d5bc
instruction_reference	0055d345	FUN_0055d345	0055d5b9	Stack[-0x40]	READ		operand_index=1;primary=true;source=ANALYSIS
instruction	0055d345	FUN_0055d345	0055d5bc	0055d5bf	COMPUTED_CALL	FUN_0055d345	bytes=FF5014;mnemonic=CALL;instruction=CALL dword ptr [EAX + 0x14];inputs=EAX,ESP,0x14,0x4,0x55d5bf;results=ESP;flows=;fallthrough=0055d5bf
instruction	0055d345	FUN_0055d345	0055d5bf	0055d5c2	FALL_THROUGH	FUN_0055d345	bytes=8B4DC4;mnemonic=MOV;instruction=MOV ECX,dword ptr [EBP + -0x3c];inputs=EBP,0xffffffc4;results=ECX;flows=;fallthrough=0055d5c2
instruction_reference	0055d345	FUN_0055d345	0055d5bf	Stack[-0x40]	READ		operand_index=1;primary=true;source=ANALYSIS
instruction	0055d345	FUN_0055d345	0055d5c2	0055d5c9	FALL_THROUGH	FUN_0055d345	bytes=83B9E800000000;mnemonic=CMP;instruction=CMP dword ptr [ECX + 0xe8],0x0;inputs=0x0,0x1,ECX,0xe8,0xff;results=CF,PF,ZF,SF,OF;flows=;fallthrough=0055d5c9
instruction	0055d345	FUN_0055d345	0055d5c9	0055d5cb	CONDITIONAL_JUMP	FUN_0055d345	bytes=7426;mnemonic=JZ;instruction=JZ 0x0055d5f1;inputs=ZF;results=;flows=0055d5f1;fallthrough=0055d5cb
instruction_reference	0055d345	FUN_0055d345	0055d5c9	0055d5f1	CONDITIONAL_JUMP	LAB_0055d5f1	operand_index=0;primary=true;source=DEFAULT
instruction	0055d345	FUN_0055d345	0055d5cb	0055d5ce	FALL_THROUGH	FUN_0055d345	bytes=8B55C4;mnemonic=MOV;instruction=MOV EDX,dword ptr [EBP + -0x3c];inputs=EBP,0xffffffc4;results=EDX;flows=;fallthrough=0055d5ce
instruction_reference	0055d345	FUN_0055d345	0055d5cb	Stack[-0x40]	READ		operand_index=1;primary=true;source=ANALYSIS
instruction	0055d345	FUN_0055d345	0055d5ce	0055d5d5	FALL_THROUGH	FUN_0055d345	bytes=83BAE800000000;mnemonic=CMP;instruction=CMP dword ptr [EDX + 0xe8],0x0;inputs=0x0,0x1,EDX,0xe8,0xff;results=CF,PF,ZF,SF,OF;flows=;fallthrough=0055d5d5
instruction	0055d345	FUN_0055d345	0055d5d5	0055d5db	CONDITIONAL_JUMP	FUN_0055d345	bytes=0F84CF000000;mnemonic=JZ;instruction=JZ 0x0055d6aa;inputs=ZF;results=;flows=0055d6aa;fallthrough=0055d5db
instruction_reference	0055d345	FUN_0055d345	0055d5d5	0055d6aa	CONDITIONAL_JUMP	LAB_0055d6aa	operand_index=0;primary=true;source=DEFAULT
instruction	0055d345	FUN_0055d345	0055d5db	0055d5de	FALL_THROUGH	FUN_0055d345	bytes=8B45C4;mnemonic=MOV;instruction=MOV EAX,dword ptr [EBP + -0x3c];inputs=EBP,0xffffffc4;results=EAX;flows=;fallthrough=0055d5de
instruction_reference	0055d345	FUN_0055d345	0055d5db	Stack[-0x40]	READ		operand_index=1;primary=true;source=ANALYSIS
instruction	0055d345	FUN_0055d345	0055d5de	0055d5e4	FALL_THROUGH	FUN_0055d345	bytes=8B88E8000000;mnemonic=MOV;instruction=MOV ECX,dword ptr [EAX + 0xe8];inputs=EAX,0xe8;results=ECX;flows=;fallthrough=0055d5e4
instruction	0055d345	FUN_0055d345	0055d5e4	0055d5eb	FALL_THROUGH	FUN_0055d345	bytes=83B90C01000002;mnemonic=CMP;instruction=CMP dword ptr [ECX + 0x10c],0x2;inputs=0x0,0x1,0x2,ECX,0x10c,0xff;results=CF,PF,ZF,SF,OF;flows=;fallthrough=0055d5eb
instruction	0055d345	FUN_0055d345	0055d5eb	0055d5f1	CONDITIONAL_JUMP	FUN_0055d345	bytes=0F84B9000000;mnemonic=JZ;instruction=JZ 0x0055d6aa;inputs=ZF;results=;flows=0055d6aa;fallthrough=0055d5f1
instruction_reference	0055d345	FUN_0055d345	0055d5eb	0055d6aa	CONDITIONAL_JUMP	LAB_0055d6aa	operand_index=0;primary=true;source=DEFAULT
instruction	0055d345	FUN_0055d345	0055d5f1	0055d5f4	FALL_THROUGH	FUN_0055d345	bytes=8B55C4;mnemonic=MOV;instruction=MOV EDX,dword ptr [EBP + -0x3c];inputs=EBP,0xffffffc4;results=EDX;flows=;fallthrough=0055d5f4
instruction_reference	0055d345	FUN_0055d345	0055d5f1	Stack[-0x40]	READ		operand_index=1;primary=true;source=ANALYSIS
instruction	0055d345	FUN_0055d345	0055d5f4	0055d5fa	FALL_THROUGH	FUN_0055d345	bytes=8B82E0000000;mnemonic=MOV;instruction=MOV EAX,dword ptr [EDX + 0xe0];inputs=0xe0,EDX;results=EAX;flows=;fallthrough=0055d5fa
instruction	0055d345	FUN_0055d345	0055d5fa	0055d601	FALL_THROUGH	FUN_0055d345	bytes=83B810A7020000;mnemonic=CMP;instruction=CMP dword ptr [EAX + 0x2a710],0x0;inputs=EAX,0x0,0x1,0x2a710,0xff;results=CF,PF,ZF,SF,OF;flows=;fallthrough=0055d601
instruction	0055d345	FUN_0055d345	0055d601	0055d607	CONDITIONAL_JUMP	FUN_0055d345	bytes=0F85A3000000;mnemonic=JNZ;instruction=JNZ 0x0055d6aa;inputs=ZF;results=;flows=0055d6aa;fallthrough=0055d607
instruction_reference	0055d345	FUN_0055d345	0055d601	0055d6aa	CONDITIONAL_JUMP	LAB_0055d6aa	operand_index=0;primary=true;source=DEFAULT
instruction	0055d345	FUN_0055d345	0055d607	0055d60a	FALL_THROUGH	FUN_0055d345	bytes=8B4DC4;mnemonic=MOV;instruction=MOV ECX,dword ptr [EBP + -0x3c];inputs=EBP,0xffffffc4;results=ECX;flows=;fallthrough=0055d60a
instruction_reference	0055d345	FUN_0055d345	0055d607	Stack[-0x40]	READ		operand_index=1;primary=true;source=ANALYSIS
instruction	0055d345	FUN_0055d345	0055d60a	0055d610	FALL_THROUGH	FUN_0055d345	bytes=8B89E0000000;mnemonic=MOV;instruction=MOV ECX,dword ptr [ECX + 0xe0];inputs=0xe0,ECX;results=ECX;flows=;fallthrough=0055d610
instruction	0055d345	FUN_0055d345	0055d610	0055d615	UNCONDITIONAL_CALL	FUN_0055d345	bytes=E806EFECFF;mnemonic=CALL;instruction=CALL 0x0042c51b;inputs=ESP,0x55d615,0x4;results=ESP;flows=0042c51b;fallthrough=0055d615
instruction_reference	0055d345	FUN_0055d345	0055d610	0042c51b	UNCONDITIONAL_CALL	FUN_0042c51b	operand_index=0;primary=true;source=DEFAULT
instruction	0055d345	FUN_0055d345	0055d615	0055d617	FALL_THROUGH	FUN_0055d345	bytes=85C0;mnemonic=TEST;instruction=TEST EAX,EAX;inputs=0x0,EAX,0x1,0xff;results=CF,PF,ZF,SF,OF;flows=;fallthrough=0055d617
instruction	0055d345	FUN_0055d345	0055d617	0055d619	CONDITIONAL_JUMP	FUN_0055d345	bytes=752F;mnemonic=JNZ;instruction=JNZ 0x0055d648;inputs=ZF;results=;flows=0055d648;fallthrough=0055d619
instruction_reference	0055d345	FUN_0055d345	0055d617	0055d648	CONDITIONAL_JUMP	LAB_0055d648	operand_index=0;primary=true;source=DEFAULT
instruction	0055d345	FUN_0055d345	0055d619	0055d61e	FALL_THROUGH	FUN_0055d345	bytes=6800100000;mnemonic=PUSH;instruction=PUSH 0x1000;inputs=0x1000,ESP,0x4;results=ESP;flows=;fallthrough=0055d61e
instruction	0055d345	FUN_0055d345	0055d61e	0055d623	FALL_THROUGH	FUN_0055d345	bytes=682C4F5C00;mnemonic=PUSH;instruction=PUSH 0x5c4f2c;inputs=0x5c4f2c,ESP,0x4;results=ESP;flows=;fallthrough=0055d623
instruction_reference	0055d345	FUN_0055d345	0055d61e	005c4f2c	DATA	s_Error_005c4f2c	operand_index=0;primary=true;source=ANALYSIS
instruction	0055d345	FUN_0055d345	0055d623	0055d628	FALL_THROUGH	FUN_0055d345	bytes=68344F5C00;mnemonic=PUSH;instruction=PUSH 0x5c4f34;inputs=ESP,0x4,0x5c4f34;results=ESP;flows=;fallthrough=0055d628
instruction_reference	0055d345	FUN_0055d345	0055d623	005c4f34	DATA	s_Game_data_crashed._Install_game_a_005c4f34	operand_index=0;primary=true;source=ANALYSIS
instruction	0055d345	FUN_0055d345	0055d628	0055d62b	FALL_THROUGH	FUN_0055d345	bytes=8B55C4;mnemonic=MOV;instruction=MOV EDX,dword ptr [EBP + -0x3c];inputs=EBP,0xffffffc4;results=EDX;flows=;fallthrough=0055d62b
instruction_reference	0055d345	FUN_0055d345	0055d628	Stack[-0x40]	READ		operand_index=1;primary=true;source=ANALYSIS
instruction	0055d345	FUN_0055d345	0055d62b	0055d62e	FALL_THROUGH	FUN_0055d345	bytes=8B4204;mnemonic=MOV;instruction=MOV EAX,dword ptr [EDX + 0x4];inputs=0x4,EDX;results=EAX;flows=;fallthrough=0055d62e
instruction	0055d345	FUN_0055d345	0055d62e	0055d62f	FALL_THROUGH	FUN_0055d345	bytes=50;mnemonic=PUSH;instruction=PUSH EAX;inputs=EAX,ESP,0x4;results=ESP;flows=;fallthrough=0055d62f
instruction	0055d345	FUN_0055d345	0055d62f	0055d635	COMPUTED_CALL	FUN_0055d345	bytes=FF1584325A00;mnemonic=CALL;instruction=CALL dword ptr [0x005a3284];inputs=ESP,0x55d635,005a3284,0x4;results=ESP;flows=EXTERNAL:00000071;fallthrough=0055d635
instruction_reference	0055d345	FUN_0055d345	0055d62f	005a3284	READ	PTR_MessageBoxA_005a3284	operand_index=0;primary=true;source=DEFAULT
instruction_reference	0055d345	FUN_0055d345	0055d62f	EXTERNAL:00000071	COMPUTED_CALL	MessageBoxA	operand_index=-1;primary=true;source=ANALYSIS
instruction	0055d345	FUN_0055d345	0055d635	0055d637	FALL_THROUGH	FUN_0055d345	bytes=6A00;mnemonic=PUSH;instruction=PUSH 0x0;inputs=0x0,ESP,0x4;results=ESP;flows=;fallthrough=0055d637
instruction	0055d345	FUN_0055d345	0055d637	0055d639	FALL_THROUGH	FUN_0055d345	bytes=6A00;mnemonic=PUSH;instruction=PUSH 0x0;inputs=0x0,ESP,0x4;results=ESP;flows=;fallthrough=0055d639
instruction	0055d345	FUN_0055d345	0055d639	0055d63b	FALL_THROUGH	FUN_0055d345	bytes=6A10;mnemonic=PUSH;instruction=PUSH 0x10;inputs=0x10,ESP,0x4;results=ESP;flows=;fallthrough=0055d63b
instruction	0055d345	FUN_0055d345	0055d63b	0055d63e	FALL_THROUGH	FUN_0055d345	bytes=8B4DC4;mnemonic=MOV;instruction=MOV ECX,dword ptr [EBP + -0x3c];inputs=EBP,0xffffffc4;results=ECX;flows=;fallthrough=0055d63e
instruction_reference	0055d345	FUN_0055d345	0055d63b	Stack[-0x40]	READ		operand_index=1;primary=true;source=ANALYSIS
instruction	0055d345	FUN_0055d345	0055d63e	0055d641	FALL_THROUGH	FUN_0055d345	bytes=8B5104;mnemonic=MOV;instruction=MOV EDX,dword ptr [ECX + 0x4];inputs=ECX,0x4;results=EDX;flows=;fallthrough=0055d641
instruction	0055d345	FUN_0055d345	0055d641	0055d642	FALL_THROUGH	FUN_0055d345	bytes=52;mnemonic=PUSH;instruction=PUSH EDX;inputs=ESP,0x4,EDX;results=ESP;flows=;fallthrough=0055d642
instruction	0055d345	FUN_0055d345	0055d642	0055d648	COMPUTED_CALL	FUN_0055d345	bytes=FF15B8325A00;mnemonic=CALL;instruction=CALL dword ptr [0x005a32b8];inputs=ESP,0x4,005a32b8,0x55d648;results=ESP;flows=EXTERNAL:0000007e;fallthrough=0055d648
instruction_reference	0055d345	FUN_0055d345	0055d642	005a32b8	READ	PTR_PostMessageA_005a32b8	operand_index=0;primary=true;source=DEFAULT
instruction_reference	0055d345	FUN_0055d345	0055d642	EXTERNAL:0000007e	COMPUTED_CALL	PostMessageA	operand_index=-1;primary=true;source=ANALYSIS
instruction	0055d345	FUN_0055d345	0055d648	0055d64b	FALL_THROUGH	FUN_0055d345	bytes=8B45C4;mnemonic=MOV;instruction=MOV EAX,dword ptr [EBP + -0x3c];inputs=EBP,0xffffffc4;results=EAX;flows=;fallthrough=0055d64b
instruction_reference	0055d345	FUN_0055d345	0055d648	Stack[-0x40]	READ		operand_index=1;primary=true;source=ANALYSIS
instruction	0055d345	FUN_0055d345	0055d64b	0055d652	FALL_THROUGH	FUN_0055d345	bytes=83B8E800000000;mnemonic=CMP;instruction=CMP dword ptr [EAX + 0xe8],0x0;inputs=EAX,0x0,0x1,0xe8,0xff;results=CF,PF,ZF,SF,OF;flows=;fallthrough=0055d652
instruction	0055d345	FUN_0055d345	0055d652	0055d654	CONDITIONAL_JUMP	FUN_0055d345	bytes=743D;mnemonic=JZ;instruction=JZ 0x0055d691;inputs=ZF;results=;flows=0055d691;fallthrough=0055d654
instruction_reference	0055d345	FUN_0055d345	0055d652	0055d691	CONDITIONAL_JUMP	LAB_0055d691	operand_index=0;primary=true;source=DEFAULT
instruction	0055d345	FUN_0055d345	0055d654	0055d657	FALL_THROUGH	FUN_0055d345	bytes=8B4DC4;mnemonic=MOV;instruction=MOV ECX,dword ptr [EBP + -0x3c];inputs=EBP,0xffffffc4;results=ECX;flows=;fallthrough=0055d657
instruction_reference	0055d345	FUN_0055d345	0055d654	Stack[-0x40]	READ		operand_index=1;primary=true;source=ANALYSIS
instruction	0055d345	FUN_0055d345	0055d657	0055d65d	FALL_THROUGH	FUN_0055d345	bytes=8B91E8000000;mnemonic=MOV;instruction=MOV EDX,dword ptr [ECX + 0xe8];inputs=ECX,0xe8;results=EDX;flows=;fallthrough=0055d65d
instruction	0055d345	FUN_0055d345	0055d65d	0055d660	FALL_THROUGH	FUN_0055d345	bytes=8955C8;mnemonic=MOV;instruction=MOV dword ptr [EBP + -0x38],EDX;inputs=EBP,0xffffffc8,EDX;results=;flows=;fallthrough=0055d660
instruction_reference	0055d345	FUN_0055d345	0055d65d	Stack[-0x3c]	WRITE		operand_index=0;primary=true;source=ANALYSIS
instruction	0055d345	FUN_0055d345	0055d660	0055d663	FALL_THROUGH	FUN_0055d345	bytes=8B45C8;mnemonic=MOV;instruction=MOV EAX,dword ptr [EBP + -0x38];inputs=EBP,0xffffffc8;results=EAX;flows=;fallthrough=0055d663
instruction_reference	0055d345	FUN_0055d345	0055d660	Stack[-0x3c]	READ		operand_index=1;primary=true;source=ANALYSIS
instruction	0055d345	FUN_0055d345	0055d663	0055d666	FALL_THROUGH	FUN_0055d345	bytes=8945CC;mnemonic=MOV;instruction=MOV dword ptr [EBP + -0x34],EAX;inputs=EAX,0xffffffcc,EBP;results=;flows=;fallthrough=0055d666
instruction_reference	0055d345	FUN_0055d345	0055d663	Stack[-0x38]	WRITE		operand_index=0;primary=true;source=ANALYSIS
instruction	0055d345	FUN_0055d345	0055d666	0055d66a	FALL_THROUGH	FUN_0055d345	bytes=837DCC00;mnemonic=CMP;instruction=CMP dword ptr [EBP + -0x34],0x0;inputs=0x0,0x1,0xffffffcc,EBP,0xff;results=CF,PF,ZF,SF,OF;flows=;fallthrough=0055d66a
instruction_reference	0055d345	FUN_0055d345	0055d666	Stack[-0x38]	READ		operand_index=0;primary=true;source=ANALYSIS
instruction	0055d345	FUN_0055d345	0055d66a	0055d66c	CONDITIONAL_JUMP	FUN_0055d345	bytes=7411;mnemonic=JZ;instruction=JZ 0x0055d67d;inputs=ZF;results=;flows=0055d67d;fallthrough=0055d66c
instruction_reference	0055d345	FUN_0055d345	0055d66a	0055d67d	CONDITIONAL_JUMP	LAB_0055d67d	operand_index=0;primary=true;source=DEFAULT
instruction	0055d345	FUN_0055d345	0055d66c	0055d66e	FALL_THROUGH	FUN_0055d345	bytes=6A01;mnemonic=PUSH;instruction=PUSH 0x1;inputs=ESP,0x1,0x4;results=ESP;flows=;fallthrough=0055d66e
instruction	0055d345	FUN_0055d345	0055d66e	0055d671	FALL_THROUGH	FUN_0055d345	bytes=8B4DCC;mnemonic=MOV;instruction=MOV ECX,dword ptr [EBP + -0x34];inputs=0xffffffcc,EBP;results=ECX;flows=;fallthrough=0055d671
instruction_reference	0055d345	FUN_0055d345	0055d66e	Stack[-0x38]	READ		operand_index=1;primary=true;source=ANALYSIS
instruction	0055d345	FUN_0055d345	0055d671	0055d673	FALL_THROUGH	FUN_0055d345	bytes=8B11;mnemonic=MOV;instruction=MOV EDX,dword ptr [ECX];inputs=ECX;results=EDX;flows=;fallthrough=0055d673
instruction	0055d345	FUN_0055d345	0055d673	0055d676	FALL_THROUGH	FUN_0055d345	bytes=8B4DCC;mnemonic=MOV;instruction=MOV ECX,dword ptr [EBP + -0x34];inputs=0xffffffcc,EBP;results=ECX;flows=;fallthrough=0055d676
instruction_reference	0055d345	FUN_0055d345	0055d673	Stack[-0x38]	READ		operand_index=1;primary=true;source=ANALYSIS
instruction	0055d345	FUN_0055d345	0055d676	0055d678	COMPUTED_CALL	FUN_0055d345	bytes=FF12;mnemonic=CALL;instruction=CALL dword ptr [EDX];inputs=ESP,0x4,EDX,0x55d678;results=ESP;flows=;fallthrough=0055d678
instruction	0055d345	FUN_0055d345	0055d678	0055d67b	FALL_THROUGH	FUN_0055d345	bytes=8945C0;mnemonic=MOV;instruction=MOV dword ptr [EBP + -0x40],EAX;inputs=EAX,EBP,0xffffffc0;results=;flows=;fallthrough=0055d67b
instruction_reference	0055d345	FUN_0055d345	0055d678	Stack[-0x44]	WRITE		operand_index=0;primary=true;source=ANALYSIS
instruction	0055d345	FUN_0055d345	0055d67b		UNCONDITIONAL_JUMP	FUN_0055d345	bytes=EB07;mnemonic=JMP;instruction=JMP 0x0055d684;inputs=;results=;flows=0055d684;fallthrough=
instruction_reference	0055d345	FUN_0055d345	0055d67b	0055d684	UNCONDITIONAL_JUMP	LAB_0055d684	operand_index=0;primary=true;source=DEFAULT
instruction	0055d345	FUN_0055d345	0055d67d	0055d684	FALL_THROUGH	FUN_0055d345	bytes=C745C000000000;mnemonic=MOV;instruction=MOV dword ptr [EBP + -0x40],0x0;inputs=0x0,EBP,0xffffffc0;results=;flows=;fallthrough=0055d684
instruction_reference	0055d345	FUN_0055d345	0055d67d	Stack[-0x44]	WRITE		operand_index=0;primary=true;source=ANALYSIS
instruction	0055d345	FUN_0055d345	0055d684	0055d687	FALL_THROUGH	FUN_0055d345	bytes=8B45C4;mnemonic=MOV;instruction=MOV EAX,dword ptr [EBP + -0x3c];inputs=EBP,0xffffffc4;results=EAX;flows=;fallthrough=0055d687
instruction_reference	0055d345	FUN_0055d345	0055d684	Stack[-0x40]	READ		operand_index=1;primary=true;source=ANALYSIS
instruction	0055d345	FUN_0055d345	0055d687	0055d691	FALL_THROUGH	FUN_0055d345	bytes=C780E800000000000000;mnemonic=MOV;instruction=MOV dword ptr [EAX + 0xe8],0x0;inputs=EAX,0x0,0xe8;results=;flows=;fallthrough=0055d691
instruction	0055d345	FUN_0055d345	0055d691	0055d693	FALL_THROUGH	FUN_0055d345	bytes=6A07;mnemonic=PUSH;instruction=PUSH 0x7;inputs=ESP,0x4,0x7;results=ESP;flows=;fallthrough=0055d693
instruction	0055d345	FUN_0055d345	0055d693	0055d696	FALL_THROUGH	FUN_0055d345	bytes=8B4DC4;mnemonic=MOV;instruction=MOV ECX,dword ptr [EBP + -0x3c];inputs=EBP,0xffffffc4;results=ECX;flows=;fallthrough=0055d696
instruction_reference	0055d345	FUN_0055d345	0055d693	Stack[-0x40]	READ		operand_index=1;primary=true;source=ANALYSIS
instruction	0055d345	FUN_0055d345	0055d696	0055d69c	FALL_THROUGH	FUN_0055d345	bytes=8B89F8000000;mnemonic=MOV;instruction=MOV ECX,dword ptr [ECX + 0xf8];inputs=ECX,0xf8;results=ECX;flows=;fallthrough=0055d69c
instruction	0055d345	FUN_0055d345	0055d69c	0055d69f	FALL_THROUGH	FUN_0055d345	bytes=8B55C4;mnemonic=MOV;instruction=MOV EDX,dword ptr [EBP + -0x3c];inputs=EBP,0xffffffc4;results=EDX;flows=;fallthrough=0055d69f
instruction_reference	0055d345	FUN_0055d345	0055d69c	Stack[-0x40]	READ		operand_index=1;primary=true;source=ANALYSIS
instruction	0055d345	FUN_0055d345	0055d69f	0055d6a5	FALL_THROUGH	FUN_0055d345	bytes=8B82F8000000;mnemonic=MOV;instruction=MOV EAX,dword ptr [EDX + 0xf8];inputs=EDX,0xf8;results=EAX;flows=;fallthrough=0055d6a5
instruction	0055d345	FUN_0055d345	0055d6a5	0055d6a7	FALL_THROUGH	FUN_0055d345	bytes=8B10;mnemonic=MOV;instruction=MOV EDX,dword ptr [EAX];inputs=EAX;results=EDX;flows=;fallthrough=0055d6a7
instruction	0055d345	FUN_0055d345	0055d6a7	0055d6aa	COMPUTED_CALL	FUN_0055d345	bytes=FF5254;mnemonic=CALL;instruction=CALL dword ptr [EDX + 0x54];inputs=ESP,0x54,0x4,EDX,0x55d6aa;results=ESP;flows=;fallthrough=0055d6aa
instruction	0055d345	FUN_0055d345	0055d6aa	0055d6ad	FALL_THROUGH	FUN_0055d345	bytes=8B45C4;mnemonic=MOV;instruction=MOV EAX,dword ptr [EBP + -0x3c];inputs=EBP,0xffffffc4;results=EAX;flows=;fallthrough=0055d6ad
instruction_reference	0055d345	FUN_0055d345	0055d6aa	Stack[-0x40]	READ		operand_index=1;primary=true;source=ANALYSIS
instruction	0055d345	FUN_0055d345	0055d6ad	0055d6b3	FALL_THROUGH	FUN_0055d345	bytes=8B88F8000000;mnemonic=MOV;instruction=MOV ECX,dword ptr [EAX + 0xf8];inputs=EAX,0xf8;results=ECX;flows=;fallthrough=0055d6b3
instruction	0055d345	FUN_0055d345	0055d6b3	0055d6ba	FALL_THROUGH	FUN_0055d345	bytes=83B98CB0010000;mnemonic=CMP;instruction=CMP dword ptr [ECX + 0x1b08c],0x0;inputs=0x0,0x1,ECX,0x1b08c,0xff;results=CF,PF,ZF,SF,OF;flows=;fallthrough=0055d6ba
instruction	0055d345	FUN_0055d345	0055d6ba	0055d6bc	CONDITIONAL_JUMP	FUN_0055d345	bytes=740E;mnemonic=JZ;instruction=JZ 0x0055d6ca;inputs=ZF;results=;flows=0055d6ca;fallthrough=0055d6bc
instruction_reference	0055d345	FUN_0055d345	0055d6ba	0055d6ca	CONDITIONAL_JUMP	LAB_0055d6ca	operand_index=0;primary=true;source=DEFAULT
instruction	0055d345	FUN_0055d345	0055d6bc	0055d6bf	FALL_THROUGH	FUN_0055d345	bytes=8B55C4;mnemonic=MOV;instruction=MOV EDX,dword ptr [EBP + -0x3c];inputs=EBP,0xffffffc4;results=EDX;flows=;fallthrough=0055d6bf
instruction_reference	0055d345	FUN_0055d345	0055d6bc	Stack[-0x40]	READ		operand_index=1;primary=true;source=ANALYSIS
instruction	0055d345	FUN_0055d345	0055d6bf	0055d6c5	FALL_THROUGH	FUN_0055d345	bytes=8B8AF8000000;mnemonic=MOV;instruction=MOV ECX,dword ptr [EDX + 0xf8];inputs=EDX,0xf8;results=ECX;flows=;fallthrough=0055d6c5
instruction	0055d345	FUN_0055d345	0055d6c5	0055d6ca	UNCONDITIONAL_CALL	FUN_0055d345	bytes=E8F63FF5FF;mnemonic=CALL;instruction=CALL 0x004b16c0;inputs=ESP,0x4,0x55d6ca;results=ESP;flows=004b16c0;fallthrough=0055d6ca
instruction_reference	0055d345	FUN_0055d345	0055d6c5	004b16c0	UNCONDITIONAL_CALL	FUN_004b16c0	operand_index=0;primary=true;source=DEFAULT
instruction	0055d345	FUN_0055d345	0055d6ca		UNCONDITIONAL_JUMP	FUN_0055d345	bytes=E9A1FCFFFF;mnemonic=JMP;instruction=JMP 0x0055d370;inputs=;results=;flows=0055d370;fallthrough=
instruction_reference	0055d345	FUN_0055d345	0055d6ca	0055d370	UNCONDITIONAL_JUMP	LAB_0055d370	operand_index=0;primary=true;source=DEFAULT
instruction	0055d345	FUN_0055d345	0055d6cf	0055d6d3	FALL_THROUGH	FUN_0055d345	bytes=837DF800;mnemonic=CMP;instruction=CMP dword ptr [EBP + -0x8],0x0;inputs=0x0,0x1,EBP,0xfffffff8,0xff;results=CF,PF,ZF,SF,OF;flows=;fallthrough=0055d6d3
instruction_reference	0055d345	FUN_0055d345	0055d6cf	Stack[-0xc]	READ		operand_index=0;primary=true;source=ANALYSIS
instruction	0055d345	FUN_0055d345	0055d6d3	0055d6d5	CONDITIONAL_JUMP	FUN_0055d345	bytes=740A;mnemonic=JZ;instruction=JZ 0x0055d6df;inputs=ZF;results=;flows=0055d6df;fallthrough=0055d6d5
instruction_reference	0055d345	FUN_0055d345	0055d6d3	0055d6df	CONDITIONAL_JUMP	LAB_0055d6df	operand_index=0;primary=true;source=DEFAULT
instruction	0055d345	FUN_0055d345	0055d6d5	0055d6d8	FALL_THROUGH	FUN_0055d345	bytes=8B45F8;mnemonic=MOV;instruction=MOV EAX,dword ptr [EBP + -0x8];inputs=EBP,0xfffffff8;results=EAX;flows=;fallthrough=0055d6d8
instruction_reference	0055d345	FUN_0055d345	0055d6d5	Stack[-0xc]	READ		operand_index=1;primary=true;source=ANALYSIS
instruction	0055d345	FUN_0055d345	0055d6d8	0055d6d9	FALL_THROUGH	FUN_0055d345	bytes=50;mnemonic=PUSH;instruction=PUSH EAX;inputs=EAX,ESP,0x4;results=ESP;flows=;fallthrough=0055d6d9
instruction	0055d345	FUN_0055d345	0055d6d9	0055d6df	COMPUTED_CALL	FUN_0055d345	bytes=FF1540335A00;mnemonic=CALL;instruction=CALL dword ptr [0x005a3340];inputs=ESP,0x4,005a3340,0x55d6df;results=ESP;flows=EXTERNAL:000000a0;fallthrough=0055d6df
instruction_reference	0055d345	FUN_0055d345	0055d6d9	005a3340	READ	PTR_DestroyAcceleratorTable_005a3340	operand_index=0;primary=true;source=DEFAULT
instruction_reference	0055d345	FUN_0055d345	0055d6d9	EXTERNAL:000000a0	COMPUTED_CALL	DestroyAcceleratorTable	operand_index=-1;primary=true;source=ANALYSIS
instruction	0055d345	FUN_0055d345	0055d6df	0055d6e2	FALL_THROUGH	FUN_0055d345	bytes=8B45E4;mnemonic=MOV;instruction=MOV EAX,dword ptr [EBP + -0x1c];inputs=EBP,0xffffffe4;results=EAX;flows=;fallthrough=0055d6e2
instruction_reference	0055d345	FUN_0055d345	0055d6df	Stack[-0x20]	READ		operand_index=1;primary=true;source=ANALYSIS
instruction	0055d345	FUN_0055d345	0055d6e2	0055d6e4	FALL_THROUGH	FUN_0055d345	bytes=8BE5;mnemonic=MOV;instruction=MOV ESP,EBP;inputs=EBP;results=ESP;flows=;fallthrough=0055d6e4
instruction	0055d345	FUN_0055d345	0055d6e4	0055d6e5	FALL_THROUGH	FUN_0055d345	bytes=5D;mnemonic=POP;instruction=POP EBP;inputs=0x0,ESP,0x4;results=ESP,EBP;flows=;fallthrough=0055d6e5
instruction	0055d345	FUN_0055d345	0055d6e5		TERMINATOR	FUN_0055d345	bytes=C3;mnemonic=RET;instruction=RET;inputs=ESP,0x4;results=ESP,EIP;flows=;fallthrough=
instruction_search	0055d345	FUN_0055d345	0055d345	0055d345	instructions	FUN_0055d345	instructions=247;references=151;body_min=0055d345;body_max=0055d6e5
body_data_incoming	0055d345	FUN_0055d345	005a6110	0055d345	DATA		owner_entry=;source_block=.rdata
entry_boundary	0055d345	FUN_0055d345	0055d344	0055d345	TERMINATOR	RET	fallthrough=
body_search	0055d345	FUN_0055d345		0055d345	body_refs		external_flow_hits=0;external_data_hits=1;switch_table_hits=0;external_other_hits=0;thunk_hits=0;instructions=247;body_min=0055d345;body_max=0055d6e5;block=.text;execute=true;initialized=true
instruction	004b00e4	FUN_004b00e4	004b00e4	004b00e5	FALL_THROUGH	FUN_004b00e4	bytes=55;mnemonic=PUSH;instruction=PUSH EBP;inputs=ESP,EBP,0x4;results=ESP;flows=;fallthrough=004b00e5
instruction	004b00e4	FUN_004b00e4	004b00e5	004b00e7	FALL_THROUGH	FUN_004b00e4	bytes=8BEC;mnemonic=MOV;instruction=MOV EBP,ESP;inputs=ESP;results=EBP;flows=;fallthrough=004b00e7
instruction	004b00e4	FUN_004b00e4	004b00e7	004b00ed	FALL_THROUGH	FUN_004b00e4	bytes=81ECE8020000;mnemonic=SUB;instruction=SUB ESP,0x2e8;inputs=ESP,0x0,0x1,0x2e8,0xff;results=CF,ESP,PF,ZF,SF,OF;flows=;fallthrough=004b00ed
instruction	004b00e4	FUN_004b00e4	004b00ed	004b00ee	FALL_THROUGH	FUN_004b00e4	bytes=56;mnemonic=PUSH;instruction=PUSH ESI;inputs=ESP,0x4,ESI;results=ESP;flows=;fallthrough=004b00ee
instruction	004b00e4	FUN_004b00e4	004b00ee	004b00f4	FALL_THROUGH	FUN_004b00e4	bytes=898D18FDFFFF;mnemonic=MOV;instruction=MOV dword ptr [EBP + 0xfffffd18],ECX;inputs=EBP,ECX,0xfffffd18;results=;flows=;fallthrough=004b00f4
instruction_reference	004b00e4	FUN_004b00e4	004b00ee	Stack[-0x2ec]	WRITE		operand_index=0;primary=true;source=ANALYSIS
instruction	004b00e4	FUN_004b00e4	004b00f4	004b00fe	FALL_THROUGH	FUN_004b00e4	bytes=C785FCFEFFFF00000000;mnemonic=MOV;instruction=MOV dword ptr [EBP + 0xfffffefc],0x0;inputs=0x0,0xfffffefc,EBP;results=;flows=;fallthrough=004b00fe
instruction_reference	004b00e4	FUN_004b00e4	004b00f4	Stack[-0x108]	WRITE		operand_index=0;primary=true;source=ANALYSIS
instruction	004b00e4	FUN_004b00e4	004b00fe	004b0103	FALL_THROUGH	FUN_004b00e4	bytes=68905F0100;mnemonic=PUSH;instruction=PUSH 0x15f90;inputs=ESP,0x15f90,0x4;results=ESP;flows=;fallthrough=004b0103
instruction	004b00e4	FUN_004b00e4	004b0103	004b0105	FALL_THROUGH	FUN_004b00e4	bytes=6A00;mnemonic=PUSH;instruction=PUSH 0x0;inputs=0x0,ESP,0x4;results=ESP;flows=;fallthrough=004b0105
instruction	004b00e4	FUN_004b00e4	004b0105	004b010a	FALL_THROUGH	FUN_004b00e4	bytes=6818A46500;mnemonic=PUSH;instruction=PUSH 0x65a418;inputs=ESP,0x4,0x65a418;results=ESP;flows=;fallthrough=004b010a
instruction_reference	004b00e4	FUN_004b00e4	004b0105	0065a418	DATA	DAT_0065a418	operand_index=0;primary=true;source=ANALYSIS
instruction	004b00e4	FUN_004b00e4	004b010a	004b010f	UNCONDITIONAL_CALL	FUN_004b00e4	bytes=E811EF0D00;mnemonic=CALL;instruction=CALL 0x0058f020;inputs=ESP,0x4,0x4b010f;results=ESP;flows=0058f020;fallthrough=004b010f
instruction_reference	004b00e4	FUN_004b00e4	004b010a	0058f020	UNCONDITIONAL_CALL	_memset	operand_index=0;primary=true;source=DEFAULT
instruction	004b00e4	FUN_004b00e4	004b010f	004b0112	FALL_THROUGH	FUN_004b00e4	bytes=83C40C;mnemonic=ADD;instruction=ADD ESP,0xc;inputs=ESP,0x0,0x1,0xc,0xff;results=CF,ESP,PF,ZF,SF,OF;flows=;fallthrough=004b0112
instruction	004b00e4	FUN_004b00e4	004b0112	004b0117	FALL_THROUGH	FUN_004b00e4	bytes=68DC995B00;mnemonic=PUSH;instruction=PUSH 0x5b99dc;inputs=ESP,0x4,0x5b99dc;results=ESP;flows=;fallthrough=004b0117
instruction_reference	004b00e4	FUN_004b00e4	004b0112	005b99dc	DATA	s_Mesh\BoneAni4.txt_005b99dc	operand_index=0;primary=true;source=ANALYSIS
instruction	004b00e4	FUN_004b00e4	004b0117	004b011a	FALL_THROUGH	FUN_004b00e4	bytes=8D4580;mnemonic=LEA;instruction=LEA EAX,[EBP + -0x80];inputs=EBP,0xffffff80;results=EAX;flows=;fallthrough=004b011a
instruction_reference	004b00e4	FUN_004b00e4	004b0117	Stack[-0x84]	DATA		operand_index=0;primary=true;source=ANALYSIS
instruction	004b00e4	FUN_004b00e4	004b011a	004b011b	FALL_THROUGH	FUN_004b00e4	bytes=50;mnemonic=PUSH;instruction=PUSH EAX;inputs=EAX,ESP,0x4;results=ESP;flows=;fallthrough=004b011b
instruction	004b00e4	FUN_004b00e4	004b011b	004b0120	UNCONDITIONAL_CALL	FUN_004b00e4	bytes=E858EF0D00;mnemonic=CALL;instruction=CALL 0x0058f078;inputs=ESP,0x4,0x4b0120;results=ESP;flows=0058f078;fallthrough=004b0120
instruction_reference	004b00e4	FUN_004b00e4	004b011b	0058f078	UNCONDITIONAL_CALL	FUN_0058f078	operand_index=0;primary=true;source=DEFAULT
instruction	004b00e4	FUN_004b00e4	004b0120	004b0123	FALL_THROUGH	FUN_004b00e4	bytes=83C408;mnemonic=ADD;instruction=ADD ESP,0x8;inputs=ESP,0x0,0x1,0x8,0xff;results=CF,ESP,PF,ZF,SF,OF;flows=;fallthrough=004b0123
instruction	004b00e4	FUN_004b00e4	004b0123	004b0128	FALL_THROUGH	FUN_004b00e4	bytes=68F0995B00;mnemonic=PUSH;instruction=PUSH 0x5b99f0;inputs=ESP,0x4,0x5b99f0;results=ESP;flows=;fallthrough=004b0128
instruction_reference	004b00e4	FUN_004b00e4	004b0123	005b99f0	DATA	DAT_005b99f0	operand_index=0;primary=true;source=ANALYSIS
instruction	004b00e4	FUN_004b00e4	004b0128	004b012b	FALL_THROUGH	FUN_004b00e4	bytes=8D4D80;mnemonic=LEA;instruction=LEA ECX,[EBP + -0x80];inputs=EBP,0xffffff80;results=ECX;flows=;fallthrough=004b012b
instruction_reference	004b00e4	FUN_004b00e4	004b0128	Stack[-0x84]	DATA		operand_index=0;primary=true;source=ANALYSIS
instruction	004b00e4	FUN_004b00e4	004b012b	004b012c	FALL_THROUGH	FUN_004b00e4	bytes=51;mnemonic=PUSH;instruction=PUSH ECX;inputs=ESP,ECX,0x4;results=ESP;flows=;fallthrough=004b012c
instruction	004b00e4	FUN_004b00e4	004b012c	004b0131	UNCONDITIONAL_CALL	FUN_004b00e4	bytes=E8E5F50D00;mnemonic=CALL;instruction=CALL 0x0058f716;inputs=ESP,0x4,0x4b0131;results=ESP;flows=0058f716;fallthrough=004b0131
instruction_reference	004b00e4	FUN_004b00e4	004b012c	0058f716	UNCONDITIONAL_CALL	FUN_0058f716	operand_index=0;primary=true;source=DEFAULT
instruction	004b00e4	FUN_004b00e4	004b0131	004b0134	FALL_THROUGH	FUN_004b00e4	bytes=83C408;mnemonic=ADD;instruction=ADD ESP,0x8;inputs=ESP,0x0,0x1,0x8,0xff;results=CF,ESP,PF,ZF,SF,OF;flows=;fallthrough=004b0134
instruction	004b00e4	FUN_004b00e4	004b0134	004b013a	FALL_THROUGH	FUN_004b00e4	bytes=8985FCFEFFFF;mnemonic=MOV;instruction=MOV dword ptr [EBP + 0xfffffefc],EAX;inputs=EAX,0xfffffefc,EBP;results=;flows=;fallthrough=004b013a
instruction_reference	004b00e4	FUN_004b00e4	004b0134	Stack[-0x108]	WRITE		operand_index=0;primary=true;source=ANALYSIS
instruction	004b00e4	FUN_004b00e4	004b013a	004b0141	FALL_THROUGH	FUN_004b00e4	bytes=83BDFCFEFFFF00;mnemonic=CMP;instruction=CMP dword ptr [EBP + 0xfffffefc],0x0;inputs=0x0,0x1,0xfffffefc,EBP,0xff;results=CF,PF,ZF,SF,OF;flows=;fallthrough=004b0141
instruction_reference	004b00e4	FUN_004b00e4	004b013a	Stack[-0x108]	READ		operand_index=0;primary=true;source=ANALYSIS
instruction	004b00e4	FUN_004b00e4	004b0141	004b0147	CONDITIONAL_JUMP	FUN_004b00e4	bytes=0F84B9120000;mnemonic=JZ;instruction=JZ 0x004b1400;inputs=ZF;results=;flows=004b1400;fallthrough=004b0147
instruction_reference	004b00e4	FUN_004b00e4	004b0141	004b1400	CONDITIONAL_JUMP	LAB_004b1400	operand_index=0;primary=true;source=DEFAULT
instruction	004b00e4	FUN_004b00e4	004b0147	004b0151	FALL_THROUGH	FUN_004b00e4	bytes=C785E8FDFFFF00000000;mnemonic=MOV;instruction=MOV dword ptr [EBP + 0xfffffde8],0x0;inputs=0x0,EBP,0xfffffde8;results=;flows=;fallthrough=004b0151
instruction_reference	004b00e4	FUN_004b00e4	004b0147	Stack[-0x21c]	WRITE		operand_index=0;primary=true;source=ANALYSIS
instruction	004b00e4	FUN_004b00e4	004b0151	004b0156	FALL_THROUGH	FUN_004b00e4	bytes=68F4995B00;mnemonic=PUSH;instruction=PUSH 0x5b99f4;inputs=ESP,0x4,0x5b99f4;results=ESP;flows=;fallthrough=004b0156
instruction_reference	004b00e4	FUN_004b00e4	004b0151	005b99f4	DATA	DAT_005b99f4	operand_index=0;primary=true;source=ANALYSIS
instruction	004b00e4	FUN_004b00e4	004b0156	004b015b	FALL_THROUGH	FUN_004b00e4	bytes=68F8995B00;mnemonic=PUSH;instruction=PUSH 0x5b99f8;inputs=ESP,0x5b99f8,0x4;results=ESP;flows=;fallthrough=004b015b
instruction_reference	004b00e4	FUN_004b00e4	004b0156	005b99f8	DATA	s_mesh\ValidIndex.bin_005b99f8	operand_index=0;primary=true;source=ANALYSIS
instruction	004b00e4	FUN_004b00e4	004b015b	004b0160	UNCONDITIONAL_CALL	FUN_004b00e4	bytes=E8B6F50D00;mnemonic=CALL;instruction=CALL 0x0058f716;inputs=ESP,0x4,0x4b0160;results=ESP;flows=0058f716;fallthrough=004b0160
instruction_reference	004b00e4	FUN_004b00e4	004b015b	0058f716	UNCONDITIONAL_CALL	FUN_0058f716	operand_index=0;primary=true;source=DEFAULT
instruction	004b00e4	FUN_004b00e4	004b0160	004b0163	FALL_THROUGH	FUN_004b00e4	bytes=83C408;mnemonic=ADD;instruction=ADD ESP,0x8;inputs=ESP,0x0,0x1,0x8,0xff;results=CF,ESP,PF,ZF,SF,OF;flows=;fallthrough=004b0163
instruction	004b00e4	FUN_004b00e4	004b0163	004b0169	FALL_THROUGH	FUN_004b00e4	bytes=8985E8FDFFFF;mnemonic=MOV;instruction=MOV dword ptr [EBP + 0xfffffde8],EAX;inputs=EAX,EBP,0xfffffde8;results=;flows=;fallthrough=004b0169
instruction_reference	004b00e4	FUN_004b00e4	004b0163	Stack[-0x21c]	WRITE		operand_index=0;primary=true;source=ANALYSIS
instruction	004b00e4	FUN_004b00e4	004b0169	004b0170	FALL_THROUGH	FUN_004b00e4	bytes=83BDE8FDFFFF00;mnemonic=CMP;instruction=CMP dword ptr [EBP + 0xfffffde8],0x0;inputs=0x0,0x1,EBP,0xfffffde8,0xff;results=CF,PF,ZF,SF,OF;flows=;fallthrough=004b0170
instruction_reference	004b00e4	FUN_004b00e4	004b0169	Stack[-0x21c]	READ		operand_index=0;primary=true;source=ANALYSIS
instruction	004b00e4	FUN_004b00e4	004b0170	004b0172	CONDITIONAL_JUMP	FUN_004b00e4	bytes=7431;mnemonic=JZ;instruction=JZ 0x004b01a3;inputs=ZF;results=;flows=004b01a3;fallthrough=004b0172
instruction_reference	004b00e4	FUN_004b00e4	004b0170	004b01a3	CONDITIONAL_JUMP	LAB_004b01a3	operand_index=0;primary=true;source=DEFAULT
instruction	004b00e4	FUN_004b00e4	004b0172	004b0178	FALL_THROUGH	FUN_004b00e4	bytes=8B95E8FDFFFF;mnemonic=MOV;instruction=MOV EDX,dword ptr [EBP + 0xfffffde8];inputs=EBP,0xfffffde8;results=EDX;flows=;fallthrough=004b0178
instruction_reference	004b00e4	FUN_004b00e4	004b0172	Stack[-0x21c]	READ		operand_index=1;primary=true;source=ANALYSIS
instruction	004b00e4	FUN_004b00e4	004b0178	004b0179	FALL_THROUGH	FUN_004b00e4	bytes=52;mnemonic=PUSH;instruction=PUSH EDX;inputs=ESP,0x4,EDX;results=ESP;flows=;fallthrough=004b0179
instruction	004b00e4	FUN_004b00e4	004b0179	004b017b	FALL_THROUGH	FUN_004b00e4	bytes=6A01;mnemonic=PUSH;instruction=PUSH 0x1;inputs=ESP,0x1,0x4;results=ESP;flows=;fallthrough=004b017b
instruction	004b00e4	FUN_004b00e4	004b017b	004b0180	FALL_THROUGH	FUN_004b00e4	bytes=68A0220100;mnemonic=PUSH;instruction=PUSH 0x122a0;inputs=ESP,0x122a0,0x4;results=ESP;flows=;fallthrough=004b0180
instruction	004b00e4	FUN_004b00e4	004b0180	004b0186	FALL_THROUGH	FUN_004b00e4	bytes=8B8518FDFFFF;mnemonic=MOV;instruction=MOV EAX,dword ptr [EBP + 0xfffffd18];inputs=EBP,0xfffffd18;results=EAX;flows=;fallthrough=004b0186
instruction_reference	004b00e4	FUN_004b00e4	004b0180	Stack[-0x2ec]	READ		operand_index=1;primary=true;source=ANALYSIS
instruction	004b00e4	FUN_004b00e4	004b0186	004b018b	FALL_THROUGH	FUN_004b00e4	bytes=05C8770500;mnemonic=ADD;instruction=ADD EAX,0x577c8;inputs=EAX,0x0,0x1,0x577c8,0xff;results=CF,EAX,PF,ZF,SF,OF;flows=;fallthrough=004b018b
instruction	004b00e4	FUN_004b00e4	004b018b	004b018c	FALL_THROUGH	FUN_004b00e4	bytes=50;mnemonic=PUSH;instruction=PUSH EAX;inputs=EAX,ESP,0x4;results=ESP;flows=;fallthrough=004b018c
instruction	004b00e4	FUN_004b00e4	004b018c	004b0191	UNCONDITIONAL_CALL	FUN_004b00e4	bytes=E8D70B0E00;mnemonic=CALL;instruction=CALL 0x00590d68;inputs=ESP,0x4,0x4b0191;results=ESP;flows=00590d68;fallthrough=004b0191
instruction_reference	004b00e4	FUN_004b00e4	004b018c	00590d68	UNCONDITIONAL_CALL	FUN_00590d68	operand_index=0;primary=true;source=DEFAULT
instruction	004b00e4	FUN_004b00e4	004b0191	004b0194	FALL_THROUGH	FUN_004b00e4	bytes=83C410;mnemonic=ADD;instruction=ADD ESP,0x10;inputs=ESP,0x10,0x0,0x1,0xff;results=CF,ESP,PF,ZF,SF,OF;flows=;fallthrough=004b0194
instruction	004b00e4	FUN_004b00e4	004b0194	004b019a	FALL_THROUGH	FUN_004b00e4	bytes=8B8DE8FDFFFF;mnemonic=MOV;instruction=MOV ECX,dword ptr [EBP + 0xfffffde8];inputs=EBP,0xfffffde8;results=ECX;flows=;fallthrough=004b019a
instruction_reference	004b00e4	FUN_004b00e4	004b0194	Stack[-0x21c]	READ		operand_index=1;primary=true;source=ANALYSIS
instruction	004b00e4	FUN_004b00e4	004b019a	004b019b	FALL_THROUGH	FUN_004b00e4	bytes=51;mnemonic=PUSH;instruction=PUSH ECX;inputs=ESP,ECX,0x4;results=ESP;flows=;fallthrough=004b019b
instruction	004b00e4	FUN_004b00e4	004b019b	004b01a0	UNCONDITIONAL_CALL	FUN_004b00e4	bytes=E88CF40D00;mnemonic=CALL;instruction=CALL 0x0058f62c;inputs=ESP,0x4,0x4b01a0;results=ESP;flows=0058f62c;fallthrough=004b01a0
instruction_reference	004b00e4	FUN_004b00e4	004b019b	0058f62c	UNCONDITIONAL_CALL	FUN_0058f62c	operand_index=0;primary=true;source=DEFAULT
instruction	004b00e4	FUN_004b00e4	004b01a0	004b01a3	FALL_THROUGH	FUN_004b00e4	bytes=83C404;mnemonic=ADD;instruction=ADD ESP,0x4;inputs=ESP,0x0,0x1,0x4,0xff;results=CF,ESP,PF,ZF,SF,OF;flows=;fallthrough=004b01a3
instruction	004b00e4	FUN_004b00e4	004b01a3	004b01ad	FALL_THROUGH	FUN_004b00e4	bytes=C785F4FDFFFF00000000;mnemonic=MOV;instruction=MOV dword ptr [EBP + 0xfffffdf4],0x0;inputs=0x0,EBP,0xfffffdf4;results=;flows=;fallthrough=004b01ad
instruction_reference	004b00e4	FUN_004b00e4	004b01a3	Stack[-0x210]	WRITE		operand_index=0;primary=true;source=ANALYSIS
instruction	004b00e4	FUN_004b00e4	004b01ad	004b01b7	FALL_THROUGH	FUN_004b00e4	bytes=C785E4FDFFFF00000000;mnemonic=MOV;instruction=MOV dword ptr [EBP + 0xfffffde4],0x0;inputs=0x0,EBP,0xfffffde4;results=;flows=;fallthrough=004b01b7
instruction_reference	004b00e4	FUN_004b00e4	004b01ad	Stack[-0x220]	WRITE		operand_index=0;primary=true;source=ANALYSIS
instruction	004b00e4	FUN_004b00e4	004b01b7	004b01c1	FALL_THROUGH	FUN_004b00e4	bytes=C785ECFDFFFF00000000;mnemonic=MOV;instruction=MOV dword ptr [EBP + 0xfffffdec],0x0;inputs=0x0,0xfffffdec,EBP;results=;flows=;fallthrough=004b01c1
instruction_reference	004b00e4	FUN_004b00e4	004b01b7	Stack[-0x218]	WRITE		operand_index=0;primary=true;source=ANALYSIS
instruction	004b00e4	FUN_004b00e4	004b01c1	004b01cb	FALL_THROUGH	FUN_004b00e4	bytes=C785F8FEFFFF00000000;mnemonic=MOV;instruction=MOV dword ptr [EBP + 0xfffffef8],0x0;inputs=0x0,EBP,0xfffffef8;results=;flows=;fallthrough=004b01cb
instruction_reference	004b00e4	FUN_004b00e4	004b01c1	Stack[-0x10c]	WRITE		operand_index=0;primary=true;source=ANALYSIS
instruction	004b00e4	FUN_004b00e4	004b01cb	004b01d5	FALL_THROUGH	FUN_004b00e4	bytes=C785F0FDFFFF00000000;mnemonic=MOV;instruction=MOV dword ptr [EBP + 0xfffffdf0],0x0;inputs=0x0,EBP,0xfffffdf0;results=;flows=;fallthrough=004b01d5
instruction_reference	004b00e4	FUN_004b00e4	004b01cb	Stack[-0x214]	WRITE		operand_index=0;primary=true;source=ANALYSIS
instruction	004b00e4	FUN_004b00e4	004b01d5		UNCONDITIONAL_JUMP	FUN_004b00e4	bytes=EB0F;mnemonic=JMP;instruction=JMP 0x004b01e6;inputs=;results=;flows=004b01e6;fallthrough=
instruction_reference	004b00e4	FUN_004b00e4	004b01d5	004b01e6	UNCONDITIONAL_JUMP	LAB_004b01e6	operand_index=0;primary=true;source=DEFAULT
instruction	004b00e4	FUN_004b00e4	004b01d7	004b01dd	FALL_THROUGH	FUN_004b00e4	bytes=8B95F0FDFFFF;mnemonic=MOV;instruction=MOV EDX,dword ptr [EBP + 0xfffffdf0];inputs=EBP,0xfffffdf0;results=EDX;flows=;fallthrough=004b01dd
instruction_reference	004b00e4	FUN_004b00e4	004b01d7	Stack[-0x214]	READ		operand_index=1;primary=true;source=ANALYSIS
instruction	004b00e4	FUN_004b00e4	004b01dd	004b01e0	FALL_THROUGH	FUN_004b00e4	bytes=83C201;mnemonic=ADD;instruction=ADD EDX,0x1;inputs=0x0,0x1,EDX,0xff;results=CF,PF,ZF,SF,EDX,OF;flows=;fallthrough=004b01e0
instruction	004b00e4	FUN_004b00e4	004b01e0	004b01e6	FALL_THROUGH	FUN_004b00e4	bytes=8995F0FDFFFF;mnemonic=MOV;instruction=MOV dword ptr [EBP + 0xfffffdf0],EDX;inputs=EBP,EDX,0xfffffdf0;results=;flows=;fallthrough=004b01e6
instruction_reference	004b00e4	FUN_004b00e4	004b01e0	Stack[-0x214]	WRITE		operand_index=0;primary=true;source=ANALYSIS
instruction	004b00e4	FUN_004b00e4	004b01e6	004b01ed	FALL_THROUGH	FUN_004b00e4	bytes=83BDF0FDFFFF64;mnemonic=CMP;instruction=CMP dword ptr [EBP + 0xfffffdf0],0x64;inputs=0x0,0x1,EBP,0x64,0xfffffdf0,0xff;results=CF,PF,ZF,SF,OF;flows=;fallthrough=004b01ed
instruction_reference	004b00e4	FUN_004b00e4	004b01e6	Stack[-0x214]	READ		operand_index=0;primary=true;source=ANALYSIS
instruction	004b00e4	FUN_004b00e4	004b01ed	004b01f3	CONDITIONAL_JUMP	FUN_004b00e4	bytes=0F8DFE110000;mnemonic=JGE;instruction=JGE 0x004b13f1;inputs=SF,OF;results=;flows=004b13f1;fallthrough=004b01f3
instruction_reference	004b00e4	FUN_004b00e4	004b01ed	004b13f1	CONDITIONAL_JUMP	LAB_004b13f1	operand_index=0;primary=true;source=DEFAULT
instruction	004b00e4	FUN_004b00e4	004b01f3	004b01fd	FALL_THROUGH	FUN_004b00e4	bytes=C785D0FDFFFF00000000;mnemonic=MOV;instruction=MOV dword ptr [EBP + 0xfffffdd0],0x0;inputs=0x0,EBP,0xfffffdd0;results=;flows=;fallthrough=004b01fd
instruction_reference	004b00e4	FUN_004b00e4	004b01f3	Stack[-0x234]	WRITE		operand_index=0;primary=true;source=ANALYSIS
instruction	004b00e4	FUN_004b00e4	004b01fd	004b0203	FALL_THROUGH	FUN_004b00e4	bytes=8D85F8FDFFFF;mnemonic=LEA;instruction=LEA EAX,[EBP + 0xfffffdf8];inputs=EBP,0xfffffdf8;results=EAX;flows=;fallthrough=004b0203
instruction_reference	004b00e4	FUN_004b00e4	004b01fd	Stack[-0x20c]	DATA		operand_index=0;primary=true;source=ANALYSIS
instruction	004b00e4	FUN_004b00e4	004b0203	004b0204	FALL_THROUGH	FUN_004b00e4	bytes=50;mnemonic=PUSH;instruction=PUSH EAX;inputs=EAX,ESP,0x4;results=ESP;flows=;fallthrough=004b0204
instruction	004b00e4	FUN_004b00e4	004b0204	004b020a	FALL_THROUGH	FUN_004b00e4	bytes=8D8DECFDFFFF;mnemonic=LEA;instruction=LEA ECX,[EBP + 0xfffffdec];inputs=0xfffffdec,EBP;results=ECX;flows=;fallthrough=004b020a
instruction_reference	004b00e4	FUN_004b00e4	004b0204	Stack[-0x218]	DATA		operand_index=0;primary=true;source=ANALYSIS
instruction	004b00e4	FUN_004b00e4	004b020a	004b020b	FALL_THROUGH	FUN_004b00e4	bytes=51;mnemonic=PUSH;instruction=PUSH ECX;inputs=ESP,ECX,0x4;results=ESP;flows=;fallthrough=004b020b
instruction	004b00e4	FUN_004b00e4	004b020b	004b0211	FALL_THROUGH	FUN_004b00e4	bytes=8D95E4FDFFFF;mnemonic=LEA;instruction=LEA EDX,[EBP + 0xfffffde4];inputs=EBP,0xfffffde4;results=EDX;flows=;fallthrough=004b0211
instruction_reference	004b00e4	FUN_004b00e4	004b020b	Stack[-0x220]	DATA		operand_index=0;primary=true;source=ANALYSIS
instruction	004b00e4	FUN_004b00e4	004b0211	004b0212	FALL_THROUGH	FUN_004b00e4	bytes=52;mnemonic=PUSH;instruction=PUSH EDX;inputs=ESP,0x4,EDX;results=ESP;flows=;fallthrough=004b0212
instruction	004b00e4	FUN_004b00e4	004b0212	004b0218	FALL_THROUGH	FUN_004b00e4	bytes=8D85F4FDFFFF;mnemonic=LEA;instruction=LEA EAX,[EBP + 0xfffffdf4];inputs=EBP,0xfffffdf4;results=EAX;flows=;fallthrough=004b0218
instruction_reference	004b00e4	FUN_004b00e4	004b0212	Stack[-0x210]	DATA		operand_index=0;primary=true;source=ANALYSIS
instruction	004b00e4	FUN_004b00e4	004b0218	004b0219	FALL_THROUGH	FUN_004b00e4	bytes=50;mnemonic=PUSH;instruction=PUSH EAX;inputs=EAX,ESP,0x4;results=ESP;flows=;fallthrough=004b0219
instruction	004b00e4	FUN_004b00e4	004b0219	004b021e	FALL_THROUGH	FUN_004b00e4	bytes=680C9A5B00;mnemonic=PUSH;instruction=PUSH 0x5b9a0c;inputs=ESP,0x4,0x5b9a0c;results=ESP;flows=;fallthrough=004b021e
instruction_reference	004b00e4	FUN_004b00e4	004b0219	005b9a0c	DATA	s_%d_%d_%d_%s_005b9a0c	operand_index=0;primary=true;source=ANALYSIS
instruction	004b00e4	FUN_004b00e4	004b021e	004b0224	FALL_THROUGH	FUN_004b00e4	bytes=8B8DFCFEFFFF;mnemonic=MOV;instruction=MOV ECX,dword ptr [EBP + 0xfffffefc];inputs=0xfffffefc,EBP;results=ECX;flows=;fallthrough=004b0224
instruction_reference	004b00e4	FUN_004b00e4	004b021e	Stack[-0x108]	READ		operand_index=1;primary=true;source=ANALYSIS
instruction	004b00e4	FUN_004b00e4	004b0224	004b0225	FALL_THROUGH	FUN_004b00e4	bytes=51;mnemonic=PUSH;instruction=PUSH ECX;inputs=ESP,ECX,0x4;results=ESP;flows=;fallthrough=004b0225
instruction	004b00e4	FUN_004b00e4	004b0225	004b022a	UNCONDITIONAL_CALL	FUN_004b00e4	bytes=E83E080E00;mnemonic=CALL;instruction=CALL 0x00590a68;inputs=ESP,0x4b022a,0x4;results=ESP;flows=00590a68;fallthrough=004b022a
instruction_reference	004b00e4	FUN_004b00e4	004b0225	00590a68	UNCONDITIONAL_CALL	FUN_00590a68	operand_index=0;primary=true;source=DEFAULT
instruction	004b00e4	FUN_004b00e4	004b022a	004b022d	FALL_THROUGH	FUN_004b00e4	bytes=83C418;mnemonic=ADD;instruction=ADD ESP,0x18;inputs=ESP,0x0,0x1,0x18,0xff;results=CF,ESP,PF,ZF,SF,OF;flows=;fallthrough=004b022d
instruction	004b00e4	FUN_004b00e4	004b022d	004b0230	FALL_THROUGH	FUN_004b00e4	bytes=83F8FF;mnemonic=CMP;instruction=CMP EAX,-0x1;inputs=EAX,0xffffffff,0x0,0x1,0xff;results=CF,PF,ZF,SF,OF;flows=;fallthrough=004b0230
instruction	004b00e4	FUN_004b00e4	004b0230	004b0232	CONDITIONAL_JUMP	FUN_004b00e4	bytes=7505;mnemonic=JNZ;instruction=JNZ 0x004b0237;inputs=ZF;results=;flows=004b0237;fallthrough=004b0232
instruction_reference	004b00e4	FUN_004b00e4	004b0230	004b0237	CONDITIONAL_JUMP	LAB_004b0237	operand_index=0;primary=true;source=DEFAULT
instruction	004b00e4	FUN_004b00e4	004b0232		UNCONDITIONAL_JUMP	FUN_004b00e4	bytes=E9BA110000;mnemonic=JMP;instruction=JMP 0x004b13f1;inputs=;results=;flows=004b13f1;fallthrough=
instruction_reference	004b00e4	FUN_004b00e4	004b0232	004b13f1	UNCONDITIONAL_JUMP	LAB_004b13f1	operand_index=0;primary=true;source=DEFAULT
instruction	004b00e4	FUN_004b00e4	004b0237	004b023d	FALL_THROUGH	FUN_004b00e4	bytes=8B95F4FDFFFF;mnemonic=MOV;instruction=MOV EDX,dword ptr [EBP + 0xfffffdf4];inputs=EBP,0xfffffdf4;results=EDX;flows=;fallthrough=004b023d
instruction_reference	004b00e4	FUN_004b00e4	004b0237	Stack[-0x210]	READ		operand_index=1;primary=true;source=ANALYSIS
instruction	004b00e4	FUN_004b00e4	004b023d	004b0243	FALL_THROUGH	FUN_004b00e4	bytes=69D284030000;mnemonic=IMUL;instruction=IMUL EDX,EDX,0x384;inputs=0x0,0x384,0x4,EDX;results=CF,EDX,OF;flows=;fallthrough=004b0243
instruction	004b00e4	FUN_004b00e4	004b0243	004b0249	FALL_THROUGH	FUN_004b00e4	bytes=8B85E4FDFFFF;mnemonic=MOV;instruction=MOV EAX,dword ptr [EBP + 0xfffffde4];inputs=EBP,0xfffffde4;results=EAX;flows=;fallthrough=004b0249
instruction_reference	004b00e4	FUN_004b00e4	004b0243	Stack[-0x220]	READ		operand_index=1;primary=true;source=ANALYSIS
instruction	004b00e4	FUN_004b00e4	004b0249	004b024f	FALL_THROUGH	FUN_004b00e4	bytes=8982A4A46500;mnemonic=MOV;instruction=MOV dword ptr [EDX + 0x65a4a4],EAX;inputs=EAX,0x65a4a4,EDX;results=;flows=;fallthrough=004b024f
instruction_reference	004b00e4	FUN_004b00e4	004b0249	0065a4a4	DATA	DAT_0065a4a4	operand_index=0;primary=true;source=ANALYSIS
instruction	004b00e4	FUN_004b00e4	004b024f	004b0255	FALL_THROUGH	FUN_004b00e4	bytes=8B8DF4FDFFFF;mnemonic=MOV;instruction=MOV ECX,dword ptr [EBP + 0xfffffdf4];inputs=EBP,0xfffffdf4;results=ECX;flows=;fallthrough=004b0255
instruction_reference	004b00e4	FUN_004b00e4	004b024f	Stack[-0x210]	READ		operand_index=1;primary=true;source=ANALYSIS
instruction	004b00e4	FUN_004b00e4	004b0255	004b025b	FALL_THROUGH	FUN_004b00e4	bytes=69C984030000;mnemonic=IMUL;instruction=IMUL ECX,ECX,0x384;inputs=0x0,ECX,0x384,0x4;results=CF,ECX,OF;flows=;fallthrough=004b025b
instruction	004b00e4	FUN_004b00e4	004b025b	004b0261	FALL_THROUGH	FUN_004b00e4	bytes=8B95ECFDFFFF;mnemonic=MOV;instruction=MOV EDX,dword ptr [EBP + 0xfffffdec];inputs=0xfffffdec,EBP;results=EDX;flows=;fallthrough=004b0261
instruction_reference	004b00e4	FUN_004b00e4	004b025b	Stack[-0x218]	READ		operand_index=1;primary=true;source=ANALYSIS
instruction	004b00e4	FUN_004b00e4	004b0261	004b0267	FALL_THROUGH	FUN_004b00e4	bytes=89919CA46500;mnemonic=MOV;instruction=MOV dword ptr [ECX + 0x65a49c],EDX;inputs=ECX,EDX,0x65a49c;results=;flows=;fallthrough=004b0267
instruction_reference	004b00e4	FUN_004b00e4	004b0261	0065a49c	DATA	DAT_0065a49c	operand_index=0;primary=true;source=ANALYSIS
instruction	004b00e4	FUN_004b00e4	004b0267	004b026d	FALL_THROUGH	FUN_004b00e4	bytes=8D85F8FDFFFF;mnemonic=LEA;instruction=LEA EAX,[EBP + 0xfffffdf8];inputs=EBP,0xfffffdf8;results=EAX;flows=;fallthrough=004b026d
instruction_reference	004b00e4	FUN_004b00e4	004b0267	Stack[-0x20c]	DATA		operand_index=0;primary=true;source=ANALYSIS
instruction	004b00e4	FUN_004b00e4	004b026d	004b026e	FALL_THROUGH	FUN_004b00e4	bytes=50;mnemonic=PUSH;instruction=PUSH EAX;inputs=EAX,ESP,0x4;results=ESP;flows=;fallthrough=004b026e
instruction	004b00e4	FUN_004b00e4	004b026e	004b0273	FALL_THROUGH	FUN_004b00e4	bytes=681C9A5B00;mnemonic=PUSH;instruction=PUSH 0x5b9a1c;inputs=ESP,0x4,0x5b9a1c;results=ESP;flows=;fallthrough=004b0273
instruction_reference	004b00e4	FUN_004b00e4	004b026e	005b9a1c	DATA	DAT_005b9a1c	operand_index=0;primary=true;source=ANALYSIS
instruction	004b00e4	FUN_004b00e4	004b0273	004b0279	FALL_THROUGH	FUN_004b00e4	bytes=8B8DF4FDFFFF;mnemonic=MOV;instruction=MOV ECX,dword ptr [EBP + 0xfffffdf4];inputs=EBP,0xfffffdf4;results=ECX;flows=;fallthrough=004b0279
instruction_reference	004b00e4	FUN_004b00e4	004b0273	Stack[-0x210]	READ		operand_index=1;primary=true;source=ANALYSIS
instruction	004b00e4	FUN_004b00e4	004b0279	004b027f	FALL_THROUGH	FUN_004b00e4	bytes=69C984030000;mnemonic=IMUL;instruction=IMUL ECX,ECX,0x384;inputs=0x0,ECX,0x384,0x4;results=CF,ECX,OF;flows=;fallthrough=004b027f
instruction	004b00e4	FUN_004b00e4	004b027f	004b0285	FALL_THROUGH	FUN_004b00e4	bytes=81C118A46500;mnemonic=ADD;instruction=ADD ECX,0x65a418;inputs=0x0,0x1,ECX,0x65a418,0xff;results=CF,PF,ECX,ZF,SF,OF;flows=;fallthrough=004b0285
instruction_reference	004b00e4	FUN_004b00e4	004b027f	0065a418	DATA	DAT_0065a418	operand_index=1;primary=true;source=ANALYSIS
instruction	004b00e4	FUN_004b00e4	004b0285	004b0286	FALL_THROUGH	FUN_004b00e4	bytes=51;mnemonic=PUSH;instruction=PUSH ECX;inputs=ESP,ECX,0x4;results=ESP;flows=;fallthrough=004b0286
instruction	004b00e4	FUN_004b00e4	004b0286	004b028b	UNCONDITIONAL_CALL	FUN_004b00e4	bytes=E8EDED0D00;mnemonic=CALL;instruction=CALL 0x0058f078;inputs=ESP,0x4b028b,0x4;results=ESP;flows=0058f078;fallthrough=004b028b
instruction_reference	004b00e4	FUN_004b00e4	004b0286	0058f078	UNCONDITIONAL_CALL	FUN_0058f078	operand_index=0;primary=true;source=DEFAULT
instruction	004b00e4	FUN_004b00e4	004b028b	004b028e	FALL_THROUGH	FUN_004b00e4	bytes=83C40C;mnemonic=ADD;instruction=ADD ESP,0xc;inputs=ESP,0x0,0x1,0xc,0xff;results=CF,ESP,PF,ZF,SF,OF;flows=;fallthrough=004b028e
instruction	004b00e4	FUN_004b00e4	004b028e	004b0294	FALL_THROUGH	FUN_004b00e4	bytes=8B95F4FDFFFF;mnemonic=MOV;instruction=MOV EDX,dword ptr [EBP + 0xfffffdf4];inputs=EBP,0xfffffdf4;results=EDX;flows=;fallthrough=004b0294
instruction_reference	004b00e4	FUN_004b00e4	004b028e	Stack[-0x210]	READ		operand_index=1;primary=true;source=ANALYSIS
instruction	004b00e4	FUN_004b00e4	004b0294	004b029a	FALL_THROUGH	FUN_004b00e4	bytes=69D284030000;mnemonic=IMUL;instruction=IMUL EDX,EDX,0x384;inputs=0x0,0x384,0x4,EDX;results=CF,EDX,OF;flows=;fallthrough=004b029a
instruction	004b00e4	FUN_004b00e4	004b029a	004b02a0	FALL_THROUGH	FUN_004b00e4	bytes=81C218A46500;mnemonic=ADD;instruction=ADD EDX,0x65a418;inputs=0x0,0x1,EDX,0x65a418,0xff;results=CF,PF,ZF,SF,EDX,OF;flows=;fallthrough=004b02a0
instruction_reference	004b00e4	FUN_004b00e4	004b029a	0065a418	DATA	DAT_0065a418	operand_index=1;primary=true;source=ANALYSIS
instruction	004b00e4	FUN_004b00e4	004b02a0	004b02a1	FALL_THROUGH	FUN_004b00e4	bytes=52;mnemonic=PUSH;instruction=PUSH EDX;inputs=ESP,0x4,EDX;results=ESP;flows=;fallthrough=004b02a1
instruction	004b00e4	FUN_004b00e4	004b02a1	004b02a6	FALL_THROUGH	FUN_004b00e4	bytes=68209A5B00;mnemonic=PUSH;instruction=PUSH 0x5b9a20;inputs=ESP,0x4,0x5b9a20;results=ESP;flows=;fallthrough=004b02a6
instruction_reference	004b00e4	FUN_004b00e4	004b02a1	005b9a20	DATA	s_%s.bon_005b9a20	operand_index=0;primary=true;source=ANALYSIS
instruction	004b00e4	FUN_004b00e4	004b02a6	004b02ac	FALL_THROUGH	FUN_004b00e4	bytes=8D8500FFFFFF;mnemonic=LEA;instruction=LEA EAX,[EBP + 0xffffff00];inputs=EBP,0xffffff00;results=EAX;flows=;fallthrough=004b02ac
instruction_reference	004b00e4	FUN_004b00e4	004b02a6	Stack[-0x104]	DATA		operand_index=0;primary=true;source=ANALYSIS
instruction	004b00e4	FUN_004b00e4	004b02ac	004b02ad	FALL_THROUGH	FUN_004b00e4	bytes=50;mnemonic=PUSH;instruction=PUSH EAX;inputs=EAX,ESP,0x4;results=ESP;flows=;fallthrough=004b02ad
instruction	004b00e4	FUN_004b00e4	004b02ad	004b02b2	UNCONDITIONAL_CALL	FUN_004b00e4	bytes=E8C6ED0D00;mnemonic=CALL;instruction=CALL 0x0058f078;inputs=ESP,0x4,0x4b02b2;results=ESP;flows=0058f078;fallthrough=004b02b2
instruction_reference	004b00e4	FUN_004b00e4	004b02ad	0058f078	UNCONDITIONAL_CALL	FUN_0058f078	operand_index=0;primary=true;source=DEFAULT
instruction	004b00e4	FUN_004b00e4	004b02b2	004b02b5	FALL_THROUGH	FUN_004b00e4	bytes=83C40C;mnemonic=ADD;instruction=ADD ESP,0xc;inputs=ESP,0x0,0x1,0xc,0xff;results=CF,ESP,PF,ZF,SF,OF;flows=;fallthrough=004b02b5
instruction	004b00e4	FUN_004b00e4	004b02b5	004b02b7	FALL_THROUGH	FUN_004b00e4	bytes=6A00;mnemonic=PUSH;instruction=PUSH 0x0;inputs=0x0,ESP,0x4;results=ESP;flows=;fallthrough=004b02b7
instruction	004b00e4	FUN_004b00e4	004b02b7	004b02bc	FALL_THROUGH	FUN_004b00e4	bytes=6800800000;mnemonic=PUSH;instruction=PUSH 0x8000;inputs=0x8000,ESP,0x4;results=ESP;flows=;fallthrough=004b02bc
instruction	004b00e4	FUN_004b00e4	004b02bc	004b02c2	FALL_THROUGH	FUN_004b00e4	bytes=8D8D00FFFFFF;mnemonic=LEA;instruction=LEA ECX,[EBP + 0xffffff00];inputs=EBP,0xffffff00;results=ECX;flows=;fallthrough=004b02c2
instruction_reference	004b00e4	FUN_004b00e4	004b02bc	Stack[-0x104]	DATA		operand_index=0;primary=true;source=ANALYSIS
instruction	004b00e4	FUN_004b00e4	004b02c2	004b02c3	FALL_THROUGH	FUN_004b00e4	bytes=51;mnemonic=PUSH;instruction=PUSH ECX;inputs=ESP,ECX,0x4;results=ESP;flows=;fallthrough=004b02c3
instruction	004b00e4	FUN_004b00e4	004b02c3	004b02c8	UNCONDITIONAL_CALL	FUN_004b00e4	bytes=E83FF80D00;mnemonic=CALL;instruction=CALL 0x0058fb07;inputs=ESP,0x4b02c8,0x4;results=ESP;flows=0058fb07;fallthrough=004b02c8
instruction_reference	004b00e4	FUN_004b00e4	004b02c3	0058fb07	UNCONDITIONAL_CALL	FUN_0058fb07	operand_index=0;primary=true;source=DEFAULT
instruction	004b00e4	FUN_004b00e4	004b02c8	004b02cb	FALL_THROUGH	FUN_004b00e4	bytes=83C40C;mnemonic=ADD;instruction=ADD ESP,0xc;inputs=ESP,0x0,0x1,0xc,0xff;results=CF,ESP,PF,ZF,SF,OF;flows=;fallthrough=004b02cb
instruction	004b00e4	FUN_004b00e4	004b02cb	004b02d1	FALL_THROUGH	FUN_004b00e4	bytes=8985CCFDFFFF;mnemonic=MOV;instruction=MOV dword ptr [EBP + 0xfffffdcc],EAX;inputs=EAX,0xfffffdcc,EBP;results=;flows=;fallthrough=004b02d1
instruction_reference	004b00e4	FUN_004b00e4	004b02cb	Stack[-0x238]	WRITE		operand_index=0;primary=true;source=ANALYSIS
instruction	004b00e4	FUN_004b00e4	004b02d1	004b02d7	FALL_THROUGH	FUN_004b00e4	bytes=8B95CCFDFFFF;mnemonic=MOV;instruction=MOV EDX,dword ptr [EBP + 0xfffffdcc];inputs=0xfffffdcc,EBP;results=EDX;flows=;fallthrough=004b02d7
instruction_reference	004b00e4	FUN_004b00e4	004b02d1	Stack[-0x238]	READ		operand_index=1;primary=true;source=ANALYSIS
instruction	004b00e4	FUN_004b00e4	004b02d7	004b02d8	FALL_THROUGH	FUN_004b00e4	bytes=52;mnemonic=PUSH;instruction=PUSH EDX;inputs=ESP,0x4,EDX;results=ESP;flows=;fallthrough=004b02d8
instruction	004b00e4	FUN_004b00e4	004b02d8	004b02dd	UNCONDITIONAL_CALL	FUN_004b00e4	bytes=E862F50D00;mnemonic=CALL;instruction=CALL 0x0058f83f;inputs=ESP,0x4,0x4b02dd;results=ESP;flows=0058f83f;fallthrough=004b02dd
instruction_reference	004b00e4	FUN_004b00e4	004b02d8	0058f83f	UNCONDITIONAL_CALL	FUN_0058f83f	operand_index=0;primary=true;source=DEFAULT
instruction	004b00e4	FUN_004b00e4	004b02dd	004b02e0	FALL_THROUGH	FUN_004b00e4	bytes=83C404;mnemonic=ADD;instruction=ADD ESP,0x4;inputs=ESP,0x0,0x1,0x4,0xff;results=CF,ESP,PF,ZF,SF,OF;flows=;fallthrough=004b02e0
instruction	004b00e4	FUN_004b00e4	004b02e0	004b02e6	FALL_THROUGH	FUN_004b00e4	bytes=8985C4FDFFFF;mnemonic=MOV;instruction=MOV dword ptr [EBP + 0xfffffdc4],EAX;inputs=EAX,EBP,0xfffffdc4;results=;flows=;fallthrough=004b02e6
instruction_reference	004b00e4	FUN_004b00e4	004b02e0	Stack[-0x240]	WRITE		operand_index=0;primary=true;source=ANALYSIS
instruction	004b00e4	FUN_004b00e4	004b02e6	004b02ec	FALL_THROUGH	FUN_004b00e4	bytes=8B85C4FDFFFF;mnemonic=MOV;instruction=MOV EAX,dword ptr [EBP + 0xfffffdc4];inputs=EBP,0xfffffdc4;results=EAX;flows=;fallthrough=004b02ec
instruction_reference	004b00e4	FUN_004b00e4	004b02e6	Stack[-0x240]	READ		operand_index=1;primary=true;source=ANALYSIS
instruction	004b00e4	FUN_004b00e4	004b02ec	004b02ed	FALL_THROUGH	FUN_004b00e4	bytes=50;mnemonic=PUSH;instruction=PUSH EAX;inputs=EAX,ESP,0x4;results=ESP;flows=;fallthrough=004b02ed
instruction	004b00e4	FUN_004b00e4	004b02ed	004b02f2	UNCONDITIONAL_CALL	FUN_004b00e4	bytes=E8ACFB0D00;mnemonic=CALL;instruction=CALL 0x0058fe9e;inputs=ESP,0x4,0x4b02f2;results=ESP;flows=0058fe9e;fallthrough=004b02f2
instruction_reference	004b00e4	FUN_004b00e4	004b02ed	0058fe9e	UNCONDITIONAL_CALL	_malloc	operand_index=0;primary=true;source=DEFAULT
instruction	004b00e4	FUN_004b00e4	004b02f2	004b02f5	FALL_THROUGH	FUN_004b00e4	bytes=83C404;mnemonic=ADD;instruction=ADD ESP,0x4;inputs=ESP,0x0,0x1,0x4,0xff;results=CF,ESP,PF,ZF,SF,OF;flows=;fallthrough=004b02f5
instruction	004b00e4	FUN_004b00e4	004b02f5	004b02fb	FALL_THROUGH	FUN_004b00e4	bytes=8B8DF4FDFFFF;mnemonic=MOV;instruction=MOV ECX,dword ptr [EBP + 0xfffffdf4];inputs=EBP,0xfffffdf4;results=ECX;flows=;fallthrough=004b02fb
instruction_reference	004b00e4	FUN_004b00e4	004b02f5	Stack[-0x210]	READ		operand_index=1;primary=true;source=ANALYSIS
instruction	004b00e4	FUN_004b00e4	004b02fb	004b0301	FALL_THROUGH	FUN_004b00e4	bytes=69C984030000;mnemonic=IMUL;instruction=IMUL ECX,ECX,0x384;inputs=0x0,ECX,0x384,0x4;results=CF,ECX,OF;flows=;fallthrough=004b0301
instruction	004b00e4	FUN_004b00e4	004b0301	004b0307	FALL_THROUGH	FUN_004b00e4	bytes=8981A0A46500;mnemonic=MOV;instruction=MOV dword ptr [ECX + 0x65a4a0],EAX;inputs=EAX,ECX,0x65a4a0;results=;flows=;fallthrough=004b0307
instruction_reference	004b00e4	FUN_004b00e4	004b0301	0065a4a0	DATA	DAT_0065a4a0	operand_index=0;primary=true;source=ANALYSIS
instruction	004b00e4	FUN_004b00e4	004b0307	004b030d	FALL_THROUGH	FUN_004b00e4	bytes=8B95C4FDFFFF;mnemonic=MOV;instruction=MOV EDX,dword ptr [EBP + 0xfffffdc4];inputs=EBP,0xfffffdc4;results=EDX;flows=;fallthrough=004b030d
instruction_reference	004b00e4	FUN_004b00e4	004b0307	Stack[-0x240]	READ		operand_index=1;primary=true;source=ANALYSIS
instruction	004b00e4	FUN_004b00e4	004b030d	004b030e	FALL_THROUGH	FUN_004b00e4	bytes=52;mnemonic=PUSH;instruction=PUSH EDX;inputs=ESP,0x4,EDX;results=ESP;flows=;fallthrough=004b030e
instruction	004b00e4	FUN_004b00e4	004b030e	004b0314	FALL_THROUGH	FUN_004b00e4	bytes=8B85F4FDFFFF;mnemonic=MOV;instruction=MOV EAX,dword ptr [EBP + 0xfffffdf4];inputs=EBP,0xfffffdf4;results=EAX;flows=;fallthrough=004b0314
instruction_reference	004b00e4	FUN_004b00e4	004b030e	Stack[-0x210]	READ		operand_index=1;primary=true;source=ANALYSIS
instruction	004b00e4	FUN_004b00e4	004b0314	004b031a	FALL_THROUGH	FUN_004b00e4	bytes=69C084030000;mnemonic=IMUL;instruction=IMUL EAX,EAX,0x384;inputs=EAX,0x0,0x384,0x4;results=EAX,CF,OF;flows=;fallthrough=004b031a
instruction	004b00e4	FUN_004b00e4	004b031a	004b0320	FALL_THROUGH	FUN_004b00e4	bytes=8B88A0A46500;mnemonic=MOV;instruction=MOV ECX,dword ptr [EAX + 0x65a4a0];inputs=EAX,0x65a4a0;results=ECX;flows=;fallthrough=004b0320
instruction_reference	004b00e4	FUN_004b00e4	004b031a	0065a4a0	DATA	DAT_0065a4a0	operand_index=1;primary=true;source=ANALYSIS
instruction	004b00e4	FUN_004b00e4	004b0320	004b0321	FALL_THROUGH	FUN_004b00e4	bytes=51;mnemonic=PUSH;instruction=PUSH ECX;inputs=ESP,ECX,0x4;results=ESP;flows=;fallthrough=004b0321
instruction	004b00e4	FUN_004b00e4	004b0321	004b0327	FALL_THROUGH	FUN_004b00e4	bytes=8B95CCFDFFFF;mnemonic=MOV;instruction=MOV EDX,dword ptr [EBP + 0xfffffdcc];inputs=0xfffffdcc,EBP;results=EDX;flows=;fallthrough=004b0327
instruction_reference	004b00e4	FUN_004b00e4	004b0321	Stack[-0x238]	READ		operand_index=1;primary=true;source=ANALYSIS
instruction	004b00e4	FUN_004b00e4	004b0327	004b0328	FALL_THROUGH	FUN_004b00e4	bytes=52;mnemonic=PUSH;instruction=PUSH EDX;inputs=ESP,0x4,EDX;results=ESP;flows=;fallthrough=004b0328
instruction	004b00e4	FUN_004b00e4	004b0328	004b032d	UNCONDITIONAL_CALL	FUN_004b00e4	bytes=E89CF50D00;mnemonic=CALL;instruction=CALL 0x0058f8c9;inputs=ESP,0x4,0x4b032d;results=ESP;flows=0058f8c9;fallthrough=004b032d
instruction_reference	004b00e4	FUN_004b00e4	004b0328	0058f8c9	UNCONDITIONAL_CALL	FUN_0058f8c9	operand_index=0;primary=true;source=DEFAULT
instruction	004b00e4	FUN_004b00e4	004b032d	004b0330	FALL_THROUGH	FUN_004b00e4	bytes=83C40C;mnemonic=ADD;instruction=ADD ESP,0xc;inputs=ESP,0x0,0x1,0xc,0xff;results=CF,ESP,PF,ZF,SF,OF;flows=;fallthrough=004b0330
instruction	004b00e4	FUN_004b00e4	004b0330	004b0336	FALL_THROUGH	FUN_004b00e4	bytes=8B85CCFDFFFF;mnemonic=MOV;instruction=MOV EAX,dword ptr [EBP + 0xfffffdcc];inputs=0xfffffdcc,EBP;results=EAX;flows=;fallthrough=004b0336
instruction_reference	004b00e4	FUN_004b00e4	004b0330	Stack[-0x238]	READ		operand_index=1;primary=true;source=ANALYSIS
instruction	004b00e4	FUN_004b00e4	004b0336	004b0337	FALL_THROUGH	FUN_004b00e4	bytes=50;mnemonic=PUSH;instruction=PUSH EAX;inputs=EAX,ESP,0x4;results=ESP;flows=;fallthrough=004b0337
instruction	004b00e4	FUN_004b00e4	004b0337	004b033c	UNCONDITIONAL_CALL	FUN_004b00e4	bytes=E823F40D00;mnemonic=CALL;instruction=CALL 0x0058f75f;inputs=ESP,0x4,0x4b033c;results=ESP;flows=0058f75f;fallthrough=004b033c
instruction_reference	004b00e4	FUN_004b00e4	004b0337	0058f75f	UNCONDITIONAL_CALL	FUN_0058f75f	operand_index=0;primary=true;source=DEFAULT
instruction	004b00e4	FUN_004b00e4	004b033c	004b033f	FALL_THROUGH	FUN_004b00e4	bytes=83C404;mnemonic=ADD;instruction=ADD ESP,0x4;inputs=ESP,0x0,0x1,0x4,0xff;results=CF,ESP,PF,ZF,SF,OF;flows=;fallthrough=004b033f
instruction	004b00e4	FUN_004b00e4	004b033f	004b0345	FALL_THROUGH	FUN_004b00e4	bytes=8B85C4FDFFFF;mnemonic=MOV;instruction=MOV EAX,dword ptr [EBP + 0xfffffdc4];inputs=EBP,0xfffffdc4;results=EAX;flows=;fallthrough=004b0345
instruction_reference	004b00e4	FUN_004b00e4	004b033f	Stack[-0x240]	READ		operand_index=1;primary=true;source=ANALYSIS
instruction	004b00e4	FUN_004b00e4	004b0345	004b0346	FALL_THROUGH	FUN_004b00e4	bytes=99;mnemonic=CDQ;instruction=CDQ;inputs=EAX,0x4;results=EDX;flows=;fallthrough=004b0346
instruction	004b00e4	FUN_004b00e4	004b0346	004b0349	FALL_THROUGH	FUN_004b00e4	bytes=83E207;mnemonic=AND;instruction=AND EDX,0x7;inputs=0x0,0x1,0x7,EDX,0xff;results=CF,PF,ZF,SF,EDX,OF;flows=;fallthrough=004b0349
instruction	004b00e4	FUN_004b00e4	004b0349	004b034b	FALL_THROUGH	FUN_004b00e4	bytes=03C2;mnemonic=ADD;instruction=ADD EAX,EDX;inputs=EAX,0x0,0x1,EDX,0xff;results=CF,EAX,PF,ZF,SF,OF;flows=;fallthrough=004b034b
instruction	004b00e4	FUN_004b00e4	004b034b	004b034e	FALL_THROUGH	FUN_004b00e4	bytes=C1F803;mnemonic=SAR;instruction=SAR EAX,0x3;inputs=EAX,0x0,CF,0x1,PF,0x3,ZF,SF,OF,0x1f,0xff;results=EAX,CF,PF,ZF,SF,OF;flows=;fallthrough=004b034e
instruction	004b00e4	FUN_004b00e4	004b034e	004b0354	FALL_THROUGH	FUN_004b00e4	bytes=8B8DF4FDFFFF;mnemonic=MOV;instruction=MOV ECX,dword ptr [EBP + 0xfffffdf4];inputs=EBP,0xfffffdf4;results=ECX;flows=;fallthrough=004b0354
instruction_reference	004b00e4	FUN_004b00e4	004b034e	Stack[-0x210]	READ		operand_index=1;primary=true;source=ANALYSIS
instruction	004b00e4	FUN_004b00e4	004b0354	004b035a	FALL_THROUGH	FUN_004b00e4	bytes=69C984030000;mnemonic=IMUL;instruction=IMUL ECX,ECX,0x384;inputs=0x0,ECX,0x384,0x4;results=CF,ECX,OF;flows=;fallthrough=004b035a
instruction	004b00e4	FUN_004b00e4	004b035a	004b0360	FALL_THROUGH	FUN_004b00e4	bytes=898198A46500;mnemonic=MOV;instruction=MOV dword ptr [ECX + 0x65a498],EAX;inputs=EAX,ECX,0x65a498;results=;flows=;fallthrough=004b0360
instruction_reference	004b00e4	FUN_004b00e4	004b035a	0065a498	DATA	DAT_0065a498	operand_index=0;primary=true;source=ANALYSIS
instruction	004b00e4	FUN_004b00e4	004b0360	004b036a	FALL_THROUGH	FUN_004b00e4	bytes=C785C8FDFFFF00000000;mnemonic=MOV;instruction=MOV dword ptr [EBP + 0xfffffdc8],0x0;inputs=0x0,EBP,0xfffffdc8;results=;flows=;fallthrough=004b036a
instruction_reference	004b00e4	FUN_004b00e4	004b0360	Stack[-0x23c]	WRITE		operand_index=0;primary=true;source=ANALYSIS
instruction	004b00e4	FUN_004b00e4	004b036a	004b0374	FALL_THROUGH	FUN_004b00e4	bytes=C785D4FDFFFF00000000;mnemonic=MOV;instruction=MOV dword ptr [EBP + 0xfffffdd4],0x0;inputs=0x0,EBP,0xfffffdd4;results=;flows=;fallthrough=004b0374
instruction_reference	004b00e4	FUN_004b00e4	004b036a	Stack[-0x230]	WRITE		operand_index=0;primary=true;source=ANALYSIS
instruction	004b00e4	FUN_004b00e4	004b0374	004b037e	FALL_THROUGH	FUN_004b00e4	bytes=C785D8FDFFFF00000000;mnemonic=MOV;instruction=MOV dword ptr [EBP + 0xfffffdd8],0x0;inputs=0x0,EBP,0xfffffdd8;results=;flows=;fallthrough=004b037e
instruction_reference	004b00e4	FUN_004b00e4	004b0374	Stack[-0x22c]	WRITE		operand_index=0;primary=true;source=ANALYSIS
instruction	004b00e4	FUN_004b00e4	004b037e		UNCONDITIONAL_JUMP	FUN_004b00e4	bytes=EB0F;mnemonic=JMP;instruction=JMP 0x004b038f;inputs=;results=;flows=004b038f;fallthrough=
instruction_reference	004b00e4	FUN_004b00e4	004b037e	004b038f	UNCONDITIONAL_JUMP	LAB_004b038f	operand_index=0;primary=true;source=DEFAULT
instruction	004b00e4	FUN_004b00e4	004b0380	004b0386	FALL_THROUGH	FUN_004b00e4	bytes=8B95D8FDFFFF;mnemonic=MOV;instruction=MOV EDX,dword ptr [EBP + 0xfffffdd8];inputs=EBP,0xfffffdd8;results=EDX;flows=;fallthrough=004b0386
instruction_reference	004b00e4	FUN_004b00e4	004b0380	Stack[-0x22c]	READ		operand_index=1;primary=true;source=ANALYSIS
instruction	004b00e4	FUN_004b00e4	004b0386	004b0389	FALL_THROUGH	FUN_004b00e4	bytes=83C201;mnemonic=ADD;instruction=ADD EDX,0x1;inputs=0x0,0x1,EDX,0xff;results=CF,PF,ZF,SF,EDX,OF;flows=;fallthrough=004b0389
instruction	004b00e4	FUN_004b00e4	004b0389	004b038f	FALL_THROUGH	FUN_004b00e4	bytes=8995D8FDFFFF;mnemonic=MOV;instruction=MOV dword ptr [EBP + 0xfffffdd8],EDX;inputs=EBP,0xfffffdd8,EDX;results=;flows=;fallthrough=004b038f
instruction_reference	004b00e4	FUN_004b00e4	004b0389	Stack[-0x22c]	WRITE		operand_index=0;primary=true;source=ANALYSIS
instruction	004b00e4	FUN_004b00e4	004b038f	004b0395	FALL_THROUGH	FUN_004b00e4	bytes=8B85F4FDFFFF;mnemonic=MOV;instruction=MOV EAX,dword ptr [EBP + 0xfffffdf4];inputs=EBP,0xfffffdf4;results=EAX;flows=;fallthrough=004b0395
instruction_reference	004b00e4	FUN_004b00e4	004b038f	Stack[-0x210]	READ		operand_index=1;primary=true;source=ANALYSIS
instruction	004b00e4	FUN_004b00e4	004b0395	004b039b	FALL_THROUGH	FUN_004b00e4	bytes=69C084030000;mnemonic=IMUL;instruction=IMUL EAX,EAX,0x384;inputs=EAX,0x0,0x384,0x4;results=EAX,CF,OF;flows=;fallthrough=004b039b
instruction	004b00e4	FUN_004b00e4	004b039b	004b03a1	FALL_THROUGH	FUN_004b00e4	bytes=8B8DD8FDFFFF;mnemonic=MOV;instruction=MOV ECX,dword ptr [EBP + 0xfffffdd8];inputs=EBP,0xfffffdd8;results=ECX;flows=;fallthrough=004b03a1
instruction_reference	004b00e4	FUN_004b00e4	004b039b	Stack[-0x22c]	READ		operand_index=1;primary=true;source=ANALYSIS
instruction	004b00e4	FUN_004b00e4	004b03a1	004b03a7	FALL_THROUGH	FUN_004b00e4	bytes=3B88A4A46500;mnemonic=CMP;instruction=CMP ECX,dword ptr [EAX + 0x65a4a4];inputs=EAX,0x0,0x65a4a4,0x1,ECX,0xff;results=CF,PF,ZF,SF,OF;flows=;fallthrough=004b03a7
instruction_reference	004b00e4	FUN_004b00e4	004b03a1	0065a4a4	DATA	DAT_0065a4a4	operand_index=1;primary=true;source=ANALYSIS
instruction	004b00e4	FUN_004b00e4	004b03a7	004b03ad	CONDITIONAL_JUMP	FUN_004b00e4	bytes=0F8DF1000000;mnemonic=JGE;instruction=JGE 0x004b049e;inputs=SF,OF;results=;flows=004b049e;fallthrough=004b03ad
instruction_reference	004b00e4	FUN_004b00e4	004b03a7	004b049e	CONDITIONAL_JUMP	LAB_004b049e	operand_index=0;primary=true;source=DEFAULT
instruction	004b00e4	FUN_004b00e4	004b03ad	004b03b3	FALL_THROUGH	FUN_004b00e4	bytes=8B95F4FDFFFF;mnemonic=MOV;instruction=MOV EDX,dword ptr [EBP + 0xfffffdf4];inputs=EBP,0xfffffdf4;results=EDX;flows=;fallthrough=004b03b3
instruction_reference	004b00e4	FUN_004b00e4	004b03ad	Stack[-0x210]	READ		operand_index=1;primary=true;source=ANALYSIS
instruction	004b00e4	FUN_004b00e4	004b03b3	004b03b9	FALL_THROUGH	FUN_004b00e4	bytes=69D2E8020000;mnemonic=IMUL;instruction=IMUL EDX,EDX,0x2e8;inputs=0x0,0x4,EDX,0x2e8;results=CF,EDX,OF;flows=;fallthrough=004b03b9
instruction	004b00e4	FUN_004b00e4	004b03b9	004b03bf	FALL_THROUGH	FUN_004b00e4	bytes=8B8518FDFFFF;mnemonic=MOV;instruction=MOV EAX,dword ptr [EBP + 0xfffffd18];inputs=EBP,0xfffffd18;results=EAX;flows=;fallthrough=004b03bf
instruction_reference	004b00e4	FUN_004b00e4	004b03b9	Stack[-0x2ec]	READ		operand_index=1;primary=true;source=ANALYSIS
instruction	004b00e4	FUN_004b00e4	004b03bf	004b03c6	FALL_THROUGH	FUN_004b00e4	bytes=8D8C10C8770500;mnemonic=LEA;instruction=LEA ECX,[EAX + EDX*0x1 + 0x577c8];inputs=EAX,0x1,EDX,0x577c8;results=ECX;flows=;fallthrough=004b03c6
instruction	004b00e4	FUN_004b00e4	004b03c6	004b03cc	FALL_THROUGH	FUN_004b00e4	bytes=8B95D8FDFFFF;mnemonic=MOV;instruction=MOV EDX,dword ptr [EBP + 0xfffffdd8];inputs=EBP,0xfffffdd8;results=EDX;flows=;fallthrough=004b03cc
instruction_reference	004b00e4	FUN_004b00e4	004b03c6	Stack[-0x22c]	READ		operand_index=1;primary=true;source=ANALYSIS
instruction	004b00e4	FUN_004b00e4	004b03cc	004b03cf	FALL_THROUGH	FUN_004b00e4	bytes=8B0491;mnemonic=MOV;instruction=MOV EAX,dword ptr [ECX + EDX*0x4];inputs=0x4,ECX,EDX;results=EAX;flows=;fallthrough=004b03cf
instruction	004b00e4	FUN_004b00e4	004b03cf	004b03d2	FALL_THROUGH	FUN_004b00e4	bytes=83C001;mnemonic=ADD;instruction=ADD EAX,0x1;inputs=EAX,0x0,0x1,0xff;results=CF,EAX,PF,ZF,SF,OF;flows=;fallthrough=004b03d2
instruction	004b00e4	FUN_004b00e4	004b03d2	004b03d3	FALL_THROUGH	FUN_004b00e4	bytes=50;mnemonic=PUSH;instruction=PUSH EAX;inputs=EAX,ESP,0x4;results=ESP;flows=;fallthrough=004b03d3
instruction	004b00e4	FUN_004b00e4	004b03d3	004b03d9	FALL_THROUGH	FUN_004b00e4	bytes=8B8DF4FDFFFF;mnemonic=MOV;instruction=MOV ECX,dword ptr [EBP + 0xfffffdf4];inputs=EBP,0xfffffdf4;results=ECX;flows=;fallthrough=004b03d9
instruction_reference	004b00e4	FUN_004b00e4	004b03d3	Stack[-0x210]	READ		operand_index=1;primary=true;source=ANALYSIS
instruction	004b00e4	FUN_004b00e4	004b03d9	004b03df	FALL_THROUGH	FUN_004b00e4	bytes=69C984030000;mnemonic=IMUL;instruction=IMUL ECX,ECX,0x384;inputs=0x0,ECX,0x384,0x4;results=CF,ECX,OF;flows=;fallthrough=004b03df
instruction	004b00e4	FUN_004b00e4	004b03df	004b03e5	FALL_THROUGH	FUN_004b00e4	bytes=81C118A46500;mnemonic=ADD;instruction=ADD ECX,0x65a418;inputs=0x0,0x1,ECX,0x65a418,0xff;results=CF,PF,ECX,ZF,SF,OF;flows=;fallthrough=004b03e5
instruction_reference	004b00e4	FUN_004b00e4	004b03df	0065a418	DATA	DAT_0065a418	operand_index=1;primary=true;source=ANALYSIS
instruction	004b00e4	FUN_004b00e4	004b03e5	004b03e6	FALL_THROUGH	FUN_004b00e4	bytes=51;mnemonic=PUSH;instruction=PUSH ECX;inputs=ESP,ECX,0x4;results=ESP;flows=;fallthrough=004b03e6
instruction	004b00e4	FUN_004b00e4	004b03e6	004b03eb	FALL_THROUGH	FUN_004b00e4	bytes=68289A5B00;mnemonic=PUSH;instruction=PUSH 0x5b9a28;inputs=ESP,0x5b9a28,0x4;results=ESP;flows=;fallthrough=004b03eb
instruction_reference	004b00e4	FUN_004b00e4	004b03e6	005b9a28	DATA	s_%s%04d.ani_005b9a28	operand_index=0;primary=true;source=ANALYSIS
instruction	004b00e4	FUN_004b00e4	004b03eb	004b03f1	FALL_THROUGH	FUN_004b00e4	bytes=8D9500FFFFFF;mnemonic=LEA;instruction=LEA EDX,[EBP + 0xffffff00];inputs=EBP,0xffffff00;results=EDX;flows=;fallthrough=004b03f1
instruction_reference	004b00e4	FUN_004b00e4	004b03eb	Stack[-0x104]	DATA		operand_index=0;primary=true;source=ANALYSIS
instruction	004b00e4	FUN_004b00e4	004b03f1	004b03f2	FALL_THROUGH	FUN_004b00e4	bytes=52;mnemonic=PUSH;instruction=PUSH EDX;inputs=ESP,0x4,EDX;results=ESP;flows=;fallthrough=004b03f2
instruction	004b00e4	FUN_004b00e4	004b03f2	004b03f7	UNCONDITIONAL_CALL	FUN_004b00e4	bytes=E881EC0D00;mnemonic=CALL;instruction=CALL 0x0058f078;inputs=ESP,0x4,0x4b03f7;results=ESP;flows=0058f078;fallthrough=004b03f7
instruction_reference	004b00e4	FUN_004b00e4	004b03f2	0058f078	UNCONDITIONAL_CALL	FUN_0058f078	operand_index=0;primary=true;source=DEFAULT
instruction	004b00e4	FUN_004b00e4	004b03f7	004b03fa	FALL_THROUGH	FUN_004b00e4	bytes=83C410;mnemonic=ADD;instruction=ADD ESP,0x10;inputs=ESP,0x10,0x0,0x1,0xff;results=CF,ESP,PF,ZF,SF,OF;flows=;fallthrough=004b03fa
instruction	004b00e4	FUN_004b00e4	004b03fa	004b03fc	FALL_THROUGH	FUN_004b00e4	bytes=6A00;mnemonic=PUSH;instruction=PUSH 0x0;inputs=0x0,ESP,0x4;results=ESP;flows=;fallthrough=004b03fc
instruction	004b00e4	FUN_004b00e4	004b03fc	004b0401	FALL_THROUGH	FUN_004b00e4	bytes=6800800000;mnemonic=PUSH;instruction=PUSH 0x8000;inputs=0x8000,ESP,0x4;results=ESP;flows=;fallthrough=004b0401
instruction	004b00e4	FUN_004b00e4	004b0401	004b0407	FALL_THROUGH	FUN_004b00e4	bytes=8D8500FFFFFF;mnemonic=LEA;instruction=LEA EAX,[EBP + 0xffffff00];inputs=EBP,0xffffff00;results=EAX;flows=;fallthrough=004b0407
instruction_reference	004b00e4	FUN_004b00e4	004b0401	Stack[-0x104]	DATA		operand_index=0;primary=true;source=ANALYSIS
instruction	004b00e4	FUN_004b00e4	004b0407	004b0408	FALL_THROUGH	FUN_004b00e4	bytes=50;mnemonic=PUSH;instruction=PUSH EAX;inputs=EAX,ESP,0x4;results=ESP;flows=;fallthrough=004b0408
instruction	004b00e4	FUN_004b00e4	004b0408	004b040d	UNCONDITIONAL_CALL	FUN_004b00e4	bytes=E8FAF60D00;mnemonic=CALL;instruction=CALL 0x0058fb07;inputs=ESP,0x4,0x4b040d;results=ESP;flows=0058fb07;fallthrough=004b040d
instruction_reference	004b00e4	FUN_004b00e4	004b0408	0058fb07	UNCONDITIONAL_CALL	FUN_0058fb07	operand_index=0;primary=true;source=DEFAULT
instruction	004b00e4	FUN_004b00e4	004b040d	004b0410	FALL_THROUGH	FUN_004b00e4	bytes=83C40C;mnemonic=ADD;instruction=ADD ESP,0xc;inputs=ESP,0x0,0x1,0xc,0xff;results=CF,ESP,PF,ZF,SF,OF;flows=;fallthrough=004b0410
instruction	004b00e4	FUN_004b00e4	004b0410	004b0416	FALL_THROUGH	FUN_004b00e4	bytes=8985CCFDFFFF;mnemonic=MOV;instruction=MOV dword ptr [EBP + 0xfffffdcc],EAX;inputs=EAX,0xfffffdcc,EBP;results=;flows=;fallthrough=004b0416
instruction_reference	004b00e4	FUN_004b00e4	004b0410	Stack[-0x238]	WRITE		operand_index=0;primary=true;source=ANALYSIS
instruction	004b00e4	FUN_004b00e4	004b0416	004b041d	FALL_THROUGH	FUN_004b00e4	bytes=83BDCCFDFFFF00;mnemonic=CMP;instruction=CMP dword ptr [EBP + 0xfffffdcc],0x0;inputs=0x0,0x1,0xfffffdcc,EBP,0xff;results=CF,PF,ZF,SF,OF;flows=;fallthrough=004b041d
instruction_reference	004b00e4	FUN_004b00e4	004b0416	Stack[-0x238]	READ		operand_index=0;primary=true;source=ANALYSIS
instruction	004b00e4	FUN_004b00e4	004b041d	004b041f	CONDITIONAL_JUMP	FUN_004b00e4	bytes=7D05;mnemonic=JGE;instruction=JGE 0x004b0424;inputs=SF,OF;results=;flows=004b0424;fallthrough=004b041f
instruction_reference	004b00e4	FUN_004b00e4	004b041d	004b0424	CONDITIONAL_JUMP	LAB_004b0424	operand_index=0;primary=true;source=DEFAULT
instruction	004b00e4	FUN_004b00e4	004b041f		UNCONDITIONAL_JUMP	FUN_004b00e4	bytes=E95CFFFFFF;mnemonic=JMP;instruction=JMP 0x004b0380;inputs=;results=;flows=004b0380;fallthrough=
instruction_reference	004b00e4	FUN_004b00e4	004b041f	004b0380	UNCONDITIONAL_JUMP	LAB_004b0380	operand_index=0;primary=true;source=DEFAULT
instruction	004b00e4	FUN_004b00e4	004b0424	004b042e	FALL_THROUGH	FUN_004b00e4	bytes=C785C0FDFFFF00000000;mnemonic=MOV;instruction=MOV dword ptr [EBP + 0xfffffdc0],0x0;inputs=0x0,EBP,0xfffffdc0;results=;flows=;fallthrough=004b042e
instruction_reference	004b00e4	FUN_004b00e4	004b0424	Stack[-0x244]	WRITE		operand_index=0;primary=true;source=ANALYSIS
instruction	004b00e4	FUN_004b00e4	004b042e	004b0430	FALL_THROUGH	FUN_004b00e4	bytes=6A04;mnemonic=PUSH;instruction=PUSH 0x4;inputs=ESP,0x4;results=ESP;flows=;fallthrough=004b0430
instruction	004b00e4	FUN_004b00e4	004b0430	004b0436	FALL_THROUGH	FUN_004b00e4	bytes=8D8DC0FDFFFF;mnemonic=LEA;instruction=LEA ECX,[EBP + 0xfffffdc0];inputs=EBP,0xfffffdc0;results=ECX;flows=;fallthrough=004b0436
instruction_reference	004b00e4	FUN_004b00e4	004b0430	Stack[-0x244]	DATA		operand_index=0;primary=true;source=ANALYSIS
instruction	004b00e4	FUN_004b00e4	004b0436	004b0437	FALL_THROUGH	FUN_004b00e4	bytes=51;mnemonic=PUSH;instruction=PUSH ECX;inputs=ESP,ECX,0x4;results=ESP;flows=;fallthrough=004b0437
instruction	004b00e4	FUN_004b00e4	004b0437	004b043d	FALL_THROUGH	FUN_004b00e4	bytes=8B95CCFDFFFF;mnemonic=MOV;instruction=MOV EDX,dword ptr [EBP + 0xfffffdcc];inputs=0xfffffdcc,EBP;results=EDX;flows=;fallthrough=004b043d
instruction_reference	004b00e4	FUN_004b00e4	004b0437	Stack[-0x238]	READ		operand_index=1;primary=true;source=ANALYSIS
instruction	004b00e4	FUN_004b00e4	004b043d	004b043e	FALL_THROUGH	FUN_004b00e4	bytes=52;mnemonic=PUSH;instruction=PUSH EDX;inputs=ESP,0x4,EDX;results=ESP;flows=;fallthrough=004b043e
instruction	004b00e4	FUN_004b00e4	004b043e	004b0443	UNCONDITIONAL_CALL	FUN_004b00e4	bytes=E886F40D00;mnemonic=CALL;instruction=CALL 0x0058f8c9;inputs=ESP,0x4,0x4b0443;results=ESP;flows=0058f8c9;fallthrough=004b0443
instruction_reference	004b00e4	FUN_004b00e4	004b043e	0058f8c9	UNCONDITIONAL_CALL	FUN_0058f8c9	operand_index=0;primary=true;source=DEFAULT
instruction	004b00e4	FUN_004b00e4	004b0443	004b0446	FALL_THROUGH	FUN_004b00e4	bytes=83C40C;mnemonic=ADD;instruction=ADD ESP,0xc;inputs=ESP,0x0,0x1,0xc,0xff;results=CF,ESP,PF,ZF,SF,OF;flows=;fallthrough=004b0446
instruction	004b00e4	FUN_004b00e4	004b0446	004b0448	FALL_THROUGH	FUN_004b00e4	bytes=6A04;mnemonic=PUSH;instruction=PUSH 0x4;inputs=ESP,0x4;results=ESP;flows=;fallthrough=004b0448
instruction	004b00e4	FUN_004b00e4	004b0448	004b044e	FALL_THROUGH	FUN_004b00e4	bytes=8B85F4FDFFFF;mnemonic=MOV;instruction=MOV EAX,dword ptr [EBP + 0xfffffdf4];inputs=EBP,0xfffffdf4;results=EAX;flows=;fallthrough=004b044e
instruction_reference	004b00e4	FUN_004b00e4	004b0448	Stack[-0x210]	READ		operand_index=1;primary=true;source=ANALYSIS
instruction	004b00e4	FUN_004b00e4	004b044e	004b0454	FALL_THROUGH	FUN_004b00e4	bytes=69C084030000;mnemonic=IMUL;instruction=IMUL EAX,EAX,0x384;inputs=EAX,0x0,0x384,0x4;results=EAX,CF,OF;flows=;fallthrough=004b0454
instruction	004b00e4	FUN_004b00e4	004b0454	004b0459	FALL_THROUGH	FUN_004b00e4	bytes=0590A76500;mnemonic=ADD;instruction=ADD EAX,0x65a790;inputs=EAX,0x0,0x1,0x65a790,0xff;results=CF,EAX,PF,ZF,SF,OF;flows=;fallthrough=004b0459
instruction_reference	004b00e4	FUN_004b00e4	004b0454	0065a790	DATA	DAT_0065a790	operand_index=1;primary=true;source=ANALYSIS
instruction	004b00e4	FUN_004b00e4	004b0459	004b045a	FALL_THROUGH	FUN_004b00e4	bytes=50;mnemonic=PUSH;instruction=PUSH EAX;inputs=EAX,ESP,0x4;results=ESP;flows=;fallthrough=004b045a
instruction	004b00e4	FUN_004b00e4	004b045a	004b0460	FALL_THROUGH	FUN_004b00e4	bytes=8B8DCCFDFFFF;mnemonic=MOV;instruction=MOV ECX,dword ptr [EBP + 0xfffffdcc];inputs=0xfffffdcc,EBP;results=ECX;flows=;fallthrough=004b0460
instruction_reference	004b00e4	FUN_004b00e4	004b045a	Stack[-0x238]	READ		operand_index=1;primary=true;source=ANALYSIS
instruction	004b00e4	FUN_004b00e4	004b0460	004b0461	FALL_THROUGH	FUN_004b00e4	bytes=51;mnemonic=PUSH;instruction=PUSH ECX;inputs=ESP,ECX,0x4;results=ESP;flows=;fallthrough=004b0461
instruction	004b00e4	FUN_004b00e4	004b0461	004b0466	UNCONDITIONAL_CALL	FUN_004b00e4	bytes=E863F40D00;mnemonic=CALL;instruction=CALL 0x0058f8c9;inputs=ESP,0x4,0x4b0466;results=ESP;flows=0058f8c9;fallthrough=004b0466
instruction_reference	004b00e4	FUN_004b00e4	004b0461	0058f8c9	UNCONDITIONAL_CALL	FUN_0058f8c9	operand_index=0;primary=true;source=DEFAULT
instruction	004b00e4	FUN_004b00e4	004b0466	004b0469	FALL_THROUGH	FUN_004b00e4	bytes=83C40C;mnemonic=ADD;instruction=ADD ESP,0xc;inputs=ESP,0x0,0x1,0xc,0xff;results=CF,ESP,PF,ZF,SF,OF;flows=;fallthrough=004b0469
instruction	004b00e4	FUN_004b00e4	004b0469	004b046f	FALL_THROUGH	FUN_004b00e4	bytes=8B95CCFDFFFF;mnemonic=MOV;instruction=MOV EDX,dword ptr [EBP + 0xfffffdcc];inputs=0xfffffdcc,EBP;results=EDX;flows=;fallthrough=004b046f
instruction_reference	004b00e4	FUN_004b00e4	004b0469	Stack[-0x238]	READ		operand_index=1;primary=true;source=ANALYSIS
instruction	004b00e4	FUN_004b00e4	004b046f	004b0470	FALL_THROUGH	FUN_004b00e4	bytes=52;mnemonic=PUSH;instruction=PUSH EDX;inputs=ESP,0x4,EDX;results=ESP;flows=;fallthrough=004b0470
instruction	004b00e4	FUN_004b00e4	004b0470	004b0475	UNCONDITIONAL_CALL	FUN_004b00e4	bytes=E8EAF20D00;mnemonic=CALL;instruction=CALL 0x0058f75f;inputs=ESP,0x4,0x4b0475;results=ESP;flows=0058f75f;fallthrough=004b0475
instruction_reference	004b00e4	FUN_004b00e4	004b0470	0058f75f	UNCONDITIONAL_CALL	FUN_0058f75f	operand_index=0;primary=true;source=DEFAULT
instruction	004b00e4	FUN_004b00e4	004b0475	004b0478	FALL_THROUGH	FUN_004b00e4	bytes=83C404;mnemonic=ADD;instruction=ADD ESP,0x4;inputs=ESP,0x0,0x1,0x4,0xff;results=CF,ESP,PF,ZF,SF,OF;flows=;fallthrough=004b0478
instruction	004b00e4	FUN_004b00e4	004b0478	004b047e	FALL_THROUGH	FUN_004b00e4	bytes=8B85D0FDFFFF;mnemonic=MOV;instruction=MOV EAX,dword ptr [EBP + 0xfffffdd0];inputs=EBP,0xfffffdd0;results=EAX;flows=;fallthrough=004b047e
instruction_reference	004b00e4	FUN_004b00e4	004b0478	Stack[-0x234]	READ		operand_index=1;primary=true;source=ANALYSIS
instruction	004b00e4	FUN_004b00e4	004b047e	004b0484	FALL_THROUGH	FUN_004b00e4	bytes=0385C0FDFFFF;mnemonic=ADD;instruction=ADD EAX,dword ptr [EBP + 0xfffffdc0];inputs=EAX,0x0,0x1,EBP,0xfffffdc0,0xff;results=CF,EAX,PF,ZF,SF,OF;flows=;fallthrough=004b0484
instruction_reference	004b00e4	FUN_004b00e4	004b047e	Stack[-0x244]	READ		operand_index=1;primary=true;source=ANALYSIS
instruction	004b00e4	FUN_004b00e4	004b0484	004b048a	FALL_THROUGH	FUN_004b00e4	bytes=8985D0FDFFFF;mnemonic=MOV;instruction=MOV dword ptr [EBP + 0xfffffdd0],EAX;inputs=EAX,EBP,0xfffffdd0;results=;flows=;fallthrough=004b048a
instruction_reference	004b00e4	FUN_004b00e4	004b0484	Stack[-0x234]	WRITE		operand_index=0;primary=true;source=ANALYSIS
instruction	004b00e4	FUN_004b00e4	004b048a	004b0490	FALL_THROUGH	FUN_004b00e4	bytes=8B8DC8FDFFFF;mnemonic=MOV;instruction=MOV ECX,dword ptr [EBP + 0xfffffdc8];inputs=EBP,0xfffffdc8;results=ECX;flows=;fallthrough=004b0490
instruction_reference	004b00e4	FUN_004b00e4	004b048a	Stack[-0x23c]	READ		operand_index=1;primary=true;source=ANALYSIS
instruction	004b00e4	FUN_004b00e4	004b0490	004b0493	FALL_THROUGH	FUN_004b00e4	bytes=83C101;mnemonic=ADD;instruction=ADD ECX,0x1;inputs=0x0,0x1,ECX,0xff;results=CF,PF,ECX,ZF,SF,OF;flows=;fallthrough=004b0493
instruction	004b00e4	FUN_004b00e4	004b0493	004b0499	FALL_THROUGH	FUN_004b00e4	bytes=898DC8FDFFFF;mnemonic=MOV;instruction=MOV dword ptr [EBP + 0xfffffdc8],ECX;inputs=EBP,ECX,0xfffffdc8;results=;flows=;fallthrough=004b0499
instruction_reference	004b00e4	FUN_004b00e4	004b0493	Stack[-0x23c]	WRITE		operand_index=0;primary=true;source=ANALYSIS
instruction	004b00e4	FUN_004b00e4	004b0499		UNCONDITIONAL_JUMP	FUN_004b00e4	bytes=E9E2FEFFFF;mnemonic=JMP;instruction=JMP 0x004b0380;inputs=;results=;flows=004b0380;fallthrough=
instruction_reference	004b00e4	FUN_004b00e4	004b0499	004b0380	UNCONDITIONAL_JUMP	LAB_004b0380	operand_index=0;primary=true;source=DEFAULT
instruction	004b00e4	FUN_004b00e4	004b049e	004b04a4	FALL_THROUGH	FUN_004b00e4	bytes=8B95D0FDFFFF;mnemonic=MOV;instruction=MOV EDX,dword ptr [EBP + 0xfffffdd0];inputs=EBP,0xfffffdd0;results=EDX;flows=;fallthrough=004b04a4
instruction_reference	004b00e4	FUN_004b00e4	004b049e	Stack[-0x234]	READ		operand_index=1;primary=true;source=ANALYSIS
instruction	004b00e4	FUN_004b00e4	004b04a4	004b04aa	FALL_THROUGH	FUN_004b00e4	bytes=8915AC036700;mnemonic=MOV;instruction=MOV dword ptr [0x006703ac],EDX;inputs=EDX;results=006703ac;flows=;fallthrough=004b04aa
instruction_reference	004b00e4	FUN_004b00e4	004b04a4	006703ac	WRITE	DAT_006703ac	operand_index=0;primary=true;source=DEFAULT
instruction	004b00e4	FUN_004b00e4	004b04aa	004b04b0	FALL_THROUGH	FUN_004b00e4	bytes=8B85D0FDFFFF;mnemonic=MOV;instruction=MOV EAX,dword ptr [EBP + 0xfffffdd0];inputs=EBP,0xfffffdd0;results=EAX;flows=;fallthrough=004b04b0
instruction_reference	004b00e4	FUN_004b00e4	004b04aa	Stack[-0x234]	READ		operand_index=1;primary=true;source=ANALYSIS
instruction	004b00e4	FUN_004b00e4	004b04b0	004b04b3	FALL_THROUGH	FUN_004b00e4	bytes=C1E006;mnemonic=SHL;instruction=SHL EAX,0x6;inputs=EAX,0x0,CF,0x1,PF,0x6,ZF,SF,OF,0x1f,0xff;results=EAX,CF,PF,ZF,SF,OF;flows=;fallthrough=004b04b3
instruction	004b00e4	FUN_004b00e4	004b04b3	004b04b9	FALL_THROUGH	FUN_004b00e4	bytes=8B8DF4FDFFFF;mnemonic=MOV;instruction=MOV ECX,dword ptr [EBP + 0xfffffdf4];inputs=EBP,0xfffffdf4;results=ECX;flows=;fallthrough=004b04b9
instruction_reference	004b00e4	FUN_004b00e4	004b04b3	Stack[-0x210]	READ		operand_index=1;primary=true;source=ANALYSIS
instruction	004b00e4	FUN_004b00e4	004b04b9	004b04bf	FALL_THROUGH	FUN_004b00e4	bytes=69C984030000;mnemonic=IMUL;instruction=IMUL ECX,ECX,0x384;inputs=0x0,ECX,0x384,0x4;results=CF,ECX,OF;flows=;fallthrough=004b04bf
instruction	004b00e4	FUN_004b00e4	004b04bf	004b04c6	FALL_THROUGH	FUN_004b00e4	bytes=0FAF8190A76500;mnemonic=IMUL;instruction=IMUL EAX,dword ptr [ECX + 0x65a790];inputs=EAX,0x0,ECX,0x4,0x65a790;results=EAX,CF,OF;flows=;fallthrough=004b04c6
instruction_reference	004b00e4	FUN_004b00e4	004b04bf	0065a790	DATA	DAT_0065a790	operand_index=1;primary=true;source=ANALYSIS
instruction	004b00e4	FUN_004b00e4	004b04c6	004b04cc	FALL_THROUGH	FUN_004b00e4	bytes=8985DCFDFFFF;mnemonic=MOV;instruction=MOV dword ptr [EBP + 0xfffffddc],EAX;inputs=EAX,0xfffffddc,EBP;results=;flows=;fallthrough=004b04cc
instruction_reference	004b00e4	FUN_004b00e4	004b04c6	Stack[-0x228]	WRITE		operand_index=0;primary=true;source=ANALYSIS
instruction	004b00e4	FUN_004b00e4	004b04cc	004b04d2	FALL_THROUGH	FUN_004b00e4	bytes=8B95DCFDFFFF;mnemonic=MOV;instruction=MOV EDX,dword ptr [EBP + 0xfffffddc];inputs=0xfffffddc,EBP;results=EDX;flows=;fallthrough=004b04d2
instruction_reference	004b00e4	FUN_004b00e4	004b04cc	Stack[-0x228]	READ		operand_index=1;primary=true;source=ANALYSIS
instruction	004b00e4	FUN_004b00e4	004b04d2	004b04d3	FALL_THROUGH	FUN_004b00e4	bytes=52;mnemonic=PUSH;instruction=PUSH EDX;inputs=ESP,0x4,EDX;results=ESP;flows=;fallthrough=004b04d3
instruction	004b00e4	FUN_004b00e4	004b04d3	004b04d8	UNCONDITIONAL_CALL	FUN_004b00e4	bytes=E8C6F90D00;mnemonic=CALL;instruction=CALL 0x0058fe9e;inputs=ESP,0x4b04d8,0x4;results=ESP;flows=0058fe9e;fallthrough=004b04d8
instruction_reference	004b00e4	FUN_004b00e4	004b04d3	0058fe9e	UNCONDITIONAL_CALL	_malloc	operand_index=0;primary=true;source=DEFAULT
instruction	004b00e4	FUN_004b00e4	004b04d8	004b04db	FALL_THROUGH	FUN_004b00e4	bytes=83C404;mnemonic=ADD;instruction=ADD ESP,0x4;inputs=ESP,0x0,0x1,0x4,0xff;results=CF,ESP,PF,ZF,SF,OF;flows=;fallthrough=004b04db
instruction	004b00e4	FUN_004b00e4	004b04db	004b04e1	FALL_THROUGH	FUN_004b00e4	bytes=8B8DF4FDFFFF;mnemonic=MOV;instruction=MOV ECX,dword ptr [EBP + 0xfffffdf4];inputs=EBP,0xfffffdf4;results=ECX;flows=;fallthrough=004b04e1
instruction_reference	004b00e4	FUN_004b00e4	004b04db	Stack[-0x210]	READ		operand_index=1;primary=true;source=ANALYSIS
instruction	004b00e4	FUN_004b00e4	004b04e1	004b04e7	FALL_THROUGH	FUN_004b00e4	bytes=69C984030000;mnemonic=IMUL;instruction=IMUL ECX,ECX,0x384;inputs=0x0,ECX,0x384,0x4;results=CF,ECX,OF;flows=;fallthrough=004b04e7
instruction	004b00e4	FUN_004b00e4	004b04e7	004b04ed	FALL_THROUGH	FUN_004b00e4	bytes=898194A76500;mnemonic=MOV;instruction=MOV dword ptr [ECX + 0x65a794],EAX;inputs=EAX,0x65a794,ECX;results=;flows=;fallthrough=004b04ed
instruction_reference	004b00e4	FUN_004b00e4	004b04e7	0065a794	DATA	DAT_0065a794	operand_index=0;primary=true;source=ANALYSIS
instruction	004b00e4	FUN_004b00e4	004b04ed	004b04f4	FALL_THROUGH	FUN_004b00e4	bytes=83BDF4FDFFFF01;mnemonic=CMP;instruction=CMP dword ptr [EBP + 0xfffffdf4],0x1;inputs=0x0,0x1,EBP,0xfffffdf4,0xff;results=CF,PF,ZF,SF,OF;flows=;fallthrough=004b04f4
instruction_reference	004b00e4	FUN_004b00e4	004b04ed	Stack[-0x210]	READ		operand_index=0;primary=true;source=ANALYSIS
instruction	004b00e4	FUN_004b00e4	004b04f4	004b04f6	CONDITIONAL_JUMP	FUN_004b00e4	bytes=7409;mnemonic=JZ;instruction=JZ 0x004b04ff;inputs=ZF;results=;flows=004b04ff;fallthrough=004b04f6
instruction_reference	004b00e4	FUN_004b00e4	004b04f4	004b04ff	CONDITIONAL_JUMP	LAB_004b04ff	operand_index=0;primary=true;source=DEFAULT
instruction	004b00e4	FUN_004b00e4	004b04f6	004b04fd	FALL_THROUGH	FUN_004b00e4	bytes=83BDF4FDFFFF00;mnemonic=CMP;instruction=CMP dword ptr [EBP + 0xfffffdf4],0x0;inputs=0x0,0x1,EBP,0xfffffdf4,0xff;results=CF,PF,ZF,SF,OF;flows=;fallthrough=004b04fd
instruction_reference	004b00e4	FUN_004b00e4	004b04f6	Stack[-0x210]	READ		operand_index=0;primary=true;source=ANALYSIS
instruction	004b00e4	FUN_004b00e4	004b04fd	004b04ff	CONDITIONAL_JUMP	FUN_004b00e4	bytes=7543;mnemonic=JNZ;instruction=JNZ 0x004b0542;inputs=ZF;results=;flows=004b0542;fallthrough=004b04ff
instruction_reference	004b00e4	FUN_004b00e4	004b04fd	004b0542	CONDITIONAL_JUMP	LAB_004b0542	operand_index=0;primary=true;source=DEFAULT
instruction	004b00e4	FUN_004b00e4	004b04ff	004b0505	FALL_THROUGH	FUN_004b00e4	bytes=8B95D0FDFFFF;mnemonic=MOV;instruction=MOV EDX,dword ptr [EBP + 0xfffffdd0];inputs=EBP,0xfffffdd0;results=EDX;flows=;fallthrough=004b0505
instruction_reference	004b00e4	FUN_004b00e4	004b04ff	Stack[-0x234]	READ		operand_index=1;primary=true;source=ANALYSIS
instruction	004b00e4	FUN_004b00e4	004b0505	004b0508	FALL_THROUGH	FUN_004b00e4	bytes=C1E204;mnemonic=SHL;instruction=SHL EDX,0x4;inputs=0x0,CF,0x1,PF,0x4,ZF,SF,EDX,OF,0x1f,0xff;results=CF,PF,ZF,SF,EDX,OF;flows=;fallthrough=004b0508
instruction	004b00e4	FUN_004b00e4	004b0508	004b050e	FALL_THROUGH	FUN_004b00e4	bytes=8B85F4FDFFFF;mnemonic=MOV;instruction=MOV EAX,dword ptr [EBP + 0xfffffdf4];inputs=EBP,0xfffffdf4;results=EAX;flows=;fallthrough=004b050e
instruction_reference	004b00e4	FUN_004b00e4	004b0508	Stack[-0x210]	READ		operand_index=1;primary=true;source=ANALYSIS
instruction	004b00e4	FUN_004b00e4	004b050e	004b0514	FALL_THROUGH	FUN_004b00e4	bytes=69C084030000;mnemonic=IMUL;instruction=IMUL EAX,EAX,0x384;inputs=EAX,0x0,0x384,0x4;results=EAX,CF,OF;flows=;fallthrough=004b0514
instruction	004b00e4	FUN_004b00e4	004b0514	004b051b	FALL_THROUGH	FUN_004b00e4	bytes=0FAF9090A76500;mnemonic=IMUL;instruction=IMUL EDX,dword ptr [EAX + 0x65a790];inputs=EAX,0x0,0x4,0x65a790,EDX;results=CF,EDX,OF;flows=;fallthrough=004b051b
instruction_reference	004b00e4	FUN_004b00e4	004b0514	0065a790	DATA	DAT_0065a790	operand_index=1;primary=true;source=ANALYSIS
instruction	004b00e4	FUN_004b00e4	004b051b	004b0521	FALL_THROUGH	FUN_004b00e4	bytes=8995BCFDFFFF;mnemonic=MOV;instruction=MOV dword ptr [EBP + 0xfffffdbc],EDX;inputs=0xfffffdbc,EBP,EDX;results=;flows=;fallthrough=004b0521
instruction_reference	004b00e4	FUN_004b00e4	004b051b	Stack[-0x248]	WRITE		operand_index=0;primary=true;source=ANALYSIS
instruction	004b00e4	FUN_004b00e4	004b0521	004b0527	FALL_THROUGH	FUN_004b00e4	bytes=8B8DBCFDFFFF;mnemonic=MOV;instruction=MOV ECX,dword ptr [EBP + 0xfffffdbc];inputs=0xfffffdbc,EBP;results=ECX;flows=;fallthrough=004b0527
instruction_reference	004b00e4	FUN_004b00e4	004b0521	Stack[-0x248]	READ		operand_index=1;primary=true;source=ANALYSIS
instruction	004b00e4	FUN_004b00e4	004b0527	004b0528	FALL_THROUGH	FUN_004b00e4	bytes=51;mnemonic=PUSH;instruction=PUSH ECX;inputs=ESP,ECX,0x4;results=ESP;flows=;fallthrough=004b0528
instruction	004b00e4	FUN_004b00e4	004b0528	004b052d	UNCONDITIONAL_CALL	FUN_004b00e4	bytes=E871F90D00;mnemonic=CALL;instruction=CALL 0x0058fe9e;inputs=ESP,0x4,0x4b052d;results=ESP;flows=0058fe9e;fallthrough=004b052d
instruction_reference	004b00e4	FUN_004b00e4	004b0528	0058fe9e	UNCONDITIONAL_CALL	_malloc	operand_index=0;primary=true;source=DEFAULT
instruction	004b00e4	FUN_004b00e4	004b052d	004b0530	FALL_THROUGH	FUN_004b00e4	bytes=83C404;mnemonic=ADD;instruction=ADD ESP,0x4;inputs=ESP,0x0,0x1,0x4,0xff;results=CF,ESP,PF,ZF,SF,OF;flows=;fallthrough=004b0530
instruction	004b00e4	FUN_004b00e4	004b0530	004b0536	FALL_THROUGH	FUN_004b00e4	bytes=8B95F4FDFFFF;mnemonic=MOV;instruction=MOV EDX,dword ptr [EBP + 0xfffffdf4];inputs=EBP,0xfffffdf4;results=EDX;flows=;fallthrough=004b0536
instruction_reference	004b00e4	FUN_004b00e4	004b0530	Stack[-0x210]	READ		operand_index=1;primary=true;source=ANALYSIS
instruction	004b00e4	FUN_004b00e4	004b0536	004b053c	FALL_THROUGH	FUN_004b00e4	bytes=69D284030000;mnemonic=IMUL;instruction=IMUL EDX,EDX,0x384;inputs=0x0,0x384,0x4,EDX;results=CF,EDX,OF;flows=;fallthrough=004b053c
instruction	004b00e4	FUN_004b00e4	004b053c	004b0542	FALL_THROUGH	FUN_004b00e4	bytes=898298A76500;mnemonic=MOV;instruction=MOV dword ptr [EDX + 0x65a798],EAX;inputs=EAX,EDX,0x65a798;results=;flows=;fallthrough=004b0542
instruction_reference	004b00e4	FUN_004b00e4	004b053c	0065a798	DATA	DAT_0065a798	operand_index=0;primary=true;source=ANALYSIS
instruction	004b00e4	FUN_004b00e4	004b0542	004b054c	FALL_THROUGH	FUN_004b00e4	bytes=C785D4FDFFFF00000000;mnemonic=MOV;instruction=MOV dword ptr [EBP + 0xfffffdd4],0x0;inputs=0x0,EBP,0xfffffdd4;results=;flows=;fallthrough=004b054c
instruction_reference	004b00e4	FUN_004b00e4	004b0542	Stack[-0x230]	WRITE		operand_index=0;primary=true;source=ANALYSIS
instruction	004b00e4	FUN_004b00e4	004b054c	004b0556	FALL_THROUGH	FUN_004b00e4	bytes=C785C8FDFFFF00000000;mnemonic=MOV;instruction=MOV dword ptr [EBP + 0xfffffdc8],0x0;inputs=0x0,EBP,0xfffffdc8;results=;flows=;fallthrough=004b0556
instruction_reference	004b00e4	FUN_004b00e4	004b054c	Stack[-0x23c]	WRITE		operand_index=0;primary=true;source=ANALYSIS
instruction	004b00e4	FUN_004b00e4	004b0556	004b0560	FALL_THROUGH	FUN_004b00e4	bytes=C785E0FDFFFF00000000;mnemonic=MOV;instruction=MOV dword ptr [EBP + 0xfffffde0],0x0;inputs=0x0,EBP,0xfffffde0;results=;flows=;fallthrough=004b0560
instruction_reference	004b00e4	FUN_004b00e4	004b0556	Stack[-0x224]	WRITE		operand_index=0;primary=true;source=ANALYSIS
instruction	004b00e4	FUN_004b00e4	004b0560	004b056a	FALL_THROUGH	FUN_004b00e4	bytes=C785D8FDFFFF00000000;mnemonic=MOV;instruction=MOV dword ptr [EBP + 0xfffffdd8],0x0;inputs=0x0,EBP,0xfffffdd8;results=;flows=;fallthrough=004b056a
instruction_reference	004b00e4	FUN_004b00e4	004b0560	Stack[-0x22c]	WRITE		operand_index=0;primary=true;source=ANALYSIS
instruction	004b00e4	FUN_004b00e4	004b056a		UNCONDITIONAL_JUMP	FUN_004b00e4	bytes=EB0F;mnemonic=JMP;instruction=JMP 0x004b057b;inputs=;results=;flows=004b057b;fallthrough=
instruction_reference	004b00e4	FUN_004b00e4	004b056a	004b057b	UNCONDITIONAL_JUMP	LAB_004b057b	operand_index=0;primary=true;source=DEFAULT
instruction	004b00e4	FUN_004b00e4	004b056c	004b0572	FALL_THROUGH	FUN_004b00e4	bytes=8B85D8FDFFFF;mnemonic=MOV;instruction=MOV EAX,dword ptr [EBP + 0xfffffdd8];inputs=EBP,0xfffffdd8;results=EAX;flows=;fallthrough=004b0572
instruction_reference	004b00e4	FUN_004b00e4	004b056c	Stack[-0x22c]	READ		operand_index=1;primary=true;source=ANALYSIS
instruction	004b00e4	FUN_004b00e4	004b0572	004b0575	FALL_THROUGH	FUN_004b00e4	bytes=83C001;mnemonic=ADD;instruction=ADD EAX,0x1;inputs=EAX,0x0,0x1,0xff;results=CF,EAX,PF,ZF,SF,OF;flows=;fallthrough=004b0575
instruction	004b00e4	FUN_004b00e4	004b0575	004b057b	FALL_THROUGH	FUN_004b00e4	bytes=8985D8FDFFFF;mnemonic=MOV;instruction=MOV dword ptr [EBP + 0xfffffdd8],EAX;inputs=EAX,EBP,0xfffffdd8;results=;flows=;fallthrough=004b057b
instruction_reference	004b00e4	FUN_004b00e4	004b0575	Stack[-0x22c]	WRITE		operand_index=0;primary=true;source=ANALYSIS
instruction	004b00e4	FUN_004b00e4	004b057b	004b0581	FALL_THROUGH	FUN_004b00e4	bytes=8B8DF4FDFFFF;mnemonic=MOV;instruction=MOV ECX,dword ptr [EBP + 0xfffffdf4];inputs=EBP,0xfffffdf4;results=ECX;flows=;fallthrough=004b0581
instruction_reference	004b00e4	FUN_004b00e4	004b057b	Stack[-0x210]	READ		operand_index=1;primary=true;source=ANALYSIS
instruction	004b00e4	FUN_004b00e4	004b0581	004b0587	FALL_THROUGH	FUN_004b00e4	bytes=69C984030000;mnemonic=IMUL;instruction=IMUL ECX,ECX,0x384;inputs=0x0,ECX,0x384,0x4;results=CF,ECX,OF;flows=;fallthrough=004b0587
instruction	004b00e4	FUN_004b00e4	004b0587	004b058d	FALL_THROUGH	FUN_004b00e4	bytes=8B95D8FDFFFF;mnemonic=MOV;instruction=MOV EDX,dword ptr [EBP + 0xfffffdd8];inputs=EBP,0xfffffdd8;results=EDX;flows=;fallthrough=004b058d
instruction_reference	004b00e4	FUN_004b00e4	004b0587	Stack[-0x22c]	READ		operand_index=1;primary=true;source=ANALYSIS
instruction	004b00e4	FUN_004b00e4	004b058d	004b0593	FALL_THROUGH	FUN_004b00e4	bytes=3B91A4A46500;mnemonic=CMP;instruction=CMP EDX,dword ptr [ECX + 0x65a4a4];inputs=0x0,0x65a4a4,0x1,ECX,EDX,0xff;results=CF,PF,ZF,SF,OF;flows=;fallthrough=004b0593
instruction_reference	004b00e4	FUN_004b00e4	004b058d	0065a4a4	DATA	DAT_0065a4a4	operand_index=1;primary=true;source=ANALYSIS
instruction	004b00e4	FUN_004b00e4	004b0593	004b0599	CONDITIONAL_JUMP	FUN_004b00e4	bytes=0F8D530E0000;mnemonic=JGE;instruction=JGE 0x004b13ec;inputs=SF,OF;results=;flows=004b13ec;fallthrough=004b0599
instruction_reference	004b00e4	FUN_004b00e4	004b0593	004b13ec	CONDITIONAL_JUMP	LAB_004b13ec	operand_index=0;primary=true;source=DEFAULT
instruction	004b00e4	FUN_004b00e4	004b0599	004b059f	FALL_THROUGH	FUN_004b00e4	bytes=8B85F4FDFFFF;mnemonic=MOV;instruction=MOV EAX,dword ptr [EBP + 0xfffffdf4];inputs=EBP,0xfffffdf4;results=EAX;flows=;fallthrough=004b059f
instruction_reference	004b00e4	FUN_004b00e4	004b0599	Stack[-0x210]	READ		operand_index=1;primary=true;source=ANALYSIS
instruction	004b00e4	FUN_004b00e4	004b059f	004b05a5	FALL_THROUGH	FUN_004b00e4	bytes=69C0E8020000;mnemonic=IMUL;instruction=IMUL EAX,EAX,0x2e8;inputs=EAX,0x0,0x4,0x2e8;results=EAX,CF,OF;flows=;fallthrough=004b05a5
instruction	004b00e4	FUN_004b00e4	004b05a5	004b05ab	FALL_THROUGH	FUN_004b00e4	bytes=8B8D18FDFFFF;mnemonic=MOV;instruction=MOV ECX,dword ptr [EBP + 0xfffffd18];inputs=EBP,0xfffffd18;results=ECX;flows=;fallthrough=004b05ab
instruction_reference	004b00e4	FUN_004b00e4	004b05a5	Stack[-0x2ec]	READ		operand_index=1;primary=true;source=ANALYSIS
instruction	004b00e4	FUN_004b00e4	004b05ab	004b05b2	FALL_THROUGH	FUN_004b00e4	bytes=8D9401C8770500;mnemonic=LEA;instruction=LEA EDX,[ECX + EAX*0x1 + 0x577c8];inputs=EAX,0x1,ECX,0x577c8;results=EDX;flows=;fallthrough=004b05b2
instruction	004b00e4	FUN_004b00e4	004b05b2	004b05b8	FALL_THROUGH	FUN_004b00e4	bytes=8B85D8FDFFFF;mnemonic=MOV;instruction=MOV EAX,dword ptr [EBP + 0xfffffdd8];inputs=EBP,0xfffffdd8;results=EAX;flows=;fallthrough=004b05b8
instruction_reference	004b00e4	FUN_004b00e4	004b05b2	Stack[-0x22c]	READ		operand_index=1;primary=true;source=ANALYSIS
instruction	004b00e4	FUN_004b00e4	004b05b8	004b05bb	FALL_THROUGH	FUN_004b00e4	bytes=8B0C82;mnemonic=MOV;instruction=MOV ECX,dword ptr [EDX + EAX*0x4];inputs=EAX,0x4,EDX;results=ECX;flows=;fallthrough=004b05bb
instruction	004b00e4	FUN_004b00e4	004b05bb	004b05be	FALL_THROUGH	FUN_004b00e4	bytes=83C101;mnemonic=ADD;instruction=ADD ECX,0x1;inputs=0x0,0x1,ECX,0xff;results=CF,PF,ECX,ZF,SF,OF;flows=;fallthrough=004b05be
instruction	004b00e4	FUN_004b00e4	004b05be	004b05bf	FALL_THROUGH	FUN_004b00e4	bytes=51;mnemonic=PUSH;instruction=PUSH ECX;inputs=ESP,ECX,0x4;results=ESP;flows=;fallthrough=004b05bf
instruction	004b00e4	FUN_004b00e4	004b05bf	004b05c5	FALL_THROUGH	FUN_004b00e4	bytes=8B95F4FDFFFF;mnemonic=MOV;instruction=MOV EDX,dword ptr [EBP + 0xfffffdf4];inputs=EBP,0xfffffdf4;results=EDX;flows=;fallthrough=004b05c5
instruction_reference	004b00e4	FUN_004b00e4	004b05bf	Stack[-0x210]	READ		operand_index=1;primary=true;source=ANALYSIS
instruction	004b00e4	FUN_004b00e4	004b05c5	004b05cb	FALL_THROUGH	FUN_004b00e4	bytes=69D284030000;mnemonic=IMUL;instruction=IMUL EDX,EDX,0x384;inputs=0x0,0x384,0x4,EDX;results=CF,EDX,OF;flows=;fallthrough=004b05cb
instruction	004b00e4	FUN_004b00e4	004b05cb	004b05d1	FALL_THROUGH	FUN_004b00e4	bytes=81C218A46500;mnemonic=ADD;instruction=ADD EDX,0x65a418;inputs=0x0,0x1,EDX,0x65a418,0xff;results=CF,PF,ZF,SF,EDX,OF;flows=;fallthrough=004b05d1
instruction_reference	004b00e4	FUN_004b00e4	004b05cb	0065a418	DATA	DAT_0065a418	operand_index=1;primary=true;source=ANALYSIS
instruction	004b00e4	FUN_004b00e4	004b05d1	004b05d2	FALL_THROUGH	FUN_004b00e4	bytes=52;mnemonic=PUSH;instruction=PUSH EDX;inputs=ESP,0x4,EDX;results=ESP;flows=;fallthrough=004b05d2
instruction	004b00e4	FUN_004b00e4	004b05d2	004b05d7	FALL_THROUGH	FUN_004b00e4	bytes=68349A5B00;mnemonic=PUSH;instruction=PUSH 0x5b9a34;inputs=ESP,0x4,0x5b9a34;results=ESP;flows=;fallthrough=004b05d7
instruction_reference	004b00e4	FUN_004b00e4	004b05d2	005b9a34	DATA	s_%s%04d.ani_005b9a34	operand_index=0;primary=true;source=ANALYSIS
instruction	004b00e4	FUN_004b00e4	004b05d7	004b05dd	FALL_THROUGH	FUN_004b00e4	bytes=8D8500FFFFFF;mnemonic=LEA;instruction=LEA EAX,[EBP + 0xffffff00];inputs=EBP,0xffffff00;results=EAX;flows=;fallthrough=004b05dd
instruction_reference	004b00e4	FUN_004b00e4	004b05d7	Stack[-0x104]	DATA		operand_index=0;primary=true;source=ANALYSIS
instruction	004b00e4	FUN_004b00e4	004b05dd	004b05de	FALL_THROUGH	FUN_004b00e4	bytes=50;mnemonic=PUSH;instruction=PUSH EAX;inputs=EAX,ESP,0x4;results=ESP;flows=;fallthrough=004b05de
instruction	004b00e4	FUN_004b00e4	004b05de	004b05e3	UNCONDITIONAL_CALL	FUN_004b00e4	bytes=E895EA0D00;mnemonic=CALL;instruction=CALL 0x0058f078;inputs=ESP,0x4,0x4b05e3;results=ESP;flows=0058f078;fallthrough=004b05e3
instruction_reference	004b00e4	FUN_004b00e4	004b05de	0058f078	UNCONDITIONAL_CALL	FUN_0058f078	operand_index=0;primary=true;source=DEFAULT
instruction	004b00e4	FUN_004b00e4	004b05e3	004b05e6	FALL_THROUGH	FUN_004b00e4	bytes=83C410;mnemonic=ADD;instruction=ADD ESP,0x10;inputs=ESP,0x10,0x0,0x1,0xff;results=CF,ESP,PF,ZF,SF,OF;flows=;fallthrough=004b05e6
instruction	004b00e4	FUN_004b00e4	004b05e6	004b05e8	FALL_THROUGH	FUN_004b00e4	bytes=6A00;mnemonic=PUSH;instruction=PUSH 0x0;inputs=0x0,ESP,0x4;results=ESP;flows=;fallthrough=004b05e8
instruction	004b00e4	FUN_004b00e4	004b05e8	004b05ed	FALL_THROUGH	FUN_004b00e4	bytes=6800800000;mnemonic=PUSH;instruction=PUSH 0x8000;inputs=0x8000,ESP,0x4;results=ESP;flows=;fallthrough=004b05ed
instruction	004b00e4	FUN_004b00e4	004b05ed	004b05f3	FALL_THROUGH	FUN_004b00e4	bytes=8D8D00FFFFFF;mnemonic=LEA;instruction=LEA ECX,[EBP + 0xffffff00];inputs=EBP,0xffffff00;results=ECX;flows=;fallthrough=004b05f3
instruction_reference	004b00e4	FUN_004b00e4	004b05ed	Stack[-0x104]	DATA		operand_index=0;primary=true;source=ANALYSIS
instruction	004b00e4	FUN_004b00e4	004b05f3	004b05f4	FALL_THROUGH	FUN_004b00e4	bytes=51;mnemonic=PUSH;instruction=PUSH ECX;inputs=ESP,ECX,0x4;results=ESP;flows=;fallthrough=004b05f4
instruction	004b00e4	FUN_004b00e4	004b05f4	004b05f9	UNCONDITIONAL_CALL	FUN_004b00e4	bytes=E80EF50D00;mnemonic=CALL;instruction=CALL 0x0058fb07;inputs=ESP,0x4b05f9,0x4;results=ESP;flows=0058fb07;fallthrough=004b05f9
instruction_reference	004b00e4	FUN_004b00e4	004b05f4	0058fb07	UNCONDITIONAL_CALL	FUN_0058fb07	operand_index=0;primary=true;source=DEFAULT
instruction	004b00e4	FUN_004b00e4	004b05f9	004b05fc	FALL_THROUGH	FUN_004b00e4	bytes=83C40C;mnemonic=ADD;instruction=ADD ESP,0xc;inputs=ESP,0x0,0x1,0xc,0xff;results=CF,ESP,PF,ZF,SF,OF;flows=;fallthrough=004b05fc
instruction	004b00e4	FUN_004b00e4	004b05fc	004b0602	FALL_THROUGH	FUN_004b00e4	bytes=8985CCFDFFFF;mnemonic=MOV;instruction=MOV dword ptr [EBP + 0xfffffdcc],EAX;inputs=EAX,0xfffffdcc,EBP;results=;flows=;fallthrough=004b0602
instruction_reference	004b00e4	FUN_004b00e4	004b05fc	Stack[-0x238]	WRITE		operand_index=0;primary=true;source=ANALYSIS
instruction	004b00e4	FUN_004b00e4	004b0602	004b0609	FALL_THROUGH	FUN_004b00e4	bytes=83BDCCFDFFFF00;mnemonic=CMP;instruction=CMP dword ptr [EBP + 0xfffffdcc],0x0;inputs=0x0,0x1,0xfffffdcc,EBP,0xff;results=CF,PF,ZF,SF,OF;flows=;fallthrough=004b0609
instruction_reference	004b00e4	FUN_004b00e4	004b0602	Stack[-0x238]	READ		operand_index=0;primary=true;source=ANALYSIS
instruction	004b00e4	FUN_004b00e4	004b0609	004b060b	CONDITIONAL_JUMP	FUN_004b00e4	bytes=7D05;mnemonic=JGE;instruction=JGE 0x004b0610;inputs=SF,OF;results=;flows=004b0610;fallthrough=004b060b
instruction_reference	004b00e4	FUN_004b00e4	004b0609	004b0610	CONDITIONAL_JUMP	LAB_004b0610	operand_index=0;primary=true;source=DEFAULT
instruction	004b00e4	FUN_004b00e4	004b060b		UNCONDITIONAL_JUMP	FUN_004b00e4	bytes=E95CFFFFFF;mnemonic=JMP;instruction=JMP 0x004b056c;inputs=;results=;flows=004b056c;fallthrough=
instruction_reference	004b00e4	FUN_004b00e4	004b060b	004b056c	UNCONDITIONAL_JUMP	LAB_004b056c	operand_index=0;primary=true;source=DEFAULT
instruction	004b00e4	FUN_004b00e4	004b0610	004b0612	FALL_THROUGH	FUN_004b00e4	bytes=6A04;mnemonic=PUSH;instruction=PUSH 0x4;inputs=ESP,0x4;results=ESP;flows=;fallthrough=004b0612
instruction	004b00e4	FUN_004b00e4	004b0612	004b0618	FALL_THROUGH	FUN_004b00e4	bytes=8D95B8FDFFFF;mnemonic=LEA;instruction=LEA EDX,[EBP + 0xfffffdb8];inputs=EBP,0xfffffdb8;results=EDX;flows=;fallthrough=004b0618
instruction_reference	004b00e4	FUN_004b00e4	004b0612	Stack[-0x24c]	DATA		operand_index=0;primary=true;source=ANALYSIS
instruction	004b00e4	FUN_004b00e4	004b0618	004b0619	FALL_THROUGH	FUN_004b00e4	bytes=52;mnemonic=PUSH;instruction=PUSH EDX;inputs=ESP,0x4,EDX;results=ESP;flows=;fallthrough=004b0619
instruction	004b00e4	FUN_004b00e4	004b0619	004b061f	FALL_THROUGH	FUN_004b00e4	bytes=8B85CCFDFFFF;mnemonic=MOV;instruction=MOV EAX,dword ptr [EBP + 0xfffffdcc];inputs=0xfffffdcc,EBP;results=EAX;flows=;fallthrough=004b061f
instruction_reference	004b00e4	FUN_004b00e4	004b0619	Stack[-0x238]	READ		operand_index=1;primary=true;source=ANALYSIS
instruction	004b00e4	FUN_004b00e4	004b061f	004b0620	FALL_THROUGH	FUN_004b00e4	bytes=50;mnemonic=PUSH;instruction=PUSH EAX;inputs=EAX,ESP,0x4;results=ESP;flows=;fallthrough=004b0620
instruction	004b00e4	FUN_004b00e4	004b0620	004b0625	UNCONDITIONAL_CALL	FUN_004b00e4	bytes=E8A4F20D00;mnemonic=CALL;instruction=CALL 0x0058f8c9;inputs=ESP,0x4,0x4b0625;results=ESP;flows=0058f8c9;fallthrough=004b0625
instruction_reference	004b00e4	FUN_004b00e4	004b0620	0058f8c9	UNCONDITIONAL_CALL	FUN_0058f8c9	operand_index=0;primary=true;source=DEFAULT
instruction	004b00e4	FUN_004b00e4	004b0625	004b0628	FALL_THROUGH	FUN_004b00e4	bytes=83C40C;mnemonic=ADD;instruction=ADD ESP,0xc;inputs=ESP,0x0,0x1,0xc,0xff;results=CF,ESP,PF,ZF,SF,OF;flows=;fallthrough=004b0628
instruction	004b00e4	FUN_004b00e4	004b0628	004b062a	FALL_THROUGH	FUN_004b00e4	bytes=6A04;mnemonic=PUSH;instruction=PUSH 0x4;inputs=ESP,0x4;results=ESP;flows=;fallthrough=004b062a
instruction	004b00e4	FUN_004b00e4	004b062a	004b0630	FALL_THROUGH	FUN_004b00e4	bytes=8B8DF4FDFFFF;mnemonic=MOV;instruction=MOV ECX,dword ptr [EBP + 0xfffffdf4];inputs=EBP,0xfffffdf4;results=ECX;flows=;fallthrough=004b0630
instruction_reference	004b00e4	FUN_004b00e4	004b062a	Stack[-0x210]	READ		operand_index=1;primary=true;source=ANALYSIS
instruction	004b00e4	FUN_004b00e4	004b0630	004b0636	FALL_THROUGH	FUN_004b00e4	bytes=69C984030000;mnemonic=IMUL;instruction=IMUL ECX,ECX,0x384;inputs=0x0,ECX,0x384,0x4;results=CF,ECX,OF;flows=;fallthrough=004b0636
instruction	004b00e4	FUN_004b00e4	004b0636	004b063c	FALL_THROUGH	FUN_004b00e4	bytes=81C190A76500;mnemonic=ADD;instruction=ADD ECX,0x65a790;inputs=0x0,0x1,ECX,0x65a790,0xff;results=CF,PF,ECX,ZF,SF,OF;flows=;fallthrough=004b063c
instruction_reference	004b00e4	FUN_004b00e4	004b0636	0065a790	DATA	DAT_0065a790	operand_index=1;primary=true;source=ANALYSIS
instruction	004b00e4	FUN_004b00e4	004b063c	004b063d	FALL_THROUGH	FUN_004b00e4	bytes=51;mnemonic=PUSH;instruction=PUSH ECX;inputs=ESP,ECX,0x4;results=ESP;flows=;fallthrough=004b063d
instruction	004b00e4	FUN_004b00e4	004b063d	004b0643	FALL_THROUGH	FUN_004b00e4	bytes=8B95CCFDFFFF;mnemonic=MOV;instruction=MOV EDX,dword ptr [EBP + 0xfffffdcc];inputs=0xfffffdcc,EBP;results=EDX;flows=;fallthrough=004b0643
instruction_reference	004b00e4	FUN_004b00e4	004b063d	Stack[-0x238]	READ		operand_index=1;primary=true;source=ANALYSIS
instruction	004b00e4	FUN_004b00e4	004b0643	004b0644	FALL_THROUGH	FUN_004b00e4	bytes=52;mnemonic=PUSH;instruction=PUSH EDX;inputs=ESP,0x4,EDX;results=ESP;flows=;fallthrough=004b0644
instruction	004b00e4	FUN_004b00e4	004b0644	004b0649	UNCONDITIONAL_CALL	FUN_004b00e4	bytes=E880F20D00;mnemonic=CALL;instruction=CALL 0x0058f8c9;inputs=ESP,0x4b0649,0x4;results=ESP;flows=0058f8c9;fallthrough=004b0649
instruction_reference	004b00e4	FUN_004b00e4	004b0644	0058f8c9	UNCONDITIONAL_CALL	FUN_0058f8c9	operand_index=0;primary=true;source=DEFAULT
instruction	004b00e4	FUN_004b00e4	004b0649	004b064c	FALL_THROUGH	FUN_004b00e4	bytes=83C40C;mnemonic=ADD;instruction=ADD ESP,0xc;inputs=ESP,0x0,0x1,0xc,0xff;results=CF,ESP,PF,ZF,SF,OF;flows=;fallthrough=004b064c
instruction	004b00e4	FUN_004b00e4	004b064c	004b0652	FALL_THROUGH	FUN_004b00e4	bytes=8B85F4FDFFFF;mnemonic=MOV;instruction=MOV EAX,dword ptr [EBP + 0xfffffdf4];inputs=EBP,0xfffffdf4;results=EAX;flows=;fallthrough=004b0652
instruction_reference	004b00e4	FUN_004b00e4	004b064c	Stack[-0x210]	READ		operand_index=1;primary=true;source=ANALYSIS
instruction	004b00e4	FUN_004b00e4	004b0652	004b0658	FALL_THROUGH	FUN_004b00e4	bytes=69C084030000;mnemonic=IMUL;instruction=IMUL EAX,EAX,0x384;inputs=EAX,0x0,0x384,0x4;results=EAX,CF,OF;flows=;fallthrough=004b0658
instruction	004b00e4	FUN_004b00e4	004b0658	004b065e	FALL_THROUGH	FUN_004b00e4	bytes=8B8DC8FDFFFF;mnemonic=MOV;instruction=MOV ECX,dword ptr [EBP + 0xfffffdc8];inputs=EBP,0xfffffdc8;results=ECX;flows=;fallthrough=004b065e
instruction_reference	004b00e4	FUN_004b00e4	004b0658	Stack[-0x23c]	READ		operand_index=1;primary=true;source=ANALYSIS
instruction	004b00e4	FUN_004b00e4	004b065e	004b0664	FALL_THROUGH	FUN_004b00e4	bytes=8B95B8FDFFFF;mnemonic=MOV;instruction=MOV EDX,dword ptr [EBP + 0xfffffdb8];inputs=EBP,0xfffffdb8;results=EDX;flows=;fallthrough=004b0664
instruction_reference	004b00e4	FUN_004b00e4	004b065e	Stack[-0x24c]	READ		operand_index=1;primary=true;source=ANALYSIS
instruction	004b00e4	FUN_004b00e4	004b0664	004b066b	FALL_THROUGH	FUN_004b00e4	bytes=899488A8A46500;mnemonic=MOV;instruction=MOV dword ptr [EAX + ECX*0x4 + 0x65a4a8],EDX;inputs=EAX,ECX,0x4,EDX,0x65a4a8;results=;flows=;fallthrough=004b066b
instruction_reference	004b00e4	FUN_004b00e4	004b0664	0065a4a8	DATA	DAT_0065a4a8	operand_index=0;primary=true;source=ANALYSIS
instruction	004b00e4	FUN_004b00e4	004b066b	004b0671	FALL_THROUGH	FUN_004b00e4	bytes=8B85B8FDFFFF;mnemonic=MOV;instruction=MOV EAX,dword ptr [EBP + 0xfffffdb8];inputs=EBP,0xfffffdb8;results=EAX;flows=;fallthrough=004b0671
instruction_reference	004b00e4	FUN_004b00e4	004b066b	Stack[-0x24c]	READ		operand_index=1;primary=true;source=ANALYSIS
instruction	004b00e4	FUN_004b00e4	004b0671	004b0674	FALL_THROUGH	FUN_004b00e4	bytes=C1E006;mnemonic=SHL;instruction=SHL EAX,0x6;inputs=EAX,0x0,CF,0x1,PF,0x6,ZF,SF,OF,0x1f,0xff;results=EAX,CF,PF,ZF,SF,OF;flows=;fallthrough=004b0674
instruction	004b00e4	FUN_004b00e4	004b0674	004b067a	FALL_THROUGH	FUN_004b00e4	bytes=8B8DF4FDFFFF;mnemonic=MOV;instruction=MOV ECX,dword ptr [EBP + 0xfffffdf4];inputs=EBP,0xfffffdf4;results=ECX;flows=;fallthrough=004b067a
instruction_reference	004b00e4	FUN_004b00e4	004b0674	Stack[-0x210]	READ		operand_index=1;primary=true;source=ANALYSIS
instruction	004b00e4	FUN_004b00e4	004b067a	004b0680	FALL_THROUGH	FUN_004b00e4	bytes=69C984030000;mnemonic=IMUL;instruction=IMUL ECX,ECX,0x384;inputs=0x0,ECX,0x384,0x4;results=CF,ECX,OF;flows=;fallthrough=004b0680
instruction	004b00e4	FUN_004b00e4	004b0680	004b0687	FALL_THROUGH	FUN_004b00e4	bytes=0FAF8190A76500;mnemonic=IMUL;instruction=IMUL EAX,dword ptr [ECX + 0x65a790];inputs=EAX,0x0,ECX,0x4,0x65a790;results=EAX,CF,OF;flows=;fallthrough=004b0687
instruction_reference	004b00e4	FUN_004b00e4	004b0680	0065a790	DATA	DAT_0065a790	operand_index=1;primary=true;source=ANALYSIS
instruction	004b00e4	FUN_004b00e4	004b0687	004b0688	FALL_THROUGH	FUN_004b00e4	bytes=50;mnemonic=PUSH;instruction=PUSH EAX;inputs=EAX,ESP,0x4;results=ESP;flows=;fallthrough=004b0688
instruction	004b00e4	FUN_004b00e4	004b0688	004b068e	FALL_THROUGH	FUN_004b00e4	bytes=8B95F4FDFFFF;mnemonic=MOV;instruction=MOV EDX,dword ptr [EBP + 0xfffffdf4];inputs=EBP,0xfffffdf4;results=EDX;flows=;fallthrough=004b068e
instruction_reference	004b00e4	FUN_004b00e4	004b0688	Stack[-0x210]	READ		operand_index=1;primary=true;source=ANALYSIS
instruction	004b00e4	FUN_004b00e4	004b068e	004b0694	FALL_THROUGH	FUN_004b00e4	bytes=69D284030000;mnemonic=IMUL;instruction=IMUL EDX,EDX,0x384;inputs=0x0,0x384,0x4,EDX;results=CF,EDX,OF;flows=;fallthrough=004b0694
instruction	004b00e4	FUN_004b00e4	004b0694	004b069a	FALL_THROUGH	FUN_004b00e4	bytes=8B85E0FDFFFF;mnemonic=MOV;instruction=MOV EAX,dword ptr [EBP + 0xfffffde0];inputs=EBP,0xfffffde0;results=EAX;flows=;fallthrough=004b069a
instruction_reference	004b00e4	FUN_004b00e4	004b0694	Stack[-0x224]	READ		operand_index=1;primary=true;source=ANALYSIS
instruction	004b00e4	FUN_004b00e4	004b069a	004b069d	FALL_THROUGH	FUN_004b00e4	bytes=C1E006;mnemonic=SHL;instruction=SHL EAX,0x6;inputs=EAX,0x0,CF,0x1,PF,0x6,ZF,SF,OF,0x1f,0xff;results=EAX,CF,PF,ZF,SF,OF;flows=;fallthrough=004b069d
instruction	004b00e4	FUN_004b00e4	004b069d	004b06a3	FALL_THROUGH	FUN_004b00e4	bytes=8B8A94A76500;mnemonic=MOV;instruction=MOV ECX,dword ptr [EDX + 0x65a794];inputs=0x65a794,EDX;results=ECX;flows=;fallthrough=004b06a3
instruction_reference	004b00e4	FUN_004b00e4	004b069d	0065a794	DATA	DAT_0065a794	operand_index=1;primary=true;source=ANALYSIS
instruction	004b00e4	FUN_004b00e4	004b06a3	004b06a5	FALL_THROUGH	FUN_004b00e4	bytes=03C8;mnemonic=ADD;instruction=ADD ECX,EAX;inputs=EAX,0x0,0x1,ECX,0xff;results=CF,PF,ECX,ZF,SF,OF;flows=;fallthrough=004b06a5
instruction	004b00e4	FUN_004b00e4	004b06a5	004b06a6	FALL_THROUGH	FUN_004b00e4	bytes=51;mnemonic=PUSH;instruction=PUSH ECX;inputs=ESP,ECX,0x4;results=ESP;flows=;fallthrough=004b06a6
instruction	004b00e4	FUN_004b00e4	004b06a6	004b06ac	FALL_THROUGH	FUN_004b00e4	bytes=8B95CCFDFFFF;mnemonic=MOV;instruction=MOV EDX,dword ptr [EBP + 0xfffffdcc];inputs=0xfffffdcc,EBP;results=EDX;flows=;fallthrough=004b06ac
instruction_reference	004b00e4	FUN_004b00e4	004b06a6	Stack[-0x238]	READ		operand_index=1;primary=true;source=ANALYSIS
instruction	004b00e4	FUN_004b00e4	004b06ac	004b06ad	FALL_THROUGH	FUN_004b00e4	bytes=52;mnemonic=PUSH;instruction=PUSH EDX;inputs=ESP,0x4,EDX;results=ESP;flows=;fallthrough=004b06ad
instruction	004b00e4	FUN_004b00e4	004b06ad	004b06b2	UNCONDITIONAL_CALL	FUN_004b00e4	bytes=E817F20D00;mnemonic=CALL;instruction=CALL 0x0058f8c9;inputs=ESP,0x4,0x4b06b2;results=ESP;flows=0058f8c9;fallthrough=004b06b2
instruction_reference	004b00e4	FUN_004b00e4	004b06ad	0058f8c9	UNCONDITIONAL_CALL	FUN_0058f8c9	operand_index=0;primary=true;source=DEFAULT
instruction	004b00e4	FUN_004b00e4	004b06b2	004b06b5	FALL_THROUGH	FUN_004b00e4	bytes=83C40C;mnemonic=ADD;instruction=ADD ESP,0xc;inputs=ESP,0x0,0x1,0xc,0xff;results=CF,ESP,PF,ZF,SF,OF;flows=;fallthrough=004b06b5
instruction	004b00e4	FUN_004b00e4	004b06b5	004b06bc	FALL_THROUGH	FUN_004b00e4	bytes=83BDF4FDFFFF01;mnemonic=CMP;instruction=CMP dword ptr [EBP + 0xfffffdf4],0x1;inputs=0x0,0x1,EBP,0xfffffdf4,0xff;results=CF,PF,ZF,SF,OF;flows=;fallthrough=004b06bc
instruction_reference	004b00e4	FUN_004b00e4	004b06b5	Stack[-0x210]	READ		operand_index=0;primary=true;source=ANALYSIS
instruction	004b00e4	FUN_004b00e4	004b06bc	004b06be	CONDITIONAL_JUMP	FUN_004b00e4	bytes=740D;mnemonic=JZ;instruction=JZ 0x004b06cb;inputs=ZF;results=;flows=004b06cb;fallthrough=004b06be
instruction_reference	004b00e4	FUN_004b00e4	004b06bc	004b06cb	CONDITIONAL_JUMP	LAB_004b06cb	operand_index=0;primary=true;source=DEFAULT
instruction	004b00e4	FUN_004b00e4	004b06be	004b06c5	FALL_THROUGH	FUN_004b00e4	bytes=83BDF4FDFFFF00;mnemonic=CMP;instruction=CMP dword ptr [EBP + 0xfffffdf4],0x0;inputs=0x0,0x1,EBP,0xfffffdf4,0xff;results=CF,PF,ZF,SF,OF;flows=;fallthrough=004b06c5
instruction_reference	004b00e4	FUN_004b00e4	004b06be	Stack[-0x210]	READ		operand_index=0;primary=true;source=ANALYSIS
instruction	004b00e4	FUN_004b00e4	004b06c5	004b06cb	CONDITIONAL_JUMP	FUN_004b00e4	bytes=0F858B000000;mnemonic=JNZ;instruction=JNZ 0x004b0756;inputs=ZF;results=;flows=004b0756;fallthrough=004b06cb
instruction_reference	004b00e4	FUN_004b00e4	004b06c5	004b0756	CONDITIONAL_JUMP	LAB_004b0756	operand_index=0;primary=true;source=DEFAULT
instruction	004b00e4	FUN_004b00e4	004b06cb	004b06d5	FALL_THROUGH	FUN_004b00e4	bytes=C785B4FDFFFF00000000;mnemonic=MOV;instruction=MOV dword ptr [EBP + 0xfffffdb4],0x0;inputs=0x0,EBP,0xfffffdb4;results=;flows=;fallthrough=004b06d5
instruction_reference	004b00e4	FUN_004b00e4	004b06cb	Stack[-0x250]	WRITE		operand_index=0;primary=true;source=ANALYSIS
instruction	004b00e4	FUN_004b00e4	004b06d5		UNCONDITIONAL_JUMP	FUN_004b00e4	bytes=EB0F;mnemonic=JMP;instruction=JMP 0x004b06e6;inputs=;results=;flows=004b06e6;fallthrough=
instruction_reference	004b00e4	FUN_004b00e4	004b06d5	004b06e6	UNCONDITIONAL_JUMP	LAB_004b06e6	operand_index=0;primary=true;source=DEFAULT
instruction	004b00e4	FUN_004b00e4	004b06d7	004b06dd	FALL_THROUGH	FUN_004b00e4	bytes=8B85B4FDFFFF;mnemonic=MOV;instruction=MOV EAX,dword ptr [EBP + 0xfffffdb4];inputs=EBP,0xfffffdb4;results=EAX;flows=;fallthrough=004b06dd
instruction_reference	004b00e4	FUN_004b00e4	004b06d7	Stack[-0x250]	READ		operand_index=1;primary=true;source=ANALYSIS
instruction	004b00e4	FUN_004b00e4	004b06dd	004b06e0	FALL_THROUGH	FUN_004b00e4	bytes=83C001;mnemonic=ADD;instruction=ADD EAX,0x1;inputs=EAX,0x0,0x1,0xff;results=CF,EAX,PF,ZF,SF,OF;flows=;fallthrough=004b06e0
instruction	004b00e4	FUN_004b00e4	004b06e0	004b06e6	FALL_THROUGH	FUN_004b00e4	bytes=8985B4FDFFFF;mnemonic=MOV;instruction=MOV dword ptr [EBP + 0xfffffdb4],EAX;inputs=EAX,EBP,0xfffffdb4;results=;flows=;fallthrough=004b06e6
instruction_reference	004b00e4	FUN_004b00e4	004b06e0	Stack[-0x250]	WRITE		operand_index=0;primary=true;source=ANALYSIS
instruction	004b00e4	FUN_004b00e4	004b06e6	004b06ec	FALL_THROUGH	FUN_004b00e4	bytes=8B8DF4FDFFFF;mnemonic=MOV;instruction=MOV ECX,dword ptr [EBP + 0xfffffdf4];inputs=EBP,0xfffffdf4;results=ECX;flows=;fallthrough=004b06ec
instruction_reference	004b00e4	FUN_004b00e4	004b06e6	Stack[-0x210]	READ		operand_index=1;primary=true;source=ANALYSIS
instruction	004b00e4	FUN_004b00e4	004b06ec	004b06f2	FALL_THROUGH	FUN_004b00e4	bytes=69C984030000;mnemonic=IMUL;instruction=IMUL ECX,ECX,0x384;inputs=0x0,ECX,0x384,0x4;results=CF,ECX,OF;flows=;fallthrough=004b06f2
instruction	004b00e4	FUN_004b00e4	004b06f2	004b06f8	FALL_THROUGH	FUN_004b00e4	bytes=8B95B8FDFFFF;mnemonic=MOV;instruction=MOV EDX,dword ptr [EBP + 0xfffffdb8];inputs=EBP,0xfffffdb8;results=EDX;flows=;fallthrough=004b06f8
instruction_reference	004b00e4	FUN_004b00e4	004b06f2	Stack[-0x24c]	READ		operand_index=1;primary=true;source=ANALYSIS
instruction	004b00e4	FUN_004b00e4	004b06f8	004b06ff	FALL_THROUGH	FUN_004b00e4	bytes=0FAF9190A76500;mnemonic=IMUL;instruction=IMUL EDX,dword ptr [ECX + 0x65a790];inputs=0x0,ECX,0x4,0x65a790,EDX;results=CF,EDX,OF;flows=;fallthrough=004b06ff
instruction_reference	004b00e4	FUN_004b00e4	004b06f8	0065a790	DATA	DAT_0065a790	operand_index=1;primary=true;source=ANALYSIS
instruction	004b00e4	FUN_004b00e4	004b06ff	004b0705	FALL_THROUGH	FUN_004b00e4	bytes=3995B4FDFFFF;mnemonic=CMP;instruction=CMP dword ptr [EBP + 0xfffffdb4],EDX;inputs=0x0,0x1,EBP,EDX,0xfffffdb4,0xff;results=CF,PF,ZF,SF,OF;flows=;fallthrough=004b0705
instruction_reference	004b00e4	FUN_004b00e4	004b06ff	Stack[-0x250]	READ		operand_index=0;primary=true;source=ANALYSIS
instruction	004b00e4	FUN_004b00e4	004b0705	004b0707	CONDITIONAL_JUMP	FUN_004b00e4	bytes=734F;mnemonic=JNC;instruction=JNC 0x004b0756;inputs=CF;results=;flows=004b0756;fallthrough=004b0707
instruction_reference	004b00e4	FUN_004b00e4	004b0705	004b0756	CONDITIONAL_JUMP	LAB_004b0756	operand_index=0;primary=true;source=DEFAULT
instruction	004b00e4	FUN_004b00e4	004b0707	004b070d	FALL_THROUGH	FUN_004b00e4	bytes=8B85F4FDFFFF;mnemonic=MOV;instruction=MOV EAX,dword ptr [EBP + 0xfffffdf4];inputs=EBP,0xfffffdf4;results=EAX;flows=;fallthrough=004b070d
instruction_reference	004b00e4	FUN_004b00e4	004b0707	Stack[-0x210]	READ		operand_index=1;primary=true;source=ANALYSIS
instruction	004b00e4	FUN_004b00e4	004b070d	004b0713	FALL_THROUGH	FUN_004b00e4	bytes=69C084030000;mnemonic=IMUL;instruction=IMUL EAX,EAX,0x384;inputs=EAX,0x0,0x384,0x4;results=EAX,CF,OF;flows=;fallthrough=004b0713
instruction	004b00e4	FUN_004b00e4	004b0713	004b0719	FALL_THROUGH	FUN_004b00e4	bytes=8B8DE0FDFFFF;mnemonic=MOV;instruction=MOV ECX,dword ptr [EBP + 0xfffffde0];inputs=EBP,0xfffffde0;results=ECX;flows=;fallthrough=004b0719
instruction_reference	004b00e4	FUN_004b00e4	004b0713	Stack[-0x224]	READ		operand_index=1;primary=true;source=ANALYSIS
instruction	004b00e4	FUN_004b00e4	004b0719	004b071f	FALL_THROUGH	FUN_004b00e4	bytes=038DB4FDFFFF;mnemonic=ADD;instruction=ADD ECX,dword ptr [EBP + 0xfffffdb4];inputs=0x0,0x1,EBP,ECX,0xfffffdb4,0xff;results=CF,PF,ECX,ZF,SF,OF;flows=;fallthrough=004b071f
instruction_reference	004b00e4	FUN_004b00e4	004b0719	Stack[-0x250]	READ		operand_index=1;primary=true;source=ANALYSIS
instruction	004b00e4	FUN_004b00e4	004b071f	004b0722	FALL_THROUGH	FUN_004b00e4	bytes=C1E106;mnemonic=SHL;instruction=SHL ECX,0x6;inputs=0x0,CF,0x1,PF,ECX,0x6,ZF,SF,OF,0x1f,0xff;results=CF,PF,ECX,ZF,SF,OF;flows=;fallthrough=004b0722
instruction	004b00e4	FUN_004b00e4	004b0722	004b0728	FALL_THROUGH	FUN_004b00e4	bytes=8B9094A76500;mnemonic=MOV;instruction=MOV EDX,dword ptr [EAX + 0x65a794];inputs=EAX,0x65a794;results=EDX;flows=;fallthrough=004b0728
instruction_reference	004b00e4	FUN_004b00e4	004b0722	0065a794	DATA	DAT_0065a794	operand_index=1;primary=true;source=ANALYSIS
instruction	004b00e4	FUN_004b00e4	004b0728	004b072a	FALL_THROUGH	FUN_004b00e4	bytes=03D1;mnemonic=ADD;instruction=ADD EDX,ECX;inputs=0x0,0x1,ECX,EDX,0xff;results=CF,PF,ZF,SF,EDX,OF;flows=;fallthrough=004b072a
instruction	004b00e4	FUN_004b00e4	004b072a	004b072b	FALL_THROUGH	FUN_004b00e4	bytes=52;mnemonic=PUSH;instruction=PUSH EDX;inputs=ESP,0x4,EDX;results=ESP;flows=;fallthrough=004b072b
instruction	004b00e4	FUN_004b00e4	004b072b	004b0731	FALL_THROUGH	FUN_004b00e4	bytes=8B85F4FDFFFF;mnemonic=MOV;instruction=MOV EAX,dword ptr [EBP + 0xfffffdf4];inputs=EBP,0xfffffdf4;results=EAX;flows=;fallthrough=004b0731
instruction_reference	004b00e4	FUN_004b00e4	004b072b	Stack[-0x210]	READ		operand_index=1;primary=true;source=ANALYSIS
instruction	004b00e4	FUN_004b00e4	004b0731	004b0737	FALL_THROUGH	FUN_004b00e4	bytes=69C084030000;mnemonic=IMUL;instruction=IMUL EAX,EAX,0x384;inputs=EAX,0x0,0x384,0x4;results=EAX,CF,OF;flows=;fallthrough=004b0737
instruction	004b00e4	FUN_004b00e4	004b0737	004b073d	FALL_THROUGH	FUN_004b00e4	bytes=8B8DE0FDFFFF;mnemonic=MOV;instruction=MOV ECX,dword ptr [EBP + 0xfffffde0];inputs=EBP,0xfffffde0;results=ECX;flows=;fallthrough=004b073d
instruction_reference	004b00e4	FUN_004b00e4	004b0737	Stack[-0x224]	READ		operand_index=1;primary=true;source=ANALYSIS
instruction	004b00e4	FUN_004b00e4	004b073d	004b0743	FALL_THROUGH	FUN_004b00e4	bytes=038DB4FDFFFF;mnemonic=ADD;instruction=ADD ECX,dword ptr [EBP + 0xfffffdb4];inputs=0x0,0x1,EBP,ECX,0xfffffdb4,0xff;results=CF,PF,ECX,ZF,SF,OF;flows=;fallthrough=004b0743
instruction_reference	004b00e4	FUN_004b00e4	004b073d	Stack[-0x250]	READ		operand_index=1;primary=true;source=ANALYSIS
instruction	004b00e4	FUN_004b00e4	004b0743	004b0746	FALL_THROUGH	FUN_004b00e4	bytes=C1E104;mnemonic=SHL;instruction=SHL ECX,0x4;inputs=0x0,CF,0x1,PF,0x4,ECX,ZF,SF,OF,0x1f,0xff;results=CF,PF,ECX,ZF,SF,OF;flows=;fallthrough=004b0746
instruction	004b00e4	FUN_004b00e4	004b0746	004b074c	FALL_THROUGH	FUN_004b00e4	bytes=8B9098A76500;mnemonic=MOV;instruction=MOV EDX,dword ptr [EAX + 0x65a798];inputs=EAX,0x65a798;results=EDX;flows=;fallthrough=004b074c
instruction_reference	004b00e4	FUN_004b00e4	004b0746	0065a798	DATA	DAT_0065a798	operand_index=1;primary=true;source=ANALYSIS
instruction	004b00e4	FUN_004b00e4	004b074c	004b074e	FALL_THROUGH	FUN_004b00e4	bytes=03D1;mnemonic=ADD;instruction=ADD EDX,ECX;inputs=0x0,0x1,ECX,EDX,0xff;results=CF,PF,ZF,SF,EDX,OF;flows=;fallthrough=004b074e
instruction	004b00e4	FUN_004b00e4	004b074e	004b074f	FALL_THROUGH	FUN_004b00e4	bytes=52;mnemonic=PUSH;instruction=PUSH EDX;inputs=ESP,0x4,EDX;results=ESP;flows=;fallthrough=004b074f
instruction	004b00e4	FUN_004b00e4	004b074f	004b0754	UNCONDITIONAL_CALL	FUN_004b00e4	bytes=E88A230B00;mnemonic=CALL;instruction=CALL 0x00562ade;inputs=ESP,0x4,0x4b0754;results=ESP;flows=00562ade;fallthrough=004b0754
instruction_reference	004b00e4	FUN_004b00e4	004b074f	00562ade	UNCONDITIONAL_CALL	thunk_FUN_00562ad1	operand_index=0;primary=true;source=DEFAULT
instruction	004b00e4	FUN_004b00e4	004b0754		UNCONDITIONAL_JUMP	FUN_004b00e4	bytes=EB81;mnemonic=JMP;instruction=JMP 0x004b06d7;inputs=;results=;flows=004b06d7;fallthrough=
instruction_reference	004b00e4	FUN_004b00e4	004b0754	004b06d7	UNCONDITIONAL_JUMP	LAB_004b06d7	operand_index=0;primary=true;source=DEFAULT
instruction	004b00e4	FUN_004b00e4	004b0756	004b075c	FALL_THROUGH	FUN_004b00e4	bytes=8B85F4FDFFFF;mnemonic=MOV;instruction=MOV EAX,dword ptr [EBP + 0xfffffdf4];inputs=EBP,0xfffffdf4;results=EAX;flows=;fallthrough=004b075c
instruction_reference	004b00e4	FUN_004b00e4	004b0756	Stack[-0x210]	READ		operand_index=1;primary=true;source=ANALYSIS
instruction	004b00e4	FUN_004b00e4	004b075c	004b0762	FALL_THROUGH	FUN_004b00e4	bytes=69C084030000;mnemonic=IMUL;instruction=IMUL EAX,EAX,0x384;inputs=EAX,0x0,0x384,0x4;results=EAX,CF,OF;flows=;fallthrough=004b0762
instruction	004b00e4	FUN_004b00e4	004b0762	004b0768	FALL_THROUGH	FUN_004b00e4	bytes=8B8DB8FDFFFF;mnemonic=MOV;instruction=MOV ECX,dword ptr [EBP + 0xfffffdb8];inputs=EBP,0xfffffdb8;results=ECX;flows=;fallthrough=004b0768
instruction_reference	004b00e4	FUN_004b00e4	004b0762	Stack[-0x24c]	READ		operand_index=1;primary=true;source=ANALYSIS
instruction	004b00e4	FUN_004b00e4	004b0768	004b076f	FALL_THROUGH	FUN_004b00e4	bytes=0FAF8890A76500;mnemonic=IMUL;instruction=IMUL ECX,dword ptr [EAX + 0x65a790];inputs=EAX,0x0,ECX,0x4,0x65a790;results=CF,ECX,OF;flows=;fallthrough=004b076f
instruction_reference	004b00e4	FUN_004b00e4	004b0768	0065a790	DATA	DAT_0065a790	operand_index=1;primary=true;source=ANALYSIS
instruction	004b00e4	FUN_004b00e4	004b076f	004b0775	FALL_THROUGH	FUN_004b00e4	bytes=8B95E0FDFFFF;mnemonic=MOV;instruction=MOV EDX,dword ptr [EBP + 0xfffffde0];inputs=EBP,0xfffffde0;results=EDX;flows=;fallthrough=004b0775
instruction_reference	004b00e4	FUN_004b00e4	004b076f	Stack[-0x224]	READ		operand_index=1;primary=true;source=ANALYSIS
instruction	004b00e4	FUN_004b00e4	004b0775	004b0777	FALL_THROUGH	FUN_004b00e4	bytes=03D1;mnemonic=ADD;instruction=ADD EDX,ECX;inputs=0x0,0x1,ECX,EDX,0xff;results=CF,PF,ZF,SF,EDX,OF;flows=;fallthrough=004b0777
instruction	004b00e4	FUN_004b00e4	004b0777	004b077d	FALL_THROUGH	FUN_004b00e4	bytes=8995E0FDFFFF;mnemonic=MOV;instruction=MOV dword ptr [EBP + 0xfffffde0],EDX;inputs=EBP,EDX,0xfffffde0;results=;flows=;fallthrough=004b077d
instruction_reference	004b00e4	FUN_004b00e4	004b0777	Stack[-0x224]	WRITE		operand_index=0;primary=true;source=ANALYSIS
instruction	004b00e4	FUN_004b00e4	004b077d	004b0783	FALL_THROUGH	FUN_004b00e4	bytes=8B85CCFDFFFF;mnemonic=MOV;instruction=MOV EAX,dword ptr [EBP + 0xfffffdcc];inputs=0xfffffdcc,EBP;results=EAX;flows=;fallthrough=004b0783
instruction_reference	004b00e4	FUN_004b00e4	004b077d	Stack[-0x238]	READ		operand_index=1;primary=true;source=ANALYSIS
instruction	004b00e4	FUN_004b00e4	004b0783	004b0784	FALL_THROUGH	FUN_004b00e4	bytes=50;mnemonic=PUSH;instruction=PUSH EAX;inputs=EAX,ESP,0x4;results=ESP;flows=;fallthrough=004b0784
instruction	004b00e4	FUN_004b00e4	004b0784	004b0789	UNCONDITIONAL_CALL	FUN_004b00e4	bytes=E8D6EF0D00;mnemonic=CALL;instruction=CALL 0x0058f75f;inputs=ESP,0x4b0789,0x4;results=ESP;flows=0058f75f;fallthrough=004b0789
instruction_reference	004b00e4	FUN_004b00e4	004b0784	0058f75f	UNCONDITIONAL_CALL	FUN_0058f75f	operand_index=0;primary=true;source=DEFAULT
instruction	004b00e4	FUN_004b00e4	004b0789	004b078c	FALL_THROUGH	FUN_004b00e4	bytes=83C404;mnemonic=ADD;instruction=ADD ESP,0x4;inputs=ESP,0x0,0x1,0x4,0xff;results=CF,ESP,PF,ZF,SF,OF;flows=;fallthrough=004b078c
instruction	004b00e4	FUN_004b00e4	004b078c	004b0793	FALL_THROUGH	FUN_004b00e4	bytes=83BDF4FDFFFF00;mnemonic=CMP;instruction=CMP dword ptr [EBP + 0xfffffdf4],0x0;inputs=0x0,0x1,EBP,0xfffffdf4,0xff;results=CF,PF,ZF,SF,OF;flows=;fallthrough=004b0793
instruction_reference	004b00e4	FUN_004b00e4	004b078c	Stack[-0x210]	READ		operand_index=0;primary=true;source=ANALYSIS
instruction	004b00e4	FUN_004b00e4	004b0793	004b0795	CONDITIONAL_JUMP	FUN_004b00e4	bytes=740D;mnemonic=JZ;instruction=JZ 0x004b07a2;inputs=ZF;results=;flows=004b07a2;fallthrough=004b0795
instruction_reference	004b00e4	FUN_004b00e4	004b0793	004b07a2	CONDITIONAL_JUMP	LAB_004b07a2	operand_index=0;primary=true;source=DEFAULT
instruction	004b00e4	FUN_004b00e4	004b0795	004b079c	FALL_THROUGH	FUN_004b00e4	bytes=83BDF4FDFFFF01;mnemonic=CMP;instruction=CMP dword ptr [EBP + 0xfffffdf4],0x1;inputs=0x0,0x1,EBP,0xfffffdf4,0xff;results=CF,PF,ZF,SF,OF;flows=;fallthrough=004b079c
instruction_reference	004b00e4	FUN_004b00e4	004b0795	Stack[-0x210]	READ		operand_index=0;primary=true;source=ANALYSIS
instruction	004b00e4	FUN_004b00e4	004b079c	004b07a2	CONDITIONAL_JUMP	FUN_004b00e4	bytes=0F8500050000;mnemonic=JNZ;instruction=JNZ 0x004b0ca2;inputs=ZF;results=;flows=004b0ca2;fallthrough=004b07a2
instruction_reference	004b00e4	FUN_004b00e4	004b079c	004b0ca2	CONDITIONAL_JUMP	LAB_004b0ca2	operand_index=0;primary=true;source=DEFAULT
instruction	004b00e4	FUN_004b00e4	004b07a2	004b07a8	FALL_THROUGH	FUN_004b00e4	bytes=8B8DF4FDFFFF;mnemonic=MOV;instruction=MOV ECX,dword ptr [EBP + 0xfffffdf4];inputs=EBP,0xfffffdf4;results=ECX;flows=;fallthrough=004b07a8
instruction_reference	004b00e4	FUN_004b00e4	004b07a2	Stack[-0x210]	READ		operand_index=1;primary=true;source=ANALYSIS
instruction	004b00e4	FUN_004b00e4	004b07a8	004b07ae	FALL_THROUGH	FUN_004b00e4	bytes=69C9E8020000;mnemonic=IMUL;instruction=IMUL ECX,ECX,0x2e8;inputs=0x0,ECX,0x4,0x2e8;results=CF,ECX,OF;flows=;fallthrough=004b07ae
instruction	004b00e4	FUN_004b00e4	004b07ae	004b07b4	FALL_THROUGH	FUN_004b00e4	bytes=8B9518FDFFFF;mnemonic=MOV;instruction=MOV EDX,dword ptr [EBP + 0xfffffd18];inputs=EBP,0xfffffd18;results=EDX;flows=;fallthrough=004b07b4
instruction_reference	004b00e4	FUN_004b00e4	004b07ae	Stack[-0x2ec]	READ		operand_index=1;primary=true;source=ANALYSIS
instruction	004b00e4	FUN_004b00e4	004b07b4	004b07bb	FALL_THROUGH	FUN_004b00e4	bytes=8D840AC8770500;mnemonic=LEA;instruction=LEA EAX,[EDX + ECX*0x1 + 0x577c8];inputs=0x1,ECX,EDX,0x577c8;results=EAX;flows=;fallthrough=004b07bb
instruction	004b00e4	FUN_004b00e4	004b07bb	004b07c1	FALL_THROUGH	FUN_004b00e4	bytes=8B8DD8FDFFFF;mnemonic=MOV;instruction=MOV ECX,dword ptr [EBP + 0xfffffdd8];inputs=EBP,0xfffffdd8;results=ECX;flows=;fallthrough=004b07c1
instruction_reference	004b00e4	FUN_004b00e4	004b07bb	Stack[-0x22c]	READ		operand_index=1;primary=true;source=ANALYSIS
instruction	004b00e4	FUN_004b00e4	004b07c1	004b07c4	FALL_THROUGH	FUN_004b00e4	bytes=8B1488;mnemonic=MOV;instruction=MOV EDX,dword ptr [EAX + ECX*0x4];inputs=EAX,ECX,0x4;results=EDX;flows=;fallthrough=004b07c4
instruction	004b00e4	FUN_004b00e4	004b07c4	004b07c7	FALL_THROUGH	FUN_004b00e4	bytes=83C201;mnemonic=ADD;instruction=ADD EDX,0x1;inputs=0x0,0x1,EDX,0xff;results=CF,PF,ZF,SF,EDX,OF;flows=;fallthrough=004b07c7
instruction	004b00e4	FUN_004b00e4	004b07c7	004b07cd	FALL_THROUGH	FUN_004b00e4	bytes=8995A8FDFFFF;mnemonic=MOV;instruction=MOV dword ptr [EBP + 0xfffffda8],EDX;inputs=EBP,0xfffffda8,EDX;results=;flows=;fallthrough=004b07cd
instruction_reference	004b00e4	FUN_004b00e4	004b07c7	Stack[-0x25c]	WRITE		operand_index=0;primary=true;source=ANALYSIS
instruction	004b00e4	FUN_004b00e4	004b07cd	004b07d3	FALL_THROUGH	FUN_004b00e4	bytes=8B85A8FDFFFF;mnemonic=MOV;instruction=MOV EAX,dword ptr [EBP + 0xfffffda8];inputs=EBP,0xfffffda8;results=EAX;flows=;fallthrough=004b07d3
instruction_reference	004b00e4	FUN_004b00e4	004b07cd	Stack[-0x25c]	READ		operand_index=1;primary=true;source=ANALYSIS
instruction	004b00e4	FUN_004b00e4	004b07d3	004b07d4	FALL_THROUGH	FUN_004b00e4	bytes=99;mnemonic=CDQ;instruction=CDQ;inputs=EAX,0x4;results=EDX;flows=;fallthrough=004b07d4
instruction	004b00e4	FUN_004b00e4	004b07d4	004b07d9	FALL_THROUGH	FUN_004b00e4	bytes=B964000000;mnemonic=MOV;instruction=MOV ECX,0x64;inputs=0x64;results=ECX;flows=;fallthrough=004b07d9
instruction	004b00e4	FUN_004b00e4	004b07d9	004b07db	FALL_THROUGH	FUN_004b00e4	bytes=F7F9;mnemonic=IDIV;instruction=IDIV ECX;inputs=0x20,EAX,0x0,ECX,EDX;results=EAX,EDX;flows=;fallthrough=004b07db
instruction	004b00e4	FUN_004b00e4	004b07db	004b07de	FALL_THROUGH	FUN_004b00e4	bytes=83E801;mnemonic=SUB;instruction=SUB EAX,0x1;inputs=EAX,0x0,0x1,0xff;results=CF,EAX,PF,ZF,SF,OF;flows=;fallthrough=004b07de
instruction	004b00e4	FUN_004b00e4	004b07de	004b07e4	FALL_THROUGH	FUN_004b00e4	bytes=8985B0FDFFFF;mnemonic=MOV;instruction=MOV dword ptr [EBP + 0xfffffdb0],EAX;inputs=EAX,EBP,0xfffffdb0;results=;flows=;fallthrough=004b07e4
instruction_reference	004b00e4	FUN_004b00e4	004b07de	Stack[-0x254]	WRITE		operand_index=0;primary=true;source=ANALYSIS
instruction	004b00e4	FUN_004b00e4	004b07e4	004b07ea	FALL_THROUGH	FUN_004b00e4	bytes=8B85A8FDFFFF;mnemonic=MOV;instruction=MOV EAX,dword ptr [EBP + 0xfffffda8];inputs=EBP,0xfffffda8;results=EAX;flows=;fallthrough=004b07ea
instruction_reference	004b00e4	FUN_004b00e4	004b07e4	Stack[-0x25c]	READ		operand_index=1;primary=true;source=ANALYSIS
instruction	004b00e4	FUN_004b00e4	004b07ea	004b07eb	FALL_THROUGH	FUN_004b00e4	bytes=99;mnemonic=CDQ;instruction=CDQ;inputs=EAX,0x4;results=EDX;flows=;fallthrough=004b07eb
instruction	004b00e4	FUN_004b00e4	004b07eb	004b07f0	FALL_THROUGH	FUN_004b00e4	bytes=B964000000;mnemonic=MOV;instruction=MOV ECX,0x64;inputs=0x64;results=ECX;flows=;fallthrough=004b07f0
instruction	004b00e4	FUN_004b00e4	004b07f0	004b07f2	FALL_THROUGH	FUN_004b00e4	bytes=F7F9;mnemonic=IDIV;instruction=IDIV ECX;inputs=0x20,EAX,0x0,ECX,EDX;results=EAX,EDX;flows=;fallthrough=004b07f2
instruction	004b00e4	FUN_004b00e4	004b07f2	004b07f5	FALL_THROUGH	FUN_004b00e4	bytes=83EA01;mnemonic=SUB;instruction=SUB EDX,0x1;inputs=0x0,0x1,EDX,0xff;results=CF,PF,ZF,SF,EDX,OF;flows=;fallthrough=004b07f5
instruction	004b00e4	FUN_004b00e4	004b07f5	004b07fb	FALL_THROUGH	FUN_004b00e4	bytes=8995ACFDFFFF;mnemonic=MOV;instruction=MOV dword ptr [EBP + 0xfffffdac],EDX;inputs=0xfffffdac,EBP,EDX;results=;flows=;fallthrough=004b07fb
instruction_reference	004b00e4	FUN_004b00e4	004b07f5	Stack[-0x258]	WRITE		operand_index=0;primary=true;source=ANALYSIS
instruction	004b00e4	FUN_004b00e4	004b07fb	004b0801	FALL_THROUGH	FUN_004b00e4	bytes=8B95F4FDFFFF;mnemonic=MOV;instruction=MOV EDX,dword ptr [EBP + 0xfffffdf4];inputs=EBP,0xfffffdf4;results=EDX;flows=;fallthrough=004b0801
instruction_reference	004b00e4	FUN_004b00e4	004b07fb	Stack[-0x210]	READ		operand_index=1;primary=true;source=ANALYSIS
instruction	004b00e4	FUN_004b00e4	004b0801	004b0807	FALL_THROUGH	FUN_004b00e4	bytes=69D2401A0000;mnemonic=IMUL;instruction=IMUL EDX,EDX,0x1a40;inputs=0x1a40,0x0,0x4,EDX;results=CF,EDX,OF;flows=;fallthrough=004b0807
instruction	004b00e4	FUN_004b00e4	004b0807	004b080d	FALL_THROUGH	FUN_004b00e4	bytes=8B85B0FDFFFF;mnemonic=MOV;instruction=MOV EAX,dword ptr [EBP + 0xfffffdb0];inputs=EBP,0xfffffdb0;results=EAX;flows=;fallthrough=004b080d
instruction_reference	004b00e4	FUN_004b00e4	004b0807	Stack[-0x254]	READ		operand_index=1;primary=true;source=ANALYSIS
instruction	004b00e4	FUN_004b00e4	004b080d	004b0810	FALL_THROUGH	FUN_004b00e4	bytes=6BC070;mnemonic=IMUL;instruction=IMUL EAX,EAX,0x70;inputs=EAX,0x70,0x0,0x4;results=EAX,CF,OF;flows=;fallthrough=004b0810
instruction	004b00e4	FUN_004b00e4	004b0810	004b0817	FALL_THROUGH	FUN_004b00e4	bytes=8D8C0208055D00;mnemonic=LEA;instruction=LEA ECX,[EDX + EAX*0x1 + 0x5d0508];inputs=EAX,0x1,0x5d0508,EDX;results=ECX;flows=;fallthrough=004b0817
instruction_reference	004b00e4	FUN_004b00e4	004b0810	005d0508	DATA	DAT_005d0508	operand_index=1;primary=true;source=ANALYSIS
instruction	004b00e4	FUN_004b00e4	004b0817	004b081d	FALL_THROUGH	FUN_004b00e4	bytes=8B95ACFDFFFF;mnemonic=MOV;instruction=MOV EDX,dword ptr [EBP + 0xfffffdac];inputs=0xfffffdac,EBP;results=EDX;flows=;fallthrough=004b081d
instruction_reference	004b00e4	FUN_004b00e4	004b0817	Stack[-0x258]	READ		operand_index=1;primary=true;source=ANALYSIS
instruction	004b00e4	FUN_004b00e4	004b081d	004b0824	FALL_THROUGH	FUN_004b00e4	bytes=668B85C8FDFFFF;mnemonic=MOV;instruction=MOV AX,word ptr [EBP + 0xfffffdc8];inputs=EBP,0xfffffdc8;results=AX;flows=;fallthrough=004b0824
instruction_reference	004b00e4	FUN_004b00e4	004b081d	Stack[-0x23c]	READ		operand_index=1;primary=true;source=ANALYSIS
instruction	004b00e4	FUN_004b00e4	004b0824	004b0828	FALL_THROUGH	FUN_004b00e4	bytes=66890451;mnemonic=MOV;instruction=MOV word ptr [ECX + EDX*0x2],AX;inputs=AX,0x2,ECX,EDX;results=;flows=;fallthrough=004b0828
instruction	004b00e4	FUN_004b00e4	004b0828	004b082f	FALL_THROUGH	FUN_004b00e4	bytes=83BDF4FDFFFF00;mnemonic=CMP;instruction=CMP dword ptr [EBP + 0xfffffdf4],0x0;inputs=0x0,0x1,EBP,0xfffffdf4,0xff;results=CF,PF,ZF,SF,OF;flows=;fallthrough=004b082f
instruction_reference	004b00e4	FUN_004b00e4	004b0828	Stack[-0x210]	READ		operand_index=0;primary=true;source=ANALYSIS
instruction	004b00e4	FUN_004b00e4	004b082f	004b0835	CONDITIONAL_JUMP	FUN_004b00e4	bytes=0F852D020000;mnemonic=JNZ;instruction=JNZ 0x004b0a62;inputs=ZF;results=;flows=004b0a62;fallthrough=004b0835
instruction_reference	004b00e4	FUN_004b00e4	004b082f	004b0a62	CONDITIONAL_JUMP	LAB_004b0a62	operand_index=0;primary=true;source=DEFAULT
instruction	004b00e4	FUN_004b00e4	004b0835	004b083c	FALL_THROUGH	FUN_004b00e4	bytes=83BDACFDFFFF04;mnemonic=CMP;instruction=CMP dword ptr [EBP + 0xfffffdac],0x4;inputs=0x0,0x1,0xfffffdac,EBP,0x4,0xff;results=CF,PF,ZF,SF,OF;flows=;fallthrough=004b083c
instruction_reference	004b00e4	FUN_004b00e4	004b0835	Stack[-0x258]	READ		operand_index=0;primary=true;source=ANALYSIS
instruction	004b00e4	FUN_004b00e4	004b083c	004b0842	CONDITIONAL_JUMP	FUN_004b00e4	bytes=0F8C80000000;mnemonic=JL;instruction=JL 0x004b08c2;inputs=SF,OF;results=;flows=004b08c2;fallthrough=004b0842
instruction_reference	004b00e4	FUN_004b00e4	004b083c	004b08c2	CONDITIONAL_JUMP	LAB_004b08c2	operand_index=0;primary=true;source=DEFAULT
instruction	004b00e4	FUN_004b00e4	004b0842	004b0849	FALL_THROUGH	FUN_004b00e4	bytes=83BDACFDFFFF09;mnemonic=CMP;instruction=CMP dword ptr [EBP + 0xfffffdac],0x9;inputs=0x0,0x1,0xfffffdac,EBP,0x9,0xff;results=CF,PF,ZF,SF,OF;flows=;fallthrough=004b0849
instruction_reference	004b00e4	FUN_004b00e4	004b0842	Stack[-0x258]	READ		operand_index=0;primary=true;source=ANALYSIS
instruction	004b00e4	FUN_004b00e4	004b0849	004b084b	CONDITIONAL_JUMP	FUN_004b00e4	bytes=7D77;mnemonic=JGE;instruction=JGE 0x004b08c2;inputs=SF,OF;results=;flows=004b08c2;fallthrough=004b084b
instruction_reference	004b00e4	FUN_004b00e4	004b0849	004b08c2	CONDITIONAL_JUMP	LAB_004b08c2	operand_index=0;primary=true;source=DEFAULT
instruction	004b00e4	FUN_004b00e4	004b084b	004b0851	FALL_THROUGH	FUN_004b00e4	bytes=8B8DACFDFFFF;mnemonic=MOV;instruction=MOV ECX,dword ptr [EBP + 0xfffffdac];inputs=0xfffffdac,EBP;results=ECX;flows=;fallthrough=004b0851
instruction_reference	004b00e4	FUN_004b00e4	004b084b	Stack[-0x258]	READ		operand_index=1;primary=true;source=ANALYSIS
instruction	004b00e4	FUN_004b00e4	004b0851	004b0854	FALL_THROUGH	FUN_004b00e4	bytes=83C101;mnemonic=ADD;instruction=ADD ECX,0x1;inputs=0x0,0x1,ECX,0xff;results=CF,PF,ECX,ZF,SF,OF;flows=;fallthrough=004b0854
instruction	004b00e4	FUN_004b00e4	004b0854	004b085a	FALL_THROUGH	FUN_004b00e4	bytes=898DA4FDFFFF;mnemonic=MOV;instruction=MOV dword ptr [EBP + 0xfffffda4],ECX;inputs=EBP,ECX,0xfffffda4;results=;flows=;fallthrough=004b085a
instruction_reference	004b00e4	FUN_004b00e4	004b0854	Stack[-0x260]	WRITE		operand_index=0;primary=true;source=ANALYSIS
instruction	004b00e4	FUN_004b00e4	004b085a		UNCONDITIONAL_JUMP	FUN_004b00e4	bytes=EB0F;mnemonic=JMP;instruction=JMP 0x004b086b;inputs=;results=;flows=004b086b;fallthrough=
instruction_reference	004b00e4	FUN_004b00e4	004b085a	004b086b	UNCONDITIONAL_JUMP	LAB_004b086b	operand_index=0;primary=true;source=DEFAULT
instruction	004b00e4	FUN_004b00e4	004b085c	004b0862	FALL_THROUGH	FUN_004b00e4	bytes=8B95A4FDFFFF;mnemonic=MOV;instruction=MOV EDX,dword ptr [EBP + 0xfffffda4];inputs=EBP,0xfffffda4;results=EDX;flows=;fallthrough=004b0862
instruction_reference	004b00e4	FUN_004b00e4	004b085c	Stack[-0x260]	READ		operand_index=1;primary=true;source=ANALYSIS
instruction	004b00e4	FUN_004b00e4	004b0862	004b0865	FALL_THROUGH	FUN_004b00e4	bytes=83C201;mnemonic=ADD;instruction=ADD EDX,0x1;inputs=0x0,0x1,EDX,0xff;results=CF,PF,ZF,SF,EDX,OF;flows=;fallthrough=004b0865
instruction	004b00e4	FUN_004b00e4	004b0865	004b086b	FALL_THROUGH	FUN_004b00e4	bytes=8995A4FDFFFF;mnemonic=MOV;instruction=MOV dword ptr [EBP + 0xfffffda4],EDX;inputs=EBP,EDX,0xfffffda4;results=;flows=;fallthrough=004b086b
instruction_reference	004b00e4	FUN_004b00e4	004b0865	Stack[-0x260]	WRITE		operand_index=0;primary=true;source=ANALYSIS
instruction	004b00e4	FUN_004b00e4	004b086b	004b0872	FALL_THROUGH	FUN_004b00e4	bytes=83BDA4FDFFFF0A;mnemonic=CMP;instruction=CMP dword ptr [EBP + 0xfffffda4],0xa;inputs=0x0,0x1,EBP,0xa,0xfffffda4,0xff;results=CF,PF,ZF,SF,OF;flows=;fallthrough=004b0872
instruction_reference	004b00e4	FUN_004b00e4	004b086b	Stack[-0x260]	READ		operand_index=0;primary=true;source=ANALYSIS
instruction	004b00e4	FUN_004b00e4	004b0872	004b0874	CONDITIONAL_JUMP	FUN_004b00e4	bytes=7D4E;mnemonic=JGE;instruction=JGE 0x004b08c2;inputs=SF,OF;results=;flows=004b08c2;fallthrough=004b0874
instruction_reference	004b00e4	FUN_004b00e4	004b0872	004b08c2	CONDITIONAL_JUMP	LAB_004b08c2	operand_index=0;primary=true;source=DEFAULT
instruction	004b00e4	FUN_004b00e4	004b0874	004b087a	FALL_THROUGH	FUN_004b00e4	bytes=8B85F4FDFFFF;mnemonic=MOV;instruction=MOV EAX,dword ptr [EBP + 0xfffffdf4];inputs=EBP,0xfffffdf4;results=EAX;flows=;fallthrough=004b087a
instruction_reference	004b00e4	FUN_004b00e4	004b0874	Stack[-0x210]	READ		operand_index=1;primary=true;source=ANALYSIS
instruction	004b00e4	FUN_004b00e4	004b087a	004b0880	FALL_THROUGH	FUN_004b00e4	bytes=69C0401A0000;mnemonic=IMUL;instruction=IMUL EAX,EAX,0x1a40;inputs=EAX,0x1a40,0x0,0x4;results=EAX,CF,OF;flows=;fallthrough=004b0880
instruction	004b00e4	FUN_004b00e4	004b0880	004b0886	FALL_THROUGH	FUN_004b00e4	bytes=8B8DB0FDFFFF;mnemonic=MOV;instruction=MOV ECX,dword ptr [EBP + 0xfffffdb0];inputs=EBP,0xfffffdb0;results=ECX;flows=;fallthrough=004b0886
instruction_reference	004b00e4	FUN_004b00e4	004b0880	Stack[-0x254]	READ		operand_index=1;primary=true;source=ANALYSIS
instruction	004b00e4	FUN_004b00e4	004b0886	004b0889	FALL_THROUGH	FUN_004b00e4	bytes=6BC970;mnemonic=IMUL;instruction=IMUL ECX,ECX,0x70;inputs=0x70,0x0,ECX,0x4;results=CF,ECX,OF;flows=;fallthrough=004b0889
instruction	004b00e4	FUN_004b00e4	004b0889	004b0890	FALL_THROUGH	FUN_004b00e4	bytes=8D940808055D00;mnemonic=LEA;instruction=LEA EDX,[EAX + ECX*0x1 + 0x5d0508];inputs=EAX,0x1,ECX,0x5d0508;results=EDX;flows=;fallthrough=004b0890
instruction_reference	004b00e4	FUN_004b00e4	004b0889	005d0508	DATA	DAT_005d0508	operand_index=1;primary=true;source=ANALYSIS
instruction	004b00e4	FUN_004b00e4	004b0890	004b0896	FALL_THROUGH	FUN_004b00e4	bytes=8B85F4FDFFFF;mnemonic=MOV;instruction=MOV EAX,dword ptr [EBP + 0xfffffdf4];inputs=EBP,0xfffffdf4;results=EAX;flows=;fallthrough=004b0896
instruction_reference	004b00e4	FUN_004b00e4	004b0890	Stack[-0x210]	READ		operand_index=1;primary=true;source=ANALYSIS
instruction	004b00e4	FUN_004b00e4	004b0896	004b089c	FALL_THROUGH	FUN_004b00e4	bytes=69C0401A0000;mnemonic=IMUL;instruction=IMUL EAX,EAX,0x1a40;inputs=EAX,0x1a40,0x0,0x4;results=EAX,CF,OF;flows=;fallthrough=004b089c
instruction	004b00e4	FUN_004b00e4	004b089c	004b08a2	FALL_THROUGH	FUN_004b00e4	bytes=8B8DB0FDFFFF;mnemonic=MOV;instruction=MOV ECX,dword ptr [EBP + 0xfffffdb0];inputs=EBP,0xfffffdb0;results=ECX;flows=;fallthrough=004b08a2
instruction_reference	004b00e4	FUN_004b00e4	004b089c	Stack[-0x254]	READ		operand_index=1;primary=true;source=ANALYSIS
instruction	004b00e4	FUN_004b00e4	004b08a2	004b08a5	FALL_THROUGH	FUN_004b00e4	bytes=6BC970;mnemonic=IMUL;instruction=IMUL ECX,ECX,0x70;inputs=0x70,0x0,ECX,0x4;results=CF,ECX,OF;flows=;fallthrough=004b08a5
instruction	004b00e4	FUN_004b00e4	004b08a5	004b08ac	FALL_THROUGH	FUN_004b00e4	bytes=8D840808055D00;mnemonic=LEA;instruction=LEA EAX,[EAX + ECX*0x1 + 0x5d0508];inputs=EAX,0x1,ECX,0x5d0508;results=EAX;flows=;fallthrough=004b08ac
instruction_reference	004b00e4	FUN_004b00e4	004b08a5	005d0508	DATA	DAT_005d0508	operand_index=1;primary=true;source=ANALYSIS
instruction	004b00e4	FUN_004b00e4	004b08ac	004b08b2	FALL_THROUGH	FUN_004b00e4	bytes=8B8DA4FDFFFF;mnemonic=MOV;instruction=MOV ECX,dword ptr [EBP + 0xfffffda4];inputs=EBP,0xfffffda4;results=ECX;flows=;fallthrough=004b08b2
instruction_reference	004b00e4	FUN_004b00e4	004b08ac	Stack[-0x260]	READ		operand_index=1;primary=true;source=ANALYSIS
instruction	004b00e4	FUN_004b00e4	004b08b2	004b08b8	FALL_THROUGH	FUN_004b00e4	bytes=8BB5ACFDFFFF;mnemonic=MOV;instruction=MOV ESI,dword ptr [EBP + 0xfffffdac];inputs=0xfffffdac,EBP;results=ESI;flows=;fallthrough=004b08b8
instruction_reference	004b00e4	FUN_004b00e4	004b08b2	Stack[-0x258]	READ		operand_index=1;primary=true;source=ANALYSIS
instruction	004b00e4	FUN_004b00e4	004b08b8	004b08bc	FALL_THROUGH	FUN_004b00e4	bytes=668B1472;mnemonic=MOV;instruction=MOV DX,word ptr [EDX + ESI*0x2];inputs=0x2,ESI,EDX;results=DX;flows=;fallthrough=004b08bc
instruction	004b00e4	FUN_004b00e4	004b08bc	004b08c0	FALL_THROUGH	FUN_004b00e4	bytes=66891448;mnemonic=MOV;instruction=MOV word ptr [EAX + ECX*0x2],DX;inputs=EAX,0x2,ECX,DX;results=;flows=;fallthrough=004b08c0
instruction	004b00e4	FUN_004b00e4	004b08c0		UNCONDITIONAL_JUMP	FUN_004b00e4	bytes=EB9A;mnemonic=JMP;instruction=JMP 0x004b085c;inputs=;results=;flows=004b085c;fallthrough=
instruction_reference	004b00e4	FUN_004b00e4	004b08c0	004b085c	UNCONDITIONAL_JUMP	LAB_004b085c	operand_index=0;primary=true;source=DEFAULT
instruction	004b00e4	FUN_004b00e4	004b08c2	004b08c9	FALL_THROUGH	FUN_004b00e4	bytes=83BDACFDFFFF19;mnemonic=CMP;instruction=CMP dword ptr [EBP + 0xfffffdac],0x19;inputs=0x0,0x1,0xfffffdac,EBP,0x19,0xff;results=CF,PF,ZF,SF,OF;flows=;fallthrough=004b08c9
instruction_reference	004b00e4	FUN_004b00e4	004b08c2	Stack[-0x258]	READ		operand_index=0;primary=true;source=ANALYSIS
instruction	004b00e4	FUN_004b00e4	004b08c9	004b08cf	CONDITIONAL_JUMP	FUN_004b00e4	bytes=0F8C80000000;mnemonic=JL;instruction=JL 0x004b094f;inputs=SF,OF;results=;flows=004b094f;fallthrough=004b08cf
instruction_reference	004b00e4	FUN_004b00e4	004b08c9	004b094f	CONDITIONAL_JUMP	LAB_004b094f	operand_index=0;primary=true;source=DEFAULT
instruction	004b00e4	FUN_004b00e4	004b08cf	004b08d6	FALL_THROUGH	FUN_004b00e4	bytes=83BDACFDFFFF1D;mnemonic=CMP;instruction=CMP dword ptr [EBP + 0xfffffdac],0x1d;inputs=0x0,0x1,0xfffffdac,EBP,0x1d,0xff;results=CF,PF,ZF,SF,OF;flows=;fallthrough=004b08d6
instruction_reference	004b00e4	FUN_004b00e4	004b08cf	Stack[-0x258]	READ		operand_index=0;primary=true;source=ANALYSIS
instruction	004b00e4	FUN_004b00e4	004b08d6	004b08d8	CONDITIONAL_JUMP	FUN_004b00e4	bytes=7D77;mnemonic=JGE;instruction=JGE 0x004b094f;inputs=SF,OF;results=;flows=004b094f;fallthrough=004b08d8
instruction_reference	004b00e4	FUN_004b00e4	004b08d6	004b094f	CONDITIONAL_JUMP	LAB_004b094f	operand_index=0;primary=true;source=DEFAULT
instruction	004b00e4	FUN_004b00e4	004b08d8	004b08de	FALL_THROUGH	FUN_004b00e4	bytes=8B85ACFDFFFF;mnemonic=MOV;instruction=MOV EAX,dword ptr [EBP + 0xfffffdac];inputs=0xfffffdac,EBP;results=EAX;flows=;fallthrough=004b08de
instruction_reference	004b00e4	FUN_004b00e4	004b08d8	Stack[-0x258]	READ		operand_index=1;primary=true;source=ANALYSIS
instruction	004b00e4	FUN_004b00e4	004b08de	004b08e1	FALL_THROUGH	FUN_004b00e4	bytes=83C001;mnemonic=ADD;instruction=ADD EAX,0x1;inputs=EAX,0x0,0x1,0xff;results=CF,EAX,PF,ZF,SF,OF;flows=;fallthrough=004b08e1
instruction	004b00e4	FUN_004b00e4	004b08e1	004b08e7	FALL_THROUGH	FUN_004b00e4	bytes=8985A0FDFFFF;mnemonic=MOV;instruction=MOV dword ptr [EBP + 0xfffffda0],EAX;inputs=EAX,EBP,0xfffffda0;results=;flows=;fallthrough=004b08e7
instruction_reference	004b00e4	FUN_004b00e4	004b08e1	Stack[-0x264]	WRITE		operand_index=0;primary=true;source=ANALYSIS
instruction	004b00e4	FUN_004b00e4	004b08e7		UNCONDITIONAL_JUMP	FUN_004b00e4	bytes=EB0F;mnemonic=JMP;instruction=JMP 0x004b08f8;inputs=;results=;flows=004b08f8;fallthrough=
instruction_reference	004b00e4	FUN_004b00e4	004b08e7	004b08f8	UNCONDITIONAL_JUMP	LAB_004b08f8	operand_index=0;primary=true;source=DEFAULT
instruction	004b00e4	FUN_004b00e4	004b08e9	004b08ef	FALL_THROUGH	FUN_004b00e4	bytes=8B8DA0FDFFFF;mnemonic=MOV;instruction=MOV ECX,dword ptr [EBP + 0xfffffda0];inputs=EBP,0xfffffda0;results=ECX;flows=;fallthrough=004b08ef
instruction_reference	004b00e4	FUN_004b00e4	004b08e9	Stack[-0x264]	READ		operand_index=1;primary=true;source=ANALYSIS
instruction	004b00e4	FUN_004b00e4	004b08ef	004b08f2	FALL_THROUGH	FUN_004b00e4	bytes=83C101;mnemonic=ADD;instruction=ADD ECX,0x1;inputs=0x0,0x1,ECX,0xff;results=CF,PF,ECX,ZF,SF,OF;flows=;fallthrough=004b08f2
instruction	004b00e4	FUN_004b00e4	004b08f2	004b08f8	FALL_THROUGH	FUN_004b00e4	bytes=898DA0FDFFFF;mnemonic=MOV;instruction=MOV dword ptr [EBP + 0xfffffda0],ECX;inputs=EBP,ECX,0xfffffda0;results=;flows=;fallthrough=004b08f8
instruction_reference	004b00e4	FUN_004b00e4	004b08f2	Stack[-0x264]	WRITE		operand_index=0;primary=true;source=ANALYSIS
instruction	004b00e4	FUN_004b00e4	004b08f8	004b08ff	FALL_THROUGH	FUN_004b00e4	bytes=83BDA0FDFFFF1E;mnemonic=CMP;instruction=CMP dword ptr [EBP + 0xfffffda0],0x1e;inputs=0x0,0x1,EBP,0x1e,0xfffffda0,0xff;results=CF,PF,ZF,SF,OF;flows=;fallthrough=004b08ff
instruction_reference	004b00e4	FUN_004b00e4	004b08f8	Stack[-0x264]	READ		operand_index=0;primary=true;source=ANALYSIS
instruction	004b00e4	FUN_004b00e4	004b08ff	004b0901	CONDITIONAL_JUMP	FUN_004b00e4	bytes=7D4E;mnemonic=JGE;instruction=JGE 0x004b094f;inputs=SF,OF;results=;flows=004b094f;fallthrough=004b0901
instruction_reference	004b00e4	FUN_004b00e4	004b08ff	004b094f	CONDITIONAL_JUMP	LAB_004b094f	operand_index=0;primary=true;source=DEFAULT
instruction	004b00e4	FUN_004b00e4	004b0901	004b0907	FALL_THROUGH	FUN_004b00e4	bytes=8B95F4FDFFFF;mnemonic=MOV;instruction=MOV EDX,dword ptr [EBP + 0xfffffdf4];inputs=EBP,0xfffffdf4;results=EDX;flows=;fallthrough=004b0907
instruction_reference	004b00e4	FUN_004b00e4	004b0901	Stack[-0x210]	READ		operand_index=1;primary=true;source=ANALYSIS
instruction	004b00e4	FUN_004b00e4	004b0907	004b090d	FALL_THROUGH	FUN_004b00e4	bytes=69D2401A0000;mnemonic=IMUL;instruction=IMUL EDX,EDX,0x1a40;inputs=0x1a40,0x0,0x4,EDX;results=CF,EDX,OF;flows=;fallthrough=004b090d
instruction	004b00e4	FUN_004b00e4	004b090d	004b0913	FALL_THROUGH	FUN_004b00e4	bytes=8B85B0FDFFFF;mnemonic=MOV;instruction=MOV EAX,dword ptr [EBP + 0xfffffdb0];inputs=EBP,0xfffffdb0;results=EAX;flows=;fallthrough=004b0913
instruction_reference	004b00e4	FUN_004b00e4	004b090d	Stack[-0x254]	READ		operand_index=1;primary=true;source=ANALYSIS
instruction	004b00e4	FUN_004b00e4	004b0913	004b0916	FALL_THROUGH	FUN_004b00e4	bytes=6BC070;mnemonic=IMUL;instruction=IMUL EAX,EAX,0x70;inputs=EAX,0x70,0x0,0x4;results=EAX,CF,OF;flows=;fallthrough=004b0916
instruction	004b00e4	FUN_004b00e4	004b0916	004b091d	FALL_THROUGH	FUN_004b00e4	bytes=8D8C0208055D00;mnemonic=LEA;instruction=LEA ECX,[EDX + EAX*0x1 + 0x5d0508];inputs=EAX,0x1,0x5d0508,EDX;results=ECX;flows=;fallthrough=004b091d
instruction_reference	004b00e4	FUN_004b00e4	004b0916	005d0508	DATA	DAT_005d0508	operand_index=1;primary=true;source=ANALYSIS
instruction	004b00e4	FUN_004b00e4	004b091d	004b0923	FALL_THROUGH	FUN_004b00e4	bytes=8B95F4FDFFFF;mnemonic=MOV;instruction=MOV EDX,dword ptr [EBP + 0xfffffdf4];inputs=EBP,0xfffffdf4;results=EDX;flows=;fallthrough=004b0923
instruction_reference	004b00e4	FUN_004b00e4	004b091d	Stack[-0x210]	READ		operand_index=1;primary=true;source=ANALYSIS
instruction	004b00e4	FUN_004b00e4	004b0923	004b0929	FALL_THROUGH	FUN_004b00e4	bytes=69D2401A0000;mnemonic=IMUL;instruction=IMUL EDX,EDX,0x1a40;inputs=0x1a40,0x0,0x4,EDX;results=CF,EDX,OF;flows=;fallthrough=004b0929
instruction	004b00e4	FUN_004b00e4	004b0929	004b092f	FALL_THROUGH	FUN_004b00e4	bytes=8B85B0FDFFFF;mnemonic=MOV;instruction=MOV EAX,dword ptr [EBP + 0xfffffdb0];inputs=EBP,0xfffffdb0;results=EAX;flows=;fallthrough=004b092f
instruction_reference	004b00e4	FUN_004b00e4	004b0929	Stack[-0x254]	READ		operand_index=1;primary=true;source=ANALYSIS
instruction	004b00e4	FUN_004b00e4	004b092f	004b0932	FALL_THROUGH	FUN_004b00e4	bytes=6BC070;mnemonic=IMUL;instruction=IMUL EAX,EAX,0x70;inputs=EAX,0x70,0x0,0x4;results=EAX,CF,OF;flows=;fallthrough=004b0932
instruction	004b00e4	FUN_004b00e4	004b0932	004b0939	FALL_THROUGH	FUN_004b00e4	bytes=8D940208055D00;mnemonic=LEA;instruction=LEA EDX,[EDX + EAX*0x1 + 0x5d0508];inputs=EAX,0x1,0x5d0508,EDX;results=EDX;flows=;fallthrough=004b0939
instruction_reference	004b00e4	FUN_004b00e4	004b0932	005d0508	DATA	DAT_005d0508	operand_index=1;primary=true;source=ANALYSIS
instruction	004b00e4	FUN_004b00e4	004b0939	004b093f	FALL_THROUGH	FUN_004b00e4	bytes=8B85A0FDFFFF;mnemonic=MOV;instruction=MOV EAX,dword ptr [EBP + 0xfffffda0];inputs=EBP,0xfffffda0;results=EAX;flows=;fallthrough=004b093f
instruction_reference	004b00e4	FUN_004b00e4	004b0939	Stack[-0x264]	READ		operand_index=1;primary=true;source=ANALYSIS
instruction	004b00e4	FUN_004b00e4	004b093f	004b0945	FALL_THROUGH	FUN_004b00e4	bytes=8BB5ACFDFFFF;mnemonic=MOV;instruction=MOV ESI,dword ptr [EBP + 0xfffffdac];inputs=0xfffffdac,EBP;results=ESI;flows=;fallthrough=004b0945
instruction_reference	004b00e4	FUN_004b00e4	004b093f	Stack[-0x258]	READ		operand_index=1;primary=true;source=ANALYSIS
instruction	004b00e4	FUN_004b00e4	004b0945	004b0949	FALL_THROUGH	FUN_004b00e4	bytes=668B0C71;mnemonic=MOV;instruction=MOV CX,word ptr [ECX + ESI*0x2];inputs=0x2,ECX,ESI;results=CX;flows=;fallthrough=004b0949
instruction	004b00e4	FUN_004b00e4	004b0949	004b094d	FALL_THROUGH	FUN_004b00e4	bytes=66890C42;mnemonic=MOV;instruction=MOV word ptr [EDX + EAX*0x2],CX;inputs=EAX,0x2,CX,EDX;results=;flows=;fallthrough=004b094d
instruction	004b00e4	FUN_004b00e4	004b094d		UNCONDITIONAL_JUMP	FUN_004b00e4	bytes=EB9A;mnemonic=JMP;instruction=JMP 0x004b08e9;inputs=;results=;flows=004b08e9;fallthrough=
instruction_reference	004b00e4	FUN_004b00e4	004b094d	004b08e9	UNCONDITIONAL_JUMP	LAB_004b08e9	operand_index=0;primary=true;source=DEFAULT
instruction	004b00e4	FUN_004b00e4	004b094f	004b0956	FALL_THROUGH	FUN_004b00e4	bytes=83BDB0FDFFFF0C;mnemonic=CMP;instruction=CMP dword ptr [EBP + 0xfffffdb0],0xc;inputs=0x0,0x1,EBP,0xc,0xfffffdb0,0xff;results=CF,PF,ZF,SF,OF;flows=;fallthrough=004b0956
instruction_reference	004b00e4	FUN_004b00e4	004b094f	Stack[-0x254]	READ		operand_index=0;primary=true;source=ANALYSIS
instruction	004b00e4	FUN_004b00e4	004b0956	004b0958	CONDITIONAL_JUMP	FUN_004b00e4	bytes=7C69;mnemonic=JL;instruction=JL 0x004b09c1;inputs=SF,OF;results=;flows=004b09c1;fallthrough=004b0958
instruction_reference	004b00e4	FUN_004b00e4	004b0956	004b09c1	CONDITIONAL_JUMP	LAB_004b09c1	operand_index=0;primary=true;source=DEFAULT
instruction	004b00e4	FUN_004b00e4	004b0958	004b095e	FALL_THROUGH	FUN_004b00e4	bytes=8B95F4FDFFFF;mnemonic=MOV;instruction=MOV EDX,dword ptr [EBP + 0xfffffdf4];inputs=EBP,0xfffffdf4;results=EDX;flows=;fallthrough=004b095e
instruction_reference	004b00e4	FUN_004b00e4	004b0958	Stack[-0x210]	READ		operand_index=1;primary=true;source=ANALYSIS
instruction	004b00e4	FUN_004b00e4	004b095e	004b0964	FALL_THROUGH	FUN_004b00e4	bytes=69D2401A0000;mnemonic=IMUL;instruction=IMUL EDX,EDX,0x1a40;inputs=0x1a40,0x0,0x4,EDX;results=CF,EDX,OF;flows=;fallthrough=004b0964
instruction	004b00e4	FUN_004b00e4	004b0964	004b096a	FALL_THROUGH	FUN_004b00e4	bytes=8B85B0FDFFFF;mnemonic=MOV;instruction=MOV EAX,dword ptr [EBP + 0xfffffdb0];inputs=EBP,0xfffffdb0;results=EAX;flows=;fallthrough=004b096a
instruction_reference	004b00e4	FUN_004b00e4	004b0964	Stack[-0x254]	READ		operand_index=1;primary=true;source=ANALYSIS
instruction	004b00e4	FUN_004b00e4	004b096a	004b096d	FALL_THROUGH	FUN_004b00e4	bytes=6BC070;mnemonic=IMUL;instruction=IMUL EAX,EAX,0x70;inputs=EAX,0x70,0x0,0x4;results=EAX,CF,OF;flows=;fallthrough=004b096d
instruction	004b00e4	FUN_004b00e4	004b096d	004b0974	FALL_THROUGH	FUN_004b00e4	bytes=668B8AEE095D00;mnemonic=MOV;instruction=MOV CX,word ptr [EDX + 0x5d09ee];inputs=0x5d09ee,EDX;results=CX;flows=;fallthrough=004b0974
instruction_reference	004b00e4	FUN_004b00e4	004b096d	005d09ee	DATA	DAT_005d09ee	operand_index=1;primary=true;source=ANALYSIS
instruction	004b00e4	FUN_004b00e4	004b0974	004b097b	FALL_THROUGH	FUN_004b00e4	bytes=6689881E055D00;mnemonic=MOV;instruction=MOV word ptr [EAX + 0x5d051e],CX;inputs=EAX,0x5d051e,CX;results=;flows=;fallthrough=004b097b
instruction_reference	004b00e4	FUN_004b00e4	004b0974	005d051e	DATA	DAT_005d051e	operand_index=0;primary=true;source=ANALYSIS
instruction	004b00e4	FUN_004b00e4	004b097b	004b0981	FALL_THROUGH	FUN_004b00e4	bytes=8B95F4FDFFFF;mnemonic=MOV;instruction=MOV EDX,dword ptr [EBP + 0xfffffdf4];inputs=EBP,0xfffffdf4;results=EDX;flows=;fallthrough=004b0981
instruction_reference	004b00e4	FUN_004b00e4	004b097b	Stack[-0x210]	READ		operand_index=1;primary=true;source=ANALYSIS
instruction	004b00e4	FUN_004b00e4	004b0981	004b0987	FALL_THROUGH	FUN_004b00e4	bytes=69D2401A0000;mnemonic=IMUL;instruction=IMUL EDX,EDX,0x1a40;inputs=0x1a40,0x0,0x4,EDX;results=CF,EDX,OF;flows=;fallthrough=004b0987
instruction	004b00e4	FUN_004b00e4	004b0987	004b098d	FALL_THROUGH	FUN_004b00e4	bytes=8B85B0FDFFFF;mnemonic=MOV;instruction=MOV EAX,dword ptr [EBP + 0xfffffdb0];inputs=EBP,0xfffffdb0;results=EAX;flows=;fallthrough=004b098d
instruction_reference	004b00e4	FUN_004b00e4	004b0987	Stack[-0x254]	READ		operand_index=1;primary=true;source=ANALYSIS
instruction	004b00e4	FUN_004b00e4	004b098d	004b0990	FALL_THROUGH	FUN_004b00e4	bytes=6BC070;mnemonic=IMUL;instruction=IMUL EAX,EAX,0x70;inputs=EAX,0x70,0x0,0x4;results=EAX,CF,OF;flows=;fallthrough=004b0990
instruction	004b00e4	FUN_004b00e4	004b0990	004b0997	FALL_THROUGH	FUN_004b00e4	bytes=668B8AF0095D00;mnemonic=MOV;instruction=MOV CX,word ptr [EDX + 0x5d09f0];inputs=EDX,0x5d09f0;results=CX;flows=;fallthrough=004b0997
instruction_reference	004b00e4	FUN_004b00e4	004b0990	005d09f0	DATA	DAT_005d09f0	operand_index=1;primary=true;source=ANALYSIS
instruction	004b00e4	FUN_004b00e4	004b0997	004b099e	FALL_THROUGH	FUN_004b00e4	bytes=66898820055D00;mnemonic=MOV;instruction=MOV word ptr [EAX + 0x5d0520],CX;inputs=EAX,CX,0x5d0520;results=;flows=;fallthrough=004b099e
instruction_reference	004b00e4	FUN_004b00e4	004b0997	005d0520	DATA	DAT_005d0520	operand_index=0;primary=true;source=ANALYSIS
instruction	004b00e4	FUN_004b00e4	004b099e	004b09a4	FALL_THROUGH	FUN_004b00e4	bytes=8B95F4FDFFFF;mnemonic=MOV;instruction=MOV EDX,dword ptr [EBP + 0xfffffdf4];inputs=EBP,0xfffffdf4;results=EDX;flows=;fallthrough=004b09a4
instruction_reference	004b00e4	FUN_004b00e4	004b099e	Stack[-0x210]	READ		operand_index=1;primary=true;source=ANALYSIS
instruction	004b00e4	FUN_004b00e4	004b09a4	004b09aa	FALL_THROUGH	FUN_004b00e4	bytes=69D2401A0000;mnemonic=IMUL;instruction=IMUL EDX,EDX,0x1a40;inputs=0x1a40,0x0,0x4,EDX;results=CF,EDX,OF;flows=;fallthrough=004b09aa
instruction	004b00e4	FUN_004b00e4	004b09aa	004b09b0	FALL_THROUGH	FUN_004b00e4	bytes=8B85B0FDFFFF;mnemonic=MOV;instruction=MOV EAX,dword ptr [EBP + 0xfffffdb0];inputs=EBP,0xfffffdb0;results=EAX;flows=;fallthrough=004b09b0
instruction_reference	004b00e4	FUN_004b00e4	004b09aa	Stack[-0x254]	READ		operand_index=1;primary=true;source=ANALYSIS
instruction	004b00e4	FUN_004b00e4	004b09b0	004b09b3	FALL_THROUGH	FUN_004b00e4	bytes=6BC070;mnemonic=IMUL;instruction=IMUL EAX,EAX,0x70;inputs=EAX,0x70,0x0,0x4;results=EAX,CF,OF;flows=;fallthrough=004b09b3
instruction	004b00e4	FUN_004b00e4	004b09b3	004b09ba	FALL_THROUGH	FUN_004b00e4	bytes=668B8AF4095D00;mnemonic=MOV;instruction=MOV CX,word ptr [EDX + 0x5d09f4];inputs=EDX,0x5d09f4;results=CX;flows=;fallthrough=004b09ba
instruction_reference	004b00e4	FUN_004b00e4	004b09b3	005d09f4	DATA	DAT_005d09f4	operand_index=1;primary=true;source=ANALYSIS
instruction	004b00e4	FUN_004b00e4	004b09ba	004b09c1	FALL_THROUGH	FUN_004b00e4	bytes=66898824055D00;mnemonic=MOV;instruction=MOV word ptr [EAX + 0x5d0524],CX;inputs=EAX,CX,0x5d0524;results=;flows=;fallthrough=004b09c1
instruction_reference	004b00e4	FUN_004b00e4	004b09ba	005d0524	DATA	DAT_005d0524	operand_index=0;primary=true;source=ANALYSIS
instruction	004b00e4	FUN_004b00e4	004b09c1	004b09cb	FALL_THROUGH	FUN_004b00e4	bytes=81BDA8FDFFFF8A000000;mnemonic=CMP;instruction=CMP dword ptr [EBP + 0xfffffda8],0x8a;inputs=0x0,0x1,EBP,0xfffffda8,0x8a,0xff;results=CF,PF,ZF,SF,OF;flows=;fallthrough=004b09cb
instruction_reference	004b00e4	FUN_004b00e4	004b09c1	Stack[-0x25c]	READ		operand_index=0;primary=true;source=ANALYSIS
instruction	004b00e4	FUN_004b00e4	004b09cb	004b09d1	CONDITIONAL_JUMP	FUN_004b00e4	bytes=0F858C000000;mnemonic=JNZ;instruction=JNZ 0x004b0a5d;inputs=ZF;results=;flows=004b0a5d;fallthrough=004b09d1
instruction_reference	004b00e4	FUN_004b00e4	004b09cb	004b0a5d	CONDITIONAL_JUMP	LAB_004b0a5d	operand_index=0;primary=true;source=DEFAULT
instruction	004b00e4	FUN_004b00e4	004b09d1	004b09db	FALL_THROUGH	FUN_004b00e4	bytes=C7859CFDFFFF01000000;mnemonic=MOV;instruction=MOV dword ptr [EBP + 0xfffffd9c],0x1;inputs=0x1,0xfffffd9c,EBP;results=;flows=;fallthrough=004b09db
instruction_reference	004b00e4	FUN_004b00e4	004b09d1	Stack[-0x268]	WRITE		operand_index=0;primary=true;source=ANALYSIS
instruction	004b00e4	FUN_004b00e4	004b09db		UNCONDITIONAL_JUMP	FUN_004b00e4	bytes=EB0F;mnemonic=JMP;instruction=JMP 0x004b09ec;inputs=;results=;flows=004b09ec;fallthrough=
instruction_reference	004b00e4	FUN_004b00e4	004b09db	004b09ec	UNCONDITIONAL_JUMP	LAB_004b09ec	operand_index=0;primary=true;source=DEFAULT
instruction	004b00e4	FUN_004b00e4	004b09dd	004b09e3	FALL_THROUGH	FUN_004b00e4	bytes=8B959CFDFFFF;mnemonic=MOV;instruction=MOV EDX,dword ptr [EBP + 0xfffffd9c];inputs=0xfffffd9c,EBP;results=EDX;flows=;fallthrough=004b09e3
instruction_reference	004b00e4	FUN_004b00e4	004b09dd	Stack[-0x268]	READ		operand_index=1;primary=true;source=ANALYSIS
instruction	004b00e4	FUN_004b00e4	004b09e3	004b09e6	FALL_THROUGH	FUN_004b00e4	bytes=83C201;mnemonic=ADD;instruction=ADD EDX,0x1;inputs=0x0,0x1,EDX,0xff;results=CF,PF,ZF,SF,EDX,OF;flows=;fallthrough=004b09e6
instruction	004b00e4	FUN_004b00e4	004b09e6	004b09ec	FALL_THROUGH	FUN_004b00e4	bytes=89959CFDFFFF;mnemonic=MOV;instruction=MOV dword ptr [EBP + 0xfffffd9c],EDX;inputs=0xfffffd9c,EBP,EDX;results=;flows=;fallthrough=004b09ec
instruction_reference	004b00e4	FUN_004b00e4	004b09e6	Stack[-0x268]	WRITE		operand_index=0;primary=true;source=ANALYSIS
instruction	004b00e4	FUN_004b00e4	004b09ec	004b09f3	FALL_THROUGH	FUN_004b00e4	bytes=83BD9CFDFFFF3C;mnemonic=CMP;instruction=CMP dword ptr [EBP + 0xfffffd9c],0x3c;inputs=0x0,0x1,0xfffffd9c,EBP,0x3c,0xff;results=CF,PF,ZF,SF,OF;flows=;fallthrough=004b09f3
instruction_reference	004b00e4	FUN_004b00e4	004b09ec	Stack[-0x268]	READ		operand_index=0;primary=true;source=ANALYSIS
instruction	004b00e4	FUN_004b00e4	004b09f3	004b09f5	CONDITIONAL_JUMP	FUN_004b00e4	bytes=7D68;mnemonic=JGE;instruction=JGE 0x004b0a5d;inputs=SF,OF;results=;flows=004b0a5d;fallthrough=004b09f5
instruction_reference	004b00e4	FUN_004b00e4	004b09f3	004b0a5d	CONDITIONAL_JUMP	LAB_004b0a5d	operand_index=0;primary=true;source=DEFAULT
instruction	004b00e4	FUN_004b00e4	004b09f5	004b09ff	FALL_THROUGH	FUN_004b00e4	bytes=C78598FDFFFF00000000;mnemonic=MOV;instruction=MOV dword ptr [EBP + 0xfffffd98],0x0;inputs=0x0,EBP,0xfffffd98;results=;flows=;fallthrough=004b09ff
instruction_reference	004b00e4	FUN_004b00e4	004b09f5	Stack[-0x26c]	WRITE		operand_index=0;primary=true;source=ANALYSIS
instruction	004b00e4	FUN_004b00e4	004b09ff		UNCONDITIONAL_JUMP	FUN_004b00e4	bytes=EB0F;mnemonic=JMP;instruction=JMP 0x004b0a10;inputs=;results=;flows=004b0a10;fallthrough=
instruction_reference	004b00e4	FUN_004b00e4	004b09ff	004b0a10	UNCONDITIONAL_JUMP	LAB_004b0a10	operand_index=0;primary=true;source=DEFAULT
instruction	004b00e4	FUN_004b00e4	004b0a01	004b0a07	FALL_THROUGH	FUN_004b00e4	bytes=8B8598FDFFFF;mnemonic=MOV;instruction=MOV EAX,dword ptr [EBP + 0xfffffd98];inputs=EBP,0xfffffd98;results=EAX;flows=;fallthrough=004b0a07
instruction_reference	004b00e4	FUN_004b00e4	004b0a01	Stack[-0x26c]	READ		operand_index=1;primary=true;source=ANALYSIS
instruction	004b00e4	FUN_004b00e4	004b0a07	004b0a0a	FALL_THROUGH	FUN_004b00e4	bytes=83C001;mnemonic=ADD;instruction=ADD EAX,0x1;inputs=EAX,0x0,0x1,0xff;results=CF,EAX,PF,ZF,SF,OF;flows=;fallthrough=004b0a0a
instruction	004b00e4	FUN_004b00e4	004b0a0a	004b0a10	FALL_THROUGH	FUN_004b00e4	bytes=898598FDFFFF;mnemonic=MOV;instruction=MOV dword ptr [EBP + 0xfffffd98],EAX;inputs=EAX,EBP,0xfffffd98;results=;flows=;fallthrough=004b0a10
instruction_reference	004b00e4	FUN_004b00e4	004b0a0a	Stack[-0x26c]	WRITE		operand_index=0;primary=true;source=ANALYSIS
instruction	004b00e4	FUN_004b00e4	004b0a10	004b0a17	FALL_THROUGH	FUN_004b00e4	bytes=83BD98FDFFFF38;mnemonic=CMP;instruction=CMP dword ptr [EBP + 0xfffffd98],0x38;inputs=0x0,0x1,EBP,0xfffffd98,0x38,0xff;results=CF,PF,ZF,SF,OF;flows=;fallthrough=004b0a17
instruction_reference	004b00e4	FUN_004b00e4	004b0a10	Stack[-0x26c]	READ		operand_index=0;primary=true;source=ANALYSIS
instruction	004b00e4	FUN_004b00e4	004b0a17	004b0a19	CONDITIONAL_JUMP	FUN_004b00e4	bytes=7D42;mnemonic=JGE;instruction=JGE 0x004b0a5b;inputs=SF,OF;results=;flows=004b0a5b;fallthrough=004b0a19
instruction_reference	004b00e4	FUN_004b00e4	004b0a17	004b0a5b	CONDITIONAL_JUMP	LAB_004b0a5b	operand_index=0;primary=true;source=DEFAULT
instruction	004b00e4	FUN_004b00e4	004b0a19	004b0a1f	FALL_THROUGH	FUN_004b00e4	bytes=8B8DF4FDFFFF;mnemonic=MOV;instruction=MOV ECX,dword ptr [EBP + 0xfffffdf4];inputs=EBP,0xfffffdf4;results=ECX;flows=;fallthrough=004b0a1f
instruction_reference	004b00e4	FUN_004b00e4	004b0a19	Stack[-0x210]	READ		operand_index=1;primary=true;source=ANALYSIS
instruction	004b00e4	FUN_004b00e4	004b0a1f	004b0a25	FALL_THROUGH	FUN_004b00e4	bytes=69C9401A0000;mnemonic=IMUL;instruction=IMUL ECX,ECX,0x1a40;inputs=0x1a40,0x0,ECX,0x4;results=CF,ECX,OF;flows=;fallthrough=004b0a25
instruction	004b00e4	FUN_004b00e4	004b0a25	004b0a2b	FALL_THROUGH	FUN_004b00e4	bytes=8B95F4FDFFFF;mnemonic=MOV;instruction=MOV EDX,dword ptr [EBP + 0xfffffdf4];inputs=EBP,0xfffffdf4;results=EDX;flows=;fallthrough=004b0a2b
instruction_reference	004b00e4	FUN_004b00e4	004b0a25	Stack[-0x210]	READ		operand_index=1;primary=true;source=ANALYSIS
instruction	004b00e4	FUN_004b00e4	004b0a2b	004b0a31	FALL_THROUGH	FUN_004b00e4	bytes=69D2401A0000;mnemonic=IMUL;instruction=IMUL EDX,EDX,0x1a40;inputs=0x1a40,0x0,0x4,EDX;results=CF,EDX,OF;flows=;fallthrough=004b0a31
instruction	004b00e4	FUN_004b00e4	004b0a31	004b0a37	FALL_THROUGH	FUN_004b00e4	bytes=8B859CFDFFFF;mnemonic=MOV;instruction=MOV EAX,dword ptr [EBP + 0xfffffd9c];inputs=0xfffffd9c,EBP;results=EAX;flows=;fallthrough=004b0a37
instruction_reference	004b00e4	FUN_004b00e4	004b0a31	Stack[-0x268]	READ		operand_index=1;primary=true;source=ANALYSIS
instruction	004b00e4	FUN_004b00e4	004b0a37	004b0a3a	FALL_THROUGH	FUN_004b00e4	bytes=6BC070;mnemonic=IMUL;instruction=IMUL EAX,EAX,0x70;inputs=EAX,0x70,0x0,0x4;results=EAX,CF,OF;flows=;fallthrough=004b0a3a
instruction	004b00e4	FUN_004b00e4	004b0a3a	004b0a41	FALL_THROUGH	FUN_004b00e4	bytes=8D940208055D00;mnemonic=LEA;instruction=LEA EDX,[EDX + EAX*0x1 + 0x5d0508];inputs=EAX,0x1,0x5d0508,EDX;results=EDX;flows=;fallthrough=004b0a41
instruction_reference	004b00e4	FUN_004b00e4	004b0a3a	005d0508	DATA	DAT_005d0508	operand_index=1;primary=true;source=ANALYSIS
instruction	004b00e4	FUN_004b00e4	004b0a41	004b0a47	FALL_THROUGH	FUN_004b00e4	bytes=8B8598FDFFFF;mnemonic=MOV;instruction=MOV EAX,dword ptr [EBP + 0xfffffd98];inputs=EBP,0xfffffd98;results=EAX;flows=;fallthrough=004b0a47
instruction_reference	004b00e4	FUN_004b00e4	004b0a41	Stack[-0x26c]	READ		operand_index=1;primary=true;source=ANALYSIS
instruction	004b00e4	FUN_004b00e4	004b0a47	004b0a4d	FALL_THROUGH	FUN_004b00e4	bytes=8BB598FDFFFF;mnemonic=MOV;instruction=MOV ESI,dword ptr [EBP + 0xfffffd98];inputs=EBP,0xfffffd98;results=ESI;flows=;fallthrough=004b0a4d
instruction_reference	004b00e4	FUN_004b00e4	004b0a47	Stack[-0x26c]	READ		operand_index=1;primary=true;source=ANALYSIS
instruction	004b00e4	FUN_004b00e4	004b0a4d	004b0a55	FALL_THROUGH	FUN_004b00e4	bytes=668B8C7108055D00;mnemonic=MOV;instruction=MOV CX,word ptr [ECX + ESI*0x2 + 0x5d0508];inputs=0x2,ECX,0x5d0508,ESI;results=CX;flows=;fallthrough=004b0a55
instruction_reference	004b00e4	FUN_004b00e4	004b0a4d	005d0508	DATA	DAT_005d0508	operand_index=1;primary=true;source=ANALYSIS
instruction	004b00e4	FUN_004b00e4	004b0a55	004b0a59	FALL_THROUGH	FUN_004b00e4	bytes=66890C42;mnemonic=MOV;instruction=MOV word ptr [EDX + EAX*0x2],CX;inputs=EAX,0x2,CX,EDX;results=;flows=;fallthrough=004b0a59
instruction	004b00e4	FUN_004b00e4	004b0a59		UNCONDITIONAL_JUMP	FUN_004b00e4	bytes=EBA6;mnemonic=JMP;instruction=JMP 0x004b0a01;inputs=;results=;flows=004b0a01;fallthrough=
instruction_reference	004b00e4	FUN_004b00e4	004b0a59	004b0a01	UNCONDITIONAL_JUMP	LAB_004b0a01	operand_index=0;primary=true;source=DEFAULT
instruction	004b00e4	FUN_004b00e4	004b0a5b		UNCONDITIONAL_JUMP	FUN_004b00e4	bytes=EB80;mnemonic=JMP;instruction=JMP 0x004b09dd;inputs=;results=;flows=004b09dd;fallthrough=
instruction_reference	004b00e4	FUN_004b00e4	004b0a5b	004b09dd	UNCONDITIONAL_JUMP	LAB_004b09dd	operand_index=0;primary=true;source=DEFAULT
instruction	004b00e4	FUN_004b00e4	004b0a5d		UNCONDITIONAL_JUMP	FUN_004b00e4	bytes=E93B020000;mnemonic=JMP;instruction=JMP 0x004b0c9d;inputs=;results=;flows=004b0c9d;fallthrough=
instruction_reference	004b00e4	FUN_004b00e4	004b0a5d	004b0c9d	UNCONDITIONAL_JUMP	LAB_004b0c9d	operand_index=0;primary=true;source=DEFAULT
instruction	004b00e4	FUN_004b00e4	004b0a62	004b0a69	FALL_THROUGH	FUN_004b00e4	bytes=83BDF4FDFFFF01;mnemonic=CMP;instruction=CMP dword ptr [EBP + 0xfffffdf4],0x1;inputs=0x0,0x1,EBP,0xfffffdf4,0xff;results=CF,PF,ZF,SF,OF;flows=;fallthrough=004b0a69
instruction_reference	004b00e4	FUN_004b00e4	004b0a62	Stack[-0x210]	READ		operand_index=0;primary=true;source=ANALYSIS
instruction	004b00e4	FUN_004b00e4	004b0a69	004b0a6f	CONDITIONAL_JUMP	FUN_004b00e4	bytes=0F852E020000;mnemonic=JNZ;instruction=JNZ 0x004b0c9d;inputs=ZF;results=;flows=004b0c9d;fallthrough=004b0a6f
instruction_reference	004b00e4	FUN_004b00e4	004b0a69	004b0c9d	CONDITIONAL_JUMP	LAB_004b0c9d	operand_index=0;primary=true;source=DEFAULT
instruction	004b00e4	FUN_004b00e4	004b0a6f	004b0a76	FALL_THROUGH	FUN_004b00e4	bytes=83BDACFDFFFF04;mnemonic=CMP;instruction=CMP dword ptr [EBP + 0xfffffdac],0x4;inputs=0x0,0x1,0xfffffdac,EBP,0x4,0xff;results=CF,PF,ZF,SF,OF;flows=;fallthrough=004b0a76
instruction_reference	004b00e4	FUN_004b00e4	004b0a6f	Stack[-0x258]	READ		operand_index=0;primary=true;source=ANALYSIS
instruction	004b00e4	FUN_004b00e4	004b0a76	004b0a7c	CONDITIONAL_JUMP	FUN_004b00e4	bytes=0F8C80000000;mnemonic=JL;instruction=JL 0x004b0afc;inputs=SF,OF;results=;flows=004b0afc;fallthrough=004b0a7c
instruction_reference	004b00e4	FUN_004b00e4	004b0a76	004b0afc	CONDITIONAL_JUMP	LAB_004b0afc	operand_index=0;primary=true;source=DEFAULT
instruction	004b00e4	FUN_004b00e4	004b0a7c	004b0a83	FALL_THROUGH	FUN_004b00e4	bytes=83BDACFDFFFF09;mnemonic=CMP;instruction=CMP dword ptr [EBP + 0xfffffdac],0x9;inputs=0x0,0x1,0xfffffdac,EBP,0x9,0xff;results=CF,PF,ZF,SF,OF;flows=;fallthrough=004b0a83
instruction_reference	004b00e4	FUN_004b00e4	004b0a7c	Stack[-0x258]	READ		operand_index=0;primary=true;source=ANALYSIS
instruction	004b00e4	FUN_004b00e4	004b0a83	004b0a85	CONDITIONAL_JUMP	FUN_004b00e4	bytes=7D77;mnemonic=JGE;instruction=JGE 0x004b0afc;inputs=SF,OF;results=;flows=004b0afc;fallthrough=004b0a85
instruction_reference	004b00e4	FUN_004b00e4	004b0a83	004b0afc	CONDITIONAL_JUMP	LAB_004b0afc	operand_index=0;primary=true;source=DEFAULT
instruction	004b00e4	FUN_004b00e4	004b0a85	004b0a8b	FALL_THROUGH	FUN_004b00e4	bytes=8B95ACFDFFFF;mnemonic=MOV;instruction=MOV EDX,dword ptr [EBP + 0xfffffdac];inputs=0xfffffdac,EBP;results=EDX;flows=;fallthrough=004b0a8b
instruction_reference	004b00e4	FUN_004b00e4	004b0a85	Stack[-0x258]	READ		operand_index=1;primary=true;source=ANALYSIS
instruction	004b00e4	FUN_004b00e4	004b0a8b	004b0a8e	FALL_THROUGH	FUN_004b00e4	bytes=83C201;mnemonic=ADD;instruction=ADD EDX,0x1;inputs=0x0,0x1,EDX,0xff;results=CF,PF,ZF,SF,EDX,OF;flows=;fallthrough=004b0a8e
instruction	004b00e4	FUN_004b00e4	004b0a8e	004b0a94	FALL_THROUGH	FUN_004b00e4	bytes=899594FDFFFF;mnemonic=MOV;instruction=MOV dword ptr [EBP + 0xfffffd94],EDX;inputs=EBP,EDX,0xfffffd94;results=;flows=;fallthrough=004b0a94
instruction_reference	004b00e4	FUN_004b00e4	004b0a8e	Stack[-0x270]	WRITE		operand_index=0;primary=true;source=ANALYSIS
instruction	004b00e4	FUN_004b00e4	004b0a94		UNCONDITIONAL_JUMP	FUN_004b00e4	bytes=EB0F;mnemonic=JMP;instruction=JMP 0x004b0aa5;inputs=;results=;flows=004b0aa5;fallthrough=
instruction_reference	004b00e4	FUN_004b00e4	004b0a94	004b0aa5	UNCONDITIONAL_JUMP	LAB_004b0aa5	operand_index=0;primary=true;source=DEFAULT
instruction	004b00e4	FUN_004b00e4	004b0a96	004b0a9c	FALL_THROUGH	FUN_004b00e4	bytes=8B8594FDFFFF;mnemonic=MOV;instruction=MOV EAX,dword ptr [EBP + 0xfffffd94];inputs=EBP,0xfffffd94;results=EAX;flows=;fallthrough=004b0a9c
instruction_reference	004b00e4	FUN_004b00e4	004b0a96	Stack[-0x270]	READ		operand_index=1;primary=true;source=ANALYSIS
instruction	004b00e4	FUN_004b00e4	004b0a9c	004b0a9f	FALL_THROUGH	FUN_004b00e4	bytes=83C001;mnemonic=ADD;instruction=ADD EAX,0x1;inputs=EAX,0x0,0x1,0xff;results=CF,EAX,PF,ZF,SF,OF;flows=;fallthrough=004b0a9f
instruction	004b00e4	FUN_004b00e4	004b0a9f	004b0aa5	FALL_THROUGH	FUN_004b00e4	bytes=898594FDFFFF;mnemonic=MOV;instruction=MOV dword ptr [EBP + 0xfffffd94],EAX;inputs=EAX,EBP,0xfffffd94;results=;flows=;fallthrough=004b0aa5
instruction_reference	004b00e4	FUN_004b00e4	004b0a9f	Stack[-0x270]	WRITE		operand_index=0;primary=true;source=ANALYSIS
instruction	004b00e4	FUN_004b00e4	004b0aa5	004b0aac	FALL_THROUGH	FUN_004b00e4	bytes=83BD94FDFFFF0A;mnemonic=CMP;instruction=CMP dword ptr [EBP + 0xfffffd94],0xa;inputs=0x0,0x1,EBP,0xa,0xfffffd94,0xff;results=CF,PF,ZF,SF,OF;flows=;fallthrough=004b0aac
instruction_reference	004b00e4	FUN_004b00e4	004b0aa5	Stack[-0x270]	READ		operand_index=0;primary=true;source=ANALYSIS
instruction	004b00e4	FUN_004b00e4	004b0aac	004b0aae	CONDITIONAL_JUMP	FUN_004b00e4	bytes=7D4E;mnemonic=JGE;instruction=JGE 0x004b0afc;inputs=SF,OF;results=;flows=004b0afc;fallthrough=004b0aae
instruction_reference	004b00e4	FUN_004b00e4	004b0aac	004b0afc	CONDITIONAL_JUMP	LAB_004b0afc	operand_index=0;primary=true;source=DEFAULT
instruction	004b00e4	FUN_004b00e4	004b0aae	004b0ab4	FALL_THROUGH	FUN_004b00e4	bytes=8B8DF4FDFFFF;mnemonic=MOV;instruction=MOV ECX,dword ptr [EBP + 0xfffffdf4];inputs=EBP,0xfffffdf4;results=ECX;flows=;fallthrough=004b0ab4
instruction_reference	004b00e4	FUN_004b00e4	004b0aae	Stack[-0x210]	READ		operand_index=1;primary=true;source=ANALYSIS
instruction	004b00e4	FUN_004b00e4	004b0ab4	004b0aba	FALL_THROUGH	FUN_004b00e4	bytes=69C9401A0000;mnemonic=IMUL;instruction=IMUL ECX,ECX,0x1a40;inputs=0x1a40,0x0,ECX,0x4;results=CF,ECX,OF;flows=;fallthrough=004b0aba
instruction	004b00e4	FUN_004b00e4	004b0aba	004b0ac0	FALL_THROUGH	FUN_004b00e4	bytes=8B95B0FDFFFF;mnemonic=MOV;instruction=MOV EDX,dword ptr [EBP + 0xfffffdb0];inputs=EBP,0xfffffdb0;results=EDX;flows=;fallthrough=004b0ac0
instruction_reference	004b00e4	FUN_004b00e4	004b0aba	Stack[-0x254]	READ		operand_index=1;primary=true;source=ANALYSIS
instruction	004b00e4	FUN_004b00e4	004b0ac0	004b0ac3	FALL_THROUGH	FUN_004b00e4	bytes=6BD270;mnemonic=IMUL;instruction=IMUL EDX,EDX,0x70;inputs=0x70,0x0,0x4,EDX;results=CF,EDX,OF;flows=;fallthrough=004b0ac3
instruction	004b00e4	FUN_004b00e4	004b0ac3	004b0aca	FALL_THROUGH	FUN_004b00e4	bytes=8D841108055D00;mnemonic=LEA;instruction=LEA EAX,[ECX + EDX*0x1 + 0x5d0508];inputs=0x1,ECX,0x5d0508,EDX;results=EAX;flows=;fallthrough=004b0aca
instruction_reference	004b00e4	FUN_004b00e4	004b0ac3	005d0508	DATA	DAT_005d0508	operand_index=1;primary=true;source=ANALYSIS
instruction	004b00e4	FUN_004b00e4	004b0aca	004b0ad0	FALL_THROUGH	FUN_004b00e4	bytes=8B8DF4FDFFFF;mnemonic=MOV;instruction=MOV ECX,dword ptr [EBP + 0xfffffdf4];inputs=EBP,0xfffffdf4;results=ECX;flows=;fallthrough=004b0ad0
instruction_reference	004b00e4	FUN_004b00e4	004b0aca	Stack[-0x210]	READ		operand_index=1;primary=true;source=ANALYSIS
instruction	004b00e4	FUN_004b00e4	004b0ad0	004b0ad6	FALL_THROUGH	FUN_004b00e4	bytes=69C9401A0000;mnemonic=IMUL;instruction=IMUL ECX,ECX,0x1a40;inputs=0x1a40,0x0,ECX,0x4;results=CF,ECX,OF;flows=;fallthrough=004b0ad6
instruction	004b00e4	FUN_004b00e4	004b0ad6	004b0adc	FALL_THROUGH	FUN_004b00e4	bytes=8B95B0FDFFFF;mnemonic=MOV;instruction=MOV EDX,dword ptr [EBP + 0xfffffdb0];inputs=EBP,0xfffffdb0;results=EDX;flows=;fallthrough=004b0adc
instruction_reference	004b00e4	FUN_004b00e4	004b0ad6	Stack[-0x254]	READ		operand_index=1;primary=true;source=ANALYSIS
instruction	004b00e4	FUN_004b00e4	004b0adc	004b0adf	FALL_THROUGH	FUN_004b00e4	bytes=6BD270;mnemonic=IMUL;instruction=IMUL EDX,EDX,0x70;inputs=0x70,0x0,0x4,EDX;results=CF,EDX,OF;flows=;fallthrough=004b0adf
instruction	004b00e4	FUN_004b00e4	004b0adf	004b0ae6	FALL_THROUGH	FUN_004b00e4	bytes=8D8C1108055D00;mnemonic=LEA;instruction=LEA ECX,[ECX + EDX*0x1 + 0x5d0508];inputs=0x1,ECX,0x5d0508,EDX;results=ECX;flows=;fallthrough=004b0ae6
instruction_reference	004b00e4	FUN_004b00e4	004b0adf	005d0508	DATA	DAT_005d0508	operand_index=1;primary=true;source=ANALYSIS
instruction	004b00e4	FUN_004b00e4	004b0ae6	004b0aec	FALL_THROUGH	FUN_004b00e4	bytes=8B9594FDFFFF;mnemonic=MOV;instruction=MOV EDX,dword ptr [EBP + 0xfffffd94];inputs=EBP,0xfffffd94;results=EDX;flows=;fallthrough=004b0aec
instruction_reference	004b00e4	FUN_004b00e4	004b0ae6	Stack[-0x270]	READ		operand_index=1;primary=true;source=ANALYSIS
instruction	004b00e4	FUN_004b00e4	004b0aec	004b0af2	FALL_THROUGH	FUN_004b00e4	bytes=8BB5ACFDFFFF;mnemonic=MOV;instruction=MOV ESI,dword ptr [EBP + 0xfffffdac];inputs=0xfffffdac,EBP;results=ESI;flows=;fallthrough=004b0af2
instruction_reference	004b00e4	FUN_004b00e4	004b0aec	Stack[-0x258]	READ		operand_index=1;primary=true;source=ANALYSIS
instruction	004b00e4	FUN_004b00e4	004b0af2	004b0af6	FALL_THROUGH	FUN_004b00e4	bytes=668B0470;mnemonic=MOV;instruction=MOV AX,word ptr [EAX + ESI*0x2];inputs=EAX,0x2,ESI;results=AX;flows=;fallthrough=004b0af6
instruction	004b00e4	FUN_004b00e4	004b0af6	004b0afa	FALL_THROUGH	FUN_004b00e4	bytes=66890451;mnemonic=MOV;instruction=MOV word ptr [ECX + EDX*0x2],AX;inputs=AX,0x2,ECX,EDX;results=;flows=;fallthrough=004b0afa
instruction	004b00e4	FUN_004b00e4	004b0afa		UNCONDITIONAL_JUMP	FUN_004b00e4	bytes=EB9A;mnemonic=JMP;instruction=JMP 0x004b0a96;inputs=;results=;flows=004b0a96;fallthrough=
instruction_reference	004b00e4	FUN_004b00e4	004b0afa	004b0a96	UNCONDITIONAL_JUMP	LAB_004b0a96	operand_index=0;primary=true;source=DEFAULT
instruction	004b00e4	FUN_004b00e4	004b0afc	004b0b03	FALL_THROUGH	FUN_004b00e4	bytes=83BDACFDFFFF19;mnemonic=CMP;instruction=CMP dword ptr [EBP + 0xfffffdac],0x19;inputs=0x0,0x1,0xfffffdac,EBP,0x19,0xff;results=CF,PF,ZF,SF,OF;flows=;fallthrough=004b0b03
instruction_reference	004b00e4	FUN_004b00e4	004b0afc	Stack[-0x258]	READ		operand_index=0;primary=true;source=ANALYSIS
instruction	004b00e4	FUN_004b00e4	004b0b03	004b0b09	CONDITIONAL_JUMP	FUN_004b00e4	bytes=0F8C80000000;mnemonic=JL;instruction=JL 0x004b0b89;inputs=SF,OF;results=;flows=004b0b89;fallthrough=004b0b09
instruction_reference	004b00e4	FUN_004b00e4	004b0b03	004b0b89	CONDITIONAL_JUMP	LAB_004b0b89	operand_index=0;primary=true;source=DEFAULT
instruction	004b00e4	FUN_004b00e4	004b0b09	004b0b10	FALL_THROUGH	FUN_004b00e4	bytes=83BDACFDFFFF1D;mnemonic=CMP;instruction=CMP dword ptr [EBP + 0xfffffdac],0x1d;inputs=0x0,0x1,0xfffffdac,EBP,0x1d,0xff;results=CF,PF,ZF,SF,OF;flows=;fallthrough=004b0b10
instruction_reference	004b00e4	FUN_004b00e4	004b0b09	Stack[-0x258]	READ		operand_index=0;primary=true;source=ANALYSIS
instruction	004b00e4	FUN_004b00e4	004b0b10	004b0b12	CONDITIONAL_JUMP	FUN_004b00e4	bytes=7D77;mnemonic=JGE;instruction=JGE 0x004b0b89;inputs=SF,OF;results=;flows=004b0b89;fallthrough=004b0b12
instruction_reference	004b00e4	FUN_004b00e4	004b0b10	004b0b89	CONDITIONAL_JUMP	LAB_004b0b89	operand_index=0;primary=true;source=DEFAULT
instruction	004b00e4	FUN_004b00e4	004b0b12	004b0b18	FALL_THROUGH	FUN_004b00e4	bytes=8B8DACFDFFFF;mnemonic=MOV;instruction=MOV ECX,dword ptr [EBP + 0xfffffdac];inputs=0xfffffdac,EBP;results=ECX;flows=;fallthrough=004b0b18
instruction_reference	004b00e4	FUN_004b00e4	004b0b12	Stack[-0x258]	READ		operand_index=1;primary=true;source=ANALYSIS
instruction	004b00e4	FUN_004b00e4	004b0b18	004b0b1b	FALL_THROUGH	FUN_004b00e4	bytes=83C101;mnemonic=ADD;instruction=ADD ECX,0x1;inputs=0x0,0x1,ECX,0xff;results=CF,PF,ECX,ZF,SF,OF;flows=;fallthrough=004b0b1b
instruction	004b00e4	FUN_004b00e4	004b0b1b	004b0b21	FALL_THROUGH	FUN_004b00e4	bytes=898D90FDFFFF;mnemonic=MOV;instruction=MOV dword ptr [EBP + 0xfffffd90],ECX;inputs=EBP,ECX,0xfffffd90;results=;flows=;fallthrough=004b0b21
instruction_reference	004b00e4	FUN_004b00e4	004b0b1b	Stack[-0x274]	WRITE		operand_index=0;primary=true;source=ANALYSIS
instruction	004b00e4	FUN_004b00e4	004b0b21		UNCONDITIONAL_JUMP	FUN_004b00e4	bytes=EB0F;mnemonic=JMP;instruction=JMP 0x004b0b32;inputs=;results=;flows=004b0b32;fallthrough=
instruction_reference	004b00e4	FUN_004b00e4	004b0b21	004b0b32	UNCONDITIONAL_JUMP	LAB_004b0b32	operand_index=0;primary=true;source=DEFAULT
instruction	004b00e4	FUN_004b00e4	004b0b23	004b0b29	FALL_THROUGH	FUN_004b00e4	bytes=8B9590FDFFFF;mnemonic=MOV;instruction=MOV EDX,dword ptr [EBP + 0xfffffd90];inputs=EBP,0xfffffd90;results=EDX;flows=;fallthrough=004b0b29
instruction_reference	004b00e4	FUN_004b00e4	004b0b23	Stack[-0x274]	READ		operand_index=1;primary=true;source=ANALYSIS
instruction	004b00e4	FUN_004b00e4	004b0b29	004b0b2c	FALL_THROUGH	FUN_004b00e4	bytes=83C201;mnemonic=ADD;instruction=ADD EDX,0x1;inputs=0x0,0x1,EDX,0xff;results=CF,PF,ZF,SF,EDX,OF;flows=;fallthrough=004b0b2c
instruction	004b00e4	FUN_004b00e4	004b0b2c	004b0b32	FALL_THROUGH	FUN_004b00e4	bytes=899590FDFFFF;mnemonic=MOV;instruction=MOV dword ptr [EBP + 0xfffffd90],EDX;inputs=EBP,EDX,0xfffffd90;results=;flows=;fallthrough=004b0b32
instruction_reference	004b00e4	FUN_004b00e4	004b0b2c	Stack[-0x274]	WRITE		operand_index=0;primary=true;source=ANALYSIS
instruction	004b00e4	FUN_004b00e4	004b0b32	004b0b39	FALL_THROUGH	FUN_004b00e4	bytes=83BD90FDFFFF1E;mnemonic=CMP;instruction=CMP dword ptr [EBP + 0xfffffd90],0x1e;inputs=0x0,0x1,EBP,0x1e,0xfffffd90,0xff;results=CF,PF,ZF,SF,OF;flows=;fallthrough=004b0b39
instruction_reference	004b00e4	FUN_004b00e4	004b0b32	Stack[-0x274]	READ		operand_index=0;primary=true;source=ANALYSIS
instruction	004b00e4	FUN_004b00e4	004b0b39	004b0b3b	CONDITIONAL_JUMP	FUN_004b00e4	bytes=7D4E;mnemonic=JGE;instruction=JGE 0x004b0b89;inputs=SF,OF;results=;flows=004b0b89;fallthrough=004b0b3b
instruction_reference	004b00e4	FUN_004b00e4	004b0b39	004b0b89	CONDITIONAL_JUMP	LAB_004b0b89	operand_index=0;primary=true;source=DEFAULT
instruction	004b00e4	FUN_004b00e4	004b0b3b	004b0b41	FALL_THROUGH	FUN_004b00e4	bytes=8B85F4FDFFFF;mnemonic=MOV;instruction=MOV EAX,dword ptr [EBP + 0xfffffdf4];inputs=EBP,0xfffffdf4;results=EAX;flows=;fallthrough=004b0b41
instruction_reference	004b00e4	FUN_004b00e4	004b0b3b	Stack[-0x210]	READ		operand_index=1;primary=true;source=ANALYSIS
instruction	004b00e4	FUN_004b00e4	004b0b41	004b0b47	FALL_THROUGH	FUN_004b00e4	bytes=69C0401A0000;mnemonic=IMUL;instruction=IMUL EAX,EAX,0x1a40;inputs=EAX,0x1a40,0x0,0x4;results=EAX,CF,OF;flows=;fallthrough=004b0b47
instruction	004b00e4	FUN_004b00e4	004b0b47	004b0b4d	FALL_THROUGH	FUN_004b00e4	bytes=8B8DB0FDFFFF;mnemonic=MOV;instruction=MOV ECX,dword ptr [EBP + 0xfffffdb0];inputs=EBP,0xfffffdb0;results=ECX;flows=;fallthrough=004b0b4d
instruction_reference	004b00e4	FUN_004b00e4	004b0b47	Stack[-0x254]	READ		operand_index=1;primary=true;source=ANALYSIS
instruction	004b00e4	FUN_004b00e4	004b0b4d	004b0b50	FALL_THROUGH	FUN_004b00e4	bytes=6BC970;mnemonic=IMUL;instruction=IMUL ECX,ECX,0x70;inputs=0x70,0x0,ECX,0x4;results=CF,ECX,OF;flows=;fallthrough=004b0b50
instruction	004b00e4	FUN_004b00e4	004b0b50	004b0b57	FALL_THROUGH	FUN_004b00e4	bytes=8D940808055D00;mnemonic=LEA;instruction=LEA EDX,[EAX + ECX*0x1 + 0x5d0508];inputs=EAX,0x1,ECX,0x5d0508;results=EDX;flows=;fallthrough=004b0b57
instruction_reference	004b00e4	FUN_004b00e4	004b0b50	005d0508	DATA	DAT_005d0508	operand_index=1;primary=true;source=ANALYSIS
instruction	004b00e4	FUN_004b00e4	004b0b57	004b0b5d	FALL_THROUGH	FUN_004b00e4	bytes=8B85F4FDFFFF;mnemonic=MOV;instruction=MOV EAX,dword ptr [EBP + 0xfffffdf4];inputs=EBP,0xfffffdf4;results=EAX;flows=;fallthrough=004b0b5d
instruction_reference	004b00e4	FUN_004b00e4	004b0b57	Stack[-0x210]	READ		operand_index=1;primary=true;source=ANALYSIS
instruction	004b00e4	FUN_004b00e4	004b0b5d	004b0b63	FALL_THROUGH	FUN_004b00e4	bytes=69C0401A0000;mnemonic=IMUL;instruction=IMUL EAX,EAX,0x1a40;inputs=EAX,0x1a40,0x0,0x4;results=EAX,CF,OF;flows=;fallthrough=004b0b63
instruction	004b00e4	FUN_004b00e4	004b0b63	004b0b69	FALL_THROUGH	FUN_004b00e4	bytes=8B8DB0FDFFFF;mnemonic=MOV;instruction=MOV ECX,dword ptr [EBP + 0xfffffdb0];inputs=EBP,0xfffffdb0;results=ECX;flows=;fallthrough=004b0b69
instruction_reference	004b00e4	FUN_004b00e4	004b0b63	Stack[-0x254]	READ		operand_index=1;primary=true;source=ANALYSIS
instruction	004b00e4	FUN_004b00e4	004b0b69	004b0b6c	FALL_THROUGH	FUN_004b00e4	bytes=6BC970;mnemonic=IMUL;instruction=IMUL ECX,ECX,0x70;inputs=0x70,0x0,ECX,0x4;results=CF,ECX,OF;flows=;fallthrough=004b0b6c
instruction	004b00e4	FUN_004b00e4	004b0b6c	004b0b73	FALL_THROUGH	FUN_004b00e4	bytes=8D840808055D00;mnemonic=LEA;instruction=LEA EAX,[EAX + ECX*0x1 + 0x5d0508];inputs=EAX,0x1,ECX,0x5d0508;results=EAX;flows=;fallthrough=004b0b73
instruction_reference	004b00e4	FUN_004b00e4	004b0b6c	005d0508	DATA	DAT_005d0508	operand_index=1;primary=true;source=ANALYSIS
instruction	004b00e4	FUN_004b00e4	004b0b73	004b0b79	FALL_THROUGH	FUN_004b00e4	bytes=8B8D90FDFFFF;mnemonic=MOV;instruction=MOV ECX,dword ptr [EBP + 0xfffffd90];inputs=EBP,0xfffffd90;results=ECX;flows=;fallthrough=004b0b79
instruction_reference	004b00e4	FUN_004b00e4	004b0b73	Stack[-0x274]	READ		operand_index=1;primary=true;source=ANALYSIS
instruction	004b00e4	FUN_004b00e4	004b0b79	004b0b7f	FALL_THROUGH	FUN_004b00e4	bytes=8BB5ACFDFFFF;mnemonic=MOV;instruction=MOV ESI,dword ptr [EBP + 0xfffffdac];inputs=0xfffffdac,EBP;results=ESI;flows=;fallthrough=004b0b7f
instruction_reference	004b00e4	FUN_004b00e4	004b0b79	Stack[-0x258]	READ		operand_index=1;primary=true;source=ANALYSIS
instruction	004b00e4	FUN_004b00e4	004b0b7f	004b0b83	FALL_THROUGH	FUN_004b00e4	bytes=668B1472;mnemonic=MOV;instruction=MOV DX,word ptr [EDX + ESI*0x2];inputs=0x2,ESI,EDX;results=DX;flows=;fallthrough=004b0b83
instruction	004b00e4	FUN_004b00e4	004b0b83	004b0b87	FALL_THROUGH	FUN_004b00e4	bytes=66891448;mnemonic=MOV;instruction=MOV word ptr [EAX + ECX*0x2],DX;inputs=EAX,0x2,ECX,DX;results=;flows=;fallthrough=004b0b87
instruction	004b00e4	FUN_004b00e4	004b0b87		UNCONDITIONAL_JUMP	FUN_004b00e4	bytes=EB9A;mnemonic=JMP;instruction=JMP 0x004b0b23;inputs=;results=;flows=004b0b23;fallthrough=
instruction_reference	004b00e4	FUN_004b00e4	004b0b87	004b0b23	UNCONDITIONAL_JUMP	LAB_004b0b23	operand_index=0;primary=true;source=DEFAULT
instruction	004b00e4	FUN_004b00e4	004b0b89	004b0b90	FALL_THROUGH	FUN_004b00e4	bytes=83BDB0FDFFFF02;mnemonic=CMP;instruction=CMP dword ptr [EBP + 0xfffffdb0],0x2;inputs=0x0,0x1,0x2,EBP,0xfffffdb0,0xff;results=CF,PF,ZF,SF,OF;flows=;fallthrough=004b0b90
instruction_reference	004b00e4	FUN_004b00e4	004b0b89	Stack[-0x254]	READ		operand_index=0;primary=true;source=ANALYSIS
instruction	004b00e4	FUN_004b00e4	004b0b90	004b0b92	CONDITIONAL_JUMP	FUN_004b00e4	bytes=756F;mnemonic=JNZ;instruction=JNZ 0x004b0c01;inputs=ZF;results=;flows=004b0c01;fallthrough=004b0b92
instruction_reference	004b00e4	FUN_004b00e4	004b0b90	004b0c01	CONDITIONAL_JUMP	LAB_004b0c01	operand_index=0;primary=true;source=DEFAULT
instruction	004b00e4	FUN_004b00e4	004b0b92	004b0b99	FALL_THROUGH	FUN_004b00e4	bytes=83BDACFDFFFF04;mnemonic=CMP;instruction=CMP dword ptr [EBP + 0xfffffdac],0x4;inputs=0x0,0x1,0xfffffdac,EBP,0x4,0xff;results=CF,PF,ZF,SF,OF;flows=;fallthrough=004b0b99
instruction_reference	004b00e4	FUN_004b00e4	004b0b92	Stack[-0x258]	READ		operand_index=0;primary=true;source=ANALYSIS
instruction	004b00e4	FUN_004b00e4	004b0b99	004b0b9b	CONDITIONAL_JUMP	FUN_004b00e4	bytes=7566;mnemonic=JNZ;instruction=JNZ 0x004b0c01;inputs=ZF;results=;flows=004b0c01;fallthrough=004b0b9b
instruction_reference	004b00e4	FUN_004b00e4	004b0b99	004b0c01	CONDITIONAL_JUMP	LAB_004b0c01	operand_index=0;primary=true;source=DEFAULT
instruction	004b00e4	FUN_004b00e4	004b0b9b	004b0ba5	FALL_THROUGH	FUN_004b00e4	bytes=C7858CFDFFFF00000000;mnemonic=MOV;instruction=MOV dword ptr [EBP + 0xfffffd8c],0x0;inputs=0x0,0xfffffd8c,EBP;results=;flows=;fallthrough=004b0ba5
instruction_reference	004b00e4	FUN_004b00e4	004b0b9b	Stack[-0x278]	WRITE		operand_index=0;primary=true;source=ANALYSIS
instruction	004b00e4	FUN_004b00e4	004b0ba5		UNCONDITIONAL_JUMP	FUN_004b00e4	bytes=EB0F;mnemonic=JMP;instruction=JMP 0x004b0bb6;inputs=;results=;flows=004b0bb6;fallthrough=
instruction_reference	004b00e4	FUN_004b00e4	004b0ba5	004b0bb6	UNCONDITIONAL_JUMP	LAB_004b0bb6	operand_index=0;primary=true;source=DEFAULT
instruction	004b00e4	FUN_004b00e4	004b0ba7	004b0bad	FALL_THROUGH	FUN_004b00e4	bytes=8B858CFDFFFF;mnemonic=MOV;instruction=MOV EAX,dword ptr [EBP + 0xfffffd8c];inputs=0xfffffd8c,EBP;results=EAX;flows=;fallthrough=004b0bad
instruction_reference	004b00e4	FUN_004b00e4	004b0ba7	Stack[-0x278]	READ		operand_index=1;primary=true;source=ANALYSIS
instruction	004b00e4	FUN_004b00e4	004b0bad	004b0bb0	FALL_THROUGH	FUN_004b00e4	bytes=83C001;mnemonic=ADD;instruction=ADD EAX,0x1;inputs=EAX,0x0,0x1,0xff;results=CF,EAX,PF,ZF,SF,OF;flows=;fallthrough=004b0bb0
instruction	004b00e4	FUN_004b00e4	004b0bb0	004b0bb6	FALL_THROUGH	FUN_004b00e4	bytes=89858CFDFFFF;mnemonic=MOV;instruction=MOV dword ptr [EBP + 0xfffffd8c],EAX;inputs=EAX,0xfffffd8c,EBP;results=;flows=;fallthrough=004b0bb6
instruction_reference	004b00e4	FUN_004b00e4	004b0bb0	Stack[-0x278]	WRITE		operand_index=0;primary=true;source=ANALYSIS
instruction	004b00e4	FUN_004b00e4	004b0bb6	004b0bbd	FALL_THROUGH	FUN_004b00e4	bytes=83BD8CFDFFFF04;mnemonic=CMP;instruction=CMP dword ptr [EBP + 0xfffffd8c],0x4;inputs=0x0,0x1,0xfffffd8c,EBP,0x4,0xff;results=CF,PF,ZF,SF,OF;flows=;fallthrough=004b0bbd
instruction_reference	004b00e4	FUN_004b00e4	004b0bb6	Stack[-0x278]	READ		operand_index=0;primary=true;source=ANALYSIS
instruction	004b00e4	FUN_004b00e4	004b0bbd	004b0bbf	CONDITIONAL_JUMP	FUN_004b00e4	bytes=7D42;mnemonic=JGE;instruction=JGE 0x004b0c01;inputs=SF,OF;results=;flows=004b0c01;fallthrough=004b0bbf
instruction_reference	004b00e4	FUN_004b00e4	004b0bbd	004b0c01	CONDITIONAL_JUMP	LAB_004b0c01	operand_index=0;primary=true;source=DEFAULT
instruction	004b00e4	FUN_004b00e4	004b0bbf	004b0bc5	FALL_THROUGH	FUN_004b00e4	bytes=8B8DF4FDFFFF;mnemonic=MOV;instruction=MOV ECX,dword ptr [EBP + 0xfffffdf4];inputs=EBP,0xfffffdf4;results=ECX;flows=;fallthrough=004b0bc5
instruction_reference	004b00e4	FUN_004b00e4	004b0bbf	Stack[-0x210]	READ		operand_index=1;primary=true;source=ANALYSIS
instruction	004b00e4	FUN_004b00e4	004b0bc5	004b0bcb	FALL_THROUGH	FUN_004b00e4	bytes=69C9401A0000;mnemonic=IMUL;instruction=IMUL ECX,ECX,0x1a40;inputs=0x1a40,0x0,ECX,0x4;results=CF,ECX,OF;flows=;fallthrough=004b0bcb
instruction	004b00e4	FUN_004b00e4	004b0bcb	004b0bd1	FALL_THROUGH	FUN_004b00e4	bytes=8B95F4FDFFFF;mnemonic=MOV;instruction=MOV EDX,dword ptr [EBP + 0xfffffdf4];inputs=EBP,0xfffffdf4;results=EDX;flows=;fallthrough=004b0bd1
instruction_reference	004b00e4	FUN_004b00e4	004b0bcb	Stack[-0x210]	READ		operand_index=1;primary=true;source=ANALYSIS
instruction	004b00e4	FUN_004b00e4	004b0bd1	004b0bd7	FALL_THROUGH	FUN_004b00e4	bytes=69D2401A0000;mnemonic=IMUL;instruction=IMUL EDX,EDX,0x1a40;inputs=0x1a40,0x0,0x4,EDX;results=CF,EDX,OF;flows=;fallthrough=004b0bd7
instruction	004b00e4	FUN_004b00e4	004b0bd7	004b0bdd	FALL_THROUGH	FUN_004b00e4	bytes=8B85B0FDFFFF;mnemonic=MOV;instruction=MOV EAX,dword ptr [EBP + 0xfffffdb0];inputs=EBP,0xfffffdb0;results=EAX;flows=;fallthrough=004b0bdd
instruction_reference	004b00e4	FUN_004b00e4	004b0bd7	Stack[-0x254]	READ		operand_index=1;primary=true;source=ANALYSIS
instruction	004b00e4	FUN_004b00e4	004b0bdd	004b0be0	FALL_THROUGH	FUN_004b00e4	bytes=6BC070;mnemonic=IMUL;instruction=IMUL EAX,EAX,0x70;inputs=EAX,0x70,0x0,0x4;results=EAX,CF,OF;flows=;fallthrough=004b0be0
instruction	004b00e4	FUN_004b00e4	004b0be0	004b0be7	FALL_THROUGH	FUN_004b00e4	bytes=8D940208055D00;mnemonic=LEA;instruction=LEA EDX,[EDX + EAX*0x1 + 0x5d0508];inputs=EAX,0x1,0x5d0508,EDX;results=EDX;flows=;fallthrough=004b0be7
instruction_reference	004b00e4	FUN_004b00e4	004b0be0	005d0508	DATA	DAT_005d0508	operand_index=1;primary=true;source=ANALYSIS
instruction	004b00e4	FUN_004b00e4	004b0be7	004b0bed	FALL_THROUGH	FUN_004b00e4	bytes=8B858CFDFFFF;mnemonic=MOV;instruction=MOV EAX,dword ptr [EBP + 0xfffffd8c];inputs=0xfffffd8c,EBP;results=EAX;flows=;fallthrough=004b0bed
instruction_reference	004b00e4	FUN_004b00e4	004b0be7	Stack[-0x278]	READ		operand_index=1;primary=true;source=ANALYSIS
instruction	004b00e4	FUN_004b00e4	004b0bed	004b0bf3	FALL_THROUGH	FUN_004b00e4	bytes=8BB58CFDFFFF;mnemonic=MOV;instruction=MOV ESI,dword ptr [EBP + 0xfffffd8c];inputs=0xfffffd8c,EBP;results=ESI;flows=;fallthrough=004b0bf3
instruction_reference	004b00e4	FUN_004b00e4	004b0bed	Stack[-0x278]	READ		operand_index=1;primary=true;source=ANALYSIS
instruction	004b00e4	FUN_004b00e4	004b0bf3	004b0bfb	FALL_THROUGH	FUN_004b00e4	bytes=668B8C7178055D00;mnemonic=MOV;instruction=MOV CX,word ptr [ECX + ESI*0x2 + 0x5d0578];inputs=0x2,ECX,0x5d0578,ESI;results=CX;flows=;fallthrough=004b0bfb
instruction_reference	004b00e4	FUN_004b00e4	004b0bf3	005d0578	DATA	DAT_005d0578	operand_index=1;primary=true;source=ANALYSIS
instruction	004b00e4	FUN_004b00e4	004b0bfb	004b0bff	FALL_THROUGH	FUN_004b00e4	bytes=66890C42;mnemonic=MOV;instruction=MOV word ptr [EDX + EAX*0x2],CX;inputs=EAX,0x2,CX,EDX;results=;flows=;fallthrough=004b0bff
instruction	004b00e4	FUN_004b00e4	004b0bff		UNCONDITIONAL_JUMP	FUN_004b00e4	bytes=EBA6;mnemonic=JMP;instruction=JMP 0x004b0ba7;inputs=;results=;flows=004b0ba7;fallthrough=
instruction_reference	004b00e4	FUN_004b00e4	004b0bff	004b0ba7	UNCONDITIONAL_JUMP	LAB_004b0ba7	operand_index=0;primary=true;source=DEFAULT
instruction	004b00e4	FUN_004b00e4	004b0c01	004b0c0b	FALL_THROUGH	FUN_004b00e4	bytes=81BDA8FDFFFF89000000;mnemonic=CMP;instruction=CMP dword ptr [EBP + 0xfffffda8],0x89;inputs=0x0,0x1,EBP,0xfffffda8,0x89,0xff;results=CF,PF,ZF,SF,OF;flows=;fallthrough=004b0c0b
instruction_reference	004b00e4	FUN_004b00e4	004b0c01	Stack[-0x25c]	READ		operand_index=0;primary=true;source=ANALYSIS
instruction	004b00e4	FUN_004b00e4	004b0c0b	004b0c11	CONDITIONAL_JUMP	FUN_004b00e4	bytes=0F858C000000;mnemonic=JNZ;instruction=JNZ 0x004b0c9d;inputs=ZF;results=;flows=004b0c9d;fallthrough=004b0c11
instruction_reference	004b00e4	FUN_004b00e4	004b0c0b	004b0c9d	CONDITIONAL_JUMP	LAB_004b0c9d	operand_index=0;primary=true;source=DEFAULT
instruction	004b00e4	FUN_004b00e4	004b0c11	004b0c1b	FALL_THROUGH	FUN_004b00e4	bytes=C78588FDFFFF01000000;mnemonic=MOV;instruction=MOV dword ptr [EBP + 0xfffffd88],0x1;inputs=0x1,EBP,0xfffffd88;results=;flows=;fallthrough=004b0c1b
instruction_reference	004b00e4	FUN_004b00e4	004b0c11	Stack[-0x27c]	WRITE		operand_index=0;primary=true;source=ANALYSIS
instruction	004b00e4	FUN_004b00e4	004b0c1b		UNCONDITIONAL_JUMP	FUN_004b00e4	bytes=EB0F;mnemonic=JMP;instruction=JMP 0x004b0c2c;inputs=;results=;flows=004b0c2c;fallthrough=
instruction_reference	004b00e4	FUN_004b00e4	004b0c1b	004b0c2c	UNCONDITIONAL_JUMP	LAB_004b0c2c	operand_index=0;primary=true;source=DEFAULT
instruction	004b00e4	FUN_004b00e4	004b0c1d	004b0c23	FALL_THROUGH	FUN_004b00e4	bytes=8B9588FDFFFF;mnemonic=MOV;instruction=MOV EDX,dword ptr [EBP + 0xfffffd88];inputs=EBP,0xfffffd88;results=EDX;flows=;fallthrough=004b0c23
instruction_reference	004b00e4	FUN_004b00e4	004b0c1d	Stack[-0x27c]	READ		operand_index=1;primary=true;source=ANALYSIS
instruction	004b00e4	FUN_004b00e4	004b0c23	004b0c26	FALL_THROUGH	FUN_004b00e4	bytes=83C201;mnemonic=ADD;instruction=ADD EDX,0x1;inputs=0x0,0x1,EDX,0xff;results=CF,PF,ZF,SF,EDX,OF;flows=;fallthrough=004b0c26
instruction	004b00e4	FUN_004b00e4	004b0c26	004b0c2c	FALL_THROUGH	FUN_004b00e4	bytes=899588FDFFFF;mnemonic=MOV;instruction=MOV dword ptr [EBP + 0xfffffd88],EDX;inputs=EBP,0xfffffd88,EDX;results=;flows=;fallthrough=004b0c2c
instruction_reference	004b00e4	FUN_004b00e4	004b0c26	Stack[-0x27c]	WRITE		operand_index=0;primary=true;source=ANALYSIS
instruction	004b00e4	FUN_004b00e4	004b0c2c	004b0c33	FALL_THROUGH	FUN_004b00e4	bytes=83BD88FDFFFF3C;mnemonic=CMP;instruction=CMP dword ptr [EBP + 0xfffffd88],0x3c;inputs=0x0,0x1,EBP,0xfffffd88,0x3c,0xff;results=CF,PF,ZF,SF,OF;flows=;fallthrough=004b0c33
instruction_reference	004b00e4	FUN_004b00e4	004b0c2c	Stack[-0x27c]	READ		operand_index=0;primary=true;source=ANALYSIS
instruction	004b00e4	FUN_004b00e4	004b0c33	004b0c35	CONDITIONAL_JUMP	FUN_004b00e4	bytes=7D68;mnemonic=JGE;instruction=JGE 0x004b0c9d;inputs=SF,OF;results=;flows=004b0c9d;fallthrough=004b0c35
instruction_reference	004b00e4	FUN_004b00e4	004b0c33	004b0c9d	CONDITIONAL_JUMP	LAB_004b0c9d	operand_index=0;primary=true;source=DEFAULT
instruction	004b00e4	FUN_004b00e4	004b0c35	004b0c3f	FALL_THROUGH	FUN_004b00e4	bytes=C78584FDFFFF00000000;mnemonic=MOV;instruction=MOV dword ptr [EBP + 0xfffffd84],0x0;inputs=0x0,EBP,0xfffffd84;results=;flows=;fallthrough=004b0c3f
instruction_reference	004b00e4	FUN_004b00e4	004b0c35	Stack[-0x280]	WRITE		operand_index=0;primary=true;source=ANALYSIS
instruction	004b00e4	FUN_004b00e4	004b0c3f		UNCONDITIONAL_JUMP	FUN_004b00e4	bytes=EB0F;mnemonic=JMP;instruction=JMP 0x004b0c50;inputs=;results=;flows=004b0c50;fallthrough=
instruction_reference	004b00e4	FUN_004b00e4	004b0c3f	004b0c50	UNCONDITIONAL_JUMP	LAB_004b0c50	operand_index=0;primary=true;source=DEFAULT
instruction	004b00e4	FUN_004b00e4	004b0c41	004b0c47	FALL_THROUGH	FUN_004b00e4	bytes=8B8584FDFFFF;mnemonic=MOV;instruction=MOV EAX,dword ptr [EBP + 0xfffffd84];inputs=EBP,0xfffffd84;results=EAX;flows=;fallthrough=004b0c47
instruction_reference	004b00e4	FUN_004b00e4	004b0c41	Stack[-0x280]	READ		operand_index=1;primary=true;source=ANALYSIS
instruction	004b00e4	FUN_004b00e4	004b0c47	004b0c4a	FALL_THROUGH	FUN_004b00e4	bytes=83C001;mnemonic=ADD;instruction=ADD EAX,0x1;inputs=EAX,0x0,0x1,0xff;results=CF,EAX,PF,ZF,SF,OF;flows=;fallthrough=004b0c4a
instruction	004b00e4	FUN_004b00e4	004b0c4a	004b0c50	FALL_THROUGH	FUN_004b00e4	bytes=898584FDFFFF;mnemonic=MOV;instruction=MOV dword ptr [EBP + 0xfffffd84],EAX;inputs=EAX,EBP,0xfffffd84;results=;flows=;fallthrough=004b0c50
instruction_reference	004b00e4	FUN_004b00e4	004b0c4a	Stack[-0x280]	WRITE		operand_index=0;primary=true;source=ANALYSIS
instruction	004b00e4	FUN_004b00e4	004b0c50	004b0c57	FALL_THROUGH	FUN_004b00e4	bytes=83BD84FDFFFF38;mnemonic=CMP;instruction=CMP dword ptr [EBP + 0xfffffd84],0x38;inputs=0x0,0x1,EBP,0x38,0xfffffd84,0xff;results=CF,PF,ZF,SF,OF;flows=;fallthrough=004b0c57
instruction_reference	004b00e4	FUN_004b00e4	004b0c50	Stack[-0x280]	READ		operand_index=0;primary=true;source=ANALYSIS
instruction	004b00e4	FUN_004b00e4	004b0c57	004b0c59	CONDITIONAL_JUMP	FUN_004b00e4	bytes=7D42;mnemonic=JGE;instruction=JGE 0x004b0c9b;inputs=SF,OF;results=;flows=004b0c9b;fallthrough=004b0c59
instruction_reference	004b00e4	FUN_004b00e4	004b0c57	004b0c9b	CONDITIONAL_JUMP	LAB_004b0c9b	operand_index=0;primary=true;source=DEFAULT
instruction	004b00e4	FUN_004b00e4	004b0c59	004b0c5f	FALL_THROUGH	FUN_004b00e4	bytes=8B8DF4FDFFFF;mnemonic=MOV;instruction=MOV ECX,dword ptr [EBP + 0xfffffdf4];inputs=EBP,0xfffffdf4;results=ECX;flows=;fallthrough=004b0c5f
instruction_reference	004b00e4	FUN_004b00e4	004b0c59	Stack[-0x210]	READ		operand_index=1;primary=true;source=ANALYSIS
instruction	004b00e4	FUN_004b00e4	004b0c5f	004b0c65	FALL_THROUGH	FUN_004b00e4	bytes=69C9401A0000;mnemonic=IMUL;instruction=IMUL ECX,ECX,0x1a40;inputs=0x1a40,0x0,ECX,0x4;results=CF,ECX,OF;flows=;fallthrough=004b0c65
instruction	004b00e4	FUN_004b00e4	004b0c65	004b0c6b	FALL_THROUGH	FUN_004b00e4	bytes=8B95F4FDFFFF;mnemonic=MOV;instruction=MOV EDX,dword ptr [EBP + 0xfffffdf4];inputs=EBP,0xfffffdf4;results=EDX;flows=;fallthrough=004b0c6b
instruction_reference	004b00e4	FUN_004b00e4	004b0c65	Stack[-0x210]	READ		operand_index=1;primary=true;source=ANALYSIS
instruction	004b00e4	FUN_004b00e4	004b0c6b	004b0c71	FALL_THROUGH	FUN_004b00e4	bytes=69D2401A0000;mnemonic=IMUL;instruction=IMUL EDX,EDX,0x1a40;inputs=0x1a40,0x0,0x4,EDX;results=CF,EDX,OF;flows=;fallthrough=004b0c71
instruction	004b00e4	FUN_004b00e4	004b0c71	004b0c77	FALL_THROUGH	FUN_004b00e4	bytes=8B8588FDFFFF;mnemonic=MOV;instruction=MOV EAX,dword ptr [EBP + 0xfffffd88];inputs=EBP,0xfffffd88;results=EAX;flows=;fallthrough=004b0c77
instruction_reference	004b00e4	FUN_004b00e4	004b0c71	Stack[-0x27c]	READ		operand_index=1;primary=true;source=ANALYSIS
instruction	004b00e4	FUN_004b00e4	004b0c77	004b0c7a	FALL_THROUGH	FUN_004b00e4	bytes=6BC070;mnemonic=IMUL;instruction=IMUL EAX,EAX,0x70;inputs=EAX,0x70,0x0,0x4;results=EAX,CF,OF;flows=;fallthrough=004b0c7a
instruction	004b00e4	FUN_004b00e4	004b0c7a	004b0c81	FALL_THROUGH	FUN_004b00e4	bytes=8D940208055D00;mnemonic=LEA;instruction=LEA EDX,[EDX + EAX*0x1 + 0x5d0508];inputs=EAX,0x1,0x5d0508,EDX;results=EDX;flows=;fallthrough=004b0c81
instruction_reference	004b00e4	FUN_004b00e4	004b0c7a	005d0508	DATA	DAT_005d0508	operand_index=1;primary=true;source=ANALYSIS
instruction	004b00e4	FUN_004b00e4	004b0c81	004b0c87	FALL_THROUGH	FUN_004b00e4	bytes=8B8584FDFFFF;mnemonic=MOV;instruction=MOV EAX,dword ptr [EBP + 0xfffffd84];inputs=EBP,0xfffffd84;results=EAX;flows=;fallthrough=004b0c87
instruction_reference	004b00e4	FUN_004b00e4	004b0c81	Stack[-0x280]	READ		operand_index=1;primary=true;source=ANALYSIS
instruction	004b00e4	FUN_004b00e4	004b0c87	004b0c8d	FALL_THROUGH	FUN_004b00e4	bytes=8BB584FDFFFF;mnemonic=MOV;instruction=MOV ESI,dword ptr [EBP + 0xfffffd84];inputs=EBP,0xfffffd84;results=ESI;flows=;fallthrough=004b0c8d
instruction_reference	004b00e4	FUN_004b00e4	004b0c87	Stack[-0x280]	READ		operand_index=1;primary=true;source=ANALYSIS
instruction	004b00e4	FUN_004b00e4	004b0c8d	004b0c95	FALL_THROUGH	FUN_004b00e4	bytes=668B8C7108055D00;mnemonic=MOV;instruction=MOV CX,word ptr [ECX + ESI*0x2 + 0x5d0508];inputs=0x2,ECX,0x5d0508,ESI;results=CX;flows=;fallthrough=004b0c95
instruction_reference	004b00e4	FUN_004b00e4	004b0c8d	005d0508	DATA	DAT_005d0508	operand_index=1;primary=true;source=ANALYSIS
instruction	004b00e4	FUN_004b00e4	004b0c95	004b0c99	FALL_THROUGH	FUN_004b00e4	bytes=66890C42;mnemonic=MOV;instruction=MOV word ptr [EDX + EAX*0x2],CX;inputs=EAX,0x2,CX,EDX;results=;flows=;fallthrough=004b0c99
instruction	004b00e4	FUN_004b00e4	004b0c99		UNCONDITIONAL_JUMP	FUN_004b00e4	bytes=EBA6;mnemonic=JMP;instruction=JMP 0x004b0c41;inputs=;results=;flows=004b0c41;fallthrough=
instruction_reference	004b00e4	FUN_004b00e4	004b0c99	004b0c41	UNCONDITIONAL_JUMP	LAB_004b0c41	operand_index=0;primary=true;source=DEFAULT
instruction	004b00e4	FUN_004b00e4	004b0c9b		UNCONDITIONAL_JUMP	FUN_004b00e4	bytes=EB80;mnemonic=JMP;instruction=JMP 0x004b0c1d;inputs=;results=;flows=004b0c1d;fallthrough=
instruction_reference	004b00e4	FUN_004b00e4	004b0c9b	004b0c1d	UNCONDITIONAL_JUMP	LAB_004b0c1d	operand_index=0;primary=true;source=DEFAULT
instruction	004b00e4	FUN_004b00e4	004b0c9d		UNCONDITIONAL_JUMP	FUN_004b00e4	bytes=E904070000;mnemonic=JMP;instruction=JMP 0x004b13a6;inputs=;results=;flows=004b13a6;fallthrough=
instruction_reference	004b00e4	FUN_004b00e4	004b0c9d	004b13a6	UNCONDITIONAL_JUMP	LAB_004b13a6	operand_index=0;primary=true;source=DEFAULT
instruction	004b00e4	FUN_004b00e4	004b0ca2	004b0ca9	FALL_THROUGH	FUN_004b00e4	bytes=83BDF4FDFFFF02;mnemonic=CMP;instruction=CMP dword ptr [EBP + 0xfffffdf4],0x2;inputs=0x0,0x1,0x2,EBP,0xfffffdf4,0xff;results=CF,PF,ZF,SF,OF;flows=;fallthrough=004b0ca9
instruction_reference	004b00e4	FUN_004b00e4	004b0ca2	Stack[-0x210]	READ		operand_index=0;primary=true;source=ANALYSIS
instruction	004b00e4	FUN_004b00e4	004b0ca9	004b0caf	CONDITIONAL_JUMP	FUN_004b00e4	bytes=0F850A020000;mnemonic=JNZ;instruction=JNZ 0x004b0eb9;inputs=ZF;results=;flows=004b0eb9;fallthrough=004b0caf
instruction_reference	004b00e4	FUN_004b00e4	004b0ca9	004b0eb9	CONDITIONAL_JUMP	LAB_004b0eb9	operand_index=0;primary=true;source=DEFAULT
instruction	004b00e4	FUN_004b00e4	004b0caf	004b0cb5	FALL_THROUGH	FUN_004b00e4	bytes=8B95F4FDFFFF;mnemonic=MOV;instruction=MOV EDX,dword ptr [EBP + 0xfffffdf4];inputs=EBP,0xfffffdf4;results=EDX;flows=;fallthrough=004b0cb5
instruction_reference	004b00e4	FUN_004b00e4	004b0caf	Stack[-0x210]	READ		operand_index=1;primary=true;source=ANALYSIS
instruction	004b00e4	FUN_004b00e4	004b0cb5	004b0cbb	FALL_THROUGH	FUN_004b00e4	bytes=69D2E8020000;mnemonic=IMUL;instruction=IMUL EDX,EDX,0x2e8;inputs=0x0,0x4,EDX,0x2e8;results=CF,EDX,OF;flows=;fallthrough=004b0cbb
instruction	004b00e4	FUN_004b00e4	004b0cbb	004b0cc1	FALL_THROUGH	FUN_004b00e4	bytes=8B8518FDFFFF;mnemonic=MOV;instruction=MOV EAX,dword ptr [EBP + 0xfffffd18];inputs=EBP,0xfffffd18;results=EAX;flows=;fallthrough=004b0cc1
instruction_reference	004b00e4	FUN_004b00e4	004b0cbb	Stack[-0x2ec]	READ		operand_index=1;primary=true;source=ANALYSIS
instruction	004b00e4	FUN_004b00e4	004b0cc1	004b0cc8	FALL_THROUGH	FUN_004b00e4	bytes=8D8C10C8770500;mnemonic=LEA;instruction=LEA ECX,[EAX + EDX*0x1 + 0x577c8];inputs=EAX,0x1,EDX,0x577c8;results=ECX;flows=;fallthrough=004b0cc8
instruction	004b00e4	FUN_004b00e4	004b0cc8	004b0cce	FALL_THROUGH	FUN_004b00e4	bytes=8B95D8FDFFFF;mnemonic=MOV;instruction=MOV EDX,dword ptr [EBP + 0xfffffdd8];inputs=EBP,0xfffffdd8;results=EDX;flows=;fallthrough=004b0cce
instruction_reference	004b00e4	FUN_004b00e4	004b0cc8	Stack[-0x22c]	READ		operand_index=1;primary=true;source=ANALYSIS
instruction	004b00e4	FUN_004b00e4	004b0cce	004b0cd1	FALL_THROUGH	FUN_004b00e4	bytes=8B0491;mnemonic=MOV;instruction=MOV EAX,dword ptr [ECX + EDX*0x4];inputs=0x4,ECX,EDX;results=EAX;flows=;fallthrough=004b0cd1
instruction	004b00e4	FUN_004b00e4	004b0cd1	004b0cd4	FALL_THROUGH	FUN_004b00e4	bytes=83C001;mnemonic=ADD;instruction=ADD EAX,0x1;inputs=EAX,0x0,0x1,0xff;results=CF,EAX,PF,ZF,SF,OF;flows=;fallthrough=004b0cd4
instruction	004b00e4	FUN_004b00e4	004b0cd4	004b0cda	FALL_THROUGH	FUN_004b00e4	bytes=898578FDFFFF;mnemonic=MOV;instruction=MOV dword ptr [EBP + 0xfffffd78],EAX;inputs=EAX,EBP,0xfffffd78;results=;flows=;fallthrough=004b0cda
instruction_reference	004b00e4	FUN_004b00e4	004b0cd4	Stack[-0x28c]	WRITE		operand_index=0;primary=true;source=ANALYSIS
instruction	004b00e4	FUN_004b00e4	004b0cda	004b0ce0	FALL_THROUGH	FUN_004b00e4	bytes=8B8578FDFFFF;mnemonic=MOV;instruction=MOV EAX,dword ptr [EBP + 0xfffffd78];inputs=EBP,0xfffffd78;results=EAX;flows=;fallthrough=004b0ce0
instruction_reference	004b00e4	FUN_004b00e4	004b0cda	Stack[-0x28c]	READ		operand_index=1;primary=true;source=ANALYSIS
instruction	004b00e4	FUN_004b00e4	004b0ce0	004b0ce1	FALL_THROUGH	FUN_004b00e4	bytes=99;mnemonic=CDQ;instruction=CDQ;inputs=EAX,0x4;results=EDX;flows=;fallthrough=004b0ce1
instruction	004b00e4	FUN_004b00e4	004b0ce1	004b0ce6	FALL_THROUGH	FUN_004b00e4	bytes=B964000000;mnemonic=MOV;instruction=MOV ECX,0x64;inputs=0x64;results=ECX;flows=;fallthrough=004b0ce6
instruction	004b00e4	FUN_004b00e4	004b0ce6	004b0ce8	FALL_THROUGH	FUN_004b00e4	bytes=F7F9;mnemonic=IDIV;instruction=IDIV ECX;inputs=0x20,EAX,0x0,ECX,EDX;results=EAX,EDX;flows=;fallthrough=004b0ce8
instruction	004b00e4	FUN_004b00e4	004b0ce8	004b0ceb	FALL_THROUGH	FUN_004b00e4	bytes=83E801;mnemonic=SUB;instruction=SUB EAX,0x1;inputs=EAX,0x0,0x1,0xff;results=CF,EAX,PF,ZF,SF,OF;flows=;fallthrough=004b0ceb
instruction	004b00e4	FUN_004b00e4	004b0ceb	004b0cf1	FALL_THROUGH	FUN_004b00e4	bytes=898580FDFFFF;mnemonic=MOV;instruction=MOV dword ptr [EBP + 0xfffffd80],EAX;inputs=EAX,EBP,0xfffffd80;results=;flows=;fallthrough=004b0cf1
instruction_reference	004b00e4	FUN_004b00e4	004b0ceb	Stack[-0x284]	WRITE		operand_index=0;primary=true;source=ANALYSIS
instruction	004b00e4	FUN_004b00e4	004b0cf1	004b0cf7	FALL_THROUGH	FUN_004b00e4	bytes=8B8578FDFFFF;mnemonic=MOV;instruction=MOV EAX,dword ptr [EBP + 0xfffffd78];inputs=EBP,0xfffffd78;results=EAX;flows=;fallthrough=004b0cf7
instruction_reference	004b00e4	FUN_004b00e4	004b0cf1	Stack[-0x28c]	READ		operand_index=1;primary=true;source=ANALYSIS
instruction	004b00e4	FUN_004b00e4	004b0cf7	004b0cf8	FALL_THROUGH	FUN_004b00e4	bytes=99;mnemonic=CDQ;instruction=CDQ;inputs=EAX,0x4;results=EDX;flows=;fallthrough=004b0cf8
instruction	004b00e4	FUN_004b00e4	004b0cf8	004b0cfd	FALL_THROUGH	FUN_004b00e4	bytes=B964000000;mnemonic=MOV;instruction=MOV ECX,0x64;inputs=0x64;results=ECX;flows=;fallthrough=004b0cfd
instruction	004b00e4	FUN_004b00e4	004b0cfd	004b0cff	FALL_THROUGH	FUN_004b00e4	bytes=F7F9;mnemonic=IDIV;instruction=IDIV ECX;inputs=0x20,EAX,0x0,ECX,EDX;results=EAX,EDX;flows=;fallthrough=004b0cff
instruction	004b00e4	FUN_004b00e4	004b0cff	004b0d02	FALL_THROUGH	FUN_004b00e4	bytes=83EA01;mnemonic=SUB;instruction=SUB EDX,0x1;inputs=0x0,0x1,EDX,0xff;results=CF,PF,ZF,SF,EDX,OF;flows=;fallthrough=004b0d02
instruction	004b00e4	FUN_004b00e4	004b0d02	004b0d08	FALL_THROUGH	FUN_004b00e4	bytes=89957CFDFFFF;mnemonic=MOV;instruction=MOV dword ptr [EBP + 0xfffffd7c],EDX;inputs=0xfffffd7c,EBP,EDX;results=;flows=;fallthrough=004b0d08
instruction_reference	004b00e4	FUN_004b00e4	004b0d02	Stack[-0x288]	WRITE		operand_index=0;primary=true;source=ANALYSIS
instruction	004b00e4	FUN_004b00e4	004b0d08	004b0d0e	FALL_THROUGH	FUN_004b00e4	bytes=8B95F4FDFFFF;mnemonic=MOV;instruction=MOV EDX,dword ptr [EBP + 0xfffffdf4];inputs=EBP,0xfffffdf4;results=EDX;flows=;fallthrough=004b0d0e
instruction_reference	004b00e4	FUN_004b00e4	004b0d08	Stack[-0x210]	READ		operand_index=1;primary=true;source=ANALYSIS
instruction	004b00e4	FUN_004b00e4	004b0d0e	004b0d14	FALL_THROUGH	FUN_004b00e4	bytes=69D2401A0000;mnemonic=IMUL;instruction=IMUL EDX,EDX,0x1a40;inputs=0x1a40,0x0,0x4,EDX;results=CF,EDX,OF;flows=;fallthrough=004b0d14
instruction	004b00e4	FUN_004b00e4	004b0d14	004b0d1a	FALL_THROUGH	FUN_004b00e4	bytes=8B8580FDFFFF;mnemonic=MOV;instruction=MOV EAX,dword ptr [EBP + 0xfffffd80];inputs=EBP,0xfffffd80;results=EAX;flows=;fallthrough=004b0d1a
instruction_reference	004b00e4	FUN_004b00e4	004b0d14	Stack[-0x284]	READ		operand_index=1;primary=true;source=ANALYSIS
instruction	004b00e4	FUN_004b00e4	004b0d1a	004b0d1d	FALL_THROUGH	FUN_004b00e4	bytes=6BC070;mnemonic=IMUL;instruction=IMUL EAX,EAX,0x70;inputs=EAX,0x70,0x0,0x4;results=EAX,CF,OF;flows=;fallthrough=004b0d1d
instruction	004b00e4	FUN_004b00e4	004b0d1d	004b0d24	FALL_THROUGH	FUN_004b00e4	bytes=8D8C0208055D00;mnemonic=LEA;instruction=LEA ECX,[EDX + EAX*0x1 + 0x5d0508];inputs=EAX,0x1,0x5d0508,EDX;results=ECX;flows=;fallthrough=004b0d24
instruction_reference	004b00e4	FUN_004b00e4	004b0d1d	005d0508	DATA	DAT_005d0508	operand_index=1;primary=true;source=ANALYSIS
instruction	004b00e4	FUN_004b00e4	004b0d24	004b0d2a	FALL_THROUGH	FUN_004b00e4	bytes=8B957CFDFFFF;mnemonic=MOV;instruction=MOV EDX,dword ptr [EBP + 0xfffffd7c];inputs=0xfffffd7c,EBP;results=EDX;flows=;fallthrough=004b0d2a
instruction_reference	004b00e4	FUN_004b00e4	004b0d24	Stack[-0x288]	READ		operand_index=1;primary=true;source=ANALYSIS
instruction	004b00e4	FUN_004b00e4	004b0d2a	004b0d31	FALL_THROUGH	FUN_004b00e4	bytes=668B85C8FDFFFF;mnemonic=MOV;instruction=MOV AX,word ptr [EBP + 0xfffffdc8];inputs=EBP,0xfffffdc8;results=AX;flows=;fallthrough=004b0d31
instruction_reference	004b00e4	FUN_004b00e4	004b0d2a	Stack[-0x23c]	READ		operand_index=1;primary=true;source=ANALYSIS
instruction	004b00e4	FUN_004b00e4	004b0d31	004b0d35	FALL_THROUGH	FUN_004b00e4	bytes=66890451;mnemonic=MOV;instruction=MOV word ptr [ECX + EDX*0x2],AX;inputs=AX,0x2,ECX,EDX;results=;flows=;fallthrough=004b0d35
instruction	004b00e4	FUN_004b00e4	004b0d35	004b0d3c	FALL_THROUGH	FUN_004b00e4	bytes=83BD7CFDFFFF03;mnemonic=CMP;instruction=CMP dword ptr [EBP + 0xfffffd7c],0x3;inputs=0x0,0x1,0xfffffd7c,0x3,EBP,0xff;results=CF,PF,ZF,SF,OF;flows=;fallthrough=004b0d3c
instruction_reference	004b00e4	FUN_004b00e4	004b0d35	Stack[-0x288]	READ		operand_index=0;primary=true;source=ANALYSIS
instruction	004b00e4	FUN_004b00e4	004b0d3c	004b0d3e	CONDITIONAL_JUMP	FUN_004b00e4	bytes=7577;mnemonic=JNZ;instruction=JNZ 0x004b0db5;inputs=ZF;results=;flows=004b0db5;fallthrough=004b0d3e
instruction_reference	004b00e4	FUN_004b00e4	004b0d3c	004b0db5	CONDITIONAL_JUMP	LAB_004b0db5	operand_index=0;primary=true;source=DEFAULT
instruction	004b00e4	FUN_004b00e4	004b0d3e	004b0d44	FALL_THROUGH	FUN_004b00e4	bytes=8B8D7CFDFFFF;mnemonic=MOV;instruction=MOV ECX,dword ptr [EBP + 0xfffffd7c];inputs=0xfffffd7c,EBP;results=ECX;flows=;fallthrough=004b0d44
instruction_reference	004b00e4	FUN_004b00e4	004b0d3e	Stack[-0x288]	READ		operand_index=1;primary=true;source=ANALYSIS
instruction	004b00e4	FUN_004b00e4	004b0d44	004b0d47	FALL_THROUGH	FUN_004b00e4	bytes=83C101;mnemonic=ADD;instruction=ADD ECX,0x1;inputs=0x0,0x1,ECX,0xff;results=CF,PF,ECX,ZF,SF,OF;flows=;fallthrough=004b0d47
instruction	004b00e4	FUN_004b00e4	004b0d47	004b0d4d	FALL_THROUGH	FUN_004b00e4	bytes=898D74FDFFFF;mnemonic=MOV;instruction=MOV dword ptr [EBP + 0xfffffd74],ECX;inputs=EBP,ECX,0xfffffd74;results=;flows=;fallthrough=004b0d4d
instruction_reference	004b00e4	FUN_004b00e4	004b0d47	Stack[-0x290]	WRITE		operand_index=0;primary=true;source=ANALYSIS
instruction	004b00e4	FUN_004b00e4	004b0d4d		UNCONDITIONAL_JUMP	FUN_004b00e4	bytes=EB0F;mnemonic=JMP;instruction=JMP 0x004b0d5e;inputs=;results=;flows=004b0d5e;fallthrough=
instruction_reference	004b00e4	FUN_004b00e4	004b0d4d	004b0d5e	UNCONDITIONAL_JUMP	LAB_004b0d5e	operand_index=0;primary=true;source=DEFAULT
instruction	004b00e4	FUN_004b00e4	004b0d4f	004b0d55	FALL_THROUGH	FUN_004b00e4	bytes=8B9574FDFFFF;mnemonic=MOV;instruction=MOV EDX,dword ptr [EBP + 0xfffffd74];inputs=EBP,0xfffffd74;results=EDX;flows=;fallthrough=004b0d55
instruction_reference	004b00e4	FUN_004b00e4	004b0d4f	Stack[-0x290]	READ		operand_index=1;primary=true;source=ANALYSIS
instruction	004b00e4	FUN_004b00e4	004b0d55	004b0d58	FALL_THROUGH	FUN_004b00e4	bytes=83C201;mnemonic=ADD;instruction=ADD EDX,0x1;inputs=0x0,0x1,EDX,0xff;results=CF,PF,ZF,SF,EDX,OF;flows=;fallthrough=004b0d58
instruction	004b00e4	FUN_004b00e4	004b0d58	004b0d5e	FALL_THROUGH	FUN_004b00e4	bytes=899574FDFFFF;mnemonic=MOV;instruction=MOV dword ptr [EBP + 0xfffffd74],EDX;inputs=EBP,EDX,0xfffffd74;results=;flows=;fallthrough=004b0d5e
instruction_reference	004b00e4	FUN_004b00e4	004b0d58	Stack[-0x290]	WRITE		operand_index=0;primary=true;source=ANALYSIS
instruction	004b00e4	FUN_004b00e4	004b0d5e	004b0d65	FALL_THROUGH	FUN_004b00e4	bytes=83BD74FDFFFF05;mnemonic=CMP;instruction=CMP dword ptr [EBP + 0xfffffd74],0x5;inputs=0x0,0x1,EBP,0x5,0xfffffd74,0xff;results=CF,PF,ZF,SF,OF;flows=;fallthrough=004b0d65
instruction_reference	004b00e4	FUN_004b00e4	004b0d5e	Stack[-0x290]	READ		operand_index=0;primary=true;source=ANALYSIS
instruction	004b00e4	FUN_004b00e4	004b0d65	004b0d67	CONDITIONAL_JUMP	FUN_004b00e4	bytes=7D4E;mnemonic=JGE;instruction=JGE 0x004b0db5;inputs=SF,OF;results=;flows=004b0db5;fallthrough=004b0d67
instruction_reference	004b00e4	FUN_004b00e4	004b0d65	004b0db5	CONDITIONAL_JUMP	LAB_004b0db5	operand_index=0;primary=true;source=DEFAULT
instruction	004b00e4	FUN_004b00e4	004b0d67	004b0d6d	FALL_THROUGH	FUN_004b00e4	bytes=8B85F4FDFFFF;mnemonic=MOV;instruction=MOV EAX,dword ptr [EBP + 0xfffffdf4];inputs=EBP,0xfffffdf4;results=EAX;flows=;fallthrough=004b0d6d
instruction_reference	004b00e4	FUN_004b00e4	004b0d67	Stack[-0x210]	READ		operand_index=1;primary=true;source=ANALYSIS
instruction	004b00e4	FUN_004b00e4	004b0d6d	004b0d73	FALL_THROUGH	FUN_004b00e4	bytes=69C0401A0000;mnemonic=IMUL;instruction=IMUL EAX,EAX,0x1a40;inputs=EAX,0x1a40,0x0,0x4;results=EAX,CF,OF;flows=;fallthrough=004b0d73
instruction	004b00e4	FUN_004b00e4	004b0d73	004b0d79	FALL_THROUGH	FUN_004b00e4	bytes=8B8D80FDFFFF;mnemonic=MOV;instruction=MOV ECX,dword ptr [EBP + 0xfffffd80];inputs=EBP,0xfffffd80;results=ECX;flows=;fallthrough=004b0d79
instruction_reference	004b00e4	FUN_004b00e4	004b0d73	Stack[-0x284]	READ		operand_index=1;primary=true;source=ANALYSIS
instruction	004b00e4	FUN_004b00e4	004b0d79	004b0d7c	FALL_THROUGH	FUN_004b00e4	bytes=6BC970;mnemonic=IMUL;instruction=IMUL ECX,ECX,0x70;inputs=0x70,0x0,ECX,0x4;results=CF,ECX,OF;flows=;fallthrough=004b0d7c
instruction	004b00e4	FUN_004b00e4	004b0d7c	004b0d83	FALL_THROUGH	FUN_004b00e4	bytes=8D940808055D00;mnemonic=LEA;instruction=LEA EDX,[EAX + ECX*0x1 + 0x5d0508];inputs=EAX,0x1,ECX,0x5d0508;results=EDX;flows=;fallthrough=004b0d83
instruction_reference	004b00e4	FUN_004b00e4	004b0d7c	005d0508	DATA	DAT_005d0508	operand_index=1;primary=true;source=ANALYSIS
instruction	004b00e4	FUN_004b00e4	004b0d83	004b0d89	FALL_THROUGH	FUN_004b00e4	bytes=8B85F4FDFFFF;mnemonic=MOV;instruction=MOV EAX,dword ptr [EBP + 0xfffffdf4];inputs=EBP,0xfffffdf4;results=EAX;flows=;fallthrough=004b0d89
instruction_reference	004b00e4	FUN_004b00e4	004b0d83	Stack[-0x210]	READ		operand_index=1;primary=true;source=ANALYSIS
instruction	004b00e4	FUN_004b00e4	004b0d89	004b0d8f	FALL_THROUGH	FUN_004b00e4	bytes=69C0401A0000;mnemonic=IMUL;instruction=IMUL EAX,EAX,0x1a40;inputs=EAX,0x1a40,0x0,0x4;results=EAX,CF,OF;flows=;fallthrough=004b0d8f
instruction	004b00e4	FUN_004b00e4	004b0d8f	004b0d95	FALL_THROUGH	FUN_004b00e4	bytes=8B8D80FDFFFF;mnemonic=MOV;instruction=MOV ECX,dword ptr [EBP + 0xfffffd80];inputs=EBP,0xfffffd80;results=ECX;flows=;fallthrough=004b0d95
instruction_reference	004b00e4	FUN_004b00e4	004b0d8f	Stack[-0x284]	READ		operand_index=1;primary=true;source=ANALYSIS
instruction	004b00e4	FUN_004b00e4	004b0d95	004b0d98	FALL_THROUGH	FUN_004b00e4	bytes=6BC970;mnemonic=IMUL;instruction=IMUL ECX,ECX,0x70;inputs=0x70,0x0,ECX,0x4;results=CF,ECX,OF;flows=;fallthrough=004b0d98
instruction	004b00e4	FUN_004b00e4	004b0d98	004b0d9f	FALL_THROUGH	FUN_004b00e4	bytes=8D840808055D00;mnemonic=LEA;instruction=LEA EAX,[EAX + ECX*0x1 + 0x5d0508];inputs=EAX,0x1,ECX,0x5d0508;results=EAX;flows=;fallthrough=004b0d9f
instruction_reference	004b00e4	FUN_004b00e4	004b0d98	005d0508	DATA	DAT_005d0508	operand_index=1;primary=true;source=ANALYSIS
instruction	004b00e4	FUN_004b00e4	004b0d9f	004b0da5	FALL_THROUGH	FUN_004b00e4	bytes=8B8D74FDFFFF;mnemonic=MOV;instruction=MOV ECX,dword ptr [EBP + 0xfffffd74];inputs=EBP,0xfffffd74;results=ECX;flows=;fallthrough=004b0da5
instruction_reference	004b00e4	FUN_004b00e4	004b0d9f	Stack[-0x290]	READ		operand_index=1;primary=true;source=ANALYSIS
instruction	004b00e4	FUN_004b00e4	004b0da5	004b0dab	FALL_THROUGH	FUN_004b00e4	bytes=8BB57CFDFFFF;mnemonic=MOV;instruction=MOV ESI,dword ptr [EBP + 0xfffffd7c];inputs=0xfffffd7c,EBP;results=ESI;flows=;fallthrough=004b0dab
instruction_reference	004b00e4	FUN_004b00e4	004b0da5	Stack[-0x288]	READ		operand_index=1;primary=true;source=ANALYSIS
instruction	004b00e4	FUN_004b00e4	004b0dab	004b0daf	FALL_THROUGH	FUN_004b00e4	bytes=668B1472;mnemonic=MOV;instruction=MOV DX,word ptr [EDX + ESI*0x2];inputs=0x2,ESI,EDX;results=DX;flows=;fallthrough=004b0daf
instruction	004b00e4	FUN_004b00e4	004b0daf	004b0db3	FALL_THROUGH	FUN_004b00e4	bytes=66891448;mnemonic=MOV;instruction=MOV word ptr [EAX + ECX*0x2],DX;inputs=EAX,0x2,ECX,DX;results=;flows=;fallthrough=004b0db3
instruction	004b00e4	FUN_004b00e4	004b0db3		UNCONDITIONAL_JUMP	FUN_004b00e4	bytes=EB9A;mnemonic=JMP;instruction=JMP 0x004b0d4f;inputs=;results=;flows=004b0d4f;fallthrough=
instruction_reference	004b00e4	FUN_004b00e4	004b0db3	004b0d4f	UNCONDITIONAL_JUMP	LAB_004b0d4f	operand_index=0;primary=true;source=DEFAULT
instruction	004b00e4	FUN_004b00e4	004b0db5	004b0dbf	FALL_THROUGH	FUN_004b00e4	bytes=81BD78FDFFFF33010000;mnemonic=CMP;instruction=CMP dword ptr [EBP + 0xfffffd78],0x133;inputs=0x0,0x1,0x133,EBP,0xfffffd78,0xff;results=CF,PF,ZF,SF,OF;flows=;fallthrough=004b0dbf
instruction_reference	004b00e4	FUN_004b00e4	004b0db5	Stack[-0x28c]	READ		operand_index=0;primary=true;source=ANALYSIS
instruction	004b00e4	FUN_004b00e4	004b0dbf	004b0dc1	CONDITIONAL_JUMP	FUN_004b00e4	bytes=755A;mnemonic=JNZ;instruction=JNZ 0x004b0e1b;inputs=ZF;results=;flows=004b0e1b;fallthrough=004b0dc1
instruction_reference	004b00e4	FUN_004b00e4	004b0dbf	004b0e1b	CONDITIONAL_JUMP	LAB_004b0e1b	operand_index=0;primary=true;source=DEFAULT
instruction	004b00e4	FUN_004b00e4	004b0dc1	004b0dcb	FALL_THROUGH	FUN_004b00e4	bytes=C78570FDFFFF00000000;mnemonic=MOV;instruction=MOV dword ptr [EBP + 0xfffffd70],0x0;inputs=0x0,EBP,0xfffffd70;results=;flows=;fallthrough=004b0dcb
instruction_reference	004b00e4	FUN_004b00e4	004b0dc1	Stack[-0x294]	WRITE		operand_index=0;primary=true;source=ANALYSIS
instruction	004b00e4	FUN_004b00e4	004b0dcb		UNCONDITIONAL_JUMP	FUN_004b00e4	bytes=EB0F;mnemonic=JMP;instruction=JMP 0x004b0ddc;inputs=;results=;flows=004b0ddc;fallthrough=
instruction_reference	004b00e4	FUN_004b00e4	004b0dcb	004b0ddc	UNCONDITIONAL_JUMP	LAB_004b0ddc	operand_index=0;primary=true;source=DEFAULT
instruction	004b00e4	FUN_004b00e4	004b0dcd	004b0dd3	FALL_THROUGH	FUN_004b00e4	bytes=8B8570FDFFFF;mnemonic=MOV;instruction=MOV EAX,dword ptr [EBP + 0xfffffd70];inputs=EBP,0xfffffd70;results=EAX;flows=;fallthrough=004b0dd3
instruction_reference	004b00e4	FUN_004b00e4	004b0dcd	Stack[-0x294]	READ		operand_index=1;primary=true;source=ANALYSIS
instruction	004b00e4	FUN_004b00e4	004b0dd3	004b0dd6	FALL_THROUGH	FUN_004b00e4	bytes=83C001;mnemonic=ADD;instruction=ADD EAX,0x1;inputs=EAX,0x0,0x1,0xff;results=CF,EAX,PF,ZF,SF,OF;flows=;fallthrough=004b0dd6
instruction	004b00e4	FUN_004b00e4	004b0dd6	004b0ddc	FALL_THROUGH	FUN_004b00e4	bytes=898570FDFFFF;mnemonic=MOV;instruction=MOV dword ptr [EBP + 0xfffffd70],EAX;inputs=EAX,EBP,0xfffffd70;results=;flows=;fallthrough=004b0ddc
instruction_reference	004b00e4	FUN_004b00e4	004b0dd6	Stack[-0x294]	WRITE		operand_index=0;primary=true;source=ANALYSIS
instruction	004b00e4	FUN_004b00e4	004b0ddc	004b0de3	FALL_THROUGH	FUN_004b00e4	bytes=83BD70FDFFFF38;mnemonic=CMP;instruction=CMP dword ptr [EBP + 0xfffffd70],0x38;inputs=0x0,0x1,EBP,0x38,0xfffffd70,0xff;results=CF,PF,ZF,SF,OF;flows=;fallthrough=004b0de3
instruction_reference	004b00e4	FUN_004b00e4	004b0ddc	Stack[-0x294]	READ		operand_index=0;primary=true;source=ANALYSIS
instruction	004b00e4	FUN_004b00e4	004b0de3	004b0de5	CONDITIONAL_JUMP	FUN_004b00e4	bytes=7D36;mnemonic=JGE;instruction=JGE 0x004b0e1b;inputs=SF,OF;results=;flows=004b0e1b;fallthrough=004b0de5
instruction_reference	004b00e4	FUN_004b00e4	004b0de3	004b0e1b	CONDITIONAL_JUMP	LAB_004b0e1b	operand_index=0;primary=true;source=DEFAULT
instruction	004b00e4	FUN_004b00e4	004b0de5	004b0deb	FALL_THROUGH	FUN_004b00e4	bytes=8B8DF4FDFFFF;mnemonic=MOV;instruction=MOV ECX,dword ptr [EBP + 0xfffffdf4];inputs=EBP,0xfffffdf4;results=ECX;flows=;fallthrough=004b0deb
instruction_reference	004b00e4	FUN_004b00e4	004b0de5	Stack[-0x210]	READ		operand_index=1;primary=true;source=ANALYSIS
instruction	004b00e4	FUN_004b00e4	004b0deb	004b0df1	FALL_THROUGH	FUN_004b00e4	bytes=69C9401A0000;mnemonic=IMUL;instruction=IMUL ECX,ECX,0x1a40;inputs=0x1a40,0x0,ECX,0x4;results=CF,ECX,OF;flows=;fallthrough=004b0df1
instruction	004b00e4	FUN_004b00e4	004b0df1	004b0df7	FALL_THROUGH	FUN_004b00e4	bytes=8B95F4FDFFFF;mnemonic=MOV;instruction=MOV EDX,dword ptr [EBP + 0xfffffdf4];inputs=EBP,0xfffffdf4;results=EDX;flows=;fallthrough=004b0df7
instruction_reference	004b00e4	FUN_004b00e4	004b0df1	Stack[-0x210]	READ		operand_index=1;primary=true;source=ANALYSIS
instruction	004b00e4	FUN_004b00e4	004b0df7	004b0dfd	FALL_THROUGH	FUN_004b00e4	bytes=69D2401A0000;mnemonic=IMUL;instruction=IMUL EDX,EDX,0x1a40;inputs=0x1a40,0x0,0x4,EDX;results=CF,EDX,OF;flows=;fallthrough=004b0dfd
instruction	004b00e4	FUN_004b00e4	004b0dfd	004b0e03	FALL_THROUGH	FUN_004b00e4	bytes=8B8570FDFFFF;mnemonic=MOV;instruction=MOV EAX,dword ptr [EBP + 0xfffffd70];inputs=EBP,0xfffffd70;results=EAX;flows=;fallthrough=004b0e03
instruction_reference	004b00e4	FUN_004b00e4	004b0dfd	Stack[-0x294]	READ		operand_index=1;primary=true;source=ANALYSIS
instruction	004b00e4	FUN_004b00e4	004b0e03	004b0e09	FALL_THROUGH	FUN_004b00e4	bytes=8BB570FDFFFF;mnemonic=MOV;instruction=MOV ESI,dword ptr [EBP + 0xfffffd70];inputs=EBP,0xfffffd70;results=ESI;flows=;fallthrough=004b0e09
instruction_reference	004b00e4	FUN_004b00e4	004b0e03	Stack[-0x294]	READ		operand_index=1;primary=true;source=ANALYSIS
instruction	004b00e4	FUN_004b00e4	004b0e09	004b0e11	FALL_THROUGH	FUN_004b00e4	bytes=668B8C71E8055D00;mnemonic=MOV;instruction=MOV CX,word ptr [ECX + ESI*0x2 + 0x5d05e8];inputs=0x2,ECX,0x5d05e8,ESI;results=CX;flows=;fallthrough=004b0e11
instruction_reference	004b00e4	FUN_004b00e4	004b0e09	005d05e8	DATA	DAT_005d05e8	operand_index=1;primary=true;source=ANALYSIS
instruction	004b00e4	FUN_004b00e4	004b0e11	004b0e19	FALL_THROUGH	FUN_004b00e4	bytes=66898C4258065D00;mnemonic=MOV;instruction=MOV word ptr [EDX + EAX*0x2 + 0x5d0658],CX;inputs=EAX,0x2,CX,0x5d0658,EDX;results=;flows=;fallthrough=004b0e19
instruction_reference	004b00e4	FUN_004b00e4	004b0e11	005d0658	DATA	DAT_005d0658	operand_index=0;primary=true;source=ANALYSIS
instruction	004b00e4	FUN_004b00e4	004b0e19		UNCONDITIONAL_JUMP	FUN_004b00e4	bytes=EBB2;mnemonic=JMP;instruction=JMP 0x004b0dcd;inputs=;results=;flows=004b0dcd;fallthrough=
instruction_reference	004b00e4	FUN_004b00e4	004b0e19	004b0dcd	UNCONDITIONAL_JUMP	LAB_004b0dcd	operand_index=0;primary=true;source=DEFAULT
instruction	004b00e4	FUN_004b00e4	004b0e1b	004b0e22	FALL_THROUGH	FUN_004b00e4	bytes=83BD78FDFFFF6B;mnemonic=CMP;instruction=CMP dword ptr [EBP + 0xfffffd78],0x6b;inputs=0x0,0x1,EBP,0xfffffd78,0x6b,0xff;results=CF,PF,ZF,SF,OF;flows=;fallthrough=004b0e22
instruction_reference	004b00e4	FUN_004b00e4	004b0e1b	Stack[-0x28c]	READ		operand_index=0;primary=true;source=ANALYSIS
instruction	004b00e4	FUN_004b00e4	004b0e22	004b0e28	CONDITIONAL_JUMP	FUN_004b00e4	bytes=0F858C000000;mnemonic=JNZ;instruction=JNZ 0x004b0eb4;inputs=ZF;results=;flows=004b0eb4;fallthrough=004b0e28
instruction_reference	004b00e4	FUN_004b00e4	004b0e22	004b0eb4	CONDITIONAL_JUMP	LAB_004b0eb4	operand_index=0;primary=true;source=DEFAULT
instruction	004b00e4	FUN_004b00e4	004b0e28	004b0e32	FALL_THROUGH	FUN_004b00e4	bytes=C7856CFDFFFF01000000;mnemonic=MOV;instruction=MOV dword ptr [EBP + 0xfffffd6c],0x1;inputs=0x1,0xfffffd6c,EBP;results=;flows=;fallthrough=004b0e32
instruction_reference	004b00e4	FUN_004b00e4	004b0e28	Stack[-0x298]	WRITE		operand_index=0;primary=true;source=ANALYSIS
instruction	004b00e4	FUN_004b00e4	004b0e32		UNCONDITIONAL_JUMP	FUN_004b00e4	bytes=EB0F;mnemonic=JMP;instruction=JMP 0x004b0e43;inputs=;results=;flows=004b0e43;fallthrough=
instruction_reference	004b00e4	FUN_004b00e4	004b0e32	004b0e43	UNCONDITIONAL_JUMP	LAB_004b0e43	operand_index=0;primary=true;source=DEFAULT
instruction	004b00e4	FUN_004b00e4	004b0e34	004b0e3a	FALL_THROUGH	FUN_004b00e4	bytes=8B956CFDFFFF;mnemonic=MOV;instruction=MOV EDX,dword ptr [EBP + 0xfffffd6c];inputs=0xfffffd6c,EBP;results=EDX;flows=;fallthrough=004b0e3a
instruction_reference	004b00e4	FUN_004b00e4	004b0e34	Stack[-0x298]	READ		operand_index=1;primary=true;source=ANALYSIS
instruction	004b00e4	FUN_004b00e4	004b0e3a	004b0e3d	FALL_THROUGH	FUN_004b00e4	bytes=83C201;mnemonic=ADD;instruction=ADD EDX,0x1;inputs=0x0,0x1,EDX,0xff;results=CF,PF,ZF,SF,EDX,OF;flows=;fallthrough=004b0e3d
instruction	004b00e4	FUN_004b00e4	004b0e3d	004b0e43	FALL_THROUGH	FUN_004b00e4	bytes=89956CFDFFFF;mnemonic=MOV;instruction=MOV dword ptr [EBP + 0xfffffd6c],EDX;inputs=0xfffffd6c,EBP,EDX;results=;flows=;fallthrough=004b0e43
instruction_reference	004b00e4	FUN_004b00e4	004b0e3d	Stack[-0x298]	WRITE		operand_index=0;primary=true;source=ANALYSIS
instruction	004b00e4	FUN_004b00e4	004b0e43	004b0e4a	FALL_THROUGH	FUN_004b00e4	bytes=83BD6CFDFFFF3C;mnemonic=CMP;instruction=CMP dword ptr [EBP + 0xfffffd6c],0x3c;inputs=0x0,0x1,0xfffffd6c,EBP,0x3c,0xff;results=CF,PF,ZF,SF,OF;flows=;fallthrough=004b0e4a
instruction_reference	004b00e4	FUN_004b00e4	004b0e43	Stack[-0x298]	READ		operand_index=0;primary=true;source=ANALYSIS
instruction	004b00e4	FUN_004b00e4	004b0e4a	004b0e4c	CONDITIONAL_JUMP	FUN_004b00e4	bytes=7D68;mnemonic=JGE;instruction=JGE 0x004b0eb4;inputs=SF,OF;results=;flows=004b0eb4;fallthrough=004b0e4c
instruction_reference	004b00e4	FUN_004b00e4	004b0e4a	004b0eb4	CONDITIONAL_JUMP	LAB_004b0eb4	operand_index=0;primary=true;source=DEFAULT
instruction	004b00e4	FUN_004b00e4	004b0e4c	004b0e56	FALL_THROUGH	FUN_004b00e4	bytes=C78568FDFFFF00000000;mnemonic=MOV;instruction=MOV dword ptr [EBP + 0xfffffd68],0x0;inputs=0x0,EBP,0xfffffd68;results=;flows=;fallthrough=004b0e56
instruction_reference	004b00e4	FUN_004b00e4	004b0e4c	Stack[-0x29c]	WRITE		operand_index=0;primary=true;source=ANALYSIS
instruction	004b00e4	FUN_004b00e4	004b0e56		UNCONDITIONAL_JUMP	FUN_004b00e4	bytes=EB0F;mnemonic=JMP;instruction=JMP 0x004b0e67;inputs=;results=;flows=004b0e67;fallthrough=
instruction_reference	004b00e4	FUN_004b00e4	004b0e56	004b0e67	UNCONDITIONAL_JUMP	LAB_004b0e67	operand_index=0;primary=true;source=DEFAULT
instruction	004b00e4	FUN_004b00e4	004b0e58	004b0e5e	FALL_THROUGH	FUN_004b00e4	bytes=8B8568FDFFFF;mnemonic=MOV;instruction=MOV EAX,dword ptr [EBP + 0xfffffd68];inputs=EBP,0xfffffd68;results=EAX;flows=;fallthrough=004b0e5e
instruction_reference	004b00e4	FUN_004b00e4	004b0e58	Stack[-0x29c]	READ		operand_index=1;primary=true;source=ANALYSIS
instruction	004b00e4	FUN_004b00e4	004b0e5e	004b0e61	FALL_THROUGH	FUN_004b00e4	bytes=83C001;mnemonic=ADD;instruction=ADD EAX,0x1;inputs=EAX,0x0,0x1,0xff;results=CF,EAX,PF,ZF,SF,OF;flows=;fallthrough=004b0e61
instruction	004b00e4	FUN_004b00e4	004b0e61	004b0e67	FALL_THROUGH	FUN_004b00e4	bytes=898568FDFFFF;mnemonic=MOV;instruction=MOV dword ptr [EBP + 0xfffffd68],EAX;inputs=EAX,EBP,0xfffffd68;results=;flows=;fallthrough=004b0e67
instruction_reference	004b00e4	FUN_004b00e4	004b0e61	Stack[-0x29c]	WRITE		operand_index=0;primary=true;source=ANALYSIS
instruction	004b00e4	FUN_004b00e4	004b0e67	004b0e6e	FALL_THROUGH	FUN_004b00e4	bytes=83BD68FDFFFF38;mnemonic=CMP;instruction=CMP dword ptr [EBP + 0xfffffd68],0x38;inputs=0x0,0x1,EBP,0xfffffd68,0x38,0xff;results=CF,PF,ZF,SF,OF;flows=;fallthrough=004b0e6e
instruction_reference	004b00e4	FUN_004b00e4	004b0e67	Stack[-0x29c]	READ		operand_index=0;primary=true;source=ANALYSIS
instruction	004b00e4	FUN_004b00e4	004b0e6e	004b0e70	CONDITIONAL_JUMP	FUN_004b00e4	bytes=7D42;mnemonic=JGE;instruction=JGE 0x004b0eb2;inputs=SF,OF;results=;flows=004b0eb2;fallthrough=004b0e70
instruction_reference	004b00e4	FUN_004b00e4	004b0e6e	004b0eb2	CONDITIONAL_JUMP	LAB_004b0eb2	operand_index=0;primary=true;source=DEFAULT
instruction	004b00e4	FUN_004b00e4	004b0e70	004b0e76	FALL_THROUGH	FUN_004b00e4	bytes=8B8DF4FDFFFF;mnemonic=MOV;instruction=MOV ECX,dword ptr [EBP + 0xfffffdf4];inputs=EBP,0xfffffdf4;results=ECX;flows=;fallthrough=004b0e76
instruction_reference	004b00e4	FUN_004b00e4	004b0e70	Stack[-0x210]	READ		operand_index=1;primary=true;source=ANALYSIS
instruction	004b00e4	FUN_004b00e4	004b0e76	004b0e7c	FALL_THROUGH	FUN_004b00e4	bytes=69C9401A0000;mnemonic=IMUL;instruction=IMUL ECX,ECX,0x1a40;inputs=0x1a40,0x0,ECX,0x4;results=CF,ECX,OF;flows=;fallthrough=004b0e7c
instruction	004b00e4	FUN_004b00e4	004b0e7c	004b0e82	FALL_THROUGH	FUN_004b00e4	bytes=8B95F4FDFFFF;mnemonic=MOV;instruction=MOV EDX,dword ptr [EBP + 0xfffffdf4];inputs=EBP,0xfffffdf4;results=EDX;flows=;fallthrough=004b0e82
instruction_reference	004b00e4	FUN_004b00e4	004b0e7c	Stack[-0x210]	READ		operand_index=1;primary=true;source=ANALYSIS
instruction	004b00e4	FUN_004b00e4	004b0e82	004b0e88	FALL_THROUGH	FUN_004b00e4	bytes=69D2401A0000;mnemonic=IMUL;instruction=IMUL EDX,EDX,0x1a40;inputs=0x1a40,0x0,0x4,EDX;results=CF,EDX,OF;flows=;fallthrough=004b0e88
instruction	004b00e4	FUN_004b00e4	004b0e88	004b0e8e	FALL_THROUGH	FUN_004b00e4	bytes=8B856CFDFFFF;mnemonic=MOV;instruction=MOV EAX,dword ptr [EBP + 0xfffffd6c];inputs=0xfffffd6c,EBP;results=EAX;flows=;fallthrough=004b0e8e
instruction_reference	004b00e4	FUN_004b00e4	004b0e88	Stack[-0x298]	READ		operand_index=1;primary=true;source=ANALYSIS
instruction	004b00e4	FUN_004b00e4	004b0e8e	004b0e91	FALL_THROUGH	FUN_004b00e4	bytes=6BC070;mnemonic=IMUL;instruction=IMUL EAX,EAX,0x70;inputs=EAX,0x70,0x0,0x4;results=EAX,CF,OF;flows=;fallthrough=004b0e91
instruction	004b00e4	FUN_004b00e4	004b0e91	004b0e98	FALL_THROUGH	FUN_004b00e4	bytes=8D940208055D00;mnemonic=LEA;instruction=LEA EDX,[EDX + EAX*0x1 + 0x5d0508];inputs=EAX,0x1,0x5d0508,EDX;results=EDX;flows=;fallthrough=004b0e98
instruction_reference	004b00e4	FUN_004b00e4	004b0e91	005d0508	DATA	DAT_005d0508	operand_index=1;primary=true;source=ANALYSIS
instruction	004b00e4	FUN_004b00e4	004b0e98	004b0e9e	FALL_THROUGH	FUN_004b00e4	bytes=8B8568FDFFFF;mnemonic=MOV;instruction=MOV EAX,dword ptr [EBP + 0xfffffd68];inputs=EBP,0xfffffd68;results=EAX;flows=;fallthrough=004b0e9e
instruction_reference	004b00e4	FUN_004b00e4	004b0e98	Stack[-0x29c]	READ		operand_index=1;primary=true;source=ANALYSIS
instruction	004b00e4	FUN_004b00e4	004b0e9e	004b0ea4	FALL_THROUGH	FUN_004b00e4	bytes=8BB568FDFFFF;mnemonic=MOV;instruction=MOV ESI,dword ptr [EBP + 0xfffffd68];inputs=EBP,0xfffffd68;results=ESI;flows=;fallthrough=004b0ea4
instruction_reference	004b00e4	FUN_004b00e4	004b0e9e	Stack[-0x29c]	READ		operand_index=1;primary=true;source=ANALYSIS
instruction	004b00e4	FUN_004b00e4	004b0ea4	004b0eac	FALL_THROUGH	FUN_004b00e4	bytes=668B8C7108055D00;mnemonic=MOV;instruction=MOV CX,word ptr [ECX + ESI*0x2 + 0x5d0508];inputs=0x2,ECX,0x5d0508,ESI;results=CX;flows=;fallthrough=004b0eac
instruction_reference	004b00e4	FUN_004b00e4	004b0ea4	005d0508	DATA	DAT_005d0508	operand_index=1;primary=true;source=ANALYSIS
instruction	004b00e4	FUN_004b00e4	004b0eac	004b0eb0	FALL_THROUGH	FUN_004b00e4	bytes=66890C42;mnemonic=MOV;instruction=MOV word ptr [EDX + EAX*0x2],CX;inputs=EAX,0x2,CX,EDX;results=;flows=;fallthrough=004b0eb0
instruction	004b00e4	FUN_004b00e4	004b0eb0		UNCONDITIONAL_JUMP	FUN_004b00e4	bytes=EBA6;mnemonic=JMP;instruction=JMP 0x004b0e58;inputs=;results=;flows=004b0e58;fallthrough=
instruction_reference	004b00e4	FUN_004b00e4	004b0eb0	004b0e58	UNCONDITIONAL_JUMP	LAB_004b0e58	operand_index=0;primary=true;source=DEFAULT
instruction	004b00e4	FUN_004b00e4	004b0eb2		UNCONDITIONAL_JUMP	FUN_004b00e4	bytes=EB80;mnemonic=JMP;instruction=JMP 0x004b0e34;inputs=;results=;flows=004b0e34;fallthrough=
instruction_reference	004b00e4	FUN_004b00e4	004b0eb2	004b0e34	UNCONDITIONAL_JUMP	LAB_004b0e34	operand_index=0;primary=true;source=DEFAULT
instruction	004b00e4	FUN_004b00e4	004b0eb4		UNCONDITIONAL_JUMP	FUN_004b00e4	bytes=E9ED040000;mnemonic=JMP;instruction=JMP 0x004b13a6;inputs=;results=;flows=004b13a6;fallthrough=
instruction_reference	004b00e4	FUN_004b00e4	004b0eb4	004b13a6	UNCONDITIONAL_JUMP	LAB_004b13a6	operand_index=0;primary=true;source=DEFAULT
instruction	004b00e4	FUN_004b00e4	004b0eb9	004b0ec0	FALL_THROUGH	FUN_004b00e4	bytes=83BDF4FDFFFF05;mnemonic=CMP;instruction=CMP dword ptr [EBP + 0xfffffdf4],0x5;inputs=0x0,0x1,EBP,0x5,0xfffffdf4,0xff;results=CF,PF,ZF,SF,OF;flows=;fallthrough=004b0ec0
instruction_reference	004b00e4	FUN_004b00e4	004b0eb9	Stack[-0x210]	READ		operand_index=0;primary=true;source=ANALYSIS
instruction	004b00e4	FUN_004b00e4	004b0ec0	004b0ec6	CONDITIONAL_JUMP	FUN_004b00e4	bytes=0F8524010000;mnemonic=JNZ;instruction=JNZ 0x004b0fea;inputs=ZF;results=;flows=004b0fea;fallthrough=004b0ec6
instruction_reference	004b00e4	FUN_004b00e4	004b0ec0	004b0fea	CONDITIONAL_JUMP	LAB_004b0fea	operand_index=0;primary=true;source=DEFAULT
instruction	004b00e4	FUN_004b00e4	004b0ec6	004b0ecc	FALL_THROUGH	FUN_004b00e4	bytes=8B95F4FDFFFF;mnemonic=MOV;instruction=MOV EDX,dword ptr [EBP + 0xfffffdf4];inputs=EBP,0xfffffdf4;results=EDX;flows=;fallthrough=004b0ecc
instruction_reference	004b00e4	FUN_004b00e4	004b0ec6	Stack[-0x210]	READ		operand_index=1;primary=true;source=ANALYSIS
instruction	004b00e4	FUN_004b00e4	004b0ecc	004b0ed2	FALL_THROUGH	FUN_004b00e4	bytes=69D2E8020000;mnemonic=IMUL;instruction=IMUL EDX,EDX,0x2e8;inputs=0x0,0x4,EDX,0x2e8;results=CF,EDX,OF;flows=;fallthrough=004b0ed2
instruction	004b00e4	FUN_004b00e4	004b0ed2	004b0ed8	FALL_THROUGH	FUN_004b00e4	bytes=8B8518FDFFFF;mnemonic=MOV;instruction=MOV EAX,dword ptr [EBP + 0xfffffd18];inputs=EBP,0xfffffd18;results=EAX;flows=;fallthrough=004b0ed8
instruction_reference	004b00e4	FUN_004b00e4	004b0ed2	Stack[-0x2ec]	READ		operand_index=1;primary=true;source=ANALYSIS
instruction	004b00e4	FUN_004b00e4	004b0ed8	004b0edf	FALL_THROUGH	FUN_004b00e4	bytes=8D8C10C8770500;mnemonic=LEA;instruction=LEA ECX,[EAX + EDX*0x1 + 0x577c8];inputs=EAX,0x1,EDX,0x577c8;results=ECX;flows=;fallthrough=004b0edf
instruction	004b00e4	FUN_004b00e4	004b0edf	004b0ee5	FALL_THROUGH	FUN_004b00e4	bytes=8B95D8FDFFFF;mnemonic=MOV;instruction=MOV EDX,dword ptr [EBP + 0xfffffdd8];inputs=EBP,0xfffffdd8;results=EDX;flows=;fallthrough=004b0ee5
instruction_reference	004b00e4	FUN_004b00e4	004b0edf	Stack[-0x22c]	READ		operand_index=1;primary=true;source=ANALYSIS
instruction	004b00e4	FUN_004b00e4	004b0ee5	004b0ee8	FALL_THROUGH	FUN_004b00e4	bytes=8B0491;mnemonic=MOV;instruction=MOV EAX,dword ptr [ECX + EDX*0x4];inputs=0x4,ECX,EDX;results=EAX;flows=;fallthrough=004b0ee8
instruction	004b00e4	FUN_004b00e4	004b0ee8	004b0eeb	FALL_THROUGH	FUN_004b00e4	bytes=83C001;mnemonic=ADD;instruction=ADD EAX,0x1;inputs=EAX,0x0,0x1,0xff;results=CF,EAX,PF,ZF,SF,OF;flows=;fallthrough=004b0eeb
instruction	004b00e4	FUN_004b00e4	004b0eeb	004b0ef1	FALL_THROUGH	FUN_004b00e4	bytes=89855CFDFFFF;mnemonic=MOV;instruction=MOV dword ptr [EBP + 0xfffffd5c],EAX;inputs=EAX,0xfffffd5c,EBP;results=;flows=;fallthrough=004b0ef1
instruction_reference	004b00e4	FUN_004b00e4	004b0eeb	Stack[-0x2a8]	WRITE		operand_index=0;primary=true;source=ANALYSIS
instruction	004b00e4	FUN_004b00e4	004b0ef1	004b0ef7	FALL_THROUGH	FUN_004b00e4	bytes=8B855CFDFFFF;mnemonic=MOV;instruction=MOV EAX,dword ptr [EBP + 0xfffffd5c];inputs=0xfffffd5c,EBP;results=EAX;flows=;fallthrough=004b0ef7
instruction_reference	004b00e4	FUN_004b00e4	004b0ef1	Stack[-0x2a8]	READ		operand_index=1;primary=true;source=ANALYSIS
instruction	004b00e4	FUN_004b00e4	004b0ef7	004b0ef8	FALL_THROUGH	FUN_004b00e4	bytes=99;mnemonic=CDQ;instruction=CDQ;inputs=EAX,0x4;results=EDX;flows=;fallthrough=004b0ef8
instruction	004b00e4	FUN_004b00e4	004b0ef8	004b0efd	FALL_THROUGH	FUN_004b00e4	bytes=B964000000;mnemonic=MOV;instruction=MOV ECX,0x64;inputs=0x64;results=ECX;flows=;fallthrough=004b0efd
instruction	004b00e4	FUN_004b00e4	004b0efd	004b0eff	FALL_THROUGH	FUN_004b00e4	bytes=F7F9;mnemonic=IDIV;instruction=IDIV ECX;inputs=0x20,EAX,0x0,ECX,EDX;results=EAX,EDX;flows=;fallthrough=004b0eff
instruction	004b00e4	FUN_004b00e4	004b0eff	004b0f02	FALL_THROUGH	FUN_004b00e4	bytes=83E801;mnemonic=SUB;instruction=SUB EAX,0x1;inputs=EAX,0x0,0x1,0xff;results=CF,EAX,PF,ZF,SF,OF;flows=;fallthrough=004b0f02
instruction	004b00e4	FUN_004b00e4	004b0f02	004b0f08	FALL_THROUGH	FUN_004b00e4	bytes=898564FDFFFF;mnemonic=MOV;instruction=MOV dword ptr [EBP + 0xfffffd64],EAX;inputs=EAX,EBP,0xfffffd64;results=;flows=;fallthrough=004b0f08
instruction_reference	004b00e4	FUN_004b00e4	004b0f02	Stack[-0x2a0]	WRITE		operand_index=0;primary=true;source=ANALYSIS
instruction	004b00e4	FUN_004b00e4	004b0f08	004b0f0e	FALL_THROUGH	FUN_004b00e4	bytes=8B855CFDFFFF;mnemonic=MOV;instruction=MOV EAX,dword ptr [EBP + 0xfffffd5c];inputs=0xfffffd5c,EBP;results=EAX;flows=;fallthrough=004b0f0e
instruction_reference	004b00e4	FUN_004b00e4	004b0f08	Stack[-0x2a8]	READ		operand_index=1;primary=true;source=ANALYSIS
instruction	004b00e4	FUN_004b00e4	004b0f0e	004b0f0f	FALL_THROUGH	FUN_004b00e4	bytes=99;mnemonic=CDQ;instruction=CDQ;inputs=EAX,0x4;results=EDX;flows=;fallthrough=004b0f0f
instruction	004b00e4	FUN_004b00e4	004b0f0f	004b0f14	FALL_THROUGH	FUN_004b00e4	bytes=B964000000;mnemonic=MOV;instruction=MOV ECX,0x64;inputs=0x64;results=ECX;flows=;fallthrough=004b0f14
instruction	004b00e4	FUN_004b00e4	004b0f14	004b0f16	FALL_THROUGH	FUN_004b00e4	bytes=F7F9;mnemonic=IDIV;instruction=IDIV ECX;inputs=0x20,EAX,0x0,ECX,EDX;results=EAX,EDX;flows=;fallthrough=004b0f16
instruction	004b00e4	FUN_004b00e4	004b0f16	004b0f19	FALL_THROUGH	FUN_004b00e4	bytes=83EA01;mnemonic=SUB;instruction=SUB EDX,0x1;inputs=0x0,0x1,EDX,0xff;results=CF,PF,ZF,SF,EDX,OF;flows=;fallthrough=004b0f19
instruction	004b00e4	FUN_004b00e4	004b0f19	004b0f1f	FALL_THROUGH	FUN_004b00e4	bytes=899560FDFFFF;mnemonic=MOV;instruction=MOV dword ptr [EBP + 0xfffffd60],EDX;inputs=EBP,EDX,0xfffffd60;results=;flows=;fallthrough=004b0f1f
instruction_reference	004b00e4	FUN_004b00e4	004b0f19	Stack[-0x2a4]	WRITE		operand_index=0;primary=true;source=ANALYSIS
instruction	004b00e4	FUN_004b00e4	004b0f1f	004b0f25	FALL_THROUGH	FUN_004b00e4	bytes=8B95F4FDFFFF;mnemonic=MOV;instruction=MOV EDX,dword ptr [EBP + 0xfffffdf4];inputs=EBP,0xfffffdf4;results=EDX;flows=;fallthrough=004b0f25
instruction_reference	004b00e4	FUN_004b00e4	004b0f1f	Stack[-0x210]	READ		operand_index=1;primary=true;source=ANALYSIS
instruction	004b00e4	FUN_004b00e4	004b0f25	004b0f2b	FALL_THROUGH	FUN_004b00e4	bytes=69D2401A0000;mnemonic=IMUL;instruction=IMUL EDX,EDX,0x1a40;inputs=0x1a40,0x0,0x4,EDX;results=CF,EDX,OF;flows=;fallthrough=004b0f2b
instruction	004b00e4	FUN_004b00e4	004b0f2b	004b0f31	FALL_THROUGH	FUN_004b00e4	bytes=8B8564FDFFFF;mnemonic=MOV;instruction=MOV EAX,dword ptr [EBP + 0xfffffd64];inputs=EBP,0xfffffd64;results=EAX;flows=;fallthrough=004b0f31
instruction_reference	004b00e4	FUN_004b00e4	004b0f2b	Stack[-0x2a0]	READ		operand_index=1;primary=true;source=ANALYSIS
instruction	004b00e4	FUN_004b00e4	004b0f31	004b0f34	FALL_THROUGH	FUN_004b00e4	bytes=6BC070;mnemonic=IMUL;instruction=IMUL EAX,EAX,0x70;inputs=EAX,0x70,0x0,0x4;results=EAX,CF,OF;flows=;fallthrough=004b0f34
instruction	004b00e4	FUN_004b00e4	004b0f34	004b0f3b	FALL_THROUGH	FUN_004b00e4	bytes=8D8C0208055D00;mnemonic=LEA;instruction=LEA ECX,[EDX + EAX*0x1 + 0x5d0508];inputs=EAX,0x1,0x5d0508,EDX;results=ECX;flows=;fallthrough=004b0f3b
instruction_reference	004b00e4	FUN_004b00e4	004b0f34	005d0508	DATA	DAT_005d0508	operand_index=1;primary=true;source=ANALYSIS
instruction	004b00e4	FUN_004b00e4	004b0f3b	004b0f41	FALL_THROUGH	FUN_004b00e4	bytes=8B9560FDFFFF;mnemonic=MOV;instruction=MOV EDX,dword ptr [EBP + 0xfffffd60];inputs=EBP,0xfffffd60;results=EDX;flows=;fallthrough=004b0f41
instruction_reference	004b00e4	FUN_004b00e4	004b0f3b	Stack[-0x2a4]	READ		operand_index=1;primary=true;source=ANALYSIS
instruction	004b00e4	FUN_004b00e4	004b0f41	004b0f48	FALL_THROUGH	FUN_004b00e4	bytes=668B85C8FDFFFF;mnemonic=MOV;instruction=MOV AX,word ptr [EBP + 0xfffffdc8];inputs=EBP,0xfffffdc8;results=AX;flows=;fallthrough=004b0f48
instruction_reference	004b00e4	FUN_004b00e4	004b0f41	Stack[-0x23c]	READ		operand_index=1;primary=true;source=ANALYSIS
instruction	004b00e4	FUN_004b00e4	004b0f48	004b0f4c	FALL_THROUGH	FUN_004b00e4	bytes=66890451;mnemonic=MOV;instruction=MOV word ptr [ECX + EDX*0x2],AX;inputs=AX,0x2,ECX,EDX;results=;flows=;fallthrough=004b0f4c
instruction	004b00e4	FUN_004b00e4	004b0f4c	004b0f53	FALL_THROUGH	FUN_004b00e4	bytes=83BD5CFDFFFF6F;mnemonic=CMP;instruction=CMP dword ptr [EBP + 0xfffffd5c],0x6f;inputs=0x0,0x1,0xfffffd5c,EBP,0x6f,0xff;results=CF,PF,ZF,SF,OF;flows=;fallthrough=004b0f53
instruction_reference	004b00e4	FUN_004b00e4	004b0f4c	Stack[-0x2a8]	READ		operand_index=0;primary=true;source=ANALYSIS
instruction	004b00e4	FUN_004b00e4	004b0f53	004b0f59	CONDITIONAL_JUMP	FUN_004b00e4	bytes=0F858C000000;mnemonic=JNZ;instruction=JNZ 0x004b0fe5;inputs=ZF;results=;flows=004b0fe5;fallthrough=004b0f59
instruction_reference	004b00e4	FUN_004b00e4	004b0f53	004b0fe5	CONDITIONAL_JUMP	LAB_004b0fe5	operand_index=0;primary=true;source=DEFAULT
instruction	004b00e4	FUN_004b00e4	004b0f59	004b0f63	FALL_THROUGH	FUN_004b00e4	bytes=C78558FDFFFF01000000;mnemonic=MOV;instruction=MOV dword ptr [EBP + 0xfffffd58],0x1;inputs=0x1,EBP,0xfffffd58;results=;flows=;fallthrough=004b0f63
instruction_reference	004b00e4	FUN_004b00e4	004b0f59	Stack[-0x2ac]	WRITE		operand_index=0;primary=true;source=ANALYSIS
instruction	004b00e4	FUN_004b00e4	004b0f63		UNCONDITIONAL_JUMP	FUN_004b00e4	bytes=EB0F;mnemonic=JMP;instruction=JMP 0x004b0f74;inputs=;results=;flows=004b0f74;fallthrough=
instruction_reference	004b00e4	FUN_004b00e4	004b0f63	004b0f74	UNCONDITIONAL_JUMP	LAB_004b0f74	operand_index=0;primary=true;source=DEFAULT
instruction	004b00e4	FUN_004b00e4	004b0f65	004b0f6b	FALL_THROUGH	FUN_004b00e4	bytes=8B8D58FDFFFF;mnemonic=MOV;instruction=MOV ECX,dword ptr [EBP + 0xfffffd58];inputs=EBP,0xfffffd58;results=ECX;flows=;fallthrough=004b0f6b
instruction_reference	004b00e4	FUN_004b00e4	004b0f65	Stack[-0x2ac]	READ		operand_index=1;primary=true;source=ANALYSIS
instruction	004b00e4	FUN_004b00e4	004b0f6b	004b0f6e	FALL_THROUGH	FUN_004b00e4	bytes=83C101;mnemonic=ADD;instruction=ADD ECX,0x1;inputs=0x0,0x1,ECX,0xff;results=CF,PF,ECX,ZF,SF,OF;flows=;fallthrough=004b0f6e
instruction	004b00e4	FUN_004b00e4	004b0f6e	004b0f74	FALL_THROUGH	FUN_004b00e4	bytes=898D58FDFFFF;mnemonic=MOV;instruction=MOV dword ptr [EBP + 0xfffffd58],ECX;inputs=EBP,ECX,0xfffffd58;results=;flows=;fallthrough=004b0f74
instruction_reference	004b00e4	FUN_004b00e4	004b0f6e	Stack[-0x2ac]	WRITE		operand_index=0;primary=true;source=ANALYSIS
instruction	004b00e4	FUN_004b00e4	004b0f74	004b0f7b	FALL_THROUGH	FUN_004b00e4	bytes=83BD58FDFFFF3C;mnemonic=CMP;instruction=CMP dword ptr [EBP + 0xfffffd58],0x3c;inputs=0x0,0x1,EBP,0xfffffd58,0x3c,0xff;results=CF,PF,ZF,SF,OF;flows=;fallthrough=004b0f7b
instruction_reference	004b00e4	FUN_004b00e4	004b0f74	Stack[-0x2ac]	READ		operand_index=0;primary=true;source=ANALYSIS
instruction	004b00e4	FUN_004b00e4	004b0f7b	004b0f7d	CONDITIONAL_JUMP	FUN_004b00e4	bytes=7D68;mnemonic=JGE;instruction=JGE 0x004b0fe5;inputs=SF,OF;results=;flows=004b0fe5;fallthrough=004b0f7d
instruction_reference	004b00e4	FUN_004b00e4	004b0f7b	004b0fe5	CONDITIONAL_JUMP	LAB_004b0fe5	operand_index=0;primary=true;source=DEFAULT
instruction	004b00e4	FUN_004b00e4	004b0f7d	004b0f87	FALL_THROUGH	FUN_004b00e4	bytes=C78554FDFFFF00000000;mnemonic=MOV;instruction=MOV dword ptr [EBP + 0xfffffd54],0x0;inputs=0x0,EBP,0xfffffd54;results=;flows=;fallthrough=004b0f87
instruction_reference	004b00e4	FUN_004b00e4	004b0f7d	Stack[-0x2b0]	WRITE		operand_index=0;primary=true;source=ANALYSIS
instruction	004b00e4	FUN_004b00e4	004b0f87		UNCONDITIONAL_JUMP	FUN_004b00e4	bytes=EB0F;mnemonic=JMP;instruction=JMP 0x004b0f98;inputs=;results=;flows=004b0f98;fallthrough=
instruction_reference	004b00e4	FUN_004b00e4	004b0f87	004b0f98	UNCONDITIONAL_JUMP	LAB_004b0f98	operand_index=0;primary=true;source=DEFAULT
instruction	004b00e4	FUN_004b00e4	004b0f89	004b0f8f	FALL_THROUGH	FUN_004b00e4	bytes=8B9554FDFFFF;mnemonic=MOV;instruction=MOV EDX,dword ptr [EBP + 0xfffffd54];inputs=EBP,0xfffffd54;results=EDX;flows=;fallthrough=004b0f8f
instruction_reference	004b00e4	FUN_004b00e4	004b0f89	Stack[-0x2b0]	READ		operand_index=1;primary=true;source=ANALYSIS
instruction	004b00e4	FUN_004b00e4	004b0f8f	004b0f92	FALL_THROUGH	FUN_004b00e4	bytes=83C201;mnemonic=ADD;instruction=ADD EDX,0x1;inputs=0x0,0x1,EDX,0xff;results=CF,PF,ZF,SF,EDX,OF;flows=;fallthrough=004b0f92
instruction	004b00e4	FUN_004b00e4	004b0f92	004b0f98	FALL_THROUGH	FUN_004b00e4	bytes=899554FDFFFF;mnemonic=MOV;instruction=MOV dword ptr [EBP + 0xfffffd54],EDX;inputs=EBP,EDX,0xfffffd54;results=;flows=;fallthrough=004b0f98
instruction_reference	004b00e4	FUN_004b00e4	004b0f92	Stack[-0x2b0]	WRITE		operand_index=0;primary=true;source=ANALYSIS
instruction	004b00e4	FUN_004b00e4	004b0f98	004b0f9f	FALL_THROUGH	FUN_004b00e4	bytes=83BD54FDFFFF38;mnemonic=CMP;instruction=CMP dword ptr [EBP + 0xfffffd54],0x38;inputs=0x0,0x1,EBP,0x38,0xfffffd54,0xff;results=CF,PF,ZF,SF,OF;flows=;fallthrough=004b0f9f
instruction_reference	004b00e4	FUN_004b00e4	004b0f98	Stack[-0x2b0]	READ		operand_index=0;primary=true;source=ANALYSIS
instruction	004b00e4	FUN_004b00e4	004b0f9f	004b0fa1	CONDITIONAL_JUMP	FUN_004b00e4	bytes=7D42;mnemonic=JGE;instruction=JGE 0x004b0fe3;inputs=SF,OF;results=;flows=004b0fe3;fallthrough=004b0fa1
instruction_reference	004b00e4	FUN_004b00e4	004b0f9f	004b0fe3	CONDITIONAL_JUMP	LAB_004b0fe3	operand_index=0;primary=true;source=DEFAULT
instruction	004b00e4	FUN_004b00e4	004b0fa1	004b0fa7	FALL_THROUGH	FUN_004b00e4	bytes=8B85F4FDFFFF;mnemonic=MOV;instruction=MOV EAX,dword ptr [EBP + 0xfffffdf4];inputs=EBP,0xfffffdf4;results=EAX;flows=;fallthrough=004b0fa7
instruction_reference	004b00e4	FUN_004b00e4	004b0fa1	Stack[-0x210]	READ		operand_index=1;primary=true;source=ANALYSIS
instruction	004b00e4	FUN_004b00e4	004b0fa7	004b0fad	FALL_THROUGH	FUN_004b00e4	bytes=69C0401A0000;mnemonic=IMUL;instruction=IMUL EAX,EAX,0x1a40;inputs=EAX,0x1a40,0x0,0x4;results=EAX,CF,OF;flows=;fallthrough=004b0fad
instruction	004b00e4	FUN_004b00e4	004b0fad	004b0fb3	FALL_THROUGH	FUN_004b00e4	bytes=8B8DF4FDFFFF;mnemonic=MOV;instruction=MOV ECX,dword ptr [EBP + 0xfffffdf4];inputs=EBP,0xfffffdf4;results=ECX;flows=;fallthrough=004b0fb3
instruction_reference	004b00e4	FUN_004b00e4	004b0fad	Stack[-0x210]	READ		operand_index=1;primary=true;source=ANALYSIS
instruction	004b00e4	FUN_004b00e4	004b0fb3	004b0fb9	FALL_THROUGH	FUN_004b00e4	bytes=69C9401A0000;mnemonic=IMUL;instruction=IMUL ECX,ECX,0x1a40;inputs=0x1a40,0x0,ECX,0x4;results=CF,ECX,OF;flows=;fallthrough=004b0fb9
instruction	004b00e4	FUN_004b00e4	004b0fb9	004b0fbf	FALL_THROUGH	FUN_004b00e4	bytes=8B9558FDFFFF;mnemonic=MOV;instruction=MOV EDX,dword ptr [EBP + 0xfffffd58];inputs=EBP,0xfffffd58;results=EDX;flows=;fallthrough=004b0fbf
instruction_reference	004b00e4	FUN_004b00e4	004b0fb9	Stack[-0x2ac]	READ		operand_index=1;primary=true;source=ANALYSIS
instruction	004b00e4	FUN_004b00e4	004b0fbf	004b0fc2	FALL_THROUGH	FUN_004b00e4	bytes=6BD270;mnemonic=IMUL;instruction=IMUL EDX,EDX,0x70;inputs=0x70,0x0,0x4,EDX;results=CF,EDX,OF;flows=;fallthrough=004b0fc2
instruction	004b00e4	FUN_004b00e4	004b0fc2	004b0fc9	FALL_THROUGH	FUN_004b00e4	bytes=8D8C1108055D00;mnemonic=LEA;instruction=LEA ECX,[ECX + EDX*0x1 + 0x5d0508];inputs=0x1,ECX,0x5d0508,EDX;results=ECX;flows=;fallthrough=004b0fc9
instruction_reference	004b00e4	FUN_004b00e4	004b0fc2	005d0508	DATA	DAT_005d0508	operand_index=1;primary=true;source=ANALYSIS
instruction	004b00e4	FUN_004b00e4	004b0fc9	004b0fcf	FALL_THROUGH	FUN_004b00e4	bytes=8B9554FDFFFF;mnemonic=MOV;instruction=MOV EDX,dword ptr [EBP + 0xfffffd54];inputs=EBP,0xfffffd54;results=EDX;flows=;fallthrough=004b0fcf
instruction_reference	004b00e4	FUN_004b00e4	004b0fc9	Stack[-0x2b0]	READ		operand_index=1;primary=true;source=ANALYSIS
instruction	004b00e4	FUN_004b00e4	004b0fcf	004b0fd5	FALL_THROUGH	FUN_004b00e4	bytes=8BB554FDFFFF;mnemonic=MOV;instruction=MOV ESI,dword ptr [EBP + 0xfffffd54];inputs=EBP,0xfffffd54;results=ESI;flows=;fallthrough=004b0fd5
instruction_reference	004b00e4	FUN_004b00e4	004b0fcf	Stack[-0x2b0]	READ		operand_index=1;primary=true;source=ANALYSIS
instruction	004b00e4	FUN_004b00e4	004b0fd5	004b0fdd	FALL_THROUGH	FUN_004b00e4	bytes=668B847008055D00;mnemonic=MOV;instruction=MOV AX,word ptr [EAX + ESI*0x2 + 0x5d0508];inputs=EAX,0x2,0x5d0508,ESI;results=AX;flows=;fallthrough=004b0fdd
instruction_reference	004b00e4	FUN_004b00e4	004b0fd5	005d0508	DATA	DAT_005d0508	operand_index=1;primary=true;source=ANALYSIS
instruction	004b00e4	FUN_004b00e4	004b0fdd	004b0fe1	FALL_THROUGH	FUN_004b00e4	bytes=66890451;mnemonic=MOV;instruction=MOV word ptr [ECX + EDX*0x2],AX;inputs=AX,0x2,ECX,EDX;results=;flows=;fallthrough=004b0fe1
instruction	004b00e4	FUN_004b00e4	004b0fe1		UNCONDITIONAL_JUMP	FUN_004b00e4	bytes=EBA6;mnemonic=JMP;instruction=JMP 0x004b0f89;inputs=;results=;flows=004b0f89;fallthrough=
instruction_reference	004b00e4	FUN_004b00e4	004b0fe1	004b0f89	UNCONDITIONAL_JUMP	LAB_004b0f89	operand_index=0;primary=true;source=DEFAULT
instruction	004b00e4	FUN_004b00e4	004b0fe3		UNCONDITIONAL_JUMP	FUN_004b00e4	bytes=EB80;mnemonic=JMP;instruction=JMP 0x004b0f65;inputs=;results=;flows=004b0f65;fallthrough=
instruction_reference	004b00e4	FUN_004b00e4	004b0fe3	004b0f65	UNCONDITIONAL_JUMP	LAB_004b0f65	operand_index=0;primary=true;source=DEFAULT
instruction	004b00e4	FUN_004b00e4	004b0fe5		UNCONDITIONAL_JUMP	FUN_004b00e4	bytes=E9BC030000;mnemonic=JMP;instruction=JMP 0x004b13a6;inputs=;results=;flows=004b13a6;fallthrough=
instruction_reference	004b00e4	FUN_004b00e4	004b0fe5	004b13a6	UNCONDITIONAL_JUMP	LAB_004b13a6	operand_index=0;primary=true;source=DEFAULT
instruction	004b00e4	FUN_004b00e4	004b0fea	004b0ff1	FALL_THROUGH	FUN_004b00e4	bytes=83BDF4FDFFFF03;mnemonic=CMP;instruction=CMP dword ptr [EBP + 0xfffffdf4],0x3;inputs=0x0,0x1,0x3,EBP,0xfffffdf4,0xff;results=CF,PF,ZF,SF,OF;flows=;fallthrough=004b0ff1
instruction_reference	004b00e4	FUN_004b00e4	004b0fea	Stack[-0x210]	READ		operand_index=0;primary=true;source=ANALYSIS
instruction	004b00e4	FUN_004b00e4	004b0ff1	004b0ff7	CONDITIONAL_JUMP	FUN_004b00e4	bytes=0F8524010000;mnemonic=JNZ;instruction=JNZ 0x004b111b;inputs=ZF;results=;flows=004b111b;fallthrough=004b0ff7
instruction_reference	004b00e4	FUN_004b00e4	004b0ff1	004b111b	CONDITIONAL_JUMP	LAB_004b111b	operand_index=0;primary=true;source=DEFAULT
instruction	004b00e4	FUN_004b00e4	004b0ff7	004b0ffd	FALL_THROUGH	FUN_004b00e4	bytes=8B8DF4FDFFFF;mnemonic=MOV;instruction=MOV ECX,dword ptr [EBP + 0xfffffdf4];inputs=EBP,0xfffffdf4;results=ECX;flows=;fallthrough=004b0ffd
instruction_reference	004b00e4	FUN_004b00e4	004b0ff7	Stack[-0x210]	READ		operand_index=1;primary=true;source=ANALYSIS
instruction	004b00e4	FUN_004b00e4	004b0ffd	004b1003	FALL_THROUGH	FUN_004b00e4	bytes=69C9E8020000;mnemonic=IMUL;instruction=IMUL ECX,ECX,0x2e8;inputs=0x0,ECX,0x4,0x2e8;results=CF,ECX,OF;flows=;fallthrough=004b1003
instruction	004b00e4	FUN_004b00e4	004b1003	004b1009	FALL_THROUGH	FUN_004b00e4	bytes=8B9518FDFFFF;mnemonic=MOV;instruction=MOV EDX,dword ptr [EBP + 0xfffffd18];inputs=EBP,0xfffffd18;results=EDX;flows=;fallthrough=004b1009
instruction_reference	004b00e4	FUN_004b00e4	004b1003	Stack[-0x2ec]	READ		operand_index=1;primary=true;source=ANALYSIS
instruction	004b00e4	FUN_004b00e4	004b1009	004b1010	FALL_THROUGH	FUN_004b00e4	bytes=8D840AC8770500;mnemonic=LEA;instruction=LEA EAX,[EDX + ECX*0x1 + 0x577c8];inputs=0x1,ECX,EDX,0x577c8;results=EAX;flows=;fallthrough=004b1010
instruction	004b00e4	FUN_004b00e4	004b1010	004b1016	FALL_THROUGH	FUN_004b00e4	bytes=8B8DD8FDFFFF;mnemonic=MOV;instruction=MOV ECX,dword ptr [EBP + 0xfffffdd8];inputs=EBP,0xfffffdd8;results=ECX;flows=;fallthrough=004b1016
instruction_reference	004b00e4	FUN_004b00e4	004b1010	Stack[-0x22c]	READ		operand_index=1;primary=true;source=ANALYSIS
instruction	004b00e4	FUN_004b00e4	004b1016	004b1019	FALL_THROUGH	FUN_004b00e4	bytes=8B1488;mnemonic=MOV;instruction=MOV EDX,dword ptr [EAX + ECX*0x4];inputs=EAX,ECX,0x4;results=EDX;flows=;fallthrough=004b1019
instruction	004b00e4	FUN_004b00e4	004b1019	004b101c	FALL_THROUGH	FUN_004b00e4	bytes=83C201;mnemonic=ADD;instruction=ADD EDX,0x1;inputs=0x0,0x1,EDX,0xff;results=CF,PF,ZF,SF,EDX,OF;flows=;fallthrough=004b101c
instruction	004b00e4	FUN_004b00e4	004b101c	004b1022	FALL_THROUGH	FUN_004b00e4	bytes=899548FDFFFF;mnemonic=MOV;instruction=MOV dword ptr [EBP + 0xfffffd48],EDX;inputs=EBP,0xfffffd48,EDX;results=;flows=;fallthrough=004b1022
instruction_reference	004b00e4	FUN_004b00e4	004b101c	Stack[-0x2bc]	WRITE		operand_index=0;primary=true;source=ANALYSIS
instruction	004b00e4	FUN_004b00e4	004b1022	004b1028	FALL_THROUGH	FUN_004b00e4	bytes=8B8548FDFFFF;mnemonic=MOV;instruction=MOV EAX,dword ptr [EBP + 0xfffffd48];inputs=EBP,0xfffffd48;results=EAX;flows=;fallthrough=004b1028
instruction_reference	004b00e4	FUN_004b00e4	004b1022	Stack[-0x2bc]	READ		operand_index=1;primary=true;source=ANALYSIS
instruction	004b00e4	FUN_004b00e4	004b1028	004b1029	FALL_THROUGH	FUN_004b00e4	bytes=99;mnemonic=CDQ;instruction=CDQ;inputs=EAX,0x4;results=EDX;flows=;fallthrough=004b1029
instruction	004b00e4	FUN_004b00e4	004b1029	004b102e	FALL_THROUGH	FUN_004b00e4	bytes=B964000000;mnemonic=MOV;instruction=MOV ECX,0x64;inputs=0x64;results=ECX;flows=;fallthrough=004b102e
instruction	004b00e4	FUN_004b00e4	004b102e	004b1030	FALL_THROUGH	FUN_004b00e4	bytes=F7F9;mnemonic=IDIV;instruction=IDIV ECX;inputs=0x20,EAX,0x0,ECX,EDX;results=EAX,EDX;flows=;fallthrough=004b1030
instruction	004b00e4	FUN_004b00e4	004b1030	004b1033	FALL_THROUGH	FUN_004b00e4	bytes=83E801;mnemonic=SUB;instruction=SUB EAX,0x1;inputs=EAX,0x0,0x1,0xff;results=CF,EAX,PF,ZF,SF,OF;flows=;fallthrough=004b1033
instruction	004b00e4	FUN_004b00e4	004b1033	004b1039	FALL_THROUGH	FUN_004b00e4	bytes=898550FDFFFF;mnemonic=MOV;instruction=MOV dword ptr [EBP + 0xfffffd50],EAX;inputs=EAX,EBP,0xfffffd50;results=;flows=;fallthrough=004b1039
instruction_reference	004b00e4	FUN_004b00e4	004b1033	Stack[-0x2b4]	WRITE		operand_index=0;primary=true;source=ANALYSIS
instruction	004b00e4	FUN_004b00e4	004b1039	004b103f	FALL_THROUGH	FUN_004b00e4	bytes=8B8548FDFFFF;mnemonic=MOV;instruction=MOV EAX,dword ptr [EBP + 0xfffffd48];inputs=EBP,0xfffffd48;results=EAX;flows=;fallthrough=004b103f
instruction_reference	004b00e4	FUN_004b00e4	004b1039	Stack[-0x2bc]	READ		operand_index=1;primary=true;source=ANALYSIS
instruction	004b00e4	FUN_004b00e4	004b103f	004b1040	FALL_THROUGH	FUN_004b00e4	bytes=99;mnemonic=CDQ;instruction=CDQ;inputs=EAX,0x4;results=EDX;flows=;fallthrough=004b1040
instruction	004b00e4	FUN_004b00e4	004b1040	004b1045	FALL_THROUGH	FUN_004b00e4	bytes=B964000000;mnemonic=MOV;instruction=MOV ECX,0x64;inputs=0x64;results=ECX;flows=;fallthrough=004b1045
instruction	004b00e4	FUN_004b00e4	004b1045	004b1047	FALL_THROUGH	FUN_004b00e4	bytes=F7F9;mnemonic=IDIV;instruction=IDIV ECX;inputs=0x20,EAX,0x0,ECX,EDX;results=EAX,EDX;flows=;fallthrough=004b1047
instruction	004b00e4	FUN_004b00e4	004b1047	004b104a	FALL_THROUGH	FUN_004b00e4	bytes=83EA01;mnemonic=SUB;instruction=SUB EDX,0x1;inputs=0x0,0x1,EDX,0xff;results=CF,PF,ZF,SF,EDX,OF;flows=;fallthrough=004b104a
instruction	004b00e4	FUN_004b00e4	004b104a	004b1050	FALL_THROUGH	FUN_004b00e4	bytes=89954CFDFFFF;mnemonic=MOV;instruction=MOV dword ptr [EBP + 0xfffffd4c],EDX;inputs=0xfffffd4c,EBP,EDX;results=;flows=;fallthrough=004b1050
instruction_reference	004b00e4	FUN_004b00e4	004b104a	Stack[-0x2b8]	WRITE		operand_index=0;primary=true;source=ANALYSIS
instruction	004b00e4	FUN_004b00e4	004b1050	004b1056	FALL_THROUGH	FUN_004b00e4	bytes=8B95F4FDFFFF;mnemonic=MOV;instruction=MOV EDX,dword ptr [EBP + 0xfffffdf4];inputs=EBP,0xfffffdf4;results=EDX;flows=;fallthrough=004b1056
instruction_reference	004b00e4	FUN_004b00e4	004b1050	Stack[-0x210]	READ		operand_index=1;primary=true;source=ANALYSIS
instruction	004b00e4	FUN_004b00e4	004b1056	004b105c	FALL_THROUGH	FUN_004b00e4	bytes=69D2401A0000;mnemonic=IMUL;instruction=IMUL EDX,EDX,0x1a40;inputs=0x1a40,0x0,0x4,EDX;results=CF,EDX,OF;flows=;fallthrough=004b105c
instruction	004b00e4	FUN_004b00e4	004b105c	004b1062	FALL_THROUGH	FUN_004b00e4	bytes=8B8550FDFFFF;mnemonic=MOV;instruction=MOV EAX,dword ptr [EBP + 0xfffffd50];inputs=EBP,0xfffffd50;results=EAX;flows=;fallthrough=004b1062
instruction_reference	004b00e4	FUN_004b00e4	004b105c	Stack[-0x2b4]	READ		operand_index=1;primary=true;source=ANALYSIS
instruction	004b00e4	FUN_004b00e4	004b1062	004b1065	FALL_THROUGH	FUN_004b00e4	bytes=6BC070;mnemonic=IMUL;instruction=IMUL EAX,EAX,0x70;inputs=EAX,0x70,0x0,0x4;results=EAX,CF,OF;flows=;fallthrough=004b1065
instruction	004b00e4	FUN_004b00e4	004b1065	004b106c	FALL_THROUGH	FUN_004b00e4	bytes=8D8C0208055D00;mnemonic=LEA;instruction=LEA ECX,[EDX + EAX*0x1 + 0x5d0508];inputs=EAX,0x1,0x5d0508,EDX;results=ECX;flows=;fallthrough=004b106c
instruction_reference	004b00e4	FUN_004b00e4	004b1065	005d0508	DATA	DAT_005d0508	operand_index=1;primary=true;source=ANALYSIS
instruction	004b00e4	FUN_004b00e4	004b106c	004b1072	FALL_THROUGH	FUN_004b00e4	bytes=8B954CFDFFFF;mnemonic=MOV;instruction=MOV EDX,dword ptr [EBP + 0xfffffd4c];inputs=0xfffffd4c,EBP;results=EDX;flows=;fallthrough=004b1072
instruction_reference	004b00e4	FUN_004b00e4	004b106c	Stack[-0x2b8]	READ		operand_index=1;primary=true;source=ANALYSIS
instruction	004b00e4	FUN_004b00e4	004b1072	004b1079	FALL_THROUGH	FUN_004b00e4	bytes=668B85C8FDFFFF;mnemonic=MOV;instruction=MOV AX,word ptr [EBP + 0xfffffdc8];inputs=EBP,0xfffffdc8;results=AX;flows=;fallthrough=004b1079
instruction_reference	004b00e4	FUN_004b00e4	004b1072	Stack[-0x23c]	READ		operand_index=1;primary=true;source=ANALYSIS
instruction	004b00e4	FUN_004b00e4	004b1079	004b107d	FALL_THROUGH	FUN_004b00e4	bytes=66890451;mnemonic=MOV;instruction=MOV word ptr [ECX + EDX*0x2],AX;inputs=AX,0x2,ECX,EDX;results=;flows=;fallthrough=004b107d
instruction	004b00e4	FUN_004b00e4	004b107d	004b1084	FALL_THROUGH	FUN_004b00e4	bytes=83BD48FDFFFF6C;mnemonic=CMP;instruction=CMP dword ptr [EBP + 0xfffffd48],0x6c;inputs=0x0,0x1,EBP,0xfffffd48,0x6c,0xff;results=CF,PF,ZF,SF,OF;flows=;fallthrough=004b1084
instruction_reference	004b00e4	FUN_004b00e4	004b107d	Stack[-0x2bc]	READ		operand_index=0;primary=true;source=ANALYSIS
instruction	004b00e4	FUN_004b00e4	004b1084	004b108a	CONDITIONAL_JUMP	FUN_004b00e4	bytes=0F858C000000;mnemonic=JNZ;instruction=JNZ 0x004b1116;inputs=ZF;results=;flows=004b1116;fallthrough=004b108a
instruction_reference	004b00e4	FUN_004b00e4	004b1084	004b1116	CONDITIONAL_JUMP	LAB_004b1116	operand_index=0;primary=true;source=DEFAULT
instruction	004b00e4	FUN_004b00e4	004b108a	004b1094	FALL_THROUGH	FUN_004b00e4	bytes=C78544FDFFFF01000000;mnemonic=MOV;instruction=MOV dword ptr [EBP + 0xfffffd44],0x1;inputs=0x1,EBP,0xfffffd44;results=;flows=;fallthrough=004b1094
instruction_reference	004b00e4	FUN_004b00e4	004b108a	Stack[-0x2c0]	WRITE		operand_index=0;primary=true;source=ANALYSIS
instruction	004b00e4	FUN_004b00e4	004b1094		UNCONDITIONAL_JUMP	FUN_004b00e4	bytes=EB0F;mnemonic=JMP;instruction=JMP 0x004b10a5;inputs=;results=;flows=004b10a5;fallthrough=
instruction_reference	004b00e4	FUN_004b00e4	004b1094	004b10a5	UNCONDITIONAL_JUMP	LAB_004b10a5	operand_index=0;primary=true;source=DEFAULT
instruction	004b00e4	FUN_004b00e4	004b1096	004b109c	FALL_THROUGH	FUN_004b00e4	bytes=8B8D44FDFFFF;mnemonic=MOV;instruction=MOV ECX,dword ptr [EBP + 0xfffffd44];inputs=EBP,0xfffffd44;results=ECX;flows=;fallthrough=004b109c
instruction_reference	004b00e4	FUN_004b00e4	004b1096	Stack[-0x2c0]	READ		operand_index=1;primary=true;source=ANALYSIS
instruction	004b00e4	FUN_004b00e4	004b109c	004b109f	FALL_THROUGH	FUN_004b00e4	bytes=83C101;mnemonic=ADD;instruction=ADD ECX,0x1;inputs=0x0,0x1,ECX,0xff;results=CF,PF,ECX,ZF,SF,OF;flows=;fallthrough=004b109f
instruction	004b00e4	FUN_004b00e4	004b109f	004b10a5	FALL_THROUGH	FUN_004b00e4	bytes=898D44FDFFFF;mnemonic=MOV;instruction=MOV dword ptr [EBP + 0xfffffd44],ECX;inputs=EBP,ECX,0xfffffd44;results=;flows=;fallthrough=004b10a5
instruction_reference	004b00e4	FUN_004b00e4	004b109f	Stack[-0x2c0]	WRITE		operand_index=0;primary=true;source=ANALYSIS
instruction	004b00e4	FUN_004b00e4	004b10a5	004b10ac	FALL_THROUGH	FUN_004b00e4	bytes=83BD44FDFFFF3C;mnemonic=CMP;instruction=CMP dword ptr [EBP + 0xfffffd44],0x3c;inputs=0x0,0x1,EBP,0xfffffd44,0x3c,0xff;results=CF,PF,ZF,SF,OF;flows=;fallthrough=004b10ac
instruction_reference	004b00e4	FUN_004b00e4	004b10a5	Stack[-0x2c0]	READ		operand_index=0;primary=true;source=ANALYSIS
instruction	004b00e4	FUN_004b00e4	004b10ac	004b10ae	CONDITIONAL_JUMP	FUN_004b00e4	bytes=7D68;mnemonic=JGE;instruction=JGE 0x004b1116;inputs=SF,OF;results=;flows=004b1116;fallthrough=004b10ae
instruction_reference	004b00e4	FUN_004b00e4	004b10ac	004b1116	CONDITIONAL_JUMP	LAB_004b1116	operand_index=0;primary=true;source=DEFAULT
instruction	004b00e4	FUN_004b00e4	004b10ae	004b10b8	FALL_THROUGH	FUN_004b00e4	bytes=C78540FDFFFF00000000;mnemonic=MOV;instruction=MOV dword ptr [EBP + 0xfffffd40],0x0;inputs=0x0,EBP,0xfffffd40;results=;flows=;fallthrough=004b10b8
instruction_reference	004b00e4	FUN_004b00e4	004b10ae	Stack[-0x2c4]	WRITE		operand_index=0;primary=true;source=ANALYSIS
instruction	004b00e4	FUN_004b00e4	004b10b8		UNCONDITIONAL_JUMP	FUN_004b00e4	bytes=EB0F;mnemonic=JMP;instruction=JMP 0x004b10c9;inputs=;results=;flows=004b10c9;fallthrough=
instruction_reference	004b00e4	FUN_004b00e4	004b10b8	004b10c9	UNCONDITIONAL_JUMP	LAB_004b10c9	operand_index=0;primary=true;source=DEFAULT
instruction	004b00e4	FUN_004b00e4	004b10ba	004b10c0	FALL_THROUGH	FUN_004b00e4	bytes=8B9540FDFFFF;mnemonic=MOV;instruction=MOV EDX,dword ptr [EBP + 0xfffffd40];inputs=EBP,0xfffffd40;results=EDX;flows=;fallthrough=004b10c0
instruction_reference	004b00e4	FUN_004b00e4	004b10ba	Stack[-0x2c4]	READ		operand_index=1;primary=true;source=ANALYSIS
instruction	004b00e4	FUN_004b00e4	004b10c0	004b10c3	FALL_THROUGH	FUN_004b00e4	bytes=83C201;mnemonic=ADD;instruction=ADD EDX,0x1;inputs=0x0,0x1,EDX,0xff;results=CF,PF,ZF,SF,EDX,OF;flows=;fallthrough=004b10c3
instruction	004b00e4	FUN_004b00e4	004b10c3	004b10c9	FALL_THROUGH	FUN_004b00e4	bytes=899540FDFFFF;mnemonic=MOV;instruction=MOV dword ptr [EBP + 0xfffffd40],EDX;inputs=EBP,EDX,0xfffffd40;results=;flows=;fallthrough=004b10c9
instruction_reference	004b00e4	FUN_004b00e4	004b10c3	Stack[-0x2c4]	WRITE		operand_index=0;primary=true;source=ANALYSIS
instruction	004b00e4	FUN_004b00e4	004b10c9	004b10d0	FALL_THROUGH	FUN_004b00e4	bytes=83BD40FDFFFF38;mnemonic=CMP;instruction=CMP dword ptr [EBP + 0xfffffd40],0x38;inputs=0x0,0x1,EBP,0x38,0xfffffd40,0xff;results=CF,PF,ZF,SF,OF;flows=;fallthrough=004b10d0
instruction_reference	004b00e4	FUN_004b00e4	004b10c9	Stack[-0x2c4]	READ		operand_index=0;primary=true;source=ANALYSIS
instruction	004b00e4	FUN_004b00e4	004b10d0	004b10d2	CONDITIONAL_JUMP	FUN_004b00e4	bytes=7D42;mnemonic=JGE;instruction=JGE 0x004b1114;inputs=SF,OF;results=;flows=004b1114;fallthrough=004b10d2
instruction_reference	004b00e4	FUN_004b00e4	004b10d0	004b1114	CONDITIONAL_JUMP	LAB_004b1114	operand_index=0;primary=true;source=DEFAULT
instruction	004b00e4	FUN_004b00e4	004b10d2	004b10d8	FALL_THROUGH	FUN_004b00e4	bytes=8B85F4FDFFFF;mnemonic=MOV;instruction=MOV EAX,dword ptr [EBP + 0xfffffdf4];inputs=EBP,0xfffffdf4;results=EAX;flows=;fallthrough=004b10d8
instruction_reference	004b00e4	FUN_004b00e4	004b10d2	Stack[-0x210]	READ		operand_index=1;primary=true;source=ANALYSIS
instruction	004b00e4	FUN_004b00e4	004b10d8	004b10de	FALL_THROUGH	FUN_004b00e4	bytes=69C0401A0000;mnemonic=IMUL;instruction=IMUL EAX,EAX,0x1a40;inputs=EAX,0x1a40,0x0,0x4;results=EAX,CF,OF;flows=;fallthrough=004b10de
instruction	004b00e4	FUN_004b00e4	004b10de	004b10e4	FALL_THROUGH	FUN_004b00e4	bytes=8B8DF4FDFFFF;mnemonic=MOV;instruction=MOV ECX,dword ptr [EBP + 0xfffffdf4];inputs=EBP,0xfffffdf4;results=ECX;flows=;fallthrough=004b10e4
instruction_reference	004b00e4	FUN_004b00e4	004b10de	Stack[-0x210]	READ		operand_index=1;primary=true;source=ANALYSIS
instruction	004b00e4	FUN_004b00e4	004b10e4	004b10ea	FALL_THROUGH	FUN_004b00e4	bytes=69C9401A0000;mnemonic=IMUL;instruction=IMUL ECX,ECX,0x1a40;inputs=0x1a40,0x0,ECX,0x4;results=CF,ECX,OF;flows=;fallthrough=004b10ea
instruction	004b00e4	FUN_004b00e4	004b10ea	004b10f0	FALL_THROUGH	FUN_004b00e4	bytes=8B9544FDFFFF;mnemonic=MOV;instruction=MOV EDX,dword ptr [EBP + 0xfffffd44];inputs=EBP,0xfffffd44;results=EDX;flows=;fallthrough=004b10f0
instruction_reference	004b00e4	FUN_004b00e4	004b10ea	Stack[-0x2c0]	READ		operand_index=1;primary=true;source=ANALYSIS
instruction	004b00e4	FUN_004b00e4	004b10f0	004b10f3	FALL_THROUGH	FUN_004b00e4	bytes=6BD270;mnemonic=IMUL;instruction=IMUL EDX,EDX,0x70;inputs=0x70,0x0,0x4,EDX;results=CF,EDX,OF;flows=;fallthrough=004b10f3
instruction	004b00e4	FUN_004b00e4	004b10f3	004b10fa	FALL_THROUGH	FUN_004b00e4	bytes=8D8C1108055D00;mnemonic=LEA;instruction=LEA ECX,[ECX + EDX*0x1 + 0x5d0508];inputs=0x1,ECX,0x5d0508,EDX;results=ECX;flows=;fallthrough=004b10fa
instruction_reference	004b00e4	FUN_004b00e4	004b10f3	005d0508	DATA	DAT_005d0508	operand_index=1;primary=true;source=ANALYSIS
instruction	004b00e4	FUN_004b00e4	004b10fa	004b1100	FALL_THROUGH	FUN_004b00e4	bytes=8B9540FDFFFF;mnemonic=MOV;instruction=MOV EDX,dword ptr [EBP + 0xfffffd40];inputs=EBP,0xfffffd40;results=EDX;flows=;fallthrough=004b1100
instruction_reference	004b00e4	FUN_004b00e4	004b10fa	Stack[-0x2c4]	READ		operand_index=1;primary=true;source=ANALYSIS
instruction	004b00e4	FUN_004b00e4	004b1100	004b1106	FALL_THROUGH	FUN_004b00e4	bytes=8BB540FDFFFF;mnemonic=MOV;instruction=MOV ESI,dword ptr [EBP + 0xfffffd40];inputs=EBP,0xfffffd40;results=ESI;flows=;fallthrough=004b1106
instruction_reference	004b00e4	FUN_004b00e4	004b1100	Stack[-0x2c4]	READ		operand_index=1;primary=true;source=ANALYSIS
instruction	004b00e4	FUN_004b00e4	004b1106	004b110e	FALL_THROUGH	FUN_004b00e4	bytes=668B847008055D00;mnemonic=MOV;instruction=MOV AX,word ptr [EAX + ESI*0x2 + 0x5d0508];inputs=EAX,0x2,0x5d0508,ESI;results=AX;flows=;fallthrough=004b110e
instruction_reference	004b00e4	FUN_004b00e4	004b1106	005d0508	DATA	DAT_005d0508	operand_index=1;primary=true;source=ANALYSIS
instruction	004b00e4	FUN_004b00e4	004b110e	004b1112	FALL_THROUGH	FUN_004b00e4	bytes=66890451;mnemonic=MOV;instruction=MOV word ptr [ECX + EDX*0x2],AX;inputs=AX,0x2,ECX,EDX;results=;flows=;fallthrough=004b1112
instruction	004b00e4	FUN_004b00e4	004b1112		UNCONDITIONAL_JUMP	FUN_004b00e4	bytes=EBA6;mnemonic=JMP;instruction=JMP 0x004b10ba;inputs=;results=;flows=004b10ba;fallthrough=
instruction_reference	004b00e4	FUN_004b00e4	004b1112	004b10ba	UNCONDITIONAL_JUMP	LAB_004b10ba	operand_index=0;primary=true;source=DEFAULT
instruction	004b00e4	FUN_004b00e4	004b1114		UNCONDITIONAL_JUMP	FUN_004b00e4	bytes=EB80;mnemonic=JMP;instruction=JMP 0x004b1096;inputs=;results=;flows=004b1096;fallthrough=
instruction_reference	004b00e4	FUN_004b00e4	004b1114	004b1096	UNCONDITIONAL_JUMP	LAB_004b1096	operand_index=0;primary=true;source=DEFAULT
instruction	004b00e4	FUN_004b00e4	004b1116		UNCONDITIONAL_JUMP	FUN_004b00e4	bytes=E98B020000;mnemonic=JMP;instruction=JMP 0x004b13a6;inputs=;results=;flows=004b13a6;fallthrough=
instruction_reference	004b00e4	FUN_004b00e4	004b1116	004b13a6	UNCONDITIONAL_JUMP	LAB_004b13a6	operand_index=0;primary=true;source=DEFAULT
instruction	004b00e4	FUN_004b00e4	004b111b	004b1122	FALL_THROUGH	FUN_004b00e4	bytes=83BDF4FDFFFF04;mnemonic=CMP;instruction=CMP dword ptr [EBP + 0xfffffdf4],0x4;inputs=0x0,0x1,EBP,0x4,0xfffffdf4,0xff;results=CF,PF,ZF,SF,OF;flows=;fallthrough=004b1122
instruction_reference	004b00e4	FUN_004b00e4	004b111b	Stack[-0x210]	READ		operand_index=0;primary=true;source=ANALYSIS
instruction	004b00e4	FUN_004b00e4	004b1122	004b1128	CONDITIONAL_JUMP	FUN_004b00e4	bytes=0F85A4010000;mnemonic=JNZ;instruction=JNZ 0x004b12cc;inputs=ZF;results=;flows=004b12cc;fallthrough=004b1128
instruction_reference	004b00e4	FUN_004b00e4	004b1122	004b12cc	CONDITIONAL_JUMP	LAB_004b12cc	operand_index=0;primary=true;source=DEFAULT
instruction	004b00e4	FUN_004b00e4	004b1128	004b112e	FALL_THROUGH	FUN_004b00e4	bytes=8B8DF4FDFFFF;mnemonic=MOV;instruction=MOV ECX,dword ptr [EBP + 0xfffffdf4];inputs=EBP,0xfffffdf4;results=ECX;flows=;fallthrough=004b112e
instruction_reference	004b00e4	FUN_004b00e4	004b1128	Stack[-0x210]	READ		operand_index=1;primary=true;source=ANALYSIS
instruction	004b00e4	FUN_004b00e4	004b112e	004b1134	FALL_THROUGH	FUN_004b00e4	bytes=69C9E8020000;mnemonic=IMUL;instruction=IMUL ECX,ECX,0x2e8;inputs=0x0,ECX,0x4,0x2e8;results=CF,ECX,OF;flows=;fallthrough=004b1134
instruction	004b00e4	FUN_004b00e4	004b1134	004b113a	FALL_THROUGH	FUN_004b00e4	bytes=8B9518FDFFFF;mnemonic=MOV;instruction=MOV EDX,dword ptr [EBP + 0xfffffd18];inputs=EBP,0xfffffd18;results=EDX;flows=;fallthrough=004b113a
instruction_reference	004b00e4	FUN_004b00e4	004b1134	Stack[-0x2ec]	READ		operand_index=1;primary=true;source=ANALYSIS
instruction	004b00e4	FUN_004b00e4	004b113a	004b1141	FALL_THROUGH	FUN_004b00e4	bytes=8D840AC8770500;mnemonic=LEA;instruction=LEA EAX,[EDX + ECX*0x1 + 0x577c8];inputs=0x1,ECX,EDX,0x577c8;results=EAX;flows=;fallthrough=004b1141
instruction	004b00e4	FUN_004b00e4	004b1141	004b1147	FALL_THROUGH	FUN_004b00e4	bytes=8B8DD8FDFFFF;mnemonic=MOV;instruction=MOV ECX,dword ptr [EBP + 0xfffffdd8];inputs=EBP,0xfffffdd8;results=ECX;flows=;fallthrough=004b1147
instruction_reference	004b00e4	FUN_004b00e4	004b1141	Stack[-0x22c]	READ		operand_index=1;primary=true;source=ANALYSIS
instruction	004b00e4	FUN_004b00e4	004b1147	004b114a	FALL_THROUGH	FUN_004b00e4	bytes=8B1488;mnemonic=MOV;instruction=MOV EDX,dword ptr [EAX + ECX*0x4];inputs=EAX,ECX,0x4;results=EDX;flows=;fallthrough=004b114a
instruction	004b00e4	FUN_004b00e4	004b114a	004b114d	FALL_THROUGH	FUN_004b00e4	bytes=83C201;mnemonic=ADD;instruction=ADD EDX,0x1;inputs=0x0,0x1,EDX,0xff;results=CF,PF,ZF,SF,EDX,OF;flows=;fallthrough=004b114d
instruction	004b00e4	FUN_004b00e4	004b114d	004b1153	FALL_THROUGH	FUN_004b00e4	bytes=899534FDFFFF;mnemonic=MOV;instruction=MOV dword ptr [EBP + 0xfffffd34],EDX;inputs=EBP,EDX,0xfffffd34;results=;flows=;fallthrough=004b1153
instruction_reference	004b00e4	FUN_004b00e4	004b114d	Stack[-0x2d0]	WRITE		operand_index=0;primary=true;source=ANALYSIS
instruction	004b00e4	FUN_004b00e4	004b1153	004b1159	FALL_THROUGH	FUN_004b00e4	bytes=8B8534FDFFFF;mnemonic=MOV;instruction=MOV EAX,dword ptr [EBP + 0xfffffd34];inputs=EBP,0xfffffd34;results=EAX;flows=;fallthrough=004b1159
instruction_reference	004b00e4	FUN_004b00e4	004b1153	Stack[-0x2d0]	READ		operand_index=1;primary=true;source=ANALYSIS
instruction	004b00e4	FUN_004b00e4	004b1159	004b115a	FALL_THROUGH	FUN_004b00e4	bytes=99;mnemonic=CDQ;instruction=CDQ;inputs=EAX,0x4;results=EDX;flows=;fallthrough=004b115a
instruction	004b00e4	FUN_004b00e4	004b115a	004b115f	FALL_THROUGH	FUN_004b00e4	bytes=B964000000;mnemonic=MOV;instruction=MOV ECX,0x64;inputs=0x64;results=ECX;flows=;fallthrough=004b115f
instruction	004b00e4	FUN_004b00e4	004b115f	004b1161	FALL_THROUGH	FUN_004b00e4	bytes=F7F9;mnemonic=IDIV;instruction=IDIV ECX;inputs=0x20,EAX,0x0,ECX,EDX;results=EAX,EDX;flows=;fallthrough=004b1161
instruction	004b00e4	FUN_004b00e4	004b1161	004b1164	FALL_THROUGH	FUN_004b00e4	bytes=83E801;mnemonic=SUB;instruction=SUB EAX,0x1;inputs=EAX,0x0,0x1,0xff;results=CF,EAX,PF,ZF,SF,OF;flows=;fallthrough=004b1164
instruction	004b00e4	FUN_004b00e4	004b1164	004b116a	FALL_THROUGH	FUN_004b00e4	bytes=89853CFDFFFF;mnemonic=MOV;instruction=MOV dword ptr [EBP + 0xfffffd3c],EAX;inputs=EAX,0xfffffd3c,EBP;results=;flows=;fallthrough=004b116a
instruction_reference	004b00e4	FUN_004b00e4	004b1164	Stack[-0x2c8]	WRITE		operand_index=0;primary=true;source=ANALYSIS
instruction	004b00e4	FUN_004b00e4	004b116a	004b1170	FALL_THROUGH	FUN_004b00e4	bytes=8B8534FDFFFF;mnemonic=MOV;instruction=MOV EAX,dword ptr [EBP + 0xfffffd34];inputs=EBP,0xfffffd34;results=EAX;flows=;fallthrough=004b1170
instruction_reference	004b00e4	FUN_004b00e4	004b116a	Stack[-0x2d0]	READ		operand_index=1;primary=true;source=ANALYSIS
instruction	004b00e4	FUN_004b00e4	004b1170	004b1171	FALL_THROUGH	FUN_004b00e4	bytes=99;mnemonic=CDQ;instruction=CDQ;inputs=EAX,0x4;results=EDX;flows=;fallthrough=004b1171
instruction	004b00e4	FUN_004b00e4	004b1171	004b1176	FALL_THROUGH	FUN_004b00e4	bytes=B964000000;mnemonic=MOV;instruction=MOV ECX,0x64;inputs=0x64;results=ECX;flows=;fallthrough=004b1176
instruction	004b00e4	FUN_004b00e4	004b1176	004b1178	FALL_THROUGH	FUN_004b00e4	bytes=F7F9;mnemonic=IDIV;instruction=IDIV ECX;inputs=0x20,EAX,0x0,ECX,EDX;results=EAX,EDX;flows=;fallthrough=004b1178
instruction	004b00e4	FUN_004b00e4	004b1178	004b117b	FALL_THROUGH	FUN_004b00e4	bytes=83EA01;mnemonic=SUB;instruction=SUB EDX,0x1;inputs=0x0,0x1,EDX,0xff;results=CF,PF,ZF,SF,EDX,OF;flows=;fallthrough=004b117b
instruction	004b00e4	FUN_004b00e4	004b117b	004b1181	FALL_THROUGH	FUN_004b00e4	bytes=899538FDFFFF;mnemonic=MOV;instruction=MOV dword ptr [EBP + 0xfffffd38],EDX;inputs=EBP,0xfffffd38,EDX;results=;flows=;fallthrough=004b1181
instruction_reference	004b00e4	FUN_004b00e4	004b117b	Stack[-0x2cc]	WRITE		operand_index=0;primary=true;source=ANALYSIS
instruction	004b00e4	FUN_004b00e4	004b1181	004b1187	FALL_THROUGH	FUN_004b00e4	bytes=8B95F4FDFFFF;mnemonic=MOV;instruction=MOV EDX,dword ptr [EBP + 0xfffffdf4];inputs=EBP,0xfffffdf4;results=EDX;flows=;fallthrough=004b1187
instruction_reference	004b00e4	FUN_004b00e4	004b1181	Stack[-0x210]	READ		operand_index=1;primary=true;source=ANALYSIS
instruction	004b00e4	FUN_004b00e4	004b1187	004b118d	FALL_THROUGH	FUN_004b00e4	bytes=69D2401A0000;mnemonic=IMUL;instruction=IMUL EDX,EDX,0x1a40;inputs=0x1a40,0x0,0x4,EDX;results=CF,EDX,OF;flows=;fallthrough=004b118d
instruction	004b00e4	FUN_004b00e4	004b118d	004b1193	FALL_THROUGH	FUN_004b00e4	bytes=8B853CFDFFFF;mnemonic=MOV;instruction=MOV EAX,dword ptr [EBP + 0xfffffd3c];inputs=0xfffffd3c,EBP;results=EAX;flows=;fallthrough=004b1193
instruction_reference	004b00e4	FUN_004b00e4	004b118d	Stack[-0x2c8]	READ		operand_index=1;primary=true;source=ANALYSIS
instruction	004b00e4	FUN_004b00e4	004b1193	004b1196	FALL_THROUGH	FUN_004b00e4	bytes=6BC070;mnemonic=IMUL;instruction=IMUL EAX,EAX,0x70;inputs=EAX,0x70,0x0,0x4;results=EAX,CF,OF;flows=;fallthrough=004b1196
instruction	004b00e4	FUN_004b00e4	004b1196	004b119d	FALL_THROUGH	FUN_004b00e4	bytes=8D8C0208055D00;mnemonic=LEA;instruction=LEA ECX,[EDX + EAX*0x1 + 0x5d0508];inputs=EAX,0x1,0x5d0508,EDX;results=ECX;flows=;fallthrough=004b119d
instruction_reference	004b00e4	FUN_004b00e4	004b1196	005d0508	DATA	DAT_005d0508	operand_index=1;primary=true;source=ANALYSIS
instruction	004b00e4	FUN_004b00e4	004b119d	004b11a3	FALL_THROUGH	FUN_004b00e4	bytes=8B9538FDFFFF;mnemonic=MOV;instruction=MOV EDX,dword ptr [EBP + 0xfffffd38];inputs=EBP,0xfffffd38;results=EDX;flows=;fallthrough=004b11a3
instruction_reference	004b00e4	FUN_004b00e4	004b119d	Stack[-0x2cc]	READ		operand_index=1;primary=true;source=ANALYSIS
instruction	004b00e4	FUN_004b00e4	004b11a3	004b11aa	FALL_THROUGH	FUN_004b00e4	bytes=668B85C8FDFFFF;mnemonic=MOV;instruction=MOV AX,word ptr [EBP + 0xfffffdc8];inputs=EBP,0xfffffdc8;results=AX;flows=;fallthrough=004b11aa
instruction_reference	004b00e4	FUN_004b00e4	004b11a3	Stack[-0x23c]	READ		operand_index=1;primary=true;source=ANALYSIS
instruction	004b00e4	FUN_004b00e4	004b11aa	004b11ae	FALL_THROUGH	FUN_004b00e4	bytes=66890451;mnemonic=MOV;instruction=MOV word ptr [ECX + EDX*0x2],AX;inputs=AX,0x2,ECX,EDX;results=;flows=;fallthrough=004b11ae
instruction	004b00e4	FUN_004b00e4	004b11ae	004b11b5	FALL_THROUGH	FUN_004b00e4	bytes=83BD38FDFFFF03;mnemonic=CMP;instruction=CMP dword ptr [EBP + 0xfffffd38],0x3;inputs=0x0,0x1,0x3,EBP,0xfffffd38,0xff;results=CF,PF,ZF,SF,OF;flows=;fallthrough=004b11b5
instruction_reference	004b00e4	FUN_004b00e4	004b11ae	Stack[-0x2cc]	READ		operand_index=0;primary=true;source=ANALYSIS
instruction	004b00e4	FUN_004b00e4	004b11b5	004b11b7	CONDITIONAL_JUMP	FUN_004b00e4	bytes=7577;mnemonic=JNZ;instruction=JNZ 0x004b122e;inputs=ZF;results=;flows=004b122e;fallthrough=004b11b7
instruction_reference	004b00e4	FUN_004b00e4	004b11b5	004b122e	CONDITIONAL_JUMP	LAB_004b122e	operand_index=0;primary=true;source=DEFAULT
instruction	004b00e4	FUN_004b00e4	004b11b7	004b11bd	FALL_THROUGH	FUN_004b00e4	bytes=8B8D38FDFFFF;mnemonic=MOV;instruction=MOV ECX,dword ptr [EBP + 0xfffffd38];inputs=EBP,0xfffffd38;results=ECX;flows=;fallthrough=004b11bd
instruction_reference	004b00e4	FUN_004b00e4	004b11b7	Stack[-0x2cc]	READ		operand_index=1;primary=true;source=ANALYSIS
instruction	004b00e4	FUN_004b00e4	004b11bd	004b11c0	FALL_THROUGH	FUN_004b00e4	bytes=83C101;mnemonic=ADD;instruction=ADD ECX,0x1;inputs=0x0,0x1,ECX,0xff;results=CF,PF,ECX,ZF,SF,OF;flows=;fallthrough=004b11c0
instruction	004b00e4	FUN_004b00e4	004b11c0	004b11c6	FALL_THROUGH	FUN_004b00e4	bytes=898D30FDFFFF;mnemonic=MOV;instruction=MOV dword ptr [EBP + 0xfffffd30],ECX;inputs=EBP,ECX,0xfffffd30;results=;flows=;fallthrough=004b11c6
instruction_reference	004b00e4	FUN_004b00e4	004b11c0	Stack[-0x2d4]	WRITE		operand_index=0;primary=true;source=ANALYSIS
instruction	004b00e4	FUN_004b00e4	004b11c6		UNCONDITIONAL_JUMP	FUN_004b00e4	bytes=EB0F;mnemonic=JMP;instruction=JMP 0x004b11d7;inputs=;results=;flows=004b11d7;fallthrough=
instruction_reference	004b00e4	FUN_004b00e4	004b11c6	004b11d7	UNCONDITIONAL_JUMP	LAB_004b11d7	operand_index=0;primary=true;source=DEFAULT
instruction	004b00e4	FUN_004b00e4	004b11c8	004b11ce	FALL_THROUGH	FUN_004b00e4	bytes=8B9530FDFFFF;mnemonic=MOV;instruction=MOV EDX,dword ptr [EBP + 0xfffffd30];inputs=EBP,0xfffffd30;results=EDX;flows=;fallthrough=004b11ce
instruction_reference	004b00e4	FUN_004b00e4	004b11c8	Stack[-0x2d4]	READ		operand_index=1;primary=true;source=ANALYSIS
instruction	004b00e4	FUN_004b00e4	004b11ce	004b11d1	FALL_THROUGH	FUN_004b00e4	bytes=83C201;mnemonic=ADD;instruction=ADD EDX,0x1;inputs=0x0,0x1,EDX,0xff;results=CF,PF,ZF,SF,EDX,OF;flows=;fallthrough=004b11d1
instruction	004b00e4	FUN_004b00e4	004b11d1	004b11d7	FALL_THROUGH	FUN_004b00e4	bytes=899530FDFFFF;mnemonic=MOV;instruction=MOV dword ptr [EBP + 0xfffffd30],EDX;inputs=EBP,EDX,0xfffffd30;results=;flows=;fallthrough=004b11d7
instruction_reference	004b00e4	FUN_004b00e4	004b11d1	Stack[-0x2d4]	WRITE		operand_index=0;primary=true;source=ANALYSIS
instruction	004b00e4	FUN_004b00e4	004b11d7	004b11de	FALL_THROUGH	FUN_004b00e4	bytes=83BD30FDFFFF05;mnemonic=CMP;instruction=CMP dword ptr [EBP + 0xfffffd30],0x5;inputs=0x0,0x1,EBP,0x5,0xfffffd30,0xff;results=CF,PF,ZF,SF,OF;flows=;fallthrough=004b11de
instruction_reference	004b00e4	FUN_004b00e4	004b11d7	Stack[-0x2d4]	READ		operand_index=0;primary=true;source=ANALYSIS
instruction	004b00e4	FUN_004b00e4	004b11de	004b11e0	CONDITIONAL_JUMP	FUN_004b00e4	bytes=7D4E;mnemonic=JGE;instruction=JGE 0x004b122e;inputs=SF,OF;results=;flows=004b122e;fallthrough=004b11e0
instruction_reference	004b00e4	FUN_004b00e4	004b11de	004b122e	CONDITIONAL_JUMP	LAB_004b122e	operand_index=0;primary=true;source=DEFAULT
instruction	004b00e4	FUN_004b00e4	004b11e0	004b11e6	FALL_THROUGH	FUN_004b00e4	bytes=8B85F4FDFFFF;mnemonic=MOV;instruction=MOV EAX,dword ptr [EBP + 0xfffffdf4];inputs=EBP,0xfffffdf4;results=EAX;flows=;fallthrough=004b11e6
instruction_reference	004b00e4	FUN_004b00e4	004b11e0	Stack[-0x210]	READ		operand_index=1;primary=true;source=ANALYSIS
instruction	004b00e4	FUN_004b00e4	004b11e6	004b11ec	FALL_THROUGH	FUN_004b00e4	bytes=69C0401A0000;mnemonic=IMUL;instruction=IMUL EAX,EAX,0x1a40;inputs=EAX,0x1a40,0x0,0x4;results=EAX,CF,OF;flows=;fallthrough=004b11ec
instruction	004b00e4	FUN_004b00e4	004b11ec	004b11f2	FALL_THROUGH	FUN_004b00e4	bytes=8B8D3CFDFFFF;mnemonic=MOV;instruction=MOV ECX,dword ptr [EBP + 0xfffffd3c];inputs=0xfffffd3c,EBP;results=ECX;flows=;fallthrough=004b11f2
instruction_reference	004b00e4	FUN_004b00e4	004b11ec	Stack[-0x2c8]	READ		operand_index=1;primary=true;source=ANALYSIS
instruction	004b00e4	FUN_004b00e4	004b11f2	004b11f5	FALL_THROUGH	FUN_004b00e4	bytes=6BC970;mnemonic=IMUL;instruction=IMUL ECX,ECX,0x70;inputs=0x70,0x0,ECX,0x4;results=CF,ECX,OF;flows=;fallthrough=004b11f5
instruction	004b00e4	FUN_004b00e4	004b11f5	004b11fc	FALL_THROUGH	FUN_004b00e4	bytes=8D940808055D00;mnemonic=LEA;instruction=LEA EDX,[EAX + ECX*0x1 + 0x5d0508];inputs=EAX,0x1,ECX,0x5d0508;results=EDX;flows=;fallthrough=004b11fc
instruction_reference	004b00e4	FUN_004b00e4	004b11f5	005d0508	DATA	DAT_005d0508	operand_index=1;primary=true;source=ANALYSIS
instruction	004b00e4	FUN_004b00e4	004b11fc	004b1202	FALL_THROUGH	FUN_004b00e4	bytes=8B85F4FDFFFF;mnemonic=MOV;instruction=MOV EAX,dword ptr [EBP + 0xfffffdf4];inputs=EBP,0xfffffdf4;results=EAX;flows=;fallthrough=004b1202
instruction_reference	004b00e4	FUN_004b00e4	004b11fc	Stack[-0x210]	READ		operand_index=1;primary=true;source=ANALYSIS
instruction	004b00e4	FUN_004b00e4	004b1202	004b1208	FALL_THROUGH	FUN_004b00e4	bytes=69C0401A0000;mnemonic=IMUL;instruction=IMUL EAX,EAX,0x1a40;inputs=EAX,0x1a40,0x0,0x4;results=EAX,CF,OF;flows=;fallthrough=004b1208
instruction	004b00e4	FUN_004b00e4	004b1208	004b120e	FALL_THROUGH	FUN_004b00e4	bytes=8B8D3CFDFFFF;mnemonic=MOV;instruction=MOV ECX,dword ptr [EBP + 0xfffffd3c];inputs=0xfffffd3c,EBP;results=ECX;flows=;fallthrough=004b120e
instruction_reference	004b00e4	FUN_004b00e4	004b1208	Stack[-0x2c8]	READ		operand_index=1;primary=true;source=ANALYSIS
instruction	004b00e4	FUN_004b00e4	004b120e	004b1211	FALL_THROUGH	FUN_004b00e4	bytes=6BC970;mnemonic=IMUL;instruction=IMUL ECX,ECX,0x70;inputs=0x70,0x0,ECX,0x4;results=CF,ECX,OF;flows=;fallthrough=004b1211
instruction	004b00e4	FUN_004b00e4	004b1211	004b1218	FALL_THROUGH	FUN_004b00e4	bytes=8D840808055D00;mnemonic=LEA;instruction=LEA EAX,[EAX + ECX*0x1 + 0x5d0508];inputs=EAX,0x1,ECX,0x5d0508;results=EAX;flows=;fallthrough=004b1218
instruction_reference	004b00e4	FUN_004b00e4	004b1211	005d0508	DATA	DAT_005d0508	operand_index=1;primary=true;source=ANALYSIS
instruction	004b00e4	FUN_004b00e4	004b1218	004b121e	FALL_THROUGH	FUN_004b00e4	bytes=8B8D30FDFFFF;mnemonic=MOV;instruction=MOV ECX,dword ptr [EBP + 0xfffffd30];inputs=EBP,0xfffffd30;results=ECX;flows=;fallthrough=004b121e
instruction_reference	004b00e4	FUN_004b00e4	004b1218	Stack[-0x2d4]	READ		operand_index=1;primary=true;source=ANALYSIS
instruction	004b00e4	FUN_004b00e4	004b121e	004b1224	FALL_THROUGH	FUN_004b00e4	bytes=8BB538FDFFFF;mnemonic=MOV;instruction=MOV ESI,dword ptr [EBP + 0xfffffd38];inputs=EBP,0xfffffd38;results=ESI;flows=;fallthrough=004b1224
instruction_reference	004b00e4	FUN_004b00e4	004b121e	Stack[-0x2cc]	READ		operand_index=1;primary=true;source=ANALYSIS
instruction	004b00e4	FUN_004b00e4	004b1224	004b1228	FALL_THROUGH	FUN_004b00e4	bytes=668B1472;mnemonic=MOV;instruction=MOV DX,word ptr [EDX + ESI*0x2];inputs=0x2,ESI,EDX;results=DX;flows=;fallthrough=004b1228
instruction	004b00e4	FUN_004b00e4	004b1228	004b122c	FALL_THROUGH	FUN_004b00e4	bytes=66891448;mnemonic=MOV;instruction=MOV word ptr [EAX + ECX*0x2],DX;inputs=EAX,0x2,ECX,DX;results=;flows=;fallthrough=004b122c
instruction	004b00e4	FUN_004b00e4	004b122c		UNCONDITIONAL_JUMP	FUN_004b00e4	bytes=EB9A;mnemonic=JMP;instruction=JMP 0x004b11c8;inputs=;results=;flows=004b11c8;fallthrough=
instruction_reference	004b00e4	FUN_004b00e4	004b122c	004b11c8	UNCONDITIONAL_JUMP	LAB_004b11c8	operand_index=0;primary=true;source=DEFAULT
instruction	004b00e4	FUN_004b00e4	004b122e	004b1235	FALL_THROUGH	FUN_004b00e4	bytes=83BD34FDFFFF6C;mnemonic=CMP;instruction=CMP dword ptr [EBP + 0xfffffd34],0x6c;inputs=0x0,0x1,EBP,0xfffffd34,0x6c,0xff;results=CF,PF,ZF,SF,OF;flows=;fallthrough=004b1235
instruction_reference	004b00e4	FUN_004b00e4	004b122e	Stack[-0x2d0]	READ		operand_index=0;primary=true;source=ANALYSIS
instruction	004b00e4	FUN_004b00e4	004b1235	004b123b	CONDITIONAL_JUMP	FUN_004b00e4	bytes=0F858C000000;mnemonic=JNZ;instruction=JNZ 0x004b12c7;inputs=ZF;results=;flows=004b12c7;fallthrough=004b123b
instruction_reference	004b00e4	FUN_004b00e4	004b1235	004b12c7	CONDITIONAL_JUMP	LAB_004b12c7	operand_index=0;primary=true;source=DEFAULT
instruction	004b00e4	FUN_004b00e4	004b123b	004b1245	FALL_THROUGH	FUN_004b00e4	bytes=C7852CFDFFFF01000000;mnemonic=MOV;instruction=MOV dword ptr [EBP + 0xfffffd2c],0x1;inputs=0x1,0xfffffd2c,EBP;results=;flows=;fallthrough=004b1245
instruction_reference	004b00e4	FUN_004b00e4	004b123b	Stack[-0x2d8]	WRITE		operand_index=0;primary=true;source=ANALYSIS
instruction	004b00e4	FUN_004b00e4	004b1245		UNCONDITIONAL_JUMP	FUN_004b00e4	bytes=EB0F;mnemonic=JMP;instruction=JMP 0x004b1256;inputs=;results=;flows=004b1256;fallthrough=
instruction_reference	004b00e4	FUN_004b00e4	004b1245	004b1256	UNCONDITIONAL_JUMP	LAB_004b1256	operand_index=0;primary=true;source=DEFAULT
instruction	004b00e4	FUN_004b00e4	004b1247	004b124d	FALL_THROUGH	FUN_004b00e4	bytes=8B852CFDFFFF;mnemonic=MOV;instruction=MOV EAX,dword ptr [EBP + 0xfffffd2c];inputs=0xfffffd2c,EBP;results=EAX;flows=;fallthrough=004b124d
instruction_reference	004b00e4	FUN_004b00e4	004b1247	Stack[-0x2d8]	READ		operand_index=1;primary=true;source=ANALYSIS
instruction	004b00e4	FUN_004b00e4	004b124d	004b1250	FALL_THROUGH	FUN_004b00e4	bytes=83C001;mnemonic=ADD;instruction=ADD EAX,0x1;inputs=EAX,0x0,0x1,0xff;results=CF,EAX,PF,ZF,SF,OF;flows=;fallthrough=004b1250
instruction	004b00e4	FUN_004b00e4	004b1250	004b1256	FALL_THROUGH	FUN_004b00e4	bytes=89852CFDFFFF;mnemonic=MOV;instruction=MOV dword ptr [EBP + 0xfffffd2c],EAX;inputs=EAX,0xfffffd2c,EBP;results=;flows=;fallthrough=004b1256
instruction_reference	004b00e4	FUN_004b00e4	004b1250	Stack[-0x2d8]	WRITE		operand_index=0;primary=true;source=ANALYSIS
instruction	004b00e4	FUN_004b00e4	004b1256	004b125d	FALL_THROUGH	FUN_004b00e4	bytes=83BD2CFDFFFF3C;mnemonic=CMP;instruction=CMP dword ptr [EBP + 0xfffffd2c],0x3c;inputs=0x0,0x1,0xfffffd2c,EBP,0x3c,0xff;results=CF,PF,ZF,SF,OF;flows=;fallthrough=004b125d
instruction_reference	004b00e4	FUN_004b00e4	004b1256	Stack[-0x2d8]	READ		operand_index=0;primary=true;source=ANALYSIS
instruction	004b00e4	FUN_004b00e4	004b125d	004b125f	CONDITIONAL_JUMP	FUN_004b00e4	bytes=7D68;mnemonic=JGE;instruction=JGE 0x004b12c7;inputs=SF,OF;results=;flows=004b12c7;fallthrough=004b125f
instruction_reference	004b00e4	FUN_004b00e4	004b125d	004b12c7	CONDITIONAL_JUMP	LAB_004b12c7	operand_index=0;primary=true;source=DEFAULT
instruction	004b00e4	FUN_004b00e4	004b125f	004b1269	FALL_THROUGH	FUN_004b00e4	bytes=C78528FDFFFF00000000;mnemonic=MOV;instruction=MOV dword ptr [EBP + 0xfffffd28],0x0;inputs=0x0,EBP,0xfffffd28;results=;flows=;fallthrough=004b1269
instruction_reference	004b00e4	FUN_004b00e4	004b125f	Stack[-0x2dc]	WRITE		operand_index=0;primary=true;source=ANALYSIS
instruction	004b00e4	FUN_004b00e4	004b1269		UNCONDITIONAL_JUMP	FUN_004b00e4	bytes=EB0F;mnemonic=JMP;instruction=JMP 0x004b127a;inputs=;results=;flows=004b127a;fallthrough=
instruction_reference	004b00e4	FUN_004b00e4	004b1269	004b127a	UNCONDITIONAL_JUMP	LAB_004b127a	operand_index=0;primary=true;source=DEFAULT
instruction	004b00e4	FUN_004b00e4	004b126b	004b1271	FALL_THROUGH	FUN_004b00e4	bytes=8B8D28FDFFFF;mnemonic=MOV;instruction=MOV ECX,dword ptr [EBP + 0xfffffd28];inputs=EBP,0xfffffd28;results=ECX;flows=;fallthrough=004b1271
instruction_reference	004b00e4	FUN_004b00e4	004b126b	Stack[-0x2dc]	READ		operand_index=1;primary=true;source=ANALYSIS
instruction	004b00e4	FUN_004b00e4	004b1271	004b1274	FALL_THROUGH	FUN_004b00e4	bytes=83C101;mnemonic=ADD;instruction=ADD ECX,0x1;inputs=0x0,0x1,ECX,0xff;results=CF,PF,ECX,ZF,SF,OF;flows=;fallthrough=004b1274
instruction	004b00e4	FUN_004b00e4	004b1274	004b127a	FALL_THROUGH	FUN_004b00e4	bytes=898D28FDFFFF;mnemonic=MOV;instruction=MOV dword ptr [EBP + 0xfffffd28],ECX;inputs=EBP,ECX,0xfffffd28;results=;flows=;fallthrough=004b127a
instruction_reference	004b00e4	FUN_004b00e4	004b1274	Stack[-0x2dc]	WRITE		operand_index=0;primary=true;source=ANALYSIS
instruction	004b00e4	FUN_004b00e4	004b127a	004b1281	FALL_THROUGH	FUN_004b00e4	bytes=83BD28FDFFFF38;mnemonic=CMP;instruction=CMP dword ptr [EBP + 0xfffffd28],0x38;inputs=0x0,0x1,EBP,0xfffffd28,0x38,0xff;results=CF,PF,ZF,SF,OF;flows=;fallthrough=004b1281
instruction_reference	004b00e4	FUN_004b00e4	004b127a	Stack[-0x2dc]	READ		operand_index=0;primary=true;source=ANALYSIS
instruction	004b00e4	FUN_004b00e4	004b1281	004b1283	CONDITIONAL_JUMP	FUN_004b00e4	bytes=7D42;mnemonic=JGE;instruction=JGE 0x004b12c5;inputs=SF,OF;results=;flows=004b12c5;fallthrough=004b1283
instruction_reference	004b00e4	FUN_004b00e4	004b1281	004b12c5	CONDITIONAL_JUMP	LAB_004b12c5	operand_index=0;primary=true;source=DEFAULT
instruction	004b00e4	FUN_004b00e4	004b1283	004b1289	FALL_THROUGH	FUN_004b00e4	bytes=8B95F4FDFFFF;mnemonic=MOV;instruction=MOV EDX,dword ptr [EBP + 0xfffffdf4];inputs=EBP,0xfffffdf4;results=EDX;flows=;fallthrough=004b1289
instruction_reference	004b00e4	FUN_004b00e4	004b1283	Stack[-0x210]	READ		operand_index=1;primary=true;source=ANALYSIS
instruction	004b00e4	FUN_004b00e4	004b1289	004b128f	FALL_THROUGH	FUN_004b00e4	bytes=69D2401A0000;mnemonic=IMUL;instruction=IMUL EDX,EDX,0x1a40;inputs=0x1a40,0x0,0x4,EDX;results=CF,EDX,OF;flows=;fallthrough=004b128f
instruction	004b00e4	FUN_004b00e4	004b128f	004b1295	FALL_THROUGH	FUN_004b00e4	bytes=8B85F4FDFFFF;mnemonic=MOV;instruction=MOV EAX,dword ptr [EBP + 0xfffffdf4];inputs=EBP,0xfffffdf4;results=EAX;flows=;fallthrough=004b1295
instruction_reference	004b00e4	FUN_004b00e4	004b128f	Stack[-0x210]	READ		operand_index=1;primary=true;source=ANALYSIS
instruction	004b00e4	FUN_004b00e4	004b1295	004b129b	FALL_THROUGH	FUN_004b00e4	bytes=69C0401A0000;mnemonic=IMUL;instruction=IMUL EAX,EAX,0x1a40;inputs=EAX,0x1a40,0x0,0x4;results=EAX,CF,OF;flows=;fallthrough=004b129b
instruction	004b00e4	FUN_004b00e4	004b129b	004b12a1	FALL_THROUGH	FUN_004b00e4	bytes=8B8D2CFDFFFF;mnemonic=MOV;instruction=MOV ECX,dword ptr [EBP + 0xfffffd2c];inputs=0xfffffd2c,EBP;results=ECX;flows=;fallthrough=004b12a1
instruction_reference	004b00e4	FUN_004b00e4	004b129b	Stack[-0x2d8]	READ		operand_index=1;primary=true;source=ANALYSIS
instruction	004b00e4	FUN_004b00e4	004b12a1	004b12a4	FALL_THROUGH	FUN_004b00e4	bytes=6BC970;mnemonic=IMUL;instruction=IMUL ECX,ECX,0x70;inputs=0x70,0x0,ECX,0x4;results=CF,ECX,OF;flows=;fallthrough=004b12a4
instruction	004b00e4	FUN_004b00e4	004b12a4	004b12ab	FALL_THROUGH	FUN_004b00e4	bytes=8D840808055D00;mnemonic=LEA;instruction=LEA EAX,[EAX + ECX*0x1 + 0x5d0508];inputs=EAX,0x1,ECX,0x5d0508;results=EAX;flows=;fallthrough=004b12ab
instruction_reference	004b00e4	FUN_004b00e4	004b12a4	005d0508	DATA	DAT_005d0508	operand_index=1;primary=true;source=ANALYSIS
instruction	004b00e4	FUN_004b00e4	004b12ab	004b12b1	FALL_THROUGH	FUN_004b00e4	bytes=8B8D28FDFFFF;mnemonic=MOV;instruction=MOV ECX,dword ptr [EBP + 0xfffffd28];inputs=EBP,0xfffffd28;results=ECX;flows=;fallthrough=004b12b1
instruction_reference	004b00e4	FUN_004b00e4	004b12ab	Stack[-0x2dc]	READ		operand_index=1;primary=true;source=ANALYSIS
instruction	004b00e4	FUN_004b00e4	004b12b1	004b12b7	FALL_THROUGH	FUN_004b00e4	bytes=8BB528FDFFFF;mnemonic=MOV;instruction=MOV ESI,dword ptr [EBP + 0xfffffd28];inputs=EBP,0xfffffd28;results=ESI;flows=;fallthrough=004b12b7
instruction_reference	004b00e4	FUN_004b00e4	004b12b1	Stack[-0x2dc]	READ		operand_index=1;primary=true;source=ANALYSIS
instruction	004b00e4	FUN_004b00e4	004b12b7	004b12bf	FALL_THROUGH	FUN_004b00e4	bytes=668B947208055D00;mnemonic=MOV;instruction=MOV DX,word ptr [EDX + ESI*0x2 + 0x5d0508];inputs=0x2,0x5d0508,EDX,ESI;results=DX;flows=;fallthrough=004b12bf
instruction_reference	004b00e4	FUN_004b00e4	004b12b7	005d0508	DATA	DAT_005d0508	operand_index=1;primary=true;source=ANALYSIS
instruction	004b00e4	FUN_004b00e4	004b12bf	004b12c3	FALL_THROUGH	FUN_004b00e4	bytes=66891448;mnemonic=MOV;instruction=MOV word ptr [EAX + ECX*0x2],DX;inputs=EAX,0x2,ECX,DX;results=;flows=;fallthrough=004b12c3
instruction	004b00e4	FUN_004b00e4	004b12c3		UNCONDITIONAL_JUMP	FUN_004b00e4	bytes=EBA6;mnemonic=JMP;instruction=JMP 0x004b126b;inputs=;results=;flows=004b126b;fallthrough=
instruction_reference	004b00e4	FUN_004b00e4	004b12c3	004b126b	UNCONDITIONAL_JUMP	LAB_004b126b	operand_index=0;primary=true;source=DEFAULT
instruction	004b00e4	FUN_004b00e4	004b12c5		UNCONDITIONAL_JUMP	FUN_004b00e4	bytes=EB80;mnemonic=JMP;instruction=JMP 0x004b1247;inputs=;results=;flows=004b1247;fallthrough=
instruction_reference	004b00e4	FUN_004b00e4	004b12c5	004b1247	UNCONDITIONAL_JUMP	LAB_004b1247	operand_index=0;primary=true;source=DEFAULT
instruction	004b00e4	FUN_004b00e4	004b12c7		UNCONDITIONAL_JUMP	FUN_004b00e4	bytes=E9DA000000;mnemonic=JMP;instruction=JMP 0x004b13a6;inputs=;results=;flows=004b13a6;fallthrough=
instruction_reference	004b00e4	FUN_004b00e4	004b12c7	004b13a6	UNCONDITIONAL_JUMP	LAB_004b13a6	operand_index=0;primary=true;source=DEFAULT
instruction	004b00e4	FUN_004b00e4	004b12cc	004b12d3	FALL_THROUGH	FUN_004b00e4	bytes=83BDF4FDFFFF1C;mnemonic=CMP;instruction=CMP dword ptr [EBP + 0xfffffdf4],0x1c;inputs=0x0,0x1,EBP,0xfffffdf4,0x1c,0xff;results=CF,PF,ZF,SF,OF;flows=;fallthrough=004b12d3
instruction_reference	004b00e4	FUN_004b00e4	004b12cc	Stack[-0x210]	READ		operand_index=0;primary=true;source=ANALYSIS
instruction	004b00e4	FUN_004b00e4	004b12d3	004b12d5	CONDITIONAL_JUMP	FUN_004b00e4	bytes=740D;mnemonic=JZ;instruction=JZ 0x004b12e2;inputs=ZF;results=;flows=004b12e2;fallthrough=004b12d5
instruction_reference	004b00e4	FUN_004b00e4	004b12d3	004b12e2	CONDITIONAL_JUMP	LAB_004b12e2	operand_index=0;primary=true;source=DEFAULT
instruction	004b00e4	FUN_004b00e4	004b12d5	004b12dc	FALL_THROUGH	FUN_004b00e4	bytes=83BDF4FDFFFF07;mnemonic=CMP;instruction=CMP dword ptr [EBP + 0xfffffdf4],0x7;inputs=0x0,0x1,EBP,0x7,0xfffffdf4,0xff;results=CF,PF,ZF,SF,OF;flows=;fallthrough=004b12dc
instruction_reference	004b00e4	FUN_004b00e4	004b12d5	Stack[-0x210]	READ		operand_index=0;primary=true;source=ANALYSIS
instruction	004b00e4	FUN_004b00e4	004b12dc	004b12e2	CONDITIONAL_JUMP	FUN_004b00e4	bytes=0F85C4000000;mnemonic=JNZ;instruction=JNZ 0x004b13a6;inputs=ZF;results=;flows=004b13a6;fallthrough=004b12e2
instruction_reference	004b00e4	FUN_004b00e4	004b12dc	004b13a6	CONDITIONAL_JUMP	LAB_004b13a6	operand_index=0;primary=true;source=DEFAULT
instruction	004b00e4	FUN_004b00e4	004b12e2	004b12e8	FALL_THROUGH	FUN_004b00e4	bytes=8B85F4FDFFFF;mnemonic=MOV;instruction=MOV EAX,dword ptr [EBP + 0xfffffdf4];inputs=EBP,0xfffffdf4;results=EAX;flows=;fallthrough=004b12e8
instruction_reference	004b00e4	FUN_004b00e4	004b12e2	Stack[-0x210]	READ		operand_index=1;primary=true;source=ANALYSIS
instruction	004b00e4	FUN_004b00e4	004b12e8	004b12ee	FALL_THROUGH	FUN_004b00e4	bytes=69C0E8020000;mnemonic=IMUL;instruction=IMUL EAX,EAX,0x2e8;inputs=EAX,0x0,0x4,0x2e8;results=EAX,CF,OF;flows=;fallthrough=004b12ee
instruction	004b00e4	FUN_004b00e4	004b12ee	004b12f4	FALL_THROUGH	FUN_004b00e4	bytes=8B8D18FDFFFF;mnemonic=MOV;instruction=MOV ECX,dword ptr [EBP + 0xfffffd18];inputs=EBP,0xfffffd18;results=ECX;flows=;fallthrough=004b12f4
instruction_reference	004b00e4	FUN_004b00e4	004b12ee	Stack[-0x2ec]	READ		operand_index=1;primary=true;source=ANALYSIS
instruction	004b00e4	FUN_004b00e4	004b12f4	004b12fb	FALL_THROUGH	FUN_004b00e4	bytes=8D9401C8770500;mnemonic=LEA;instruction=LEA EDX,[ECX + EAX*0x1 + 0x577c8];inputs=EAX,0x1,ECX,0x577c8;results=EDX;flows=;fallthrough=004b12fb
instruction	004b00e4	FUN_004b00e4	004b12fb	004b1301	FALL_THROUGH	FUN_004b00e4	bytes=8B85D8FDFFFF;mnemonic=MOV;instruction=MOV EAX,dword ptr [EBP + 0xfffffdd8];inputs=EBP,0xfffffdd8;results=EAX;flows=;fallthrough=004b1301
instruction_reference	004b00e4	FUN_004b00e4	004b12fb	Stack[-0x22c]	READ		operand_index=1;primary=true;source=ANALYSIS
instruction	004b00e4	FUN_004b00e4	004b1301	004b1304	FALL_THROUGH	FUN_004b00e4	bytes=8B0C82;mnemonic=MOV;instruction=MOV ECX,dword ptr [EDX + EAX*0x4];inputs=EAX,0x4,EDX;results=ECX;flows=;fallthrough=004b1304
instruction	004b00e4	FUN_004b00e4	004b1304	004b1307	FALL_THROUGH	FUN_004b00e4	bytes=83C101;mnemonic=ADD;instruction=ADD ECX,0x1;inputs=0x0,0x1,ECX,0xff;results=CF,PF,ECX,ZF,SF,OF;flows=;fallthrough=004b1307
instruction	004b00e4	FUN_004b00e4	004b1307	004b130d	FALL_THROUGH	FUN_004b00e4	bytes=898D24FDFFFF;mnemonic=MOV;instruction=MOV dword ptr [EBP + 0xfffffd24],ECX;inputs=EBP,ECX,0xfffffd24;results=;flows=;fallthrough=004b130d
instruction_reference	004b00e4	FUN_004b00e4	004b1307	Stack[-0x2e0]	WRITE		operand_index=0;primary=true;source=ANALYSIS
instruction	004b00e4	FUN_004b00e4	004b130d	004b1314	FALL_THROUGH	FUN_004b00e4	bytes=83BD24FDFFFF6C;mnemonic=CMP;instruction=CMP dword ptr [EBP + 0xfffffd24],0x6c;inputs=0x0,0x1,EBP,0xfffffd24,0x6c,0xff;results=CF,PF,ZF,SF,OF;flows=;fallthrough=004b1314
instruction_reference	004b00e4	FUN_004b00e4	004b130d	Stack[-0x2e0]	READ		operand_index=0;primary=true;source=ANALYSIS
instruction	004b00e4	FUN_004b00e4	004b1314	004b131a	CONDITIONAL_JUMP	FUN_004b00e4	bytes=0F858C000000;mnemonic=JNZ;instruction=JNZ 0x004b13a6;inputs=ZF;results=;flows=004b13a6;fallthrough=004b131a
instruction_reference	004b00e4	FUN_004b00e4	004b1314	004b13a6	CONDITIONAL_JUMP	LAB_004b13a6	operand_index=0;primary=true;source=DEFAULT
instruction	004b00e4	FUN_004b00e4	004b131a	004b1324	FALL_THROUGH	FUN_004b00e4	bytes=C78520FDFFFF01000000;mnemonic=MOV;instruction=MOV dword ptr [EBP + 0xfffffd20],0x1;inputs=0x1,EBP,0xfffffd20;results=;flows=;fallthrough=004b1324
instruction_reference	004b00e4	FUN_004b00e4	004b131a	Stack[-0x2e4]	WRITE		operand_index=0;primary=true;source=ANALYSIS
instruction	004b00e4	FUN_004b00e4	004b1324		UNCONDITIONAL_JUMP	FUN_004b00e4	bytes=EB0F;mnemonic=JMP;instruction=JMP 0x004b1335;inputs=;results=;flows=004b1335;fallthrough=
instruction_reference	004b00e4	FUN_004b00e4	004b1324	004b1335	UNCONDITIONAL_JUMP	LAB_004b1335	operand_index=0;primary=true;source=DEFAULT
instruction	004b00e4	FUN_004b00e4	004b1326	004b132c	FALL_THROUGH	FUN_004b00e4	bytes=8B9520FDFFFF;mnemonic=MOV;instruction=MOV EDX,dword ptr [EBP + 0xfffffd20];inputs=EBP,0xfffffd20;results=EDX;flows=;fallthrough=004b132c
instruction_reference	004b00e4	FUN_004b00e4	004b1326	Stack[-0x2e4]	READ		operand_index=1;primary=true;source=ANALYSIS
instruction	004b00e4	FUN_004b00e4	004b132c	004b132f	FALL_THROUGH	FUN_004b00e4	bytes=83C201;mnemonic=ADD;instruction=ADD EDX,0x1;inputs=0x0,0x1,EDX,0xff;results=CF,PF,ZF,SF,EDX,OF;flows=;fallthrough=004b132f
instruction	004b00e4	FUN_004b00e4	004b132f	004b1335	FALL_THROUGH	FUN_004b00e4	bytes=899520FDFFFF;mnemonic=MOV;instruction=MOV dword ptr [EBP + 0xfffffd20],EDX;inputs=EBP,EDX,0xfffffd20;results=;flows=;fallthrough=004b1335
instruction_reference	004b00e4	FUN_004b00e4	004b132f	Stack[-0x2e4]	WRITE		operand_index=0;primary=true;source=ANALYSIS
instruction	004b00e4	FUN_004b00e4	004b1335	004b133c	FALL_THROUGH	FUN_004b00e4	bytes=83BD20FDFFFF3C;mnemonic=CMP;instruction=CMP dword ptr [EBP + 0xfffffd20],0x3c;inputs=0x0,0x1,EBP,0x3c,0xfffffd20,0xff;results=CF,PF,ZF,SF,OF;flows=;fallthrough=004b133c
instruction_reference	004b00e4	FUN_004b00e4	004b1335	Stack[-0x2e4]	READ		operand_index=0;primary=true;source=ANALYSIS
instruction	004b00e4	FUN_004b00e4	004b133c	004b133e	CONDITIONAL_JUMP	FUN_004b00e4	bytes=7D68;mnemonic=JGE;instruction=JGE 0x004b13a6;inputs=SF,OF;results=;flows=004b13a6;fallthrough=004b133e
instruction_reference	004b00e4	FUN_004b00e4	004b133c	004b13a6	CONDITIONAL_JUMP	LAB_004b13a6	operand_index=0;primary=true;source=DEFAULT
instruction	004b00e4	FUN_004b00e4	004b133e	004b1348	FALL_THROUGH	FUN_004b00e4	bytes=C7851CFDFFFF00000000;mnemonic=MOV;instruction=MOV dword ptr [EBP + 0xfffffd1c],0x0;inputs=0x0,0xfffffd1c,EBP;results=;flows=;fallthrough=004b1348
instruction_reference	004b00e4	FUN_004b00e4	004b133e	Stack[-0x2e8]	WRITE		operand_index=0;primary=true;source=ANALYSIS
instruction	004b00e4	FUN_004b00e4	004b1348		UNCONDITIONAL_JUMP	FUN_004b00e4	bytes=EB0F;mnemonic=JMP;instruction=JMP 0x004b1359;inputs=;results=;flows=004b1359;fallthrough=
instruction_reference	004b00e4	FUN_004b00e4	004b1348	004b1359	UNCONDITIONAL_JUMP	LAB_004b1359	operand_index=0;primary=true;source=DEFAULT
instruction	004b00e4	FUN_004b00e4	004b134a	004b1350	FALL_THROUGH	FUN_004b00e4	bytes=8B851CFDFFFF;mnemonic=MOV;instruction=MOV EAX,dword ptr [EBP + 0xfffffd1c];inputs=0xfffffd1c,EBP;results=EAX;flows=;fallthrough=004b1350
instruction_reference	004b00e4	FUN_004b00e4	004b134a	Stack[-0x2e8]	READ		operand_index=1;primary=true;source=ANALYSIS
instruction	004b00e4	FUN_004b00e4	004b1350	004b1353	FALL_THROUGH	FUN_004b00e4	bytes=83C001;mnemonic=ADD;instruction=ADD EAX,0x1;inputs=EAX,0x0,0x1,0xff;results=CF,EAX,PF,ZF,SF,OF;flows=;fallthrough=004b1353
instruction	004b00e4	FUN_004b00e4	004b1353	004b1359	FALL_THROUGH	FUN_004b00e4	bytes=89851CFDFFFF;mnemonic=MOV;instruction=MOV dword ptr [EBP + 0xfffffd1c],EAX;inputs=EAX,0xfffffd1c,EBP;results=;flows=;fallthrough=004b1359
instruction_reference	004b00e4	FUN_004b00e4	004b1353	Stack[-0x2e8]	WRITE		operand_index=0;primary=true;source=ANALYSIS
instruction	004b00e4	FUN_004b00e4	004b1359	004b1360	FALL_THROUGH	FUN_004b00e4	bytes=83BD1CFDFFFF38;mnemonic=CMP;instruction=CMP dword ptr [EBP + 0xfffffd1c],0x38;inputs=0x0,0x1,0xfffffd1c,EBP,0x38,0xff;results=CF,PF,ZF,SF,OF;flows=;fallthrough=004b1360
instruction_reference	004b00e4	FUN_004b00e4	004b1359	Stack[-0x2e8]	READ		operand_index=0;primary=true;source=ANALYSIS
instruction	004b00e4	FUN_004b00e4	004b1360	004b1362	CONDITIONAL_JUMP	FUN_004b00e4	bytes=7D42;mnemonic=JGE;instruction=JGE 0x004b13a4;inputs=SF,OF;results=;flows=004b13a4;fallthrough=004b1362
instruction_reference	004b00e4	FUN_004b00e4	004b1360	004b13a4	CONDITIONAL_JUMP	LAB_004b13a4	operand_index=0;primary=true;source=DEFAULT
instruction	004b00e4	FUN_004b00e4	004b1362	004b1368	FALL_THROUGH	FUN_004b00e4	bytes=8B8DF4FDFFFF;mnemonic=MOV;instruction=MOV ECX,dword ptr [EBP + 0xfffffdf4];inputs=EBP,0xfffffdf4;results=ECX;flows=;fallthrough=004b1368
instruction_reference	004b00e4	FUN_004b00e4	004b1362	Stack[-0x210]	READ		operand_index=1;primary=true;source=ANALYSIS
instruction	004b00e4	FUN_004b00e4	004b1368	004b136e	FALL_THROUGH	FUN_004b00e4	bytes=69C9401A0000;mnemonic=IMUL;instruction=IMUL ECX,ECX,0x1a40;inputs=0x1a40,0x0,ECX,0x4;results=CF,ECX,OF;flows=;fallthrough=004b136e
instruction	004b00e4	FUN_004b00e4	004b136e	004b1374	FALL_THROUGH	FUN_004b00e4	bytes=8B95F4FDFFFF;mnemonic=MOV;instruction=MOV EDX,dword ptr [EBP + 0xfffffdf4];inputs=EBP,0xfffffdf4;results=EDX;flows=;fallthrough=004b1374
instruction_reference	004b00e4	FUN_004b00e4	004b136e	Stack[-0x210]	READ		operand_index=1;primary=true;source=ANALYSIS
instruction	004b00e4	FUN_004b00e4	004b1374	004b137a	FALL_THROUGH	FUN_004b00e4	bytes=69D2401A0000;mnemonic=IMUL;instruction=IMUL EDX,EDX,0x1a40;inputs=0x1a40,0x0,0x4,EDX;results=CF,EDX,OF;flows=;fallthrough=004b137a
instruction	004b00e4	FUN_004b00e4	004b137a	004b1380	FALL_THROUGH	FUN_004b00e4	bytes=8B8520FDFFFF;mnemonic=MOV;instruction=MOV EAX,dword ptr [EBP + 0xfffffd20];inputs=EBP,0xfffffd20;results=EAX;flows=;fallthrough=004b1380
instruction_reference	004b00e4	FUN_004b00e4	004b137a	Stack[-0x2e4]	READ		operand_index=1;primary=true;source=ANALYSIS
instruction	004b00e4	FUN_004b00e4	004b1380	004b1383	FALL_THROUGH	FUN_004b00e4	bytes=6BC070;mnemonic=IMUL;instruction=IMUL EAX,EAX,0x70;inputs=EAX,0x70,0x0,0x4;results=EAX,CF,OF;flows=;fallthrough=004b1383
instruction	004b00e4	FUN_004b00e4	004b1383	004b138a	FALL_THROUGH	FUN_004b00e4	bytes=8D940208055D00;mnemonic=LEA;instruction=LEA EDX,[EDX + EAX*0x1 + 0x5d0508];inputs=EAX,0x1,0x5d0508,EDX;results=EDX;flows=;fallthrough=004b138a
instruction_reference	004b00e4	FUN_004b00e4	004b1383	005d0508	DATA	DAT_005d0508	operand_index=1;primary=true;source=ANALYSIS
instruction	004b00e4	FUN_004b00e4	004b138a	004b1390	FALL_THROUGH	FUN_004b00e4	bytes=8B851CFDFFFF;mnemonic=MOV;instruction=MOV EAX,dword ptr [EBP + 0xfffffd1c];inputs=0xfffffd1c,EBP;results=EAX;flows=;fallthrough=004b1390
instruction_reference	004b00e4	FUN_004b00e4	004b138a	Stack[-0x2e8]	READ		operand_index=1;primary=true;source=ANALYSIS
instruction	004b00e4	FUN_004b00e4	004b1390	004b1396	FALL_THROUGH	FUN_004b00e4	bytes=8BB51CFDFFFF;mnemonic=MOV;instruction=MOV ESI,dword ptr [EBP + 0xfffffd1c];inputs=0xfffffd1c,EBP;results=ESI;flows=;fallthrough=004b1396
instruction_reference	004b00e4	FUN_004b00e4	004b1390	Stack[-0x2e8]	READ		operand_index=1;primary=true;source=ANALYSIS
instruction	004b00e4	FUN_004b00e4	004b1396	004b139e	FALL_THROUGH	FUN_004b00e4	bytes=668B8C7108055D00;mnemonic=MOV;instruction=MOV CX,word ptr [ECX + ESI*0x2 + 0x5d0508];inputs=0x2,ECX,0x5d0508,ESI;results=CX;flows=;fallthrough=004b139e
instruction_reference	004b00e4	FUN_004b00e4	004b1396	005d0508	DATA	DAT_005d0508	operand_index=1;primary=true;source=ANALYSIS
instruction	004b00e4	FUN_004b00e4	004b139e	004b13a2	FALL_THROUGH	FUN_004b00e4	bytes=66890C42;mnemonic=MOV;instruction=MOV word ptr [EDX + EAX*0x2],CX;inputs=EAX,0x2,CX,EDX;results=;flows=;fallthrough=004b13a2
instruction	004b00e4	FUN_004b00e4	004b13a2		UNCONDITIONAL_JUMP	FUN_004b00e4	bytes=EBA6;mnemonic=JMP;instruction=JMP 0x004b134a;inputs=;results=;flows=004b134a;fallthrough=
instruction_reference	004b00e4	FUN_004b00e4	004b13a2	004b134a	UNCONDITIONAL_JUMP	LAB_004b134a	operand_index=0;primary=true;source=DEFAULT
instruction	004b00e4	FUN_004b00e4	004b13a4		UNCONDITIONAL_JUMP	FUN_004b00e4	bytes=EB80;mnemonic=JMP;instruction=JMP 0x004b1326;inputs=;results=;flows=004b1326;fallthrough=
instruction_reference	004b00e4	FUN_004b00e4	004b13a4	004b1326	UNCONDITIONAL_JUMP	LAB_004b1326	operand_index=0;primary=true;source=DEFAULT
instruction	004b00e4	FUN_004b00e4	004b13a6	004b13ac	FALL_THROUGH	FUN_004b00e4	bytes=8B95C8FDFFFF;mnemonic=MOV;instruction=MOV EDX,dword ptr [EBP + 0xfffffdc8];inputs=EBP,0xfffffdc8;results=EDX;flows=;fallthrough=004b13ac
instruction_reference	004b00e4	FUN_004b00e4	004b13a6	Stack[-0x23c]	READ		operand_index=1;primary=true;source=ANALYSIS
instruction	004b00e4	FUN_004b00e4	004b13ac	004b13af	FALL_THROUGH	FUN_004b00e4	bytes=83C201;mnemonic=ADD;instruction=ADD EDX,0x1;inputs=0x0,0x1,EDX,0xff;results=CF,PF,ZF,SF,EDX,OF;flows=;fallthrough=004b13af
instruction	004b00e4	FUN_004b00e4	004b13af	004b13b5	FALL_THROUGH	FUN_004b00e4	bytes=8995C8FDFFFF;mnemonic=MOV;instruction=MOV dword ptr [EBP + 0xfffffdc8],EDX;inputs=EBP,0xfffffdc8,EDX;results=;flows=;fallthrough=004b13b5
instruction_reference	004b00e4	FUN_004b00e4	004b13af	Stack[-0x23c]	WRITE		operand_index=0;primary=true;source=ANALYSIS
instruction	004b00e4	FUN_004b00e4	004b13b5	004b13bb	FALL_THROUGH	FUN_004b00e4	bytes=8B85F4FDFFFF;mnemonic=MOV;instruction=MOV EAX,dword ptr [EBP + 0xfffffdf4];inputs=EBP,0xfffffdf4;results=EAX;flows=;fallthrough=004b13bb
instruction_reference	004b00e4	FUN_004b00e4	004b13b5	Stack[-0x210]	READ		operand_index=1;primary=true;source=ANALYSIS
instruction	004b00e4	FUN_004b00e4	004b13bb	004b13c1	FALL_THROUGH	FUN_004b00e4	bytes=69C084030000;mnemonic=IMUL;instruction=IMUL EAX,EAX,0x384;inputs=EAX,0x0,0x384,0x4;results=EAX,CF,OF;flows=;fallthrough=004b13c1
instruction	004b00e4	FUN_004b00e4	004b13c1	004b13c7	FALL_THROUGH	FUN_004b00e4	bytes=8B8DC8FDFFFF;mnemonic=MOV;instruction=MOV ECX,dword ptr [EBP + 0xfffffdc8];inputs=EBP,0xfffffdc8;results=ECX;flows=;fallthrough=004b13c7
instruction_reference	004b00e4	FUN_004b00e4	004b13c1	Stack[-0x23c]	READ		operand_index=1;primary=true;source=ANALYSIS
instruction	004b00e4	FUN_004b00e4	004b13c7	004b13cd	FALL_THROUGH	FUN_004b00e4	bytes=3B88A4A46500;mnemonic=CMP;instruction=CMP ECX,dword ptr [EAX + 0x65a4a4];inputs=EAX,0x0,0x65a4a4,0x1,ECX,0xff;results=CF,PF,ZF,SF,OF;flows=;fallthrough=004b13cd
instruction_reference	004b00e4	FUN_004b00e4	004b13c7	0065a4a4	DATA	DAT_0065a4a4	operand_index=1;primary=true;source=ANALYSIS
instruction	004b00e4	FUN_004b00e4	004b13cd	004b13cf	CONDITIONAL_JUMP	FUN_004b00e4	bytes=7218;mnemonic=JC;instruction=JC 0x004b13e7;inputs=CF;results=;flows=004b13e7;fallthrough=004b13cf
instruction_reference	004b00e4	FUN_004b00e4	004b13cd	004b13e7	CONDITIONAL_JUMP	LAB_004b13e7	operand_index=0;primary=true;source=DEFAULT
instruction	004b00e4	FUN_004b00e4	004b13cf	004b13d5	FALL_THROUGH	FUN_004b00e4	bytes=8B95E0FDFFFF;mnemonic=MOV;instruction=MOV EDX,dword ptr [EBP + 0xfffffde0];inputs=EBP,0xfffffde0;results=EDX;flows=;fallthrough=004b13d5
instruction_reference	004b00e4	FUN_004b00e4	004b13cf	Stack[-0x224]	READ		operand_index=1;primary=true;source=ANALYSIS
instruction	004b00e4	FUN_004b00e4	004b13d5	004b13d8	FALL_THROUGH	FUN_004b00e4	bytes=C1E206;mnemonic=SHL;instruction=SHL EDX,0x6;inputs=0x0,CF,0x1,PF,0x6,ZF,SF,EDX,OF,0x1f,0xff;results=CF,PF,ZF,SF,EDX,OF;flows=;fallthrough=004b13d8
instruction	004b00e4	FUN_004b00e4	004b13d8	004b13de	FALL_THROUGH	FUN_004b00e4	bytes=8B85F4FDFFFF;mnemonic=MOV;instruction=MOV EAX,dword ptr [EBP + 0xfffffdf4];inputs=EBP,0xfffffdf4;results=EAX;flows=;fallthrough=004b13de
instruction_reference	004b00e4	FUN_004b00e4	004b13d8	Stack[-0x210]	READ		operand_index=1;primary=true;source=ANALYSIS
instruction	004b00e4	FUN_004b00e4	004b13de	004b13e5	FALL_THROUGH	FUN_004b00e4	bytes=89148588A26500;mnemonic=MOV;instruction=MOV dword ptr [EAX*0x4 + 0x65a288],EDX;inputs=EAX,0x4,EDX,0x65a288;results=;flows=;fallthrough=004b13e5
instruction_reference	004b00e4	FUN_004b00e4	004b13de	0065a288	DATA	DAT_0065a288	operand_index=0;primary=true;source=ANALYSIS
instruction	004b00e4	FUN_004b00e4	004b13e5		UNCONDITIONAL_JUMP	FUN_004b00e4	bytes=EB05;mnemonic=JMP;instruction=JMP 0x004b13ec;inputs=;results=;flows=004b13ec;fallthrough=
instruction_reference	004b00e4	FUN_004b00e4	004b13e5	004b13ec	UNCONDITIONAL_JUMP	LAB_004b13ec	operand_index=0;primary=true;source=DEFAULT
instruction	004b00e4	FUN_004b00e4	004b13e7		UNCONDITIONAL_JUMP	FUN_004b00e4	bytes=E980F1FFFF;mnemonic=JMP;instruction=JMP 0x004b056c;inputs=;results=;flows=004b056c;fallthrough=
instruction_reference	004b00e4	FUN_004b00e4	004b13e7	004b056c	UNCONDITIONAL_JUMP	LAB_004b056c	operand_index=0;primary=true;source=DEFAULT
instruction	004b00e4	FUN_004b00e4	004b13ec		UNCONDITIONAL_JUMP	FUN_004b00e4	bytes=E9E6EDFFFF;mnemonic=JMP;instruction=JMP 0x004b01d7;inputs=;results=;flows=004b01d7;fallthrough=
instruction_reference	004b00e4	FUN_004b00e4	004b13ec	004b01d7	UNCONDITIONAL_JUMP	LAB_004b01d7	operand_index=0;primary=true;source=DEFAULT
instruction	004b00e4	FUN_004b00e4	004b13f1	004b13f7	FALL_THROUGH	FUN_004b00e4	bytes=8B8DFCFEFFFF;mnemonic=MOV;instruction=MOV ECX,dword ptr [EBP + 0xfffffefc];inputs=0xfffffefc,EBP;results=ECX;flows=;fallthrough=004b13f7
instruction_reference	004b00e4	FUN_004b00e4	004b13f1	Stack[-0x108]	READ		operand_index=1;primary=true;source=ANALYSIS
instruction	004b00e4	FUN_004b00e4	004b13f7	004b13f8	FALL_THROUGH	FUN_004b00e4	bytes=51;mnemonic=PUSH;instruction=PUSH ECX;inputs=ESP,ECX,0x4;results=ESP;flows=;fallthrough=004b13f8
instruction	004b00e4	FUN_004b00e4	004b13f8	004b13fd	UNCONDITIONAL_CALL	FUN_004b00e4	bytes=E82FE20D00;mnemonic=CALL;instruction=CALL 0x0058f62c;inputs=ESP,0x4,0x4b13fd;results=ESP;flows=0058f62c;fallthrough=004b13fd
instruction_reference	004b00e4	FUN_004b00e4	004b13f8	0058f62c	UNCONDITIONAL_CALL	FUN_0058f62c	operand_index=0;primary=true;source=DEFAULT
instruction	004b00e4	FUN_004b00e4	004b13fd	004b1400	FALL_THROUGH	FUN_004b00e4	bytes=83C404;mnemonic=ADD;instruction=ADD ESP,0x4;inputs=ESP,0x0,0x1,0x4,0xff;results=CF,ESP,PF,ZF,SF,OF;flows=;fallthrough=004b1400
instruction	004b00e4	FUN_004b00e4	004b1400	004b1405	FALL_THROUGH	FUN_004b00e4	bytes=B801000000;mnemonic=MOV;instruction=MOV EAX,0x1;inputs=0x1;results=EAX;flows=;fallthrough=004b1405
instruction	004b00e4	FUN_004b00e4	004b1405	004b1406	FALL_THROUGH	FUN_004b00e4	bytes=5E;mnemonic=POP;instruction=POP ESI;inputs=0x0,ESP,0x4;results=ESP,ESI;flows=;fallthrough=004b1406
instruction	004b00e4	FUN_004b00e4	004b1406	004b1408	FALL_THROUGH	FUN_004b00e4	bytes=8BE5;mnemonic=MOV;instruction=MOV ESP,EBP;inputs=EBP;results=ESP;flows=;fallthrough=004b1408
instruction	004b00e4	FUN_004b00e4	004b1408	004b1409	FALL_THROUGH	FUN_004b00e4	bytes=5D;mnemonic=POP;instruction=POP EBP;inputs=0x0,ESP,0x4;results=ESP,EBP;flows=;fallthrough=004b1409
instruction	004b00e4	FUN_004b00e4	004b1409		TERMINATOR	FUN_004b00e4	bytes=C3;mnemonic=RET;instruction=RET;inputs=ESP,0x4;results=ESP,EIP;flows=;fallthrough=
instruction_search	004b00e4	FUN_004b00e4	004b00e4	004b00e4	instructions	FUN_004b00e4	instructions=987;references=650;body_min=004b00e4;body_max=004b1409
entry_boundary	004b00e4	FUN_004b00e4	004b00e3	004b00e4	TERMINATOR	RET	fallthrough=
body_search	004b00e4	FUN_004b00e4		004b00e4	body_refs		external_flow_hits=0;external_data_hits=0;switch_table_hits=0;external_other_hits=0;thunk_hits=0;instructions=987;body_min=004b00e4;body_max=004b1409;block=.text;execute=true;initialized=true
instruction	004b15bf	FUN_004b15bf	004b15bf	004b15c0	FALL_THROUGH	FUN_004b15bf	bytes=55;mnemonic=PUSH;instruction=PUSH EBP;inputs=ESP,EBP,0x4;results=ESP;flows=;fallthrough=004b15c0
instruction	004b15bf	FUN_004b15bf	004b15c0	004b15c2	FALL_THROUGH	FUN_004b15bf	bytes=8BEC;mnemonic=MOV;instruction=MOV EBP,ESP;inputs=ESP;results=EBP;flows=;fallthrough=004b15c2
instruction	004b15bf	FUN_004b15bf	004b15c2	004b15c3	FALL_THROUGH	FUN_004b15bf	bytes=51;mnemonic=PUSH;instruction=PUSH ECX;inputs=ESP,ECX,0x4;results=ESP;flows=;fallthrough=004b15c3
instruction	004b15bf	FUN_004b15bf	004b15c3	004b15c6	FALL_THROUGH	FUN_004b15bf	bytes=894DFC;mnemonic=MOV;instruction=MOV dword ptr [EBP + -0x4],ECX;inputs=0xfffffffc,EBP,ECX;results=;flows=;fallthrough=004b15c6
instruction_reference	004b15bf	FUN_004b15bf	004b15c3	Stack[-0x8]	WRITE		operand_index=0;primary=true;source=ANALYSIS
instruction	004b15bf	FUN_004b15bf	004b15c6	004b15c8	FALL_THROUGH	FUN_004b15bf	bytes=33C0;mnemonic=XOR;instruction=XOR EAX,EAX;inputs=0x0,EAX,0x1,0xff;results=CF,EAX,PF,ZF,SF,OF;flows=;fallthrough=004b15c8
instruction	004b15bf	FUN_004b15bf	004b15c8	004b15ca	FALL_THROUGH	FUN_004b15bf	bytes=8BE5;mnemonic=MOV;instruction=MOV ESP,EBP;inputs=EBP;results=ESP;flows=;fallthrough=004b15ca
instruction	004b15bf	FUN_004b15bf	004b15ca	004b15cb	FALL_THROUGH	FUN_004b15bf	bytes=5D;mnemonic=POP;instruction=POP EBP;inputs=0x0,ESP,0x4;results=ESP,EBP;flows=;fallthrough=004b15cb
instruction	004b15bf	FUN_004b15bf	004b15cb		TERMINATOR	FUN_004b15bf	bytes=C3;mnemonic=RET;instruction=RET;inputs=ESP,0x4;results=ESP,EIP;flows=;fallthrough=
instruction_search	004b15bf	FUN_004b15bf	004b15bf	004b15bf	instructions	FUN_004b15bf	instructions=8;references=1;body_min=004b15bf;body_max=004b15cb
entry_boundary	004b15bf	FUN_004b15bf	004b15bc	004b15bf	TERMINATOR	RET 0xc	fallthrough=
body_search	004b15bf	FUN_004b15bf		004b15bf	body_refs		external_flow_hits=0;external_data_hits=0;switch_table_hits=0;external_other_hits=0;thunk_hits=0;instructions=8;body_min=004b15bf;body_max=004b15cb;block=.text;execute=true;initialized=true
