record	entry	name	from	to	type	symbol	value
program					sha256		8aa2f918844bce3afe21f1204f69757a443e32eb2f2f616936b1d9bfe215f593
program					image_base		00400000
function	0055dab8	FUN_0055dab8			unknown		undefined FUN_0055dab8(void)
incoming	0055dab8	FUN_0055dab8	0055faa2	0055dab8	UNCONDITIONAL_CALL	FUN_0055fa89	
caller	0055dab8	FUN_0055dab8	0055fa89	0055dab8	call	FUN_0055fa89	
callee	0055dab8	FUN_0055dab8	0055dab8	EXTERNAL:00000074	call	SendMessageA	
callee	0055dab8	FUN_0055dab8	0055dab8	EXTERNAL:0000007e	call	PostMessageA	
callee	0055dab8	FUN_0055dab8	0055dab8	EXTERNAL:0000007f	call	GetKeyState	
callee	0055dab8	FUN_0055dab8	0055dab8	EXTERNAL:0000008e	call	SetCursor	
callee	0055dab8	FUN_0055dab8	0055dab8	EXTERNAL:00000094	call	DefWindowProcA	
callee	0055dab8	FUN_0055dab8	0055dab8	EXTERNAL:00000095	call	GetKeyboardLayoutNameA	
callee	0055dab8	FUN_0055dab8	0055dab8	EXTERNAL:00000096	call	GetFocus	
callee	0055dab8	FUN_0055dab8	0055dab8	EXTERNAL:00000097	call	DestroyWindow	
callee	0055dab8	FUN_0055dab8	0055dab8	EXTERNAL:00000098	call	PostQuitMessage	
callee	0055dab8	FUN_0055dab8	0055dab8	EXTERNAL:000000a4	call	DeleteDC	
callee	0055dab8	FUN_0055dab8	0055dab8	EXTERNAL:000000a9	call	StretchBlt	
callee	0055dab8	FUN_0055dab8	0055dab8	EXTERNAL:000000ac	call	CreateCompatibleDC	
callee	0055dab8	FUN_0055dab8	0055dab8	EXTERNAL:000000af	call	SelectObject	
callee	0055dab8	FUN_0055dab8	0055dab8	00423c61	call	FUN_00423c61	
callee	0055dab8	FUN_0055dab8	0055dab8	00423d7a	call	FUN_00423d7a	
callee	0055dab8	FUN_0055dab8	0055dab8	004245db	call	FUN_004245db	
callee	0055dab8	FUN_0055dab8	0055dab8	00424642	call	FUN_00424642	
callee	0055dab8	FUN_0055dab8	0055dab8	0042550e	call	FUN_0042550e	
callee	0055dab8	FUN_0055dab8	0055dab8	00427aa8	call	FUN_00427aa8	
callee	0055dab8	FUN_0055dab8	0055dab8	00428fc1	call	FUN_00428fc1	
callee	0055dab8	FUN_0055dab8	0055dab8	004294a0	call	FUN_004294a0	
callee	0055dab8	FUN_0055dab8	0055dab8	00431159	call	FUN_00431159	
callee	0055dab8	FUN_0055dab8	0055dab8	004317fc	call	FUN_004317fc	
callee	0055dab8	FUN_0055dab8	0055dab8	0043199b	call	FUN_0043199b	
callee	0055dab8	FUN_0055dab8	0055dab8	00431c30	call	FUN_00431c30	
callee	0055dab8	FUN_0055dab8	0055dab8	004af484	call	FUN_004af484	
callee	0055dab8	FUN_0055dab8	0055dab8	004af4cc	call	FUN_004af4cc	
callee	0055dab8	FUN_0055dab8	0055dab8	004af514	call	FUN_004af514	
callee	0055dab8	FUN_0055dab8	0055dab8	004af550	call	FUN_004af550	
callee	0055dab8	FUN_0055dab8	0055dab8	004af5eb	call	FUN_004af5eb	
callee	0055dab8	FUN_0055dab8	0055dab8	004af5f6	call	FUN_004af5f6	
callee	0055dab8	FUN_0055dab8	0055dab8	004afa19	call	FUN_004afa19	
callee	0055dab8	FUN_0055dab8	0055dab8	0055ca18	call	FUN_0055ca18	
callee	0055dab8	FUN_0055dab8	0055dab8	0055ee59	call	FUN_0055ee59	
callee	0055dab8	FUN_0055dab8	0055dab8	0058f020	call	_memset	
callee	0055dab8	FUN_0055dab8	0055dab8	0058f75f	call	FUN_0058f75f	
callee	0055dab8	FUN_0055dab8	0055dab8	00590b78	call	FUN_00590b78	
callee	0055dab8	FUN_0055dab8	0055dab8	00591220	call	_strncmp	
reference	0055dab8	FUN_0055dab8	0055db2a	0055ec88	DATA	PTR_caseD_2_0055ec85+3	
reference	0055dab8	FUN_0055dab8	0055db30	0055ec6d	DATA	switchdataD_0055ec6d	0055dc34
reference	0055dab8	FUN_0055dab8	0055db5e	0055ecd0	DATA	switchdataD_0055ecd0	0x0
reference	0055dab8	FUN_0055dab8	0055db64	0055ecb4	DATA	switchdataD_0055ecb4	0055e0f3
reference	0055dab8	FUN_0055dab8	0055dbb1	0055ecf3	DATA	switchdataD_0055ecf3	0x0
reference	0055dab8	FUN_0055dab8	0055dbb7	0055ecdf	DATA	switchdataD_0055ecdf	0055e5df
reference	0055dab8	FUN_0055dab8	0055dd45	013b722c	READ	DAT_013b722c	0x0
reference	0055dab8	FUN_0055dab8	0055dda8	013b722c	READ	DAT_013b722c	0x0
reference	0055dab8	FUN_0055dab8	0055de1e	005a3290	READ	PTR_SendMessageA_005a3290	001b00fa
reference	0055dab8	FUN_0055dab8	0055de40	005a3290	READ	PTR_SendMessageA_005a3290	001b00fa
reference	0055dab8	FUN_0055dab8	0055df29	005a3310	READ	PTR_DefWindowProcA_005a3310	001b0394
reference	0055dab8	FUN_0055dab8	0055df34	005ccec8	READ	DAT_005ccec8	0x0
reference	0055dab8	FUN_0055dab8	0055df3f	005a32f8	READ	PTR_SetCursor_005a32f8	001b0296
reference	0055dab8	FUN_0055dab8	0055df47	005ccec8	READ	DAT_005ccec8	0x0
reference	0055dab8	FUN_0055dab8	0055df50	005ccec0	READ	DAT_005ccec0	0x0
reference	0055dab8	FUN_0055dab8	0055df59	005ccec0	READ	DAT_005ccec0	0x0
reference	0055dab8	FUN_0055dab8	0055df68	005ccecc	READ	DAT_005ccecc	0x0
reference	0055dab8	FUN_0055dab8	0055df6e	005a32f8	READ	PTR_SetCursor_005a32f8	001b0296
reference	0055dab8	FUN_0055dab8	0055df76	005ccec0	READ	DAT_005ccec0	0x0
reference	0055dab8	FUN_0055dab8	0055df85	005cced0	READ	DAT_005cced0	0x0
reference	0055dab8	FUN_0055dab8	0055df8c	005a32f8	READ	PTR_SetCursor_005a32f8	001b0296
reference	0055dab8	FUN_0055dab8	0055e044	005ccec8	READ	DAT_005ccec8	0x0
reference	0055dab8	FUN_0055dab8	0055e04f	005a32f8	READ	PTR_SetCursor_005a32f8	001b0296
reference	0055dab8	FUN_0055dab8	0055e057	005ccec8	READ	DAT_005ccec8	0x0
reference	0055dab8	FUN_0055dab8	0055e060	005ccec0	READ	DAT_005ccec0	0x0
reference	0055dab8	FUN_0055dab8	0055e069	005ccec0	READ	DAT_005ccec0	0x0
reference	0055dab8	FUN_0055dab8	0055e078	005ccecc	READ	DAT_005ccecc	0x0
reference	0055dab8	FUN_0055dab8	0055e07e	005a32f8	READ	PTR_SetCursor_005a32f8	001b0296
reference	0055dab8	FUN_0055dab8	0055e086	005ccec0	READ	DAT_005ccec0	0x0
reference	0055dab8	FUN_0055dab8	0055e095	005cced0	READ	DAT_005cced0	0x0
reference	0055dab8	FUN_0055dab8	0055e09c	005a32f8	READ	PTR_SetCursor_005a32f8	001b0296
reference	0055dab8	FUN_0055dab8	0055e1ba	005a32bc	READ	PTR_GetKeyState_005a32bc	001b01b2
reference	0055dab8	FUN_0055dab8	0055e203	005a32bc	READ	PTR_GetKeyState_005a32bc	001b01b2
reference	0055dab8	FUN_0055dab8	0055e25d	0067cf38	READ	DAT_0067cf38	0x0
reference	0055dab8	FUN_0055dab8	0055e297	0067cf38	READ	DAT_0067cf38	0x0
reference	0055dab8	FUN_0055dab8	0055e29e	0067cf38	READ	DAT_0067cf38	0x0
reference	0055dab8	FUN_0055dab8	0055e2c0	0067cf38	READ	DAT_0067cf38	0x0
reference	0055dab8	FUN_0055dab8	0055e2c7	0067cf38	READ	DAT_0067cf38	0x0
reference	0055dab8	FUN_0055dab8	0055e2e3	0067cf38	READ	DAT_0067cf38	0x0
reference	0055dab8	FUN_0055dab8	0055e2ea	0067cf38	READ	DAT_0067cf38	0x0
reference	0055dab8	FUN_0055dab8	0055e306	0067cf38	READ	DAT_0067cf38	0x0
reference	0055dab8	FUN_0055dab8	0055e30d	0067cf38	READ	DAT_0067cf38	0x0
reference	0055dab8	FUN_0055dab8	0055e329	0067cf38	READ	DAT_0067cf38	0x0
reference	0055dab8	FUN_0055dab8	0055e330	0067cf38	READ	DAT_0067cf38	0x0
reference	0055dab8	FUN_0055dab8	0055e384	005a32bc	READ	PTR_GetKeyState_005a32bc	001b01b2
reference	0055dab8	FUN_0055dab8	0055e3ce	005a32bc	READ	PTR_GetKeyState_005a32bc	001b01b2
reference	0055dab8	FUN_0055dab8	0055e4e6	005a3314	READ	PTR_GetKeyboardLayoutNameA_005a3314	001b037a
reference	0055dab8	FUN_0055dab8	0055e4ee	005c4f5c	DATA	DAT_005c4f5c	
reference	0055dab8	FUN_0055dab8	0055e510	005a3290	READ	PTR_SendMessageA_005a3290	001b00fa
reference	0055dab8	FUN_0055dab8	0055e546	0055ede7	DATA	switchdataD_0055ede7	0055e57b
reference	0055dab8	FUN_0055dab8	0055e621	005a3318	READ	PTR_GetFocus_005a3318	001b036e
reference	0055dab8	FUN_0055dab8	0055e62d	013b71e0	READ	DAT_013b71e0	0x0
reference	0055dab8	FUN_0055dab8	0055e65d	005a32b8	READ	PTR_PostMessageA_005a32b8	001b01a2
reference	0055dab8	FUN_0055dab8	0055e689	005a32b8	READ	PTR_PostMessageA_005a32b8	001b01a2
reference	0055dab8	FUN_0055dab8	0055e6b5	005a32b8	READ	PTR_PostMessageA_005a32b8	001b01a2
reference	0055dab8	FUN_0055dab8	0055e6c5	0067cf38	READ	DAT_0067cf38	0x0
reference	0055dab8	FUN_0055dab8	0055e6d5	0067cf38	READ	DAT_0067cf38	0x0
reference	0055dab8	FUN_0055dab8	0055e6dc	0067cf38	READ	DAT_0067cf38	0x0
reference	0055dab8	FUN_0055dab8	0055e6fd	005a304c	READ	PTR_CreateCompatibleDC_005a304c	001b048c
reference	0055dab8	FUN_0055dab8	0055e727	005a3058	READ	PTR_SelectObject_005a3058	001b045a
reference	0055dab8	FUN_0055dab8	0055e733	00cc0020	DATA	DAT_00cc0020	
reference	0055dab8	FUN_0055dab8	0055e78b	005a3040	READ	PTR_StretchBlt_005a3040	001b04c4
reference	0055dab8	FUN_0055dab8	0055e79f	005a3058	READ	PTR_SelectObject_005a3058	001b045a
reference	0055dab8	FUN_0055dab8	0055e7ac	005a302c	READ	PTR_DeleteDC_005a302c	001b03fe
reference	0055dab8	FUN_0055dab8	0055e897	005c4f64	DATA	s_WSA_READ_Error_:_0x%x_005c4f64	WSA_READ Error : 0x%x 
reference	0055dab8	FUN_0055dab8	0055e8dc	013b7214	WRITE	DAT_013b7214	0x0
reference	0055dab8	FUN_0055dab8	0055e8f1	013b7218	WRITE	DAT_013b7218	
reference	0055dab8	FUN_0055dab8	0055e8f6	013b71f0	READ	DAT_013b71f0	0x0
reference	0055dab8	FUN_0055dab8	0055e905	013b7200	READ	DAT_013b7200	
reference	0055dab8	FUN_0055dab8	0055e91a	013b71f0	READ	DAT_013b71f0	0x0
reference	0055dab8	FUN_0055dab8	0055e93c	013b71f0	READ	DAT_013b71f0	0x0
reference	0055dab8	FUN_0055dab8	0055e94b	013b721c	READ	DAT_013b721c	0x0
reference	0055dab8	FUN_0055dab8	0055e961	0067cf38	READ	DAT_0067cf38	0x0
reference	0055dab8	FUN_0055dab8	0055e96e	0067cf38	READ	DAT_0067cf38	0x0
reference	0055dab8	FUN_0055dab8	0055e98d	013b7214	READ	DAT_013b7214	0x0
reference	0055dab8	FUN_0055dab8	0055e995	013b7214	READ	DAT_013b7214	0x0
reference	0055dab8	FUN_0055dab8	0055e9a1	013b7214	READ	DAT_013b7214	0x0
reference	0055dab8	FUN_0055dab8	0055e9b2	005c4f7c	DATA	s_[CorrectionServerTime]_OldTime_:_005c4f7c	[CorrectionServerTime] OldTime : %d   ServerTime : %d, Diff : %d 
reference	0055dab8	FUN_0055dab8	0055e9f3	013b7214	READ	DAT_013b7214	0x0
reference	0055dab8	FUN_0055dab8	0055e9fb	013b7214	READ	DAT_013b7214	0x0
reference	0055dab8	FUN_0055dab8	0055ea08	013b7214	READ	DAT_013b7214	0x0
reference	0055dab8	FUN_0055dab8	0055ea19	005c4fc0	DATA	s_[CorrectionServerTime]_OldTime_:_005c4fc0	[CorrectionServerTime] OldTime : %d   ServerTime : %d, Diff : %d 
reference	0055dab8	FUN_0055dab8	0055ea53	013b721c	WRITE	DAT_013b721c	0x0
reference	0055dab8	FUN_0055dab8	0055eac1	0067cf38	READ	DAT_0067cf38	0x0
reference	0055dab8	FUN_0055dab8	0055eace	0067cf38	READ	DAT_0067cf38	0x0
reference	0055dab8	FUN_0055dab8	0055eae1	013b7220	READ	DAT_013b7220	0x0
reference	0055dab8	FUN_0055dab8	0055eb07	013b7220	WRITE	DAT_013b7220	0x0
reference	0055dab8	FUN_0055dab8	0055eb0c	0067cf38	READ	DAT_0067cf38	0x0
reference	0055dab8	FUN_0055dab8	0055eb48	013b71e4	READ	DAT_013b71e4	0x0
reference	0055dab8	FUN_0055dab8	0055eb77	013b7220	READ	DAT_013b7220	0x0
reference	0055dab8	FUN_0055dab8	0055eb9f	013b71f0	READ	DAT_013b71f0	0x0
reference	0055dab8	FUN_0055dab8	0055eba8	013b71f0	READ	DAT_013b71f0	0x0
reference	0055dab8	FUN_0055dab8	0055ebb7	013b71f0	WRITE	DAT_013b71f0	0x0
reference	0055dab8	FUN_0055dab8	0055ebc1	013b7228	WRITE	DAT_013b7228	
reference	0055dab8	FUN_0055dab8	0055ebd4	005a331c	READ	PTR_DestroyWindow_005a331c	001b035e
reference	0055dab8	FUN_0055dab8	0055ebdc	005a3320	READ	PTR_PostQuitMessage_005a3320	001b034c
reference	0055dab8	FUN_0055dab8	0055ebe2	013b7220	WRITE	DAT_013b7220	0x0
reference	0055dab8	FUN_0055dab8	0055ec61	005a3310	READ	PTR_DefWindowProcA_005a3310	001b0394
instruction	0055dab8	FUN_0055dab8	0055dab8	0055dab9	FALL_THROUGH	FUN_0055dab8	bytes=55;mnemonic=PUSH;instruction=PUSH EBP;inputs=ESP,EBP,0x4;results=ESP;flows=;fallthrough=0055dab9
instruction	0055dab8	FUN_0055dab8	0055dab9	0055dabb	FALL_THROUGH	FUN_0055dab8	bytes=8BEC;mnemonic=MOV;instruction=MOV EBP,ESP;inputs=ESP;results=EBP;flows=;fallthrough=0055dabb
instruction	0055dab8	FUN_0055dab8	0055dabb	0055dac1	FALL_THROUGH	FUN_0055dab8	bytes=81EC8C010000;mnemonic=SUB;instruction=SUB ESP,0x18c;inputs=ESP,0x0,0x1,0x18c,0xff;results=CF,ESP,PF,ZF,SF,OF;flows=;fallthrough=0055dac1
instruction	0055dab8	FUN_0055dab8	0055dac1	0055dac7	FALL_THROUGH	FUN_0055dab8	bytes=898D88FEFFFF;mnemonic=MOV;instruction=MOV dword ptr [EBP + 0xfffffe88],ECX;inputs=EBP,ECX,0xfffffe88;results=;flows=;fallthrough=0055dac7
instruction_reference	0055dab8	FUN_0055dab8	0055dac1	Stack[-0x17c]	WRITE		operand_index=0;primary=true;source=ANALYSIS
instruction	0055dab8	FUN_0055dab8	0055dac7	0055daca	FALL_THROUGH	FUN_0055dab8	bytes=8B450C;mnemonic=MOV;instruction=MOV EAX,dword ptr [EBP + 0xc];inputs=EBP,0xc;results=EAX;flows=;fallthrough=0055daca
instruction_reference	0055dab8	FUN_0055dab8	0055dac7	Stack[0x8]	READ		operand_index=1;primary=true;source=ANALYSIS
instruction	0055dab8	FUN_0055dab8	0055daca	0055dad0	FALL_THROUGH	FUN_0055dab8	bytes=898584FEFFFF;mnemonic=MOV;instruction=MOV dword ptr [EBP + 0xfffffe84],EAX;inputs=EAX,EBP,0xfffffe84;results=;flows=;fallthrough=0055dad0
instruction_reference	0055dab8	FUN_0055dab8	0055daca	Stack[-0x180]	WRITE		operand_index=0;primary=true;source=ANALYSIS
instruction	0055dab8	FUN_0055dab8	0055dad0	0055dada	FALL_THROUGH	FUN_0055dab8	bytes=81BD84FEFFFF0F010000;mnemonic=CMP;instruction=CMP dword ptr [EBP + 0xfffffe84],0x10f;inputs=0x0,0x1,EBP,0xfffffe84,0x10f,0xff;results=CF,PF,ZF,SF,OF;flows=;fallthrough=0055dada
instruction_reference	0055dab8	FUN_0055dab8	0055dad0	Stack[-0x180]	READ		operand_index=0;primary=true;source=ANALYSIS
instruction	0055dab8	FUN_0055dab8	0055dada	0055dae0	CONDITIONAL_JUMP	FUN_0055dab8	bytes=0F878B000000;mnemonic=JA;instruction=JA 0x0055db6b;inputs=CF,ZF;results=;flows=0055db6b;fallthrough=0055dae0
instruction_reference	0055dab8	FUN_0055dab8	0055dada	0055db6b	CONDITIONAL_JUMP	LAB_0055db6b	operand_index=0;primary=true;source=DEFAULT
instruction	0055dab8	FUN_0055dab8	0055dae0	0055daea	FALL_THROUGH	FUN_0055dab8	bytes=81BD84FEFFFF0F010000;mnemonic=CMP;instruction=CMP dword ptr [EBP + 0xfffffe84],0x10f;inputs=0x0,0x1,EBP,0xfffffe84,0x10f,0xff;results=CF,PF,ZF,SF,OF;flows=;fallthrough=0055daea
instruction_reference	0055dab8	FUN_0055dab8	0055dae0	Stack[-0x180]	READ		operand_index=0;primary=true;source=ANALYSIS
instruction	0055dab8	FUN_0055dab8	0055daea	0055daf0	CONDITIONAL_JUMP	FUN_0055dab8	bytes=0F8481090000;mnemonic=JZ;instruction=JZ 0x0055e471;inputs=ZF;results=;flows=0055e471;fallthrough=0055daf0
instruction_reference	0055dab8	FUN_0055dab8	0055daea	0055e471	CONDITIONAL_JUMP	LAB_0055e471	operand_index=0;primary=true;source=DEFAULT
instruction	0055dab8	FUN_0055dab8	0055daf0	0055daf7	FALL_THROUGH	FUN_0055dab8	bytes=83BD84FEFFFF51;mnemonic=CMP;instruction=CMP dword ptr [EBP + 0xfffffe84],0x51;inputs=0x0,0x51,0x1,EBP,0xfffffe84,0xff;results=CF,PF,ZF,SF,OF;flows=;fallthrough=0055daf7
instruction_reference	0055dab8	FUN_0055dab8	0055daf0	Stack[-0x180]	READ		operand_index=0;primary=true;source=ANALYSIS
instruction	0055dab8	FUN_0055dab8	0055daf7	0055daf9	CONDITIONAL_JUMP	FUN_0055dab8	bytes=773E;mnemonic=JA;instruction=JA 0x0055db37;inputs=CF,ZF;results=;flows=0055db37;fallthrough=0055daf9
instruction_reference	0055dab8	FUN_0055dab8	0055daf7	0055db37	CONDITIONAL_JUMP	LAB_0055db37	operand_index=0;primary=true;source=DEFAULT
instruction	0055dab8	FUN_0055dab8	0055daf9	0055db00	FALL_THROUGH	FUN_0055dab8	bytes=83BD84FEFFFF51;mnemonic=CMP;instruction=CMP dword ptr [EBP + 0xfffffe84],0x51;inputs=0x0,0x51,0x1,EBP,0xfffffe84,0xff;results=CF,PF,ZF,SF,OF;flows=;fallthrough=0055db00
instruction_reference	0055dab8	FUN_0055dab8	0055daf9	Stack[-0x180]	READ		operand_index=0;primary=true;source=ANALYSIS
instruction	0055dab8	FUN_0055dab8	0055db00	0055db06	CONDITIONAL_JUMP	FUN_0055dab8	bytes=0F84C3090000;mnemonic=JZ;instruction=JZ 0x0055e4c9;inputs=ZF;results=;flows=0055e4c9;fallthrough=0055db06
instruction_reference	0055dab8	FUN_0055dab8	0055db00	0055e4c9	CONDITIONAL_JUMP	LAB_0055e4c9	operand_index=0;primary=true;source=DEFAULT
instruction	0055dab8	FUN_0055dab8	0055db06	0055db0c	FALL_THROUGH	FUN_0055dab8	bytes=8B8D84FEFFFF;mnemonic=MOV;instruction=MOV ECX,dword ptr [EBP + 0xfffffe84];inputs=EBP,0xfffffe84;results=ECX;flows=;fallthrough=0055db0c
instruction_reference	0055dab8	FUN_0055dab8	0055db06	Stack[-0x180]	READ		operand_index=1;primary=true;source=ANALYSIS
instruction	0055dab8	FUN_0055dab8	0055db0c	0055db0f	FALL_THROUGH	FUN_0055dab8	bytes=83E901;mnemonic=SUB;instruction=SUB ECX,0x1;inputs=0x0,0x1,ECX,0xff;results=CF,PF,ECX,ZF,SF,OF;flows=;fallthrough=0055db0f
instruction	0055dab8	FUN_0055dab8	0055db0f	0055db15	FALL_THROUGH	FUN_0055dab8	bytes=898D84FEFFFF;mnemonic=MOV;instruction=MOV dword ptr [EBP + 0xfffffe84],ECX;inputs=EBP,ECX,0xfffffe84;results=;flows=;fallthrough=0055db15
instruction_reference	0055dab8	FUN_0055dab8	0055db0f	Stack[-0x180]	WRITE		operand_index=0;primary=true;source=ANALYSIS
instruction	0055dab8	FUN_0055dab8	0055db15	0055db1c	FALL_THROUGH	FUN_0055dab8	bytes=83BD84FEFFFF2A;mnemonic=CMP;instruction=CMP dword ptr [EBP + 0xfffffe84],0x2a;inputs=0x0,0x1,EBP,0x2a,0xfffffe84,0xff;results=CF,PF,ZF,SF,OF;flows=;fallthrough=0055db1c
instruction_reference	0055dab8	FUN_0055dab8	0055db15	Stack[-0x180]	READ		operand_index=0;primary=true;source=ANALYSIS
instruction	0055dab8	FUN_0055dab8	0055db1c	0055db22	CONDITIONAL_JUMP	FUN_0055dab8	bytes=0F87CE100000;mnemonic=JA;instruction=JA 0x0055ebf0;inputs=CF,ZF;results=;flows=0055ebf0;fallthrough=0055db22
instruction_reference	0055dab8	FUN_0055dab8	0055db1c	0055ebf0	CONDITIONAL_JUMP	caseD_2	operand_index=0;primary=true;source=DEFAULT
instruction	0055dab8	FUN_0055dab8	0055db22	0055db28	FALL_THROUGH	FUN_0055dab8	bytes=8B8584FEFFFF;mnemonic=MOV;instruction=MOV EAX,dword ptr [EBP + 0xfffffe84];inputs=EBP,0xfffffe84;results=EAX;flows=;fallthrough=0055db28
instruction_reference	0055dab8	FUN_0055dab8	0055db22	Stack[-0x180]	READ		operand_index=1;primary=true;source=ANALYSIS
instruction	0055dab8	FUN_0055dab8	0055db28	0055db2a	FALL_THROUGH	FUN_0055dab8	bytes=33D2;mnemonic=XOR;instruction=XOR EDX,EDX;inputs=0x0,0x1,EDX,0xff;results=CF,PF,ZF,SF,EDX,OF;flows=;fallthrough=0055db2a
instruction	0055dab8	FUN_0055dab8	0055db2a	0055db30	FALL_THROUGH	FUN_0055dab8	bytes=8A9089EC5500;mnemonic=MOV;instruction=MOV DL,byte ptr [EAX + 0x55ec89];inputs=EAX,0x55ec89;results=DL;flows=;fallthrough=0055db30
instruction_reference	0055dab8	FUN_0055dab8	0055db2a	0055ec88	DATA	PTR_caseD_2_0055ec85+3	operand_index=1;primary=true;source=ANALYSIS
instruction	0055dab8	FUN_0055dab8	0055db30		COMPUTED_JUMP	FUN_0055dab8	bytes=FF24956DEC5500;mnemonic=JMP;instruction=JMP dword ptr [EDX*0x4 + 0x55ec6d];inputs=0x4,EDX,0x55ec6d;results=;flows=0055e6ea,0055e0ec,0055ebf0,0055de30,0055eac1,0055dc56,0055dc34;fallthrough=
instruction_reference	0055dab8	FUN_0055dab8	0055db30	0055dc34	COMPUTED_JUMP	caseD_1	operand_index=-1;primary=true;source=ANALYSIS
instruction_reference	0055dab8	FUN_0055dab8	0055db30	0055ebf0	COMPUTED_JUMP	caseD_2	operand_index=-1;primary=false;source=ANALYSIS
instruction_reference	0055dab8	FUN_0055dab8	0055db30	0055dc56	COMPUTED_JUMP	caseD_3	operand_index=-1;primary=false;source=ANALYSIS
instruction_reference	0055dab8	FUN_0055dab8	0055db30	0055de30	COMPUTED_JUMP	caseD_6	operand_index=-1;primary=false;source=ANALYSIS
instruction_reference	0055dab8	FUN_0055dab8	0055db30	0055eac1	COMPUTED_JUMP	caseD_10	operand_index=-1;primary=false;source=ANALYSIS
instruction_reference	0055dab8	FUN_0055dab8	0055db30	0055e0ec	COMPUTED_JUMP	caseD_20	operand_index=-1;primary=false;source=ANALYSIS
instruction_reference	0055dab8	FUN_0055dab8	0055db30	0055e6ea	COMPUTED_JUMP	caseD_2b	operand_index=-1;primary=false;source=ANALYSIS
instruction_reference	0055dab8	FUN_0055dab8	0055db30	0055ec6d	DATA	switchdataD_0055ec6d	operand_index=0;primary=true;source=ANALYSIS
instruction	0055dab8	FUN_0055dab8	0055db37	0055db3d	FALL_THROUGH	FUN_0055dab8	bytes=8B8D84FEFFFF;mnemonic=MOV;instruction=MOV ECX,dword ptr [EBP + 0xfffffe84];inputs=EBP,0xfffffe84;results=ECX;flows=;fallthrough=0055db3d
instruction_reference	0055dab8	FUN_0055dab8	0055db37	Stack[-0x180]	READ		operand_index=1;primary=true;source=ANALYSIS
instruction	0055dab8	FUN_0055dab8	0055db3d	0055db43	FALL_THROUGH	FUN_0055dab8	bytes=81E900010000;mnemonic=SUB;instruction=SUB ECX,0x100;inputs=0x100,0x0,0x1,ECX,0xff;results=CF,PF,ECX,ZF,SF,OF;flows=;fallthrough=0055db43
instruction	0055dab8	FUN_0055dab8	0055db43	0055db49	FALL_THROUGH	FUN_0055dab8	bytes=898D84FEFFFF;mnemonic=MOV;instruction=MOV dword ptr [EBP + 0xfffffe84],ECX;inputs=EBP,ECX,0xfffffe84;results=;flows=;fallthrough=0055db49
instruction_reference	0055dab8	FUN_0055dab8	0055db43	Stack[-0x180]	WRITE		operand_index=0;primary=true;source=ANALYSIS
instruction	0055dab8	FUN_0055dab8	0055db49	0055db50	FALL_THROUGH	FUN_0055dab8	bytes=83BD84FEFFFF0E;mnemonic=CMP;instruction=CMP dword ptr [EBP + 0xfffffe84],0xe;inputs=0x0,0x1,EBP,0xfffffe84,0xe,0xff;results=CF,PF,ZF,SF,OF;flows=;fallthrough=0055db50
instruction_reference	0055dab8	FUN_0055dab8	0055db49	Stack[-0x180]	READ		operand_index=0;primary=true;source=ANALYSIS
instruction	0055dab8	FUN_0055dab8	0055db50	0055db56	CONDITIONAL_JUMP	FUN_0055dab8	bytes=0F879A100000;mnemonic=JA;instruction=JA 0x0055ebf0;inputs=CF,ZF;results=;flows=0055ebf0;fallthrough=0055db56
instruction_reference	0055dab8	FUN_0055dab8	0055db50	0055ebf0	CONDITIONAL_JUMP	caseD_2	operand_index=0;primary=true;source=DEFAULT
instruction	0055dab8	FUN_0055dab8	0055db56	0055db5c	FALL_THROUGH	FUN_0055dab8	bytes=8B8584FEFFFF;mnemonic=MOV;instruction=MOV EAX,dword ptr [EBP + 0xfffffe84];inputs=EBP,0xfffffe84;results=EAX;flows=;fallthrough=0055db5c
instruction_reference	0055dab8	FUN_0055dab8	0055db56	Stack[-0x180]	READ		operand_index=1;primary=true;source=ANALYSIS
instruction	0055dab8	FUN_0055dab8	0055db5c	0055db5e	FALL_THROUGH	FUN_0055dab8	bytes=33D2;mnemonic=XOR;instruction=XOR EDX,EDX;inputs=0x0,0x1,EDX,0xff;results=CF,PF,ZF,SF,EDX,OF;flows=;fallthrough=0055db5e
instruction	0055dab8	FUN_0055dab8	0055db5e	0055db64	FALL_THROUGH	FUN_0055dab8	bytes=8A90D0EC5500;mnemonic=MOV;instruction=MOV DL,byte ptr [EAX + 0x55ecd0];inputs=EAX,0x55ecd0;results=DL;flows=;fallthrough=0055db64
instruction_reference	0055dab8	FUN_0055dab8	0055db5e	0055ecd0	DATA	switchdataD_0055ecd0	operand_index=1;primary=true;source=ANALYSIS
instruction	0055dab8	FUN_0055dab8	0055db64		COMPUTED_JUMP	FUN_0055dab8	bytes=FF2495B4EC5500;mnemonic=JMP;instruction=JMP dword ptr [EDX*0x4 + 0x55ecb4];inputs=0x55ecb4,0x4,EDX;results=;flows=0055e358,0055e49e,0055e42f,0055dd3f,0055dda2,0055e0f3,0055ebf0;fallthrough=
instruction_reference	0055dab8	FUN_0055dab8	0055db64	0055e0f3	COMPUTED_JUMP	caseD_100	operand_index=-1;primary=true;source=ANALYSIS
instruction_reference	0055dab8	FUN_0055dab8	0055db64	0055e358	COMPUTED_JUMP	caseD_101	operand_index=-1;primary=false;source=ANALYSIS
instruction_reference	0055dab8	FUN_0055dab8	0055db64	0055e42f	COMPUTED_JUMP	caseD_102	operand_index=-1;primary=false;source=ANALYSIS
instruction_reference	0055dab8	FUN_0055dab8	0055db64	0055ebf0	COMPUTED_JUMP	caseD_2	operand_index=-1;primary=false;source=ANALYSIS
instruction_reference	0055dab8	FUN_0055dab8	0055db64	0055dd3f	COMPUTED_JUMP	caseD_104	operand_index=-1;primary=false;source=ANALYSIS
instruction_reference	0055dab8	FUN_0055dab8	0055db64	0055dda2	COMPUTED_JUMP	caseD_105	operand_index=-1;primary=false;source=ANALYSIS
instruction_reference	0055dab8	FUN_0055dab8	0055db64	0055e49e	COMPUTED_JUMP	caseD_10e	operand_index=-1;primary=false;source=ANALYSIS
instruction_reference	0055dab8	FUN_0055dab8	0055db64	0055ecb4	DATA	switchdataD_0055ecb4	operand_index=0;primary=true;source=ANALYSIS
instruction	0055dab8	FUN_0055dab8	0055db6b	0055db75	FALL_THROUGH	FUN_0055dab8	bytes=81BD84FEFFFF05020000;mnemonic=CMP;instruction=CMP dword ptr [EBP + 0xfffffe84],0x205;inputs=0x0,0x1,EBP,0x205,0xfffffe84,0xff;results=CF,PF,ZF,SF,OF;flows=;fallthrough=0055db75
instruction_reference	0055dab8	FUN_0055dab8	0055db6b	Stack[-0x180]	READ		operand_index=0;primary=true;source=ANALYSIS
instruction	0055dab8	FUN_0055dab8	0055db75	0055db77	CONDITIONAL_JUMP	FUN_0055dab8	bytes=7747;mnemonic=JA;instruction=JA 0x0055dbbe;inputs=CF,ZF;results=;flows=0055dbbe;fallthrough=0055db77
instruction_reference	0055dab8	FUN_0055dab8	0055db75	0055dbbe	CONDITIONAL_JUMP	LAB_0055dbbe	operand_index=0;primary=true;source=DEFAULT
instruction	0055dab8	FUN_0055dab8	0055db77	0055db81	FALL_THROUGH	FUN_0055dab8	bytes=81BD84FEFFFF05020000;mnemonic=CMP;instruction=CMP dword ptr [EBP + 0xfffffe84],0x205;inputs=0x0,0x1,EBP,0x205,0xfffffe84,0xff;results=CF,PF,ZF,SF,OF;flows=;fallthrough=0055db81
instruction_reference	0055dab8	FUN_0055dab8	0055db77	Stack[-0x180]	READ		operand_index=0;primary=true;source=ANALYSIS
instruction	0055dab8	FUN_0055dab8	0055db81	0055db87	CONDITIONAL_JUMP	FUN_0055dab8	bytes=0F84BD040000;mnemonic=JZ;instruction=JZ 0x0055e044;inputs=ZF;results=;flows=0055e044;fallthrough=0055db87
instruction_reference	0055dab8	FUN_0055dab8	0055db81	0055e044	CONDITIONAL_JUMP	caseD_200	operand_index=0;primary=true;source=DEFAULT
instruction	0055dab8	FUN_0055dab8	0055db87	0055db8d	FALL_THROUGH	FUN_0055dab8	bytes=8B8D84FEFFFF;mnemonic=MOV;instruction=MOV ECX,dword ptr [EBP + 0xfffffe84];inputs=EBP,0xfffffe84;results=ECX;flows=;fallthrough=0055db8d
instruction_reference	0055dab8	FUN_0055dab8	0055db87	Stack[-0x180]	READ		operand_index=1;primary=true;source=ANALYSIS
instruction	0055dab8	FUN_0055dab8	0055db8d	0055db93	FALL_THROUGH	FUN_0055dab8	bytes=81E911010000;mnemonic=SUB;instruction=SUB ECX,0x111;inputs=0x0,0x111,0x1,ECX,0xff;results=CF,PF,ECX,ZF,SF,OF;flows=;fallthrough=0055db93
instruction	0055dab8	FUN_0055dab8	0055db93	0055db99	FALL_THROUGH	FUN_0055dab8	bytes=898D84FEFFFF;mnemonic=MOV;instruction=MOV dword ptr [EBP + 0xfffffe84],ECX;inputs=EBP,ECX,0xfffffe84;results=;flows=;fallthrough=0055db99
instruction_reference	0055dab8	FUN_0055dab8	0055db93	Stack[-0x180]	WRITE		operand_index=0;primary=true;source=ANALYSIS
instruction	0055dab8	FUN_0055dab8	0055db99	0055dba3	FALL_THROUGH	FUN_0055dab8	bytes=81BD84FEFFFFF3000000;mnemonic=CMP;instruction=CMP dword ptr [EBP + 0xfffffe84],0xf3;inputs=0x0,0x1,0xf3,EBP,0xfffffe84,0xff;results=CF,PF,ZF,SF,OF;flows=;fallthrough=0055dba3
instruction_reference	0055dab8	FUN_0055dab8	0055db99	Stack[-0x180]	READ		operand_index=0;primary=true;source=ANALYSIS
instruction	0055dab8	FUN_0055dab8	0055dba3	0055dba9	CONDITIONAL_JUMP	FUN_0055dab8	bytes=0F8747100000;mnemonic=JA;instruction=JA 0x0055ebf0;inputs=CF,ZF;results=;flows=0055ebf0;fallthrough=0055dba9
instruction_reference	0055dab8	FUN_0055dab8	0055dba3	0055ebf0	CONDITIONAL_JUMP	caseD_2	operand_index=0;primary=true;source=DEFAULT
instruction	0055dab8	FUN_0055dab8	0055dba9	0055dbaf	FALL_THROUGH	FUN_0055dab8	bytes=8B8584FEFFFF;mnemonic=MOV;instruction=MOV EAX,dword ptr [EBP + 0xfffffe84];inputs=EBP,0xfffffe84;results=EAX;flows=;fallthrough=0055dbaf
instruction_reference	0055dab8	FUN_0055dab8	0055dba9	Stack[-0x180]	READ		operand_index=1;primary=true;source=ANALYSIS
instruction	0055dab8	FUN_0055dab8	0055dbaf	0055dbb1	FALL_THROUGH	FUN_0055dab8	bytes=33D2;mnemonic=XOR;instruction=XOR EDX,EDX;inputs=0x0,0x1,EDX,0xff;results=CF,PF,ZF,SF,EDX,OF;flows=;fallthrough=0055dbb1
instruction	0055dab8	FUN_0055dab8	0055dbb1	0055dbb7	FALL_THROUGH	FUN_0055dab8	bytes=8A90F3EC5500;mnemonic=MOV;instruction=MOV DL,byte ptr [EAX + 0x55ecf3];inputs=EAX,0x55ecf3;results=DL;flows=;fallthrough=0055dbb7
instruction_reference	0055dab8	FUN_0055dab8	0055dbb1	0055ecf3	DATA	switchdataD_0055ecf3	operand_index=1;primary=true;source=ANALYSIS
instruction	0055dab8	FUN_0055dab8	0055dbb7		COMPUTED_JUMP	FUN_0055dab8	bytes=FF2495DFEC5500;mnemonic=JMP;instruction=JMP dword ptr [EDX*0x4 + 0x55ecdf];inputs=0x4,EDX,0x55ecdf;results=;flows=0055e5df,0055ebf0,0055e044,0055df34,0055de05;fallthrough=
instruction_reference	0055dab8	FUN_0055dab8	0055dbb7	0055e5df	COMPUTED_JUMP	caseD_111	operand_index=-1;primary=true;source=ANALYSIS
instruction_reference	0055dab8	FUN_0055dab8	0055dbb7	0055de05	COMPUTED_JUMP	caseD_112	operand_index=-1;primary=false;source=ANALYSIS
instruction_reference	0055dab8	FUN_0055dab8	0055dbb7	0055ebf0	COMPUTED_JUMP	caseD_2	operand_index=-1;primary=false;source=ANALYSIS
instruction_reference	0055dab8	FUN_0055dab8	0055dbb7	0055e044	COMPUTED_JUMP	caseD_200	operand_index=-1;primary=false;source=ANALYSIS
instruction_reference	0055dab8	FUN_0055dab8	0055dbb7	0055df34	COMPUTED_JUMP	caseD_201	operand_index=-1;primary=false;source=ANALYSIS
instruction_reference	0055dab8	FUN_0055dab8	0055dbb7	0055ecdf	DATA	switchdataD_0055ecdf	operand_index=0;primary=true;source=ANALYSIS
instruction	0055dab8	FUN_0055dab8	0055dbbe	0055dbc8	FALL_THROUGH	FUN_0055dab8	bytes=81BD84FEFFFF0D040000;mnemonic=CMP;instruction=CMP dword ptr [EBP + 0xfffffe84],0x40d;inputs=0x0,0x1,EBP,0xfffffe84,0x40d,0xff;results=CF,PF,ZF,SF,OF;flows=;fallthrough=0055dbc8
instruction_reference	0055dab8	FUN_0055dab8	0055dbbe	Stack[-0x180]	READ		operand_index=0;primary=true;source=ANALYSIS
instruction	0055dab8	FUN_0055dab8	0055dbc8	0055dbca	CONDITIONAL_JUMP	FUN_0055dab8	bytes=7745;mnemonic=JA;instruction=JA 0x0055dc0f;inputs=CF,ZF;results=;flows=0055dc0f;fallthrough=0055dbca
instruction_reference	0055dab8	FUN_0055dab8	0055dbc8	0055dc0f	CONDITIONAL_JUMP	LAB_0055dc0f	operand_index=0;primary=true;source=DEFAULT
instruction	0055dab8	FUN_0055dab8	0055dbca	0055dbd4	FALL_THROUGH	FUN_0055dab8	bytes=81BD84FEFFFF0D040000;mnemonic=CMP;instruction=CMP dword ptr [EBP + 0xfffffe84],0x40d;inputs=0x0,0x1,EBP,0xfffffe84,0x40d,0xff;results=CF,PF,ZF,SF,OF;flows=;fallthrough=0055dbd4
instruction_reference	0055dab8	FUN_0055dab8	0055dbca	Stack[-0x180]	READ		operand_index=0;primary=true;source=ANALYSIS
instruction	0055dab8	FUN_0055dab8	0055dbd4	0055dbda	CONDITIONAL_JUMP	FUN_0055dab8	bytes=0F84A1000000;mnemonic=JZ;instruction=JZ 0x0055dc7b;inputs=ZF;results=;flows=0055dc7b;fallthrough=0055dbda
instruction_reference	0055dab8	FUN_0055dab8	0055dbd4	0055dc7b	CONDITIONAL_JUMP	LAB_0055dc7b	operand_index=0;primary=true;source=DEFAULT
instruction	0055dab8	FUN_0055dab8	0055dbda	0055dbe4	FALL_THROUGH	FUN_0055dab8	bytes=81BD84FEFFFF06020000;mnemonic=CMP;instruction=CMP dword ptr [EBP + 0xfffffe84],0x206;inputs=0x0,0x1,EBP,0x206,0xfffffe84,0xff;results=CF,PF,ZF,SF,OF;flows=;fallthrough=0055dbe4
instruction_reference	0055dab8	FUN_0055dab8	0055dbda	Stack[-0x180]	READ		operand_index=0;primary=true;source=ANALYSIS
instruction	0055dab8	FUN_0055dab8	0055dbe4	0055dbea	CONDITIONAL_JUMP	FUN_0055dab8	bytes=0F844A030000;mnemonic=JZ;instruction=JZ 0x0055df34;inputs=ZF;results=;flows=0055df34;fallthrough=0055dbea
instruction_reference	0055dab8	FUN_0055dab8	0055dbe4	0055df34	CONDITIONAL_JUMP	caseD_201	operand_index=0;primary=true;source=DEFAULT
instruction	0055dab8	FUN_0055dab8	0055dbea	0055dbf4	FALL_THROUGH	FUN_0055dab8	bytes=81BD84FEFFFF81020000;mnemonic=CMP;instruction=CMP dword ptr [EBP + 0xfffffe84],0x281;inputs=0x0,0x281,0x1,EBP,0xfffffe84,0xff;results=CF,PF,ZF,SF,OF;flows=;fallthrough=0055dbf4
instruction_reference	0055dab8	FUN_0055dab8	0055dbea	Stack[-0x180]	READ		operand_index=0;primary=true;source=ANALYSIS
instruction	0055dab8	FUN_0055dab8	0055dbf4	0055dbfa	CONDITIONAL_JUMP	FUN_0055dab8	bytes=0F84FB020000;mnemonic=JZ;instruction=JZ 0x0055def5;inputs=ZF;results=;flows=0055def5;fallthrough=0055dbfa
instruction_reference	0055dab8	FUN_0055dab8	0055dbf4	0055def5	CONDITIONAL_JUMP	LAB_0055def5	operand_index=0;primary=true;source=DEFAULT
instruction	0055dab8	FUN_0055dab8	0055dbfa	0055dc04	FALL_THROUGH	FUN_0055dab8	bytes=81BD84FEFFFF82020000;mnemonic=CMP;instruction=CMP dword ptr [EBP + 0xfffffe84],0x282;inputs=0x0,0x1,0x282,EBP,0xfffffe84,0xff;results=CF,PF,ZF,SF,OF;flows=;fallthrough=0055dc04
instruction_reference	0055dab8	FUN_0055dab8	0055dbfa	Stack[-0x180]	READ		operand_index=0;primary=true;source=ANALYSIS
instruction	0055dab8	FUN_0055dab8	0055dc04	0055dc0a	CONDITIONAL_JUMP	FUN_0055dab8	bytes=0F8411090000;mnemonic=JZ;instruction=JZ 0x0055e51b;inputs=ZF;results=;flows=0055e51b;fallthrough=0055dc0a
instruction_reference	0055dab8	FUN_0055dab8	0055dc04	0055e51b	CONDITIONAL_JUMP	LAB_0055e51b	operand_index=0;primary=true;source=DEFAULT
instruction	0055dab8	FUN_0055dab8	0055dc0a		UNCONDITIONAL_JUMP	FUN_0055dab8	bytes=E9E10F0000;mnemonic=JMP;instruction=JMP 0x0055ebf0;inputs=;results=;flows=0055ebf0;fallthrough=
instruction_reference	0055dab8	FUN_0055dab8	0055dc0a	0055ebf0	UNCONDITIONAL_JUMP	caseD_2	operand_index=0;primary=true;source=DEFAULT
instruction	0055dab8	FUN_0055dab8	0055dc0f	0055dc19	FALL_THROUGH	FUN_0055dab8	bytes=81BD84FEFFFF64040000;mnemonic=CMP;instruction=CMP dword ptr [EBP + 0xfffffe84],0x464;inputs=0x0,0x1,EBP,0x464,0xfffffe84,0xff;results=CF,PF,ZF,SF,OF;flows=;fallthrough=0055dc19
instruction_reference	0055dab8	FUN_0055dab8	0055dc0f	Stack[-0x180]	READ		operand_index=0;primary=true;source=ANALYSIS
instruction	0055dab8	FUN_0055dab8	0055dc19	0055dc1f	CONDITIONAL_JUMP	FUN_0055dab8	bytes=0F84980B0000;mnemonic=JZ;instruction=JZ 0x0055e7b7;inputs=ZF;results=;flows=0055e7b7;fallthrough=0055dc1f
instruction_reference	0055dab8	FUN_0055dab8	0055dc19	0055e7b7	CONDITIONAL_JUMP	LAB_0055e7b7	operand_index=0;primary=true;source=DEFAULT
instruction	0055dab8	FUN_0055dab8	0055dc1f	0055dc29	FALL_THROUGH	FUN_0055dab8	bytes=81BD84FEFFFF65040000;mnemonic=CMP;instruction=CMP dword ptr [EBP + 0xfffffe84],0x465;inputs=0x0,0x1,EBP,0x465,0xfffffe84,0xff;results=CF,PF,ZF,SF,OF;flows=;fallthrough=0055dc29
instruction_reference	0055dab8	FUN_0055dab8	0055dc1f	Stack[-0x180]	READ		operand_index=0;primary=true;source=ANALYSIS
instruction	0055dab8	FUN_0055dab8	0055dc29	0055dc2f	CONDITIONAL_JUMP	FUN_0055dab8	bytes=0F846D0E0000;mnemonic=JZ;instruction=JZ 0x0055ea9c;inputs=ZF;results=;flows=0055ea9c;fallthrough=0055dc2f
instruction_reference	0055dab8	FUN_0055dab8	0055dc29	0055ea9c	CONDITIONAL_JUMP	LAB_0055ea9c	operand_index=0;primary=true;source=DEFAULT
instruction	0055dab8	FUN_0055dab8	0055dc2f		UNCONDITIONAL_JUMP	FUN_0055dab8	bytes=E9BC0F0000;mnemonic=JMP;instruction=JMP 0x0055ebf0;inputs=;results=;flows=0055ebf0;fallthrough=
instruction_reference	0055dab8	FUN_0055dab8	0055dc2f	0055ebf0	UNCONDITIONAL_JUMP	caseD_2	operand_index=0;primary=true;source=DEFAULT
instruction	0055dab8	FUN_0055dab8	0055dc34	0055dc37	FALL_THROUGH	FUN_0055dab8	bytes=8B4D14;mnemonic=MOV;instruction=MOV ECX,dword ptr [EBP + 0x14];inputs=EBP,0x14;results=ECX;flows=;fallthrough=0055dc37
instruction_reference	0055dab8	FUN_0055dab8	0055dc34	Stack[0x10]	READ		operand_index=1;primary=true;source=ANALYSIS
instruction	0055dab8	FUN_0055dab8	0055dc37	0055dc38	FALL_THROUGH	FUN_0055dab8	bytes=51;mnemonic=PUSH;instruction=PUSH ECX;inputs=ESP,ECX,0x4;results=ESP;flows=;fallthrough=0055dc38
instruction	0055dab8	FUN_0055dab8	0055dc38	0055dc3b	FALL_THROUGH	FUN_0055dab8	bytes=8B5510;mnemonic=MOV;instruction=MOV EDX,dword ptr [EBP + 0x10];inputs=0x10,EBP;results=EDX;flows=;fallthrough=0055dc3b
instruction_reference	0055dab8	FUN_0055dab8	0055dc38	Stack[0xc]	READ		operand_index=1;primary=true;source=ANALYSIS
instruction	0055dab8	FUN_0055dab8	0055dc3b	0055dc3c	FALL_THROUGH	FUN_0055dab8	bytes=52;mnemonic=PUSH;instruction=PUSH EDX;inputs=ESP,0x4,EDX;results=ESP;flows=;fallthrough=0055dc3c
instruction	0055dab8	FUN_0055dab8	0055dc3c	0055dc3f	FALL_THROUGH	FUN_0055dab8	bytes=8B4508;mnemonic=MOV;instruction=MOV EAX,dword ptr [EBP + 0x8];inputs=EBP,0x8;results=EAX;flows=;fallthrough=0055dc3f
instruction_reference	0055dab8	FUN_0055dab8	0055dc3c	Stack[0x4]	READ		operand_index=1;primary=true;source=ANALYSIS
instruction	0055dab8	FUN_0055dab8	0055dc3f	0055dc40	FALL_THROUGH	FUN_0055dab8	bytes=50;mnemonic=PUSH;instruction=PUSH EAX;inputs=EAX,ESP,0x4;results=ESP;flows=;fallthrough=0055dc40
instruction	0055dab8	FUN_0055dab8	0055dc40	0055dc46	FALL_THROUGH	FUN_0055dab8	bytes=8B8D88FEFFFF;mnemonic=MOV;instruction=MOV ECX,dword ptr [EBP + 0xfffffe88];inputs=EBP,0xfffffe88;results=ECX;flows=;fallthrough=0055dc46
instruction_reference	0055dab8	FUN_0055dab8	0055dc40	Stack[-0x17c]	READ		operand_index=1;primary=true;source=ANALYSIS
instruction	0055dab8	FUN_0055dab8	0055dc46	0055dc48	FALL_THROUGH	FUN_0055dab8	bytes=8B11;mnemonic=MOV;instruction=MOV EDX,dword ptr [ECX];inputs=ECX;results=EDX;flows=;fallthrough=0055dc48
instruction	0055dab8	FUN_0055dab8	0055dc48	0055dc4e	FALL_THROUGH	FUN_0055dab8	bytes=8B8D88FEFFFF;mnemonic=MOV;instruction=MOV ECX,dword ptr [EBP + 0xfffffe88];inputs=EBP,0xfffffe88;results=ECX;flows=;fallthrough=0055dc4e
instruction_reference	0055dab8	FUN_0055dab8	0055dc48	Stack[-0x17c]	READ		operand_index=1;primary=true;source=ANALYSIS
instruction	0055dab8	FUN_0055dab8	0055dc4e	0055dc51	COMPUTED_CALL	FUN_0055dab8	bytes=FF5210;mnemonic=CALL;instruction=CALL dword ptr [EDX + 0x10];inputs=0x10,ESP,0x4,0x55dc51,EDX;results=ESP;flows=;fallthrough=0055dc51
instruction	0055dab8	FUN_0055dab8	0055dc51		UNCONDITIONAL_JUMP	FUN_0055dab8	bytes=E99A0F0000;mnemonic=JMP;instruction=JMP 0x0055ebf0;inputs=;results=;flows=0055ebf0;fallthrough=
instruction_reference	0055dab8	FUN_0055dab8	0055dc51	0055ebf0	UNCONDITIONAL_JUMP	caseD_2	operand_index=0;primary=true;source=DEFAULT
instruction	0055dab8	FUN_0055dab8	0055dc56	0055dc5c	FALL_THROUGH	FUN_0055dab8	bytes=8B8588FEFFFF;mnemonic=MOV;instruction=MOV EAX,dword ptr [EBP + 0xfffffe88];inputs=EBP,0xfffffe88;results=EAX;flows=;fallthrough=0055dc5c
instruction_reference	0055dab8	FUN_0055dab8	0055dc56	Stack[-0x17c]	READ		operand_index=1;primary=true;source=ANALYSIS
instruction	0055dab8	FUN_0055dab8	0055dc5c	0055dc63	FALL_THROUGH	FUN_0055dab8	bytes=83B8E800000000;mnemonic=CMP;instruction=CMP dword ptr [EAX + 0xe8],0x0;inputs=EAX,0x0,0x1,0xe8,0xff;results=CF,PF,ZF,SF,OF;flows=;fallthrough=0055dc63
instruction	0055dab8	FUN_0055dab8	0055dc63	0055dc65	CONDITIONAL_JUMP	FUN_0055dab8	bytes=7411;mnemonic=JZ;instruction=JZ 0x0055dc76;inputs=ZF;results=;flows=0055dc76;fallthrough=0055dc65
instruction_reference	0055dab8	FUN_0055dab8	0055dc63	0055dc76	CONDITIONAL_JUMP	LAB_0055dc76	operand_index=0;primary=true;source=DEFAULT
instruction	0055dab8	FUN_0055dab8	0055dc65	0055dc6b	FALL_THROUGH	FUN_0055dab8	bytes=8B8D88FEFFFF;mnemonic=MOV;instruction=MOV ECX,dword ptr [EBP + 0xfffffe88];inputs=EBP,0xfffffe88;results=ECX;flows=;fallthrough=0055dc6b
instruction_reference	0055dab8	FUN_0055dab8	0055dc65	Stack[-0x17c]	READ		operand_index=1;primary=true;source=ANALYSIS
instruction	0055dab8	FUN_0055dab8	0055dc6b	0055dc71	FALL_THROUGH	FUN_0055dab8	bytes=8B89E8000000;mnemonic=MOV;instruction=MOV ECX,dword ptr [ECX + 0xe8];inputs=ECX,0xe8;results=ECX;flows=;fallthrough=0055dc71
instruction	0055dab8	FUN_0055dab8	0055dc71	0055dc76	UNCONDITIONAL_CALL	FUN_0055dab8	bytes=E8863BEDFF;mnemonic=CALL;instruction=CALL 0x004317fc;inputs=ESP,0x55dc76,0x4;results=ESP;flows=004317fc;fallthrough=0055dc76
instruction_reference	0055dab8	FUN_0055dab8	0055dc71	004317fc	UNCONDITIONAL_CALL	FUN_004317fc	operand_index=0;primary=true;source=DEFAULT
instruction	0055dab8	FUN_0055dab8	0055dc76		UNCONDITIONAL_JUMP	FUN_0055dab8	bytes=E9750F0000;mnemonic=JMP;instruction=JMP 0x0055ebf0;inputs=;results=;flows=0055ebf0;fallthrough=
instruction_reference	0055dab8	FUN_0055dab8	0055dc76	0055ebf0	UNCONDITIONAL_JUMP	caseD_2	operand_index=0;primary=true;source=DEFAULT
instruction	0055dab8	FUN_0055dab8	0055dc7b	0055dc81	FALL_THROUGH	FUN_0055dab8	bytes=8B9588FEFFFF;mnemonic=MOV;instruction=MOV EDX,dword ptr [EBP + 0xfffffe88];inputs=EBP,0xfffffe88;results=EDX;flows=;fallthrough=0055dc81
instruction_reference	0055dab8	FUN_0055dab8	0055dc7b	Stack[-0x17c]	READ		operand_index=1;primary=true;source=ANALYSIS
instruction	0055dab8	FUN_0055dab8	0055dc81	0055dc88	FALL_THROUGH	FUN_0055dab8	bytes=83BAE800000000;mnemonic=CMP;instruction=CMP dword ptr [EDX + 0xe8],0x0;inputs=0x0,0x1,EDX,0xe8,0xff;results=CF,PF,ZF,SF,OF;flows=;fallthrough=0055dc88
instruction	0055dab8	FUN_0055dab8	0055dc88	0055dc8e	CONDITIONAL_JUMP	FUN_0055dab8	bytes=0F84AC000000;mnemonic=JZ;instruction=JZ 0x0055dd3a;inputs=ZF;results=;flows=0055dd3a;fallthrough=0055dc8e
instruction_reference	0055dab8	FUN_0055dab8	0055dc88	0055dd3a	CONDITIONAL_JUMP	LAB_0055dd3a	operand_index=0;primary=true;source=DEFAULT
instruction	0055dab8	FUN_0055dab8	0055dc8e	0055dc94	FALL_THROUGH	FUN_0055dab8	bytes=8B8588FEFFFF;mnemonic=MOV;instruction=MOV EAX,dword ptr [EBP + 0xfffffe88];inputs=EBP,0xfffffe88;results=EAX;flows=;fallthrough=0055dc94
instruction_reference	0055dab8	FUN_0055dab8	0055dc8e	Stack[-0x17c]	READ		operand_index=1;primary=true;source=ANALYSIS
instruction	0055dab8	FUN_0055dab8	0055dc94	0055dc9a	FALL_THROUGH	FUN_0055dab8	bytes=8B88E8000000;mnemonic=MOV;instruction=MOV ECX,dword ptr [EAX + 0xe8];inputs=EAX,0xe8;results=ECX;flows=;fallthrough=0055dc9a
instruction	0055dab8	FUN_0055dab8	0055dc9a	0055dc9f	UNCONDITIONAL_CALL	FUN_0055dab8	bytes=E8913FEDFF;mnemonic=CALL;instruction=CALL 0x00431c30;inputs=ESP,0x4,0x55dc9f;results=ESP;flows=00431c30;fallthrough=0055dc9f
instruction_reference	0055dab8	FUN_0055dab8	0055dc9a	00431c30	UNCONDITIONAL_CALL	FUN_00431c30	operand_index=0;primary=true;source=DEFAULT
instruction	0055dab8	FUN_0055dab8	0055dc9f	0055dca2	FALL_THROUGH	FUN_0055dab8	bytes=8945FC;mnemonic=MOV;instruction=MOV dword ptr [EBP + -0x4],EAX;inputs=EAX,0xfffffffc,EBP;results=;flows=;fallthrough=0055dca2
instruction_reference	0055dab8	FUN_0055dab8	0055dc9f	Stack[-0x8]	WRITE		operand_index=0;primary=true;source=ANALYSIS
instruction	0055dab8	FUN_0055dab8	0055dca2	0055dca6	FALL_THROUGH	FUN_0055dab8	bytes=837DFC01;mnemonic=CMP;instruction=CMP dword ptr [EBP + -0x4],0x1;inputs=0x0,0x1,0xfffffffc,EBP,0xff;results=CF,PF,ZF,SF,OF;flows=;fallthrough=0055dca6
instruction_reference	0055dab8	FUN_0055dab8	0055dca2	Stack[-0x8]	READ		operand_index=0;primary=true;source=ANALYSIS
instruction	0055dab8	FUN_0055dab8	0055dca6	0055dca8	CONDITIONAL_JUMP	FUN_0055dab8	bytes=7575;mnemonic=JNZ;instruction=JNZ 0x0055dd1d;inputs=ZF;results=;flows=0055dd1d;fallthrough=0055dca8
instruction_reference	0055dab8	FUN_0055dab8	0055dca6	0055dd1d	CONDITIONAL_JUMP	LAB_0055dd1d	operand_index=0;primary=true;source=DEFAULT
instruction	0055dab8	FUN_0055dab8	0055dca8	0055dcae	FALL_THROUGH	FUN_0055dab8	bytes=8B8D88FEFFFF;mnemonic=MOV;instruction=MOV ECX,dword ptr [EBP + 0xfffffe88];inputs=EBP,0xfffffe88;results=ECX;flows=;fallthrough=0055dcae
instruction_reference	0055dab8	FUN_0055dab8	0055dca8	Stack[-0x17c]	READ		operand_index=1;primary=true;source=ANALYSIS
instruction	0055dab8	FUN_0055dab8	0055dcae	0055dcb5	FALL_THROUGH	FUN_0055dab8	bytes=83B9E800000000;mnemonic=CMP;instruction=CMP dword ptr [ECX + 0xe8],0x0;inputs=0x0,0x1,ECX,0xe8,0xff;results=CF,PF,ZF,SF,OF;flows=;fallthrough=0055dcb5
instruction	0055dab8	FUN_0055dab8	0055dcb5	0055dcb7	CONDITIONAL_JUMP	FUN_0055dab8	bytes=745B;mnemonic=JZ;instruction=JZ 0x0055dd12;inputs=ZF;results=;flows=0055dd12;fallthrough=0055dcb7
instruction_reference	0055dab8	FUN_0055dab8	0055dcb5	0055dd12	CONDITIONAL_JUMP	LAB_0055dd12	operand_index=0;primary=true;source=DEFAULT
instruction	0055dab8	FUN_0055dab8	0055dcb7	0055dcbd	FALL_THROUGH	FUN_0055dab8	bytes=8B9588FEFFFF;mnemonic=MOV;instruction=MOV EDX,dword ptr [EBP + 0xfffffe88];inputs=EBP,0xfffffe88;results=EDX;flows=;fallthrough=0055dcbd
instruction_reference	0055dab8	FUN_0055dab8	0055dcb7	Stack[-0x17c]	READ		operand_index=1;primary=true;source=ANALYSIS
instruction	0055dab8	FUN_0055dab8	0055dcbd	0055dcc3	FALL_THROUGH	FUN_0055dab8	bytes=8B82E8000000;mnemonic=MOV;instruction=MOV EAX,dword ptr [EDX + 0xe8];inputs=EDX,0xe8;results=EAX;flows=;fallthrough=0055dcc3
instruction	0055dab8	FUN_0055dab8	0055dcc3	0055dcc9	FALL_THROUGH	FUN_0055dab8	bytes=89859CFEFFFF;mnemonic=MOV;instruction=MOV dword ptr [EBP + 0xfffffe9c],EAX;inputs=EAX,0xfffffe9c,EBP;results=;flows=;fallthrough=0055dcc9
instruction_reference	0055dab8	FUN_0055dab8	0055dcc3	Stack[-0x168]	WRITE		operand_index=0;primary=true;source=ANALYSIS
instruction	0055dab8	FUN_0055dab8	0055dcc9	0055dccf	FALL_THROUGH	FUN_0055dab8	bytes=8B8D9CFEFFFF;mnemonic=MOV;instruction=MOV ECX,dword ptr [EBP + 0xfffffe9c];inputs=0xfffffe9c,EBP;results=ECX;flows=;fallthrough=0055dccf
instruction_reference	0055dab8	FUN_0055dab8	0055dcc9	Stack[-0x168]	READ		operand_index=1;primary=true;source=ANALYSIS
instruction	0055dab8	FUN_0055dab8	0055dccf	0055dcd5	FALL_THROUGH	FUN_0055dab8	bytes=898DA0FEFFFF;mnemonic=MOV;instruction=MOV dword ptr [EBP + 0xfffffea0],ECX;inputs=EBP,ECX,0xfffffea0;results=;flows=;fallthrough=0055dcd5
instruction_reference	0055dab8	FUN_0055dab8	0055dccf	Stack[-0x164]	WRITE		operand_index=0;primary=true;source=ANALYSIS
instruction	0055dab8	FUN_0055dab8	0055dcd5	0055dcdc	FALL_THROUGH	FUN_0055dab8	bytes=83BDA0FEFFFF00;mnemonic=CMP;instruction=CMP dword ptr [EBP + 0xfffffea0],0x0;inputs=0x0,0x1,EBP,0xfffffea0,0xff;results=CF,PF,ZF,SF,OF;flows=;fallthrough=0055dcdc
instruction_reference	0055dab8	FUN_0055dab8	0055dcd5	Stack[-0x164]	READ		operand_index=0;primary=true;source=ANALYSIS
instruction	0055dab8	FUN_0055dab8	0055dcdc	0055dcde	CONDITIONAL_JUMP	FUN_0055dab8	bytes=741A;mnemonic=JZ;instruction=JZ 0x0055dcf8;inputs=ZF;results=;flows=0055dcf8;fallthrough=0055dcde
instruction_reference	0055dab8	FUN_0055dab8	0055dcdc	0055dcf8	CONDITIONAL_JUMP	LAB_0055dcf8	operand_index=0;primary=true;source=DEFAULT
instruction	0055dab8	FUN_0055dab8	0055dcde	0055dce0	FALL_THROUGH	FUN_0055dab8	bytes=6A01;mnemonic=PUSH;instruction=PUSH 0x1;inputs=ESP,0x1,0x4;results=ESP;flows=;fallthrough=0055dce0
instruction	0055dab8	FUN_0055dab8	0055dce0	0055dce6	FALL_THROUGH	FUN_0055dab8	bytes=8B95A0FEFFFF;mnemonic=MOV;instruction=MOV EDX,dword ptr [EBP + 0xfffffea0];inputs=EBP,0xfffffea0;results=EDX;flows=;fallthrough=0055dce6
instruction_reference	0055dab8	FUN_0055dab8	0055dce0	Stack[-0x164]	READ		operand_index=1;primary=true;source=ANALYSIS
instruction	0055dab8	FUN_0055dab8	0055dce6	0055dce8	FALL_THROUGH	FUN_0055dab8	bytes=8B02;mnemonic=MOV;instruction=MOV EAX,dword ptr [EDX];inputs=EDX;results=EAX;flows=;fallthrough=0055dce8
instruction	0055dab8	FUN_0055dab8	0055dce8	0055dcee	FALL_THROUGH	FUN_0055dab8	bytes=8B8DA0FEFFFF;mnemonic=MOV;instruction=MOV ECX,dword ptr [EBP + 0xfffffea0];inputs=EBP,0xfffffea0;results=ECX;flows=;fallthrough=0055dcee
instruction_reference	0055dab8	FUN_0055dab8	0055dce8	Stack[-0x164]	READ		operand_index=1;primary=true;source=ANALYSIS
instruction	0055dab8	FUN_0055dab8	0055dcee	0055dcf0	COMPUTED_CALL	FUN_0055dab8	bytes=FF10;mnemonic=CALL;instruction=CALL dword ptr [EAX];inputs=EAX,ESP,0x4,0x55dcf0;results=ESP;flows=;fallthrough=0055dcf0
instruction	0055dab8	FUN_0055dab8	0055dcf0	0055dcf6	FALL_THROUGH	FUN_0055dab8	bytes=898580FEFFFF;mnemonic=MOV;instruction=MOV dword ptr [EBP + 0xfffffe80],EAX;inputs=EAX,EBP,0xfffffe80;results=;flows=;fallthrough=0055dcf6
instruction_reference	0055dab8	FUN_0055dab8	0055dcf0	Stack[-0x184]	WRITE		operand_index=0;primary=true;source=ANALYSIS
instruction	0055dab8	FUN_0055dab8	0055dcf6		UNCONDITIONAL_JUMP	FUN_0055dab8	bytes=EB0A;mnemonic=JMP;instruction=JMP 0x0055dd02;inputs=;results=;flows=0055dd02;fallthrough=
instruction_reference	0055dab8	FUN_0055dab8	0055dcf6	0055dd02	UNCONDITIONAL_JUMP	LAB_0055dd02	operand_index=0;primary=true;source=DEFAULT
instruction	0055dab8	FUN_0055dab8	0055dcf8	0055dd02	FALL_THROUGH	FUN_0055dab8	bytes=C78580FEFFFF00000000;mnemonic=MOV;instruction=MOV dword ptr [EBP + 0xfffffe80],0x0;inputs=0x0,EBP,0xfffffe80;results=;flows=;fallthrough=0055dd02
instruction_reference	0055dab8	FUN_0055dab8	0055dcf8	Stack[-0x184]	WRITE		operand_index=0;primary=true;source=ANALYSIS
instruction	0055dab8	FUN_0055dab8	0055dd02	0055dd08	FALL_THROUGH	FUN_0055dab8	bytes=8B8D88FEFFFF;mnemonic=MOV;instruction=MOV ECX,dword ptr [EBP + 0xfffffe88];inputs=EBP,0xfffffe88;results=ECX;flows=;fallthrough=0055dd08
instruction_reference	0055dab8	FUN_0055dab8	0055dd02	Stack[-0x17c]	READ		operand_index=1;primary=true;source=ANALYSIS
instruction	0055dab8	FUN_0055dab8	0055dd08	0055dd12	FALL_THROUGH	FUN_0055dab8	bytes=C781E800000000000000;mnemonic=MOV;instruction=MOV dword ptr [ECX + 0xe8],0x0;inputs=0x0,ECX,0xe8;results=;flows=;fallthrough=0055dd12
instruction	0055dab8	FUN_0055dab8	0055dd12	0055dd18	FALL_THROUGH	FUN_0055dab8	bytes=8B8D88FEFFFF;mnemonic=MOV;instruction=MOV ECX,dword ptr [EBP + 0xfffffe88];inputs=EBP,0xfffffe88;results=ECX;flows=;fallthrough=0055dd18
instruction_reference	0055dab8	FUN_0055dab8	0055dd12	Stack[-0x17c]	READ		operand_index=1;primary=true;source=ANALYSIS
instruction	0055dab8	FUN_0055dab8	0055dd18	0055dd1d	UNCONDITIONAL_CALL	FUN_0055dab8	bytes=E8FBECFFFF;mnemonic=CALL;instruction=CALL 0x0055ca18;inputs=ESP,0x4,0x55dd1d;results=ESP;flows=0055ca18;fallthrough=0055dd1d
instruction_reference	0055dab8	FUN_0055dab8	0055dd18	0055ca18	UNCONDITIONAL_CALL	FUN_0055ca18	operand_index=0;primary=true;source=DEFAULT
instruction	0055dab8	FUN_0055dab8	0055dd1d	0055dd23	FALL_THROUGH	FUN_0055dab8	bytes=8B9588FEFFFF;mnemonic=MOV;instruction=MOV EDX,dword ptr [EBP + 0xfffffe88];inputs=EBP,0xfffffe88;results=EDX;flows=;fallthrough=0055dd23
instruction_reference	0055dab8	FUN_0055dab8	0055dd1d	Stack[-0x17c]	READ		operand_index=1;primary=true;source=ANALYSIS
instruction	0055dab8	FUN_0055dab8	0055dd23	0055dd27	FALL_THROUGH	FUN_0055dab8	bytes=837A1C00;mnemonic=CMP;instruction=CMP dword ptr [EDX + 0x1c],0x0;inputs=0x0,0x1,EDX,0x1c,0xff;results=CF,PF,ZF,SF,OF;flows=;fallthrough=0055dd27
instruction	0055dab8	FUN_0055dab8	0055dd27	0055dd29	CONDITIONAL_JUMP	FUN_0055dab8	bytes=7511;mnemonic=JNZ;instruction=JNZ 0x0055dd3a;inputs=ZF;results=;flows=0055dd3a;fallthrough=0055dd29
instruction_reference	0055dab8	FUN_0055dab8	0055dd27	0055dd3a	CONDITIONAL_JUMP	LAB_0055dd3a	operand_index=0;primary=true;source=DEFAULT
instruction	0055dab8	FUN_0055dab8	0055dd29	0055dd2f	FALL_THROUGH	FUN_0055dab8	bytes=8B8588FEFFFF;mnemonic=MOV;instruction=MOV EAX,dword ptr [EBP + 0xfffffe88];inputs=EBP,0xfffffe88;results=EAX;flows=;fallthrough=0055dd2f
instruction_reference	0055dab8	FUN_0055dab8	0055dd29	Stack[-0x17c]	READ		operand_index=1;primary=true;source=ANALYSIS
instruction	0055dab8	FUN_0055dab8	0055dd2f	0055dd35	FALL_THROUGH	FUN_0055dab8	bytes=8B88E8000000;mnemonic=MOV;instruction=MOV ECX,dword ptr [EAX + 0xe8];inputs=EAX,0xe8;results=ECX;flows=;fallthrough=0055dd35
instruction	0055dab8	FUN_0055dab8	0055dd35	0055dd3a	UNCONDITIONAL_CALL	FUN_0055dab8	bytes=E8C23AEDFF;mnemonic=CALL;instruction=CALL 0x004317fc;inputs=ESP,0x4,0x55dd3a;results=ESP;flows=004317fc;fallthrough=0055dd3a
instruction_reference	0055dab8	FUN_0055dab8	0055dd35	004317fc	UNCONDITIONAL_CALL	FUN_004317fc	operand_index=0;primary=true;source=DEFAULT
instruction	0055dab8	FUN_0055dab8	0055dd3a		UNCONDITIONAL_JUMP	FUN_0055dab8	bytes=E9B10E0000;mnemonic=JMP;instruction=JMP 0x0055ebf0;inputs=;results=;flows=0055ebf0;fallthrough=
instruction_reference	0055dab8	FUN_0055dab8	0055dd3a	0055ebf0	UNCONDITIONAL_JUMP	caseD_2	operand_index=0;primary=true;source=DEFAULT
instruction	0055dab8	FUN_0055dab8	0055dd3f	0055dd43	FALL_THROUGH	FUN_0055dab8	bytes=837D1012;mnemonic=CMP;instruction=CMP dword ptr [EBP + 0x10],0x12;inputs=0x10,0x0,0x1,0x12,EBP,0xff;results=CF,PF,ZF,SF,OF;flows=;fallthrough=0055dd43
instruction_reference	0055dab8	FUN_0055dab8	0055dd3f	Stack[0xc]	READ		operand_index=0;primary=true;source=ANALYSIS
instruction	0055dab8	FUN_0055dab8	0055dd43	0055dd45	CONDITIONAL_JUMP	FUN_0055dab8	bytes=752E;mnemonic=JNZ;instruction=JNZ 0x0055dd73;inputs=ZF;results=;flows=0055dd73;fallthrough=0055dd45
instruction_reference	0055dab8	FUN_0055dab8	0055dd43	0055dd73	CONDITIONAL_JUMP	LAB_0055dd73	operand_index=0;primary=true;source=DEFAULT
instruction	0055dab8	FUN_0055dab8	0055dd45	0055dd4c	FALL_THROUGH	FUN_0055dab8	bytes=833D2C723B0100;mnemonic=CMP;instruction=CMP dword ptr [0x013b722c],0x0;inputs=0x0,0x1,013b722c,0xff;results=CF,PF,ZF,SF,OF;flows=;fallthrough=0055dd4c
instruction_reference	0055dab8	FUN_0055dab8	0055dd45	013b722c	READ	DAT_013b722c	operand_index=0;primary=true;source=DEFAULT
instruction	0055dab8	FUN_0055dab8	0055dd4c	0055dd4e	CONDITIONAL_JUMP	FUN_0055dab8	bytes=7525;mnemonic=JNZ;instruction=JNZ 0x0055dd73;inputs=ZF;results=;flows=0055dd73;fallthrough=0055dd4e
instruction_reference	0055dab8	FUN_0055dab8	0055dd4c	0055dd73	CONDITIONAL_JUMP	LAB_0055dd73	operand_index=0;primary=true;source=DEFAULT
instruction	0055dab8	FUN_0055dab8	0055dd4e	0055dd54	FALL_THROUGH	FUN_0055dab8	bytes=8B8D88FEFFFF;mnemonic=MOV;instruction=MOV ECX,dword ptr [EBP + 0xfffffe88];inputs=EBP,0xfffffe88;results=ECX;flows=;fallthrough=0055dd54
instruction_reference	0055dab8	FUN_0055dab8	0055dd4e	Stack[-0x17c]	READ		operand_index=1;primary=true;source=ANALYSIS
instruction	0055dab8	FUN_0055dab8	0055dd54	0055dd5b	FALL_THROUGH	FUN_0055dab8	bytes=83B9F000000000;mnemonic=CMP;instruction=CMP dword ptr [ECX + 0xf0],0x0;inputs=0xf0,0x0,0x1,ECX,0xff;results=CF,PF,ZF,SF,OF;flows=;fallthrough=0055dd5b
instruction	0055dab8	FUN_0055dab8	0055dd5b	0055dd5d	CONDITIONAL_JUMP	FUN_0055dab8	bytes=7416;mnemonic=JZ;instruction=JZ 0x0055dd73;inputs=ZF;results=;flows=0055dd73;fallthrough=0055dd5d
instruction_reference	0055dab8	FUN_0055dab8	0055dd5b	0055dd73	CONDITIONAL_JUMP	LAB_0055dd73	operand_index=0;primary=true;source=DEFAULT
instruction	0055dab8	FUN_0055dab8	0055dd5d	0055dd63	FALL_THROUGH	FUN_0055dab8	bytes=8B9588FEFFFF;mnemonic=MOV;instruction=MOV EDX,dword ptr [EBP + 0xfffffe88];inputs=EBP,0xfffffe88;results=EDX;flows=;fallthrough=0055dd63
instruction_reference	0055dab8	FUN_0055dab8	0055dd5d	Stack[-0x17c]	READ		operand_index=1;primary=true;source=ANALYSIS
instruction	0055dab8	FUN_0055dab8	0055dd63	0055dd69	FALL_THROUGH	FUN_0055dab8	bytes=8B82F0000000;mnemonic=MOV;instruction=MOV EAX,dword ptr [EDX + 0xf0];inputs=0xf0,EDX;results=EAX;flows=;fallthrough=0055dd69
instruction	0055dab8	FUN_0055dab8	0055dd69	0055dd73	FALL_THROUGH	FUN_0055dab8	bytes=C7803404000001000000;mnemonic=MOV;instruction=MOV dword ptr [EAX + 0x434],0x1;inputs=EAX,0x1,0x434;results=;flows=;fallthrough=0055dd73
instruction	0055dab8	FUN_0055dab8	0055dd73	0055dd77	FALL_THROUGH	FUN_0055dab8	bytes=837D1079;mnemonic=CMP;instruction=CMP dword ptr [EBP + 0x10],0x79;inputs=0x10,0x0,0x1,EBP,0x79,0xff;results=CF,PF,ZF,SF,OF;flows=;fallthrough=0055dd77
instruction_reference	0055dab8	FUN_0055dab8	0055dd73	Stack[0xc]	READ		operand_index=0;primary=true;source=ANALYSIS
instruction	0055dab8	FUN_0055dab8	0055dd77	0055dd79	CONDITIONAL_JUMP	FUN_0055dab8	bytes=7524;mnemonic=JNZ;instruction=JNZ 0x0055dd9d;inputs=ZF;results=;flows=0055dd9d;fallthrough=0055dd79
instruction_reference	0055dab8	FUN_0055dab8	0055dd77	0055dd9d	CONDITIONAL_JUMP	LAB_0055dd9d	operand_index=0;primary=true;source=DEFAULT
instruction	0055dab8	FUN_0055dab8	0055dd79	0055dd7f	FALL_THROUGH	FUN_0055dab8	bytes=8B8D88FEFFFF;mnemonic=MOV;instruction=MOV ECX,dword ptr [EBP + 0xfffffe88];inputs=EBP,0xfffffe88;results=ECX;flows=;fallthrough=0055dd7f
instruction_reference	0055dab8	FUN_0055dab8	0055dd79	Stack[-0x17c]	READ		operand_index=1;primary=true;source=ANALYSIS
instruction	0055dab8	FUN_0055dab8	0055dd7f	0055dd86	FALL_THROUGH	FUN_0055dab8	bytes=83B9F000000000;mnemonic=CMP;instruction=CMP dword ptr [ECX + 0xf0],0x0;inputs=0xf0,0x0,0x1,ECX,0xff;results=CF,PF,ZF,SF,OF;flows=;fallthrough=0055dd86
instruction	0055dab8	FUN_0055dab8	0055dd86	0055dd88	CONDITIONAL_JUMP	FUN_0055dab8	bytes=7415;mnemonic=JZ;instruction=JZ 0x0055dd9d;inputs=ZF;results=;flows=0055dd9d;fallthrough=0055dd88
instruction_reference	0055dab8	FUN_0055dab8	0055dd86	0055dd9d	CONDITIONAL_JUMP	LAB_0055dd9d	operand_index=0;primary=true;source=DEFAULT
instruction	0055dab8	FUN_0055dab8	0055dd88	0055dd8b	FALL_THROUGH	FUN_0055dab8	bytes=8B5510;mnemonic=MOV;instruction=MOV EDX,dword ptr [EBP + 0x10];inputs=0x10,EBP;results=EDX;flows=;fallthrough=0055dd8b
instruction_reference	0055dab8	FUN_0055dab8	0055dd88	Stack[0xc]	READ		operand_index=1;primary=true;source=ANALYSIS
instruction	0055dab8	FUN_0055dab8	0055dd8b	0055dd8c	FALL_THROUGH	FUN_0055dab8	bytes=52;mnemonic=PUSH;instruction=PUSH EDX;inputs=ESP,0x4,EDX;results=ESP;flows=;fallthrough=0055dd8c
instruction	0055dab8	FUN_0055dab8	0055dd8c	0055dd92	FALL_THROUGH	FUN_0055dab8	bytes=8B8588FEFFFF;mnemonic=MOV;instruction=MOV EAX,dword ptr [EBP + 0xfffffe88];inputs=EBP,0xfffffe88;results=EAX;flows=;fallthrough=0055dd92
instruction_reference	0055dab8	FUN_0055dab8	0055dd8c	Stack[-0x17c]	READ		operand_index=1;primary=true;source=ANALYSIS
instruction	0055dab8	FUN_0055dab8	0055dd92	0055dd98	FALL_THROUGH	FUN_0055dab8	bytes=8B88F0000000;mnemonic=MOV;instruction=MOV ECX,dword ptr [EAX + 0xf0];inputs=EAX,0xf0;results=ECX;flows=;fallthrough=0055dd98
instruction	0055dab8	FUN_0055dab8	0055dd98	0055dd9d	UNCONDITIONAL_CALL	FUN_0055dab8	bytes=E8E716F5FF;mnemonic=CALL;instruction=CALL 0x004af484;inputs=ESP,0x4,0x55dd9d;results=ESP;flows=004af484;fallthrough=0055dd9d
instruction_reference	0055dab8	FUN_0055dab8	0055dd98	004af484	UNCONDITIONAL_CALL	FUN_004af484	operand_index=0;primary=true;source=DEFAULT
instruction	0055dab8	FUN_0055dab8	0055dd9d		UNCONDITIONAL_JUMP	FUN_0055dab8	bytes=E94E0E0000;mnemonic=JMP;instruction=JMP 0x0055ebf0;inputs=;results=;flows=0055ebf0;fallthrough=
instruction_reference	0055dab8	FUN_0055dab8	0055dd9d	0055ebf0	UNCONDITIONAL_JUMP	caseD_2	operand_index=0;primary=true;source=DEFAULT
instruction	0055dab8	FUN_0055dab8	0055dda2	0055dda6	FALL_THROUGH	FUN_0055dab8	bytes=837D1012;mnemonic=CMP;instruction=CMP dword ptr [EBP + 0x10],0x12;inputs=0x10,0x0,0x1,0x12,EBP,0xff;results=CF,PF,ZF,SF,OF;flows=;fallthrough=0055dda6
instruction_reference	0055dab8	FUN_0055dab8	0055dda2	Stack[0xc]	READ		operand_index=0;primary=true;source=ANALYSIS
instruction	0055dab8	FUN_0055dab8	0055dda6	0055dda8	CONDITIONAL_JUMP	FUN_0055dab8	bytes=752E;mnemonic=JNZ;instruction=JNZ 0x0055ddd6;inputs=ZF;results=;flows=0055ddd6;fallthrough=0055dda8
instruction_reference	0055dab8	FUN_0055dab8	0055dda6	0055ddd6	CONDITIONAL_JUMP	LAB_0055ddd6	operand_index=0;primary=true;source=DEFAULT
instruction	0055dab8	FUN_0055dab8	0055dda8	0055ddaf	FALL_THROUGH	FUN_0055dab8	bytes=833D2C723B0100;mnemonic=CMP;instruction=CMP dword ptr [0x013b722c],0x0;inputs=0x0,0x1,013b722c,0xff;results=CF,PF,ZF,SF,OF;flows=;fallthrough=0055ddaf
instruction_reference	0055dab8	FUN_0055dab8	0055dda8	013b722c	READ	DAT_013b722c	operand_index=0;primary=true;source=DEFAULT
instruction	0055dab8	FUN_0055dab8	0055ddaf	0055ddb1	CONDITIONAL_JUMP	FUN_0055dab8	bytes=7525;mnemonic=JNZ;instruction=JNZ 0x0055ddd6;inputs=ZF;results=;flows=0055ddd6;fallthrough=0055ddb1
instruction_reference	0055dab8	FUN_0055dab8	0055ddaf	0055ddd6	CONDITIONAL_JUMP	LAB_0055ddd6	operand_index=0;primary=true;source=DEFAULT
instruction	0055dab8	FUN_0055dab8	0055ddb1	0055ddb7	FALL_THROUGH	FUN_0055dab8	bytes=8B8D88FEFFFF;mnemonic=MOV;instruction=MOV ECX,dword ptr [EBP + 0xfffffe88];inputs=EBP,0xfffffe88;results=ECX;flows=;fallthrough=0055ddb7
instruction_reference	0055dab8	FUN_0055dab8	0055ddb1	Stack[-0x17c]	READ		operand_index=1;primary=true;source=ANALYSIS
instruction	0055dab8	FUN_0055dab8	0055ddb7	0055ddbe	FALL_THROUGH	FUN_0055dab8	bytes=83B9F000000000;mnemonic=CMP;instruction=CMP dword ptr [ECX + 0xf0],0x0;inputs=0xf0,0x0,0x1,ECX,0xff;results=CF,PF,ZF,SF,OF;flows=;fallthrough=0055ddbe
instruction	0055dab8	FUN_0055dab8	0055ddbe	0055ddc0	CONDITIONAL_JUMP	FUN_0055dab8	bytes=7416;mnemonic=JZ;instruction=JZ 0x0055ddd6;inputs=ZF;results=;flows=0055ddd6;fallthrough=0055ddc0
instruction_reference	0055dab8	FUN_0055dab8	0055ddbe	0055ddd6	CONDITIONAL_JUMP	LAB_0055ddd6	operand_index=0;primary=true;source=DEFAULT
instruction	0055dab8	FUN_0055dab8	0055ddc0	0055ddc6	FALL_THROUGH	FUN_0055dab8	bytes=8B9588FEFFFF;mnemonic=MOV;instruction=MOV EDX,dword ptr [EBP + 0xfffffe88];inputs=EBP,0xfffffe88;results=EDX;flows=;fallthrough=0055ddc6
instruction_reference	0055dab8	FUN_0055dab8	0055ddc0	Stack[-0x17c]	READ		operand_index=1;primary=true;source=ANALYSIS
instruction	0055dab8	FUN_0055dab8	0055ddc6	0055ddcc	FALL_THROUGH	FUN_0055dab8	bytes=8B82F0000000;mnemonic=MOV;instruction=MOV EAX,dword ptr [EDX + 0xf0];inputs=0xf0,EDX;results=EAX;flows=;fallthrough=0055ddcc
instruction	0055dab8	FUN_0055dab8	0055ddcc	0055ddd6	FALL_THROUGH	FUN_0055dab8	bytes=C7803404000000000000;mnemonic=MOV;instruction=MOV dword ptr [EAX + 0x434],0x0;inputs=EAX,0x0,0x434;results=;flows=;fallthrough=0055ddd6
instruction	0055dab8	FUN_0055dab8	0055ddd6	0055ddda	FALL_THROUGH	FUN_0055dab8	bytes=837D1079;mnemonic=CMP;instruction=CMP dword ptr [EBP + 0x10],0x79;inputs=0x10,0x0,0x1,EBP,0x79,0xff;results=CF,PF,ZF,SF,OF;flows=;fallthrough=0055ddda
instruction_reference	0055dab8	FUN_0055dab8	0055ddd6	Stack[0xc]	READ		operand_index=0;primary=true;source=ANALYSIS
instruction	0055dab8	FUN_0055dab8	0055ddda	0055dddc	CONDITIONAL_JUMP	FUN_0055dab8	bytes=7524;mnemonic=JNZ;instruction=JNZ 0x0055de00;inputs=ZF;results=;flows=0055de00;fallthrough=0055dddc
instruction_reference	0055dab8	FUN_0055dab8	0055ddda	0055de00	CONDITIONAL_JUMP	LAB_0055de00	operand_index=0;primary=true;source=DEFAULT
instruction	0055dab8	FUN_0055dab8	0055dddc	0055dde2	FALL_THROUGH	FUN_0055dab8	bytes=8B8D88FEFFFF;mnemonic=MOV;instruction=MOV ECX,dword ptr [EBP + 0xfffffe88];inputs=EBP,0xfffffe88;results=ECX;flows=;fallthrough=0055dde2
instruction_reference	0055dab8	FUN_0055dab8	0055dddc	Stack[-0x17c]	READ		operand_index=1;primary=true;source=ANALYSIS
instruction	0055dab8	FUN_0055dab8	0055dde2	0055dde9	FALL_THROUGH	FUN_0055dab8	bytes=83B9F000000000;mnemonic=CMP;instruction=CMP dword ptr [ECX + 0xf0],0x0;inputs=0xf0,0x0,0x1,ECX,0xff;results=CF,PF,ZF,SF,OF;flows=;fallthrough=0055dde9
instruction	0055dab8	FUN_0055dab8	0055dde9	0055ddeb	CONDITIONAL_JUMP	FUN_0055dab8	bytes=7415;mnemonic=JZ;instruction=JZ 0x0055de00;inputs=ZF;results=;flows=0055de00;fallthrough=0055ddeb
instruction_reference	0055dab8	FUN_0055dab8	0055dde9	0055de00	CONDITIONAL_JUMP	LAB_0055de00	operand_index=0;primary=true;source=DEFAULT
instruction	0055dab8	FUN_0055dab8	0055ddeb	0055ddee	FALL_THROUGH	FUN_0055dab8	bytes=8B5510;mnemonic=MOV;instruction=MOV EDX,dword ptr [EBP + 0x10];inputs=0x10,EBP;results=EDX;flows=;fallthrough=0055ddee
instruction_reference	0055dab8	FUN_0055dab8	0055ddeb	Stack[0xc]	READ		operand_index=1;primary=true;source=ANALYSIS
instruction	0055dab8	FUN_0055dab8	0055ddee	0055ddef	FALL_THROUGH	FUN_0055dab8	bytes=52;mnemonic=PUSH;instruction=PUSH EDX;inputs=ESP,0x4,EDX;results=ESP;flows=;fallthrough=0055ddef
instruction	0055dab8	FUN_0055dab8	0055ddef	0055ddf5	FALL_THROUGH	FUN_0055dab8	bytes=8B8588FEFFFF;mnemonic=MOV;instruction=MOV EAX,dword ptr [EBP + 0xfffffe88];inputs=EBP,0xfffffe88;results=EAX;flows=;fallthrough=0055ddf5
instruction_reference	0055dab8	FUN_0055dab8	0055ddef	Stack[-0x17c]	READ		operand_index=1;primary=true;source=ANALYSIS
instruction	0055dab8	FUN_0055dab8	0055ddf5	0055ddfb	FALL_THROUGH	FUN_0055dab8	bytes=8B88F0000000;mnemonic=MOV;instruction=MOV ECX,dword ptr [EAX + 0xf0];inputs=EAX,0xf0;results=ECX;flows=;fallthrough=0055ddfb
instruction	0055dab8	FUN_0055dab8	0055ddfb	0055de00	UNCONDITIONAL_CALL	FUN_0055dab8	bytes=E8CC16F5FF;mnemonic=CALL;instruction=CALL 0x004af4cc;inputs=ESP,0x4,0x55de00;results=ESP;flows=004af4cc;fallthrough=0055de00
instruction_reference	0055dab8	FUN_0055dab8	0055ddfb	004af4cc	UNCONDITIONAL_CALL	FUN_004af4cc	operand_index=0;primary=true;source=DEFAULT
instruction	0055dab8	FUN_0055dab8	0055de00		UNCONDITIONAL_JUMP	FUN_0055dab8	bytes=E9EB0D0000;mnemonic=JMP;instruction=JMP 0x0055ebf0;inputs=;results=;flows=0055ebf0;fallthrough=
instruction_reference	0055dab8	FUN_0055dab8	0055de00	0055ebf0	UNCONDITIONAL_JUMP	caseD_2	operand_index=0;primary=true;source=DEFAULT
instruction	0055dab8	FUN_0055dab8	0055de05	0055de0c	FALL_THROUGH	FUN_0055dab8	bytes=817D1000F10000;mnemonic=CMP;instruction=CMP dword ptr [EBP + 0x10],0xf100;inputs=0x10,0xf100,0x0,0x1,EBP,0xff;results=CF,PF,ZF,SF,OF;flows=;fallthrough=0055de0c
instruction_reference	0055dab8	FUN_0055dab8	0055de05	Stack[0xc]	READ		operand_index=0;primary=true;source=ANALYSIS
instruction	0055dab8	FUN_0055dab8	0055de0c	0055de0e	CONDITIONAL_JUMP	FUN_0055dab8	bytes=751D;mnemonic=JNZ;instruction=JNZ 0x0055de2b;inputs=ZF;results=;flows=0055de2b;fallthrough=0055de0e
instruction_reference	0055dab8	FUN_0055dab8	0055de0c	0055de2b	CONDITIONAL_JUMP	LAB_0055de2b	operand_index=0;primary=true;source=DEFAULT
instruction	0055dab8	FUN_0055dab8	0055de0e	0055de10	FALL_THROUGH	FUN_0055dab8	bytes=6A00;mnemonic=PUSH;instruction=PUSH 0x0;inputs=0x0,ESP,0x4;results=ESP;flows=;fallthrough=0055de10
instruction	0055dab8	FUN_0055dab8	0055de10	0055de15	FALL_THROUGH	FUN_0055dab8	bytes=68A4000000;mnemonic=PUSH;instruction=PUSH 0xa4;inputs=ESP,0xa4,0x4;results=ESP;flows=;fallthrough=0055de15
instruction	0055dab8	FUN_0055dab8	0055de15	0055de1a	FALL_THROUGH	FUN_0055dab8	bytes=6800010000;mnemonic=PUSH;instruction=PUSH 0x100;inputs=0x100,ESP,0x4;results=ESP;flows=;fallthrough=0055de1a
instruction	0055dab8	FUN_0055dab8	0055de1a	0055de1d	FALL_THROUGH	FUN_0055dab8	bytes=8B4D08;mnemonic=MOV;instruction=MOV ECX,dword ptr [EBP + 0x8];inputs=EBP,0x8;results=ECX;flows=;fallthrough=0055de1d
instruction_reference	0055dab8	FUN_0055dab8	0055de1a	Stack[0x4]	READ		operand_index=1;primary=true;source=ANALYSIS
instruction	0055dab8	FUN_0055dab8	0055de1d	0055de1e	FALL_THROUGH	FUN_0055dab8	bytes=51;mnemonic=PUSH;instruction=PUSH ECX;inputs=ESP,ECX,0x4;results=ESP;flows=;fallthrough=0055de1e
instruction	0055dab8	FUN_0055dab8	0055de1e	0055de24	COMPUTED_CALL	FUN_0055dab8	bytes=FF1590325A00;mnemonic=CALL;instruction=CALL dword ptr [0x005a3290];inputs=ESP,0x55de24,0x4,005a3290;results=ESP;flows=EXTERNAL:00000074;fallthrough=0055de24
instruction_reference	0055dab8	FUN_0055dab8	0055de1e	005a3290	READ	PTR_SendMessageA_005a3290	operand_index=0;primary=true;source=DEFAULT
instruction_reference	0055dab8	FUN_0055dab8	0055de1e	EXTERNAL:00000074	COMPUTED_CALL	SendMessageA	operand_index=-1;primary=true;source=ANALYSIS
instruction	0055dab8	FUN_0055dab8	0055de24	0055de26	FALL_THROUGH	FUN_0055dab8	bytes=33C0;mnemonic=XOR;instruction=XOR EAX,EAX;inputs=0x0,EAX,0x1,0xff;results=CF,EAX,PF,ZF,SF,OF;flows=;fallthrough=0055de26
instruction	0055dab8	FUN_0055dab8	0055de26		UNCONDITIONAL_JUMP	FUN_0055dab8	bytes=E93C0E0000;mnemonic=JMP;instruction=JMP 0x0055ec67;inputs=;results=;flows=0055ec67;fallthrough=
instruction_reference	0055dab8	FUN_0055dab8	0055de26	0055ec67	UNCONDITIONAL_JUMP	LAB_0055ec67	operand_index=0;primary=true;source=DEFAULT
instruction	0055dab8	FUN_0055dab8	0055de2b		UNCONDITIONAL_JUMP	FUN_0055dab8	bytes=E9C00D0000;mnemonic=JMP;instruction=JMP 0x0055ebf0;inputs=;results=;flows=0055ebf0;fallthrough=
instruction_reference	0055dab8	FUN_0055dab8	0055de2b	0055ebf0	UNCONDITIONAL_JUMP	caseD_2	operand_index=0;primary=true;source=DEFAULT
instruction	0055dab8	FUN_0055dab8	0055de30	0055de35	FALL_THROUGH	FUN_0055dab8	bytes=680F0000C0;mnemonic=PUSH;instruction=PUSH 0xc000000f;inputs=ESP,0x4,0xc000000f;results=ESP;flows=;fallthrough=0055de35
instruction	0055dab8	FUN_0055dab8	0055de35	0055de37	FALL_THROUGH	FUN_0055dab8	bytes=6A00;mnemonic=PUSH;instruction=PUSH 0x0;inputs=0x0,ESP,0x4;results=ESP;flows=;fallthrough=0055de37
instruction	0055dab8	FUN_0055dab8	0055de37	0055de3c	FALL_THROUGH	FUN_0055dab8	bytes=6881020000;mnemonic=PUSH;instruction=PUSH 0x281;inputs=ESP,0x281,0x4;results=ESP;flows=;fallthrough=0055de3c
instruction	0055dab8	FUN_0055dab8	0055de3c	0055de3f	FALL_THROUGH	FUN_0055dab8	bytes=8B5508;mnemonic=MOV;instruction=MOV EDX,dword ptr [EBP + 0x8];inputs=EBP,0x8;results=EDX;flows=;fallthrough=0055de3f
instruction_reference	0055dab8	FUN_0055dab8	0055de3c	Stack[0x4]	READ		operand_index=1;primary=true;source=ANALYSIS
instruction	0055dab8	FUN_0055dab8	0055de3f	0055de40	FALL_THROUGH	FUN_0055dab8	bytes=52;mnemonic=PUSH;instruction=PUSH EDX;inputs=ESP,0x4,EDX;results=ESP;flows=;fallthrough=0055de40
instruction	0055dab8	FUN_0055dab8	0055de40	0055de46	COMPUTED_CALL	FUN_0055dab8	bytes=FF1590325A00;mnemonic=CALL;instruction=CALL dword ptr [0x005a3290];inputs=ESP,0x55de46,0x4,005a3290;results=ESP;flows=EXTERNAL:00000074;fallthrough=0055de46
instruction_reference	0055dab8	FUN_0055dab8	0055de40	005a3290	READ	PTR_SendMessageA_005a3290	operand_index=0;primary=true;source=DEFAULT
instruction_reference	0055dab8	FUN_0055dab8	0055de40	EXTERNAL:00000074	COMPUTED_CALL	SendMessageA	operand_index=-1;primary=true;source=ANALYSIS
instruction	0055dab8	FUN_0055dab8	0055de46	0055de4a	FALL_THROUGH	FUN_0055dab8	bytes=837D1000;mnemonic=CMP;instruction=CMP dword ptr [EBP + 0x10],0x0;inputs=0x10,0x0,0x1,EBP,0xff;results=CF,PF,ZF,SF,OF;flows=;fallthrough=0055de4a
instruction_reference	0055dab8	FUN_0055dab8	0055de46	Stack[0xc]	READ		operand_index=0;primary=true;source=ANALYSIS
instruction	0055dab8	FUN_0055dab8	0055de4a	0055de4c	CONDITIONAL_JUMP	FUN_0055dab8	bytes=754E;mnemonic=JNZ;instruction=JNZ 0x0055de9a;inputs=ZF;results=;flows=0055de9a;fallthrough=0055de4c
instruction_reference	0055dab8	FUN_0055dab8	0055de4a	0055de9a	CONDITIONAL_JUMP	LAB_0055de9a	operand_index=0;primary=true;source=DEFAULT
instruction	0055dab8	FUN_0055dab8	0055de4c	0055de52	FALL_THROUGH	FUN_0055dab8	bytes=8B8588FEFFFF;mnemonic=MOV;instruction=MOV EAX,dword ptr [EBP + 0xfffffe88];inputs=EBP,0xfffffe88;results=EAX;flows=;fallthrough=0055de52
instruction_reference	0055dab8	FUN_0055dab8	0055de4c	Stack[-0x17c]	READ		operand_index=1;primary=true;source=ANALYSIS
instruction	0055dab8	FUN_0055dab8	0055de52	0055de59	FALL_THROUGH	FUN_0055dab8	bytes=83B8F000000000;mnemonic=CMP;instruction=CMP dword ptr [EAX + 0xf0],0x0;inputs=EAX,0xf0,0x0,0x1,0xff;results=CF,PF,ZF,SF,OF;flows=;fallthrough=0055de59
instruction	0055dab8	FUN_0055dab8	0055de59	0055de5b	CONDITIONAL_JUMP	FUN_0055dab8	bytes=7416;mnemonic=JZ;instruction=JZ 0x0055de71;inputs=ZF;results=;flows=0055de71;fallthrough=0055de5b
instruction_reference	0055dab8	FUN_0055dab8	0055de59	0055de71	CONDITIONAL_JUMP	LAB_0055de71	operand_index=0;primary=true;source=DEFAULT
instruction	0055dab8	FUN_0055dab8	0055de5b	0055de61	FALL_THROUGH	FUN_0055dab8	bytes=8B8D88FEFFFF;mnemonic=MOV;instruction=MOV ECX,dword ptr [EBP + 0xfffffe88];inputs=EBP,0xfffffe88;results=ECX;flows=;fallthrough=0055de61
instruction_reference	0055dab8	FUN_0055dab8	0055de5b	Stack[-0x17c]	READ		operand_index=1;primary=true;source=ANALYSIS
instruction	0055dab8	FUN_0055dab8	0055de61	0055de67	FALL_THROUGH	FUN_0055dab8	bytes=8B91F0000000;mnemonic=MOV;instruction=MOV EDX,dword ptr [ECX + 0xf0];inputs=0xf0,ECX;results=EDX;flows=;fallthrough=0055de67
instruction	0055dab8	FUN_0055dab8	0055de67	0055de71	FALL_THROUGH	FUN_0055dab8	bytes=C7823404000000000000;mnemonic=MOV;instruction=MOV dword ptr [EDX + 0x434],0x0;inputs=0x0,0x434,EDX;results=;flows=;fallthrough=0055de71
instruction	0055dab8	FUN_0055dab8	0055de71	0055de77	FALL_THROUGH	FUN_0055dab8	bytes=8B8588FEFFFF;mnemonic=MOV;instruction=MOV EAX,dword ptr [EBP + 0xfffffe88];inputs=EBP,0xfffffe88;results=EAX;flows=;fallthrough=0055de77
instruction_reference	0055dab8	FUN_0055dab8	0055de71	Stack[-0x17c]	READ		operand_index=1;primary=true;source=ANALYSIS
instruction	0055dab8	FUN_0055dab8	0055de77	0055de7e	FALL_THROUGH	FUN_0055dab8	bytes=83B8EC00000000;mnemonic=CMP;instruction=CMP dword ptr [EAX + 0xec],0x0;inputs=EAX,0x0,0x1,0xec,0xff;results=CF,PF,ZF,SF,OF;flows=;fallthrough=0055de7e
instruction	0055dab8	FUN_0055dab8	0055de7e	0055de80	CONDITIONAL_JUMP	FUN_0055dab8	bytes=7418;mnemonic=JZ;instruction=JZ 0x0055de98;inputs=ZF;results=;flows=0055de98;fallthrough=0055de80
instruction_reference	0055dab8	FUN_0055dab8	0055de7e	0055de98	CONDITIONAL_JUMP	LAB_0055de98	operand_index=0;primary=true;source=DEFAULT
instruction	0055dab8	FUN_0055dab8	0055de80	0055de85	FALL_THROUGH	FUN_0055dab8	bytes=68F0D8FFFF;mnemonic=PUSH;instruction=PUSH 0xffffd8f0;inputs=ESP,0x4,0xffffd8f0;results=ESP;flows=;fallthrough=0055de85
instruction	0055dab8	FUN_0055dab8	0055de85	0055de87	FALL_THROUGH	FUN_0055dab8	bytes=6A00;mnemonic=PUSH;instruction=PUSH 0x0;inputs=0x0,ESP,0x4;results=ESP;flows=;fallthrough=0055de87
instruction	0055dab8	FUN_0055dab8	0055de87	0055de8d	FALL_THROUGH	FUN_0055dab8	bytes=8B8D88FEFFFF;mnemonic=MOV;instruction=MOV ECX,dword ptr [EBP + 0xfffffe88];inputs=EBP,0xfffffe88;results=ECX;flows=;fallthrough=0055de8d
instruction_reference	0055dab8	FUN_0055dab8	0055de87	Stack[-0x17c]	READ		operand_index=1;primary=true;source=ANALYSIS
instruction	0055dab8	FUN_0055dab8	0055de8d	0055de93	FALL_THROUGH	FUN_0055dab8	bytes=8B89EC000000;mnemonic=MOV;instruction=MOV ECX,dword ptr [ECX + 0xec];inputs=ECX,0xec;results=ECX;flows=;fallthrough=0055de93
instruction	0055dab8	FUN_0055dab8	0055de93	0055de98	UNCONDITIONAL_CALL	FUN_0055dab8	bytes=E808B6ECFF;mnemonic=CALL;instruction=CALL 0x004294a0;inputs=ESP,0x4,0x55de98;results=ESP;flows=004294a0;fallthrough=0055de98
instruction_reference	0055dab8	FUN_0055dab8	0055de93	004294a0	UNCONDITIONAL_CALL	FUN_004294a0	operand_index=0;primary=true;source=DEFAULT
instruction	0055dab8	FUN_0055dab8	0055de98		UNCONDITIONAL_JUMP	FUN_0055dab8	bytes=EB56;mnemonic=JMP;instruction=JMP 0x0055def0;inputs=;results=;flows=0055def0;fallthrough=
instruction_reference	0055dab8	FUN_0055dab8	0055de98	0055def0	UNCONDITIONAL_JUMP	LAB_0055def0	operand_index=0;primary=true;source=DEFAULT
instruction	0055dab8	FUN_0055dab8	0055de9a	0055dea0	FALL_THROUGH	FUN_0055dab8	bytes=8B9588FEFFFF;mnemonic=MOV;instruction=MOV EDX,dword ptr [EBP + 0xfffffe88];inputs=EBP,0xfffffe88;results=EDX;flows=;fallthrough=0055dea0
instruction_reference	0055dab8	FUN_0055dab8	0055de9a	Stack[-0x17c]	READ		operand_index=1;primary=true;source=ANALYSIS
instruction	0055dab8	FUN_0055dab8	0055dea0	0055dea7	FALL_THROUGH	FUN_0055dab8	bytes=83BAF000000000;mnemonic=CMP;instruction=CMP dword ptr [EDX + 0xf0],0x0;inputs=0xf0,0x0,0x1,EDX,0xff;results=CF,PF,ZF,SF,OF;flows=;fallthrough=0055dea7
instruction	0055dab8	FUN_0055dab8	0055dea7	0055dea9	CONDITIONAL_JUMP	FUN_0055dab8	bytes=7416;mnemonic=JZ;instruction=JZ 0x0055debf;inputs=ZF;results=;flows=0055debf;fallthrough=0055dea9
instruction_reference	0055dab8	FUN_0055dab8	0055dea7	0055debf	CONDITIONAL_JUMP	LAB_0055debf	operand_index=0;primary=true;source=DEFAULT
instruction	0055dab8	FUN_0055dab8	0055dea9	0055deaf	FALL_THROUGH	FUN_0055dab8	bytes=8B8588FEFFFF;mnemonic=MOV;instruction=MOV EAX,dword ptr [EBP + 0xfffffe88];inputs=EBP,0xfffffe88;results=EAX;flows=;fallthrough=0055deaf
instruction_reference	0055dab8	FUN_0055dab8	0055dea9	Stack[-0x17c]	READ		operand_index=1;primary=true;source=ANALYSIS
instruction	0055dab8	FUN_0055dab8	0055deaf	0055deb5	FALL_THROUGH	FUN_0055dab8	bytes=8B88F0000000;mnemonic=MOV;instruction=MOV ECX,dword ptr [EAX + 0xf0];inputs=EAX,0xf0;results=ECX;flows=;fallthrough=0055deb5
instruction	0055dab8	FUN_0055dab8	0055deb5	0055debf	FALL_THROUGH	FUN_0055dab8	bytes=C7813404000000000000;mnemonic=MOV;instruction=MOV dword ptr [ECX + 0x434],0x0;inputs=0x0,ECX,0x434;results=;flows=;fallthrough=0055debf
instruction	0055dab8	FUN_0055dab8	0055debf	0055dec5	FALL_THROUGH	FUN_0055dab8	bytes=8B9588FEFFFF;mnemonic=MOV;instruction=MOV EDX,dword ptr [EBP + 0xfffffe88];inputs=EBP,0xfffffe88;results=EDX;flows=;fallthrough=0055dec5
instruction_reference	0055dab8	FUN_0055dab8	0055debf	Stack[-0x17c]	READ		operand_index=1;primary=true;source=ANALYSIS
instruction	0055dab8	FUN_0055dab8	0055dec5	0055decc	FALL_THROUGH	FUN_0055dab8	bytes=83BAEC00000000;mnemonic=CMP;instruction=CMP dword ptr [EDX + 0xec],0x0;inputs=0x0,0x1,EDX,0xec,0xff;results=CF,PF,ZF,SF,OF;flows=;fallthrough=0055decc
instruction	0055dab8	FUN_0055dab8	0055decc	0055dece	CONDITIONAL_JUMP	FUN_0055dab8	bytes=7422;mnemonic=JZ;instruction=JZ 0x0055def0;inputs=ZF;results=;flows=0055def0;fallthrough=0055dece
instruction_reference	0055dab8	FUN_0055dab8	0055decc	0055def0	CONDITIONAL_JUMP	LAB_0055def0	operand_index=0;primary=true;source=DEFAULT
instruction	0055dab8	FUN_0055dab8	0055dece	0055ded4	FALL_THROUGH	FUN_0055dab8	bytes=8B8588FEFFFF;mnemonic=MOV;instruction=MOV EAX,dword ptr [EBP + 0xfffffe88];inputs=EBP,0xfffffe88;results=EAX;flows=;fallthrough=0055ded4
instruction_reference	0055dab8	FUN_0055dab8	0055dece	Stack[-0x17c]	READ		operand_index=1;primary=true;source=ANALYSIS
instruction	0055dab8	FUN_0055dab8	0055ded4	0055deda	FALL_THROUGH	FUN_0055dab8	bytes=8B88EC000000;mnemonic=MOV;instruction=MOV ECX,dword ptr [EAX + 0xec];inputs=EAX,0xec;results=ECX;flows=;fallthrough=0055deda
instruction	0055dab8	FUN_0055dab8	0055deda	0055dedc	FALL_THROUGH	FUN_0055dab8	bytes=8B11;mnemonic=MOV;instruction=MOV EDX,dword ptr [ECX];inputs=ECX;results=EDX;flows=;fallthrough=0055dedc
instruction	0055dab8	FUN_0055dab8	0055dedc	0055dedd	FALL_THROUGH	FUN_0055dab8	bytes=52;mnemonic=PUSH;instruction=PUSH EDX;inputs=ESP,0x4,EDX;results=ESP;flows=;fallthrough=0055dedd
instruction	0055dab8	FUN_0055dab8	0055dedd	0055dedf	FALL_THROUGH	FUN_0055dab8	bytes=6A00;mnemonic=PUSH;instruction=PUSH 0x0;inputs=0x0,ESP,0x4;results=ESP;flows=;fallthrough=0055dedf
instruction	0055dab8	FUN_0055dab8	0055dedf	0055dee5	FALL_THROUGH	FUN_0055dab8	bytes=8B8588FEFFFF;mnemonic=MOV;instruction=MOV EAX,dword ptr [EBP + 0xfffffe88];inputs=EBP,0xfffffe88;results=EAX;flows=;fallthrough=0055dee5
instruction_reference	0055dab8	FUN_0055dab8	0055dedf	Stack[-0x17c]	READ		operand_index=1;primary=true;source=ANALYSIS
instruction	0055dab8	FUN_0055dab8	0055dee5	0055deeb	FALL_THROUGH	FUN_0055dab8	bytes=8B88EC000000;mnemonic=MOV;instruction=MOV ECX,dword ptr [EAX + 0xec];inputs=EAX,0xec;results=ECX;flows=;fallthrough=0055deeb
instruction	0055dab8	FUN_0055dab8	0055deeb	0055def0	UNCONDITIONAL_CALL	FUN_0055dab8	bytes=E8B0B5ECFF;mnemonic=CALL;instruction=CALL 0x004294a0;inputs=ESP,0x4,0x55def0;results=ESP;flows=004294a0;fallthrough=0055def0
instruction_reference	0055dab8	FUN_0055dab8	0055deeb	004294a0	UNCONDITIONAL_CALL	FUN_004294a0	operand_index=0;primary=true;source=DEFAULT
instruction	0055dab8	FUN_0055dab8	0055def0		UNCONDITIONAL_JUMP	FUN_0055dab8	bytes=E9FB0C0000;mnemonic=JMP;instruction=JMP 0x0055ebf0;inputs=;results=;flows=0055ebf0;fallthrough=
instruction_reference	0055dab8	FUN_0055dab8	0055def0	0055ebf0	UNCONDITIONAL_JUMP	caseD_2	operand_index=0;primary=true;source=DEFAULT
instruction	0055dab8	FUN_0055dab8	0055def5	0055def9	FALL_THROUGH	FUN_0055dab8	bytes=837D14FF;mnemonic=CMP;instruction=CMP dword ptr [EBP + 0x14],-0x1;inputs=0xffffffff,0x0,0x1,EBP,0x14,0xff;results=CF,PF,ZF,SF,OF;flows=;fallthrough=0055def9
instruction_reference	0055dab8	FUN_0055dab8	0055def5	Stack[0x10]	READ		operand_index=0;primary=true;source=ANALYSIS
instruction	0055dab8	FUN_0055dab8	0055def9	0055defb	CONDITIONAL_JUMP	FUN_0055dab8	bytes=7510;mnemonic=JNZ;instruction=JNZ 0x0055df0b;inputs=ZF;results=;flows=0055df0b;fallthrough=0055defb
instruction_reference	0055dab8	FUN_0055dab8	0055def9	0055df0b	CONDITIONAL_JUMP	LAB_0055df0b	operand_index=0;primary=true;source=DEFAULT
instruction	0055dab8	FUN_0055dab8	0055defb	0055df02	FALL_THROUGH	FUN_0055dab8	bytes=C7451001000000;mnemonic=MOV;instruction=MOV dword ptr [EBP + 0x10],0x1;inputs=0x10,0x1,EBP;results=;flows=;fallthrough=0055df02
instruction_reference	0055dab8	FUN_0055dab8	0055defb	Stack[0xc]	WRITE		operand_index=0;primary=true;source=ANALYSIS
instruction	0055dab8	FUN_0055dab8	0055df02	0055df09	FALL_THROUGH	FUN_0055dab8	bytes=C745140E000080;mnemonic=MOV;instruction=MOV dword ptr [EBP + 0x14],0x8000000e;inputs=EBP,0x14,0x8000000e;results=;flows=;fallthrough=0055df09
instruction_reference	0055dab8	FUN_0055dab8	0055df02	Stack[0x10]	WRITE		operand_index=0;primary=true;source=ANALYSIS
instruction	0055dab8	FUN_0055dab8	0055df09		UNCONDITIONAL_JUMP	FUN_0055dab8	bytes=EB0E;mnemonic=JMP;instruction=JMP 0x0055df19;inputs=;results=;flows=0055df19;fallthrough=
instruction_reference	0055dab8	FUN_0055dab8	0055df09	0055df19	UNCONDITIONAL_JUMP	LAB_0055df19	operand_index=0;primary=true;source=DEFAULT
instruction	0055dab8	FUN_0055dab8	0055df0b	0055df12	FALL_THROUGH	FUN_0055dab8	bytes=C7451000000000;mnemonic=MOV;instruction=MOV dword ptr [EBP + 0x10],0x0;inputs=0x10,0x0,EBP;results=;flows=;fallthrough=0055df12
instruction_reference	0055dab8	FUN_0055dab8	0055df0b	Stack[0xc]	WRITE		operand_index=0;primary=true;source=ANALYSIS
instruction	0055dab8	FUN_0055dab8	0055df12	0055df19	FALL_THROUGH	FUN_0055dab8	bytes=C745140E000080;mnemonic=MOV;instruction=MOV dword ptr [EBP + 0x14],0x8000000e;inputs=EBP,0x14,0x8000000e;results=;flows=;fallthrough=0055df19
instruction_reference	0055dab8	FUN_0055dab8	0055df12	Stack[0x10]	WRITE		operand_index=0;primary=true;source=ANALYSIS
instruction	0055dab8	FUN_0055dab8	0055df19	0055df1c	FALL_THROUGH	FUN_0055dab8	bytes=8B4D14;mnemonic=MOV;instruction=MOV ECX,dword ptr [EBP + 0x14];inputs=EBP,0x14;results=ECX;flows=;fallthrough=0055df1c
instruction_reference	0055dab8	FUN_0055dab8	0055df19	Stack[0x10]	READ		operand_index=1;primary=true;source=ANALYSIS
instruction	0055dab8	FUN_0055dab8	0055df1c	0055df1d	FALL_THROUGH	FUN_0055dab8	bytes=51;mnemonic=PUSH;instruction=PUSH ECX;inputs=ESP,ECX,0x4;results=ESP;flows=;fallthrough=0055df1d
instruction	0055dab8	FUN_0055dab8	0055df1d	0055df20	FALL_THROUGH	FUN_0055dab8	bytes=8B5510;mnemonic=MOV;instruction=MOV EDX,dword ptr [EBP + 0x10];inputs=0x10,EBP;results=EDX;flows=;fallthrough=0055df20
instruction_reference	0055dab8	FUN_0055dab8	0055df1d	Stack[0xc]	READ		operand_index=1;primary=true;source=ANALYSIS
instruction	0055dab8	FUN_0055dab8	0055df20	0055df21	FALL_THROUGH	FUN_0055dab8	bytes=52;mnemonic=PUSH;instruction=PUSH EDX;inputs=ESP,0x4,EDX;results=ESP;flows=;fallthrough=0055df21
instruction	0055dab8	FUN_0055dab8	0055df21	0055df24	FALL_THROUGH	FUN_0055dab8	bytes=8B450C;mnemonic=MOV;instruction=MOV EAX,dword ptr [EBP + 0xc];inputs=EBP,0xc;results=EAX;flows=;fallthrough=0055df24
instruction_reference	0055dab8	FUN_0055dab8	0055df21	Stack[0x8]	READ		operand_index=1;primary=true;source=ANALYSIS
instruction	0055dab8	FUN_0055dab8	0055df24	0055df25	FALL_THROUGH	FUN_0055dab8	bytes=50;mnemonic=PUSH;instruction=PUSH EAX;inputs=EAX,ESP,0x4;results=ESP;flows=;fallthrough=0055df25
instruction	0055dab8	FUN_0055dab8	0055df25	0055df28	FALL_THROUGH	FUN_0055dab8	bytes=8B4D08;mnemonic=MOV;instruction=MOV ECX,dword ptr [EBP + 0x8];inputs=EBP,0x8;results=ECX;flows=;fallthrough=0055df28
instruction_reference	0055dab8	FUN_0055dab8	0055df25	Stack[0x4]	READ		operand_index=1;primary=true;source=ANALYSIS
instruction	0055dab8	FUN_0055dab8	0055df28	0055df29	FALL_THROUGH	FUN_0055dab8	bytes=51;mnemonic=PUSH;instruction=PUSH ECX;inputs=ESP,ECX,0x4;results=ESP;flows=;fallthrough=0055df29
instruction	0055dab8	FUN_0055dab8	0055df29	0055df2f	COMPUTED_CALL	FUN_0055dab8	bytes=FF1510335A00;mnemonic=CALL;instruction=CALL dword ptr [0x005a3310];inputs=ESP,0x4,005a3310,0x55df2f;results=ESP;flows=EXTERNAL:00000094;fallthrough=0055df2f
instruction_reference	0055dab8	FUN_0055dab8	0055df29	005a3310	READ	PTR_DefWindowProcA_005a3310	operand_index=0;primary=true;source=DEFAULT
instruction_reference	0055dab8	FUN_0055dab8	0055df29	EXTERNAL:00000094	COMPUTED_CALL	DefWindowProcA	operand_index=-1;primary=true;source=ANALYSIS
instruction	0055dab8	FUN_0055dab8	0055df2f		UNCONDITIONAL_JUMP	FUN_0055dab8	bytes=E9330D0000;mnemonic=JMP;instruction=JMP 0x0055ec67;inputs=;results=;flows=0055ec67;fallthrough=
instruction_reference	0055dab8	FUN_0055dab8	0055df2f	0055ec67	UNCONDITIONAL_JUMP	LAB_0055ec67	operand_index=0;primary=true;source=DEFAULT
instruction	0055dab8	FUN_0055dab8	0055df34	0055df3b	FALL_THROUGH	FUN_0055dab8	bytes=833DC8CE5C0000;mnemonic=CMP;instruction=CMP dword ptr [0x005ccec8],0x0;inputs=0x0,0x1,005ccec8,0xff;results=CF,PF,ZF,SF,OF;flows=;fallthrough=0055df3b
instruction_reference	0055dab8	FUN_0055dab8	0055df34	005ccec8	READ	DAT_005ccec8	operand_index=0;primary=true;source=DEFAULT
instruction	0055dab8	FUN_0055dab8	0055df3b	0055df3d	CONDITIONAL_JUMP	FUN_0055dab8	bytes=750A;mnemonic=JNZ;instruction=JNZ 0x0055df47;inputs=ZF;results=;flows=0055df47;fallthrough=0055df3d
instruction_reference	0055dab8	FUN_0055dab8	0055df3b	0055df47	CONDITIONAL_JUMP	LAB_0055df47	operand_index=0;primary=true;source=DEFAULT
instruction	0055dab8	FUN_0055dab8	0055df3d	0055df3f	FALL_THROUGH	FUN_0055dab8	bytes=6A00;mnemonic=PUSH;instruction=PUSH 0x0;inputs=0x0,ESP,0x4;results=ESP;flows=;fallthrough=0055df3f
instruction	0055dab8	FUN_0055dab8	0055df3f	0055df45	COMPUTED_CALL	FUN_0055dab8	bytes=FF15F8325A00;mnemonic=CALL;instruction=CALL dword ptr [0x005a32f8];inputs=ESP,0x55df45,0x4,005a32f8;results=ESP;flows=EXTERNAL:0000008e;fallthrough=0055df45
instruction_reference	0055dab8	FUN_0055dab8	0055df3f	005a32f8	READ	PTR_SetCursor_005a32f8	operand_index=0;primary=true;source=DEFAULT
instruction_reference	0055dab8	FUN_0055dab8	0055df3f	EXTERNAL:0000008e	COMPUTED_CALL	SetCursor	operand_index=-1;primary=true;source=ANALYSIS
instruction	0055dab8	FUN_0055dab8	0055df45		UNCONDITIONAL_JUMP	FUN_0055dab8	bytes=EB4B;mnemonic=JMP;instruction=JMP 0x0055df92;inputs=;results=;flows=0055df92;fallthrough=
instruction_reference	0055dab8	FUN_0055dab8	0055df45	0055df92	UNCONDITIONAL_JUMP	LAB_0055df92	operand_index=0;primary=true;source=DEFAULT
instruction	0055dab8	FUN_0055dab8	0055df47	0055df4e	FALL_THROUGH	FUN_0055dab8	bytes=833DC8CE5C0002;mnemonic=CMP;instruction=CMP dword ptr [0x005ccec8],0x2;inputs=0x0,0x1,0x2,005ccec8,0xff;results=CF,PF,ZF,SF,OF;flows=;fallthrough=0055df4e
instruction_reference	0055dab8	FUN_0055dab8	0055df47	005ccec8	READ	DAT_005ccec8	operand_index=0;primary=true;source=DEFAULT
instruction	0055dab8	FUN_0055dab8	0055df4e	0055df50	CONDITIONAL_JUMP	FUN_0055dab8	bytes=7542;mnemonic=JNZ;instruction=JNZ 0x0055df92;inputs=ZF;results=;flows=0055df92;fallthrough=0055df50
instruction_reference	0055dab8	FUN_0055dab8	0055df4e	0055df92	CONDITIONAL_JUMP	LAB_0055df92	operand_index=0;primary=true;source=DEFAULT
instruction	0055dab8	FUN_0055dab8	0055df50	0055df57	FALL_THROUGH	FUN_0055dab8	bytes=833DC0CE5C0000;mnemonic=CMP;instruction=CMP dword ptr [0x005ccec0],0x0;inputs=0x0,0x1,005ccec0,0xff;results=CF,PF,ZF,SF,OF;flows=;fallthrough=0055df57
instruction_reference	0055dab8	FUN_0055dab8	0055df50	005ccec0	READ	DAT_005ccec0	operand_index=0;primary=true;source=DEFAULT
instruction	0055dab8	FUN_0055dab8	0055df57	0055df59	CONDITIONAL_JUMP	FUN_0055dab8	bytes=7439;mnemonic=JZ;instruction=JZ 0x0055df92;inputs=ZF;results=;flows=0055df92;fallthrough=0055df59
instruction_reference	0055dab8	FUN_0055dab8	0055df57	0055df92	CONDITIONAL_JUMP	LAB_0055df92	operand_index=0;primary=true;source=DEFAULT
instruction	0055dab8	FUN_0055dab8	0055df59	0055df5f	FALL_THROUGH	FUN_0055dab8	bytes=8B15C0CE5C00;mnemonic=MOV;instruction=MOV EDX,dword ptr [0x005ccec0];inputs=005ccec0;results=EDX;flows=;fallthrough=0055df5f
instruction_reference	0055dab8	FUN_0055dab8	0055df59	005ccec0	READ	DAT_005ccec0	operand_index=1;primary=true;source=DEFAULT
instruction	0055dab8	FUN_0055dab8	0055df5f	0055df66	FALL_THROUGH	FUN_0055dab8	bytes=83BAA400000000;mnemonic=CMP;instruction=CMP dword ptr [EDX + 0xa4],0x0;inputs=0x0,0x1,0xa4,EDX,0xff;results=CF,PF,ZF,SF,OF;flows=;fallthrough=0055df66
instruction	0055dab8	FUN_0055dab8	0055df66	0055df68	CONDITIONAL_JUMP	FUN_0055dab8	bytes=750E;mnemonic=JNZ;instruction=JNZ 0x0055df76;inputs=ZF;results=;flows=0055df76;fallthrough=0055df68
instruction_reference	0055dab8	FUN_0055dab8	0055df66	0055df76	CONDITIONAL_JUMP	LAB_0055df76	operand_index=0;primary=true;source=DEFAULT
instruction	0055dab8	FUN_0055dab8	0055df68	0055df6d	FALL_THROUGH	FUN_0055dab8	bytes=A1CCCE5C00;mnemonic=MOV;instruction=MOV EAX,[0x005ccecc];inputs=005ccecc;results=EAX;flows=;fallthrough=0055df6d
instruction_reference	0055dab8	FUN_0055dab8	0055df68	005ccecc	READ	DAT_005ccecc	operand_index=1;primary=true;source=DEFAULT
instruction	0055dab8	FUN_0055dab8	0055df6d	0055df6e	FALL_THROUGH	FUN_0055dab8	bytes=50;mnemonic=PUSH;instruction=PUSH EAX;inputs=EAX,ESP,0x4;results=ESP;flows=;fallthrough=0055df6e
instruction	0055dab8	FUN_0055dab8	0055df6e	0055df74	COMPUTED_CALL	FUN_0055dab8	bytes=FF15F8325A00;mnemonic=CALL;instruction=CALL dword ptr [0x005a32f8];inputs=ESP,0x55df74,0x4,005a32f8;results=ESP;flows=EXTERNAL:0000008e;fallthrough=0055df74
instruction_reference	0055dab8	FUN_0055dab8	0055df6e	005a32f8	READ	PTR_SetCursor_005a32f8	operand_index=0;primary=true;source=DEFAULT
instruction_reference	0055dab8	FUN_0055dab8	0055df6e	EXTERNAL:0000008e	COMPUTED_CALL	SetCursor	operand_index=-1;primary=true;source=ANALYSIS
instruction	0055dab8	FUN_0055dab8	0055df74		UNCONDITIONAL_JUMP	FUN_0055dab8	bytes=EB1C;mnemonic=JMP;instruction=JMP 0x0055df92;inputs=;results=;flows=0055df92;fallthrough=
instruction_reference	0055dab8	FUN_0055dab8	0055df74	0055df92	UNCONDITIONAL_JUMP	LAB_0055df92	operand_index=0;primary=true;source=DEFAULT
instruction	0055dab8	FUN_0055dab8	0055df76	0055df7c	FALL_THROUGH	FUN_0055dab8	bytes=8B0DC0CE5C00;mnemonic=MOV;instruction=MOV ECX,dword ptr [0x005ccec0];inputs=005ccec0;results=ECX;flows=;fallthrough=0055df7c
instruction_reference	0055dab8	FUN_0055dab8	0055df76	005ccec0	READ	DAT_005ccec0	operand_index=1;primary=true;source=DEFAULT
instruction	0055dab8	FUN_0055dab8	0055df7c	0055df83	FALL_THROUGH	FUN_0055dab8	bytes=83B9A400000001;mnemonic=CMP;instruction=CMP dword ptr [ECX + 0xa4],0x1;inputs=0x0,0x1,ECX,0xa4,0xff;results=CF,PF,ZF,SF,OF;flows=;fallthrough=0055df83
instruction	0055dab8	FUN_0055dab8	0055df83	0055df85	CONDITIONAL_JUMP	FUN_0055dab8	bytes=750D;mnemonic=JNZ;instruction=JNZ 0x0055df92;inputs=ZF;results=;flows=0055df92;fallthrough=0055df85
instruction_reference	0055dab8	FUN_0055dab8	0055df83	0055df92	CONDITIONAL_JUMP	LAB_0055df92	operand_index=0;primary=true;source=DEFAULT
instruction	0055dab8	FUN_0055dab8	0055df85	0055df8b	FALL_THROUGH	FUN_0055dab8	bytes=8B15D0CE5C00;mnemonic=MOV;instruction=MOV EDX,dword ptr [0x005cced0];inputs=005cced0;results=EDX;flows=;fallthrough=0055df8b
instruction_reference	0055dab8	FUN_0055dab8	0055df85	005cced0	READ	DAT_005cced0	operand_index=1;primary=true;source=DEFAULT
instruction	0055dab8	FUN_0055dab8	0055df8b	0055df8c	FALL_THROUGH	FUN_0055dab8	bytes=52;mnemonic=PUSH;instruction=PUSH EDX;inputs=ESP,0x4,EDX;results=ESP;flows=;fallthrough=0055df8c
instruction	0055dab8	FUN_0055dab8	0055df8c	0055df92	COMPUTED_CALL	FUN_0055dab8	bytes=FF15F8325A00;mnemonic=CALL;instruction=CALL dword ptr [0x005a32f8];inputs=ESP,0x4,0x55df92,005a32f8;results=ESP;flows=EXTERNAL:0000008e;fallthrough=0055df92
instruction_reference	0055dab8	FUN_0055dab8	0055df8c	005a32f8	READ	PTR_SetCursor_005a32f8	operand_index=0;primary=true;source=DEFAULT
instruction_reference	0055dab8	FUN_0055dab8	0055df8c	EXTERNAL:0000008e	COMPUTED_CALL	SetCursor	operand_index=-1;primary=true;source=ANALYSIS
instruction	0055dab8	FUN_0055dab8	0055df92	0055df98	FALL_THROUGH	FUN_0055dab8	bytes=8B8588FEFFFF;mnemonic=MOV;instruction=MOV EAX,dword ptr [EBP + 0xfffffe88];inputs=EBP,0xfffffe88;results=EAX;flows=;fallthrough=0055df98
instruction_reference	0055dab8	FUN_0055dab8	0055df92	Stack[-0x17c]	READ		operand_index=1;primary=true;source=ANALYSIS
instruction	0055dab8	FUN_0055dab8	0055df98	0055df9f	FALL_THROUGH	FUN_0055dab8	bytes=83B8E800000000;mnemonic=CMP;instruction=CMP dword ptr [EAX + 0xe8],0x0;inputs=EAX,0x0,0x1,0xe8,0xff;results=CF,PF,ZF,SF,OF;flows=;fallthrough=0055df9f
instruction	0055dab8	FUN_0055dab8	0055df9f	0055dfa5	CONDITIONAL_JUMP	FUN_0055dab8	bytes=0F849F000000;mnemonic=JZ;instruction=JZ 0x0055e044;inputs=ZF;results=;flows=0055e044;fallthrough=0055dfa5
instruction_reference	0055dab8	FUN_0055dab8	0055df9f	0055e044	CONDITIONAL_JUMP	caseD_200	operand_index=0;primary=true;source=DEFAULT
instruction	0055dab8	FUN_0055dab8	0055dfa5	0055dfab	FALL_THROUGH	FUN_0055dab8	bytes=8B8D88FEFFFF;mnemonic=MOV;instruction=MOV ECX,dword ptr [EBP + 0xfffffe88];inputs=EBP,0xfffffe88;results=ECX;flows=;fallthrough=0055dfab
instruction_reference	0055dab8	FUN_0055dab8	0055dfa5	Stack[-0x17c]	READ		operand_index=1;primary=true;source=ANALYSIS
instruction	0055dab8	FUN_0055dab8	0055dfab	0055dfb1	FALL_THROUGH	FUN_0055dab8	bytes=8B91E8000000;mnemonic=MOV;instruction=MOV EDX,dword ptr [ECX + 0xe8];inputs=ECX,0xe8;results=EDX;flows=;fallthrough=0055dfb1
instruction	0055dab8	FUN_0055dab8	0055dfb1	0055dfb8	FALL_THROUGH	FUN_0055dab8	bytes=83BA0C01000002;mnemonic=CMP;instruction=CMP dword ptr [EDX + 0x10c],0x2;inputs=0x0,0x1,0x2,EDX,0x10c,0xff;results=CF,PF,ZF,SF,OF;flows=;fallthrough=0055dfb8
instruction	0055dab8	FUN_0055dab8	0055dfb8	0055dfbe	CONDITIONAL_JUMP	FUN_0055dab8	bytes=0F8586000000;mnemonic=JNZ;instruction=JNZ 0x0055e044;inputs=ZF;results=;flows=0055e044;fallthrough=0055dfbe
instruction_reference	0055dab8	FUN_0055dab8	0055dfb8	0055e044	CONDITIONAL_JUMP	caseD_200	operand_index=0;primary=true;source=DEFAULT
instruction	0055dab8	FUN_0055dab8	0055dfbe	0055dfc4	FALL_THROUGH	FUN_0055dab8	bytes=8B8588FEFFFF;mnemonic=MOV;instruction=MOV EAX,dword ptr [EBP + 0xfffffe88];inputs=EBP,0xfffffe88;results=EAX;flows=;fallthrough=0055dfc4
instruction_reference	0055dab8	FUN_0055dab8	0055dfbe	Stack[-0x17c]	READ		operand_index=1;primary=true;source=ANALYSIS
instruction	0055dab8	FUN_0055dab8	0055dfc4	0055dfca	FALL_THROUGH	FUN_0055dab8	bytes=8B88E8000000;mnemonic=MOV;instruction=MOV ECX,dword ptr [EAX + 0xe8];inputs=EAX,0xe8;results=ECX;flows=;fallthrough=0055dfca
instruction	0055dab8	FUN_0055dab8	0055dfca	0055dfcf	UNCONDITIONAL_CALL	FUN_0055dab8	bytes=E8CC39EDFF;mnemonic=CALL;instruction=CALL 0x0043199b;inputs=ESP,0x4,0x55dfcf;results=ESP;flows=0043199b;fallthrough=0055dfcf
instruction_reference	0055dab8	FUN_0055dab8	0055dfca	0043199b	UNCONDITIONAL_CALL	FUN_0043199b	operand_index=0;primary=true;source=DEFAULT
instruction	0055dab8	FUN_0055dab8	0055dfcf	0055dfd5	FALL_THROUGH	FUN_0055dab8	bytes=8B8D88FEFFFF;mnemonic=MOV;instruction=MOV ECX,dword ptr [EBP + 0xfffffe88];inputs=EBP,0xfffffe88;results=ECX;flows=;fallthrough=0055dfd5
instruction_reference	0055dab8	FUN_0055dab8	0055dfcf	Stack[-0x17c]	READ		operand_index=1;primary=true;source=ANALYSIS
instruction	0055dab8	FUN_0055dab8	0055dfd5	0055dfdc	FALL_THROUGH	FUN_0055dab8	bytes=83B9E800000000;mnemonic=CMP;instruction=CMP dword ptr [ECX + 0xe8],0x0;inputs=0x0,0x1,ECX,0xe8,0xff;results=CF,PF,ZF,SF,OF;flows=;fallthrough=0055dfdc
instruction	0055dab8	FUN_0055dab8	0055dfdc	0055dfde	CONDITIONAL_JUMP	FUN_0055dab8	bytes=745B;mnemonic=JZ;instruction=JZ 0x0055e039;inputs=ZF;results=;flows=0055e039;fallthrough=0055dfde
instruction_reference	0055dab8	FUN_0055dab8	0055dfdc	0055e039	CONDITIONAL_JUMP	LAB_0055e039	operand_index=0;primary=true;source=DEFAULT
instruction	0055dab8	FUN_0055dab8	0055dfde	0055dfe4	FALL_THROUGH	FUN_0055dab8	bytes=8B9588FEFFFF;mnemonic=MOV;instruction=MOV EDX,dword ptr [EBP + 0xfffffe88];inputs=EBP,0xfffffe88;results=EDX;flows=;fallthrough=0055dfe4
instruction_reference	0055dab8	FUN_0055dab8	0055dfde	Stack[-0x17c]	READ		operand_index=1;primary=true;source=ANALYSIS
instruction	0055dab8	FUN_0055dab8	0055dfe4	0055dfea	FALL_THROUGH	FUN_0055dab8	bytes=8B82E8000000;mnemonic=MOV;instruction=MOV EAX,dword ptr [EDX + 0xe8];inputs=EDX,0xe8;results=EAX;flows=;fallthrough=0055dfea
instruction	0055dab8	FUN_0055dab8	0055dfea	0055dff0	FALL_THROUGH	FUN_0055dab8	bytes=898594FEFFFF;mnemonic=MOV;instruction=MOV dword ptr [EBP + 0xfffffe94],EAX;inputs=EAX,EBP,0xfffffe94;results=;flows=;fallthrough=0055dff0
instruction_reference	0055dab8	FUN_0055dab8	0055dfea	Stack[-0x170]	WRITE		operand_index=0;primary=true;source=ANALYSIS
instruction	0055dab8	FUN_0055dab8	0055dff0	0055dff6	FALL_THROUGH	FUN_0055dab8	bytes=8B8D94FEFFFF;mnemonic=MOV;instruction=MOV ECX,dword ptr [EBP + 0xfffffe94];inputs=EBP,0xfffffe94;results=ECX;flows=;fallthrough=0055dff6
instruction_reference	0055dab8	FUN_0055dab8	0055dff0	Stack[-0x170]	READ		operand_index=1;primary=true;source=ANALYSIS
instruction	0055dab8	FUN_0055dab8	0055dff6	0055dffc	FALL_THROUGH	FUN_0055dab8	bytes=898D98FEFFFF;mnemonic=MOV;instruction=MOV dword ptr [EBP + 0xfffffe98],ECX;inputs=EBP,ECX,0xfffffe98;results=;flows=;fallthrough=0055dffc
instruction_reference	0055dab8	FUN_0055dab8	0055dff6	Stack[-0x16c]	WRITE		operand_index=0;primary=true;source=ANALYSIS
instruction	0055dab8	FUN_0055dab8	0055dffc	0055e003	FALL_THROUGH	FUN_0055dab8	bytes=83BD98FEFFFF00;mnemonic=CMP;instruction=CMP dword ptr [EBP + 0xfffffe98],0x0;inputs=0x0,0x1,EBP,0xfffffe98,0xff;results=CF,PF,ZF,SF,OF;flows=;fallthrough=0055e003
instruction_reference	0055dab8	FUN_0055dab8	0055dffc	Stack[-0x16c]	READ		operand_index=0;primary=true;source=ANALYSIS
instruction	0055dab8	FUN_0055dab8	0055e003	0055e005	CONDITIONAL_JUMP	FUN_0055dab8	bytes=741A;mnemonic=JZ;instruction=JZ 0x0055e01f;inputs=ZF;results=;flows=0055e01f;fallthrough=0055e005
instruction_reference	0055dab8	FUN_0055dab8	0055e003	0055e01f	CONDITIONAL_JUMP	LAB_0055e01f	operand_index=0;primary=true;source=DEFAULT
instruction	0055dab8	FUN_0055dab8	0055e005	0055e007	FALL_THROUGH	FUN_0055dab8	bytes=6A01;mnemonic=PUSH;instruction=PUSH 0x1;inputs=ESP,0x1,0x4;results=ESP;flows=;fallthrough=0055e007
instruction	0055dab8	FUN_0055dab8	0055e007	0055e00d	FALL_THROUGH	FUN_0055dab8	bytes=8B9598FEFFFF;mnemonic=MOV;instruction=MOV EDX,dword ptr [EBP + 0xfffffe98];inputs=EBP,0xfffffe98;results=EDX;flows=;fallthrough=0055e00d
instruction_reference	0055dab8	FUN_0055dab8	0055e007	Stack[-0x16c]	READ		operand_index=1;primary=true;source=ANALYSIS
instruction	0055dab8	FUN_0055dab8	0055e00d	0055e00f	FALL_THROUGH	FUN_0055dab8	bytes=8B02;mnemonic=MOV;instruction=MOV EAX,dword ptr [EDX];inputs=EDX;results=EAX;flows=;fallthrough=0055e00f
instruction	0055dab8	FUN_0055dab8	0055e00f	0055e015	FALL_THROUGH	FUN_0055dab8	bytes=8B8D98FEFFFF;mnemonic=MOV;instruction=MOV ECX,dword ptr [EBP + 0xfffffe98];inputs=EBP,0xfffffe98;results=ECX;flows=;fallthrough=0055e015
instruction_reference	0055dab8	FUN_0055dab8	0055e00f	Stack[-0x16c]	READ		operand_index=1;primary=true;source=ANALYSIS
instruction	0055dab8	FUN_0055dab8	0055e015	0055e017	COMPUTED_CALL	FUN_0055dab8	bytes=FF10;mnemonic=CALL;instruction=CALL dword ptr [EAX];inputs=EAX,ESP,0x55e017,0x4;results=ESP;flows=;fallthrough=0055e017
instruction	0055dab8	FUN_0055dab8	0055e017	0055e01d	FALL_THROUGH	FUN_0055dab8	bytes=89857CFEFFFF;mnemonic=MOV;instruction=MOV dword ptr [EBP + 0xfffffe7c],EAX;inputs=EAX,0xfffffe7c,EBP;results=;flows=;fallthrough=0055e01d
instruction_reference	0055dab8	FUN_0055dab8	0055e017	Stack[-0x188]	WRITE		operand_index=0;primary=true;source=ANALYSIS
instruction	0055dab8	FUN_0055dab8	0055e01d		UNCONDITIONAL_JUMP	FUN_0055dab8	bytes=EB0A;mnemonic=JMP;instruction=JMP 0x0055e029;inputs=;results=;flows=0055e029;fallthrough=
instruction_reference	0055dab8	FUN_0055dab8	0055e01d	0055e029	UNCONDITIONAL_JUMP	LAB_0055e029	operand_index=0;primary=true;source=DEFAULT
instruction	0055dab8	FUN_0055dab8	0055e01f	0055e029	FALL_THROUGH	FUN_0055dab8	bytes=C7857CFEFFFF00000000;mnemonic=MOV;instruction=MOV dword ptr [EBP + 0xfffffe7c],0x0;inputs=0x0,0xfffffe7c,EBP;results=;flows=;fallthrough=0055e029
instruction_reference	0055dab8	FUN_0055dab8	0055e01f	Stack[-0x188]	WRITE		operand_index=0;primary=true;source=ANALYSIS
instruction	0055dab8	FUN_0055dab8	0055e029	0055e02f	FALL_THROUGH	FUN_0055dab8	bytes=8B8D88FEFFFF;mnemonic=MOV;instruction=MOV ECX,dword ptr [EBP + 0xfffffe88];inputs=EBP,0xfffffe88;results=ECX;flows=;fallthrough=0055e02f
instruction_reference	0055dab8	FUN_0055dab8	0055e029	Stack[-0x17c]	READ		operand_index=1;primary=true;source=ANALYSIS
instruction	0055dab8	FUN_0055dab8	0055e02f	0055e039	FALL_THROUGH	FUN_0055dab8	bytes=C781E800000000000000;mnemonic=MOV;instruction=MOV dword ptr [ECX + 0xe8],0x0;inputs=0x0,ECX,0xe8;results=;flows=;fallthrough=0055e039
instruction	0055dab8	FUN_0055dab8	0055e039	0055e03f	FALL_THROUGH	FUN_0055dab8	bytes=8B8D88FEFFFF;mnemonic=MOV;instruction=MOV ECX,dword ptr [EBP + 0xfffffe88];inputs=EBP,0xfffffe88;results=ECX;flows=;fallthrough=0055e03f
instruction_reference	0055dab8	FUN_0055dab8	0055e039	Stack[-0x17c]	READ		operand_index=1;primary=true;source=ANALYSIS
instruction	0055dab8	FUN_0055dab8	0055e03f	0055e044	UNCONDITIONAL_CALL	FUN_0055dab8	bytes=E8D4E9FFFF;mnemonic=CALL;instruction=CALL 0x0055ca18;inputs=ESP,0x55e044,0x4;results=ESP;flows=0055ca18;fallthrough=0055e044
instruction_reference	0055dab8	FUN_0055dab8	0055e03f	0055ca18	UNCONDITIONAL_CALL	FUN_0055ca18	operand_index=0;primary=true;source=DEFAULT
instruction	0055dab8	FUN_0055dab8	0055e044	0055e04b	FALL_THROUGH	FUN_0055dab8	bytes=833DC8CE5C0000;mnemonic=CMP;instruction=CMP dword ptr [0x005ccec8],0x0;inputs=0x0,0x1,005ccec8,0xff;results=CF,PF,ZF,SF,OF;flows=;fallthrough=0055e04b
instruction_reference	0055dab8	FUN_0055dab8	0055e044	005ccec8	READ	DAT_005ccec8	operand_index=0;primary=true;source=DEFAULT
instruction	0055dab8	FUN_0055dab8	0055e04b	0055e04d	CONDITIONAL_JUMP	FUN_0055dab8	bytes=750A;mnemonic=JNZ;instruction=JNZ 0x0055e057;inputs=ZF;results=;flows=0055e057;fallthrough=0055e04d
instruction_reference	0055dab8	FUN_0055dab8	0055e04b	0055e057	CONDITIONAL_JUMP	LAB_0055e057	operand_index=0;primary=true;source=DEFAULT
instruction	0055dab8	FUN_0055dab8	0055e04d	0055e04f	FALL_THROUGH	FUN_0055dab8	bytes=6A00;mnemonic=PUSH;instruction=PUSH 0x0;inputs=0x0,ESP,0x4;results=ESP;flows=;fallthrough=0055e04f
instruction	0055dab8	FUN_0055dab8	0055e04f	0055e055	COMPUTED_CALL	FUN_0055dab8	bytes=FF15F8325A00;mnemonic=CALL;instruction=CALL dword ptr [0x005a32f8];inputs=ESP,0x55e055,0x4,005a32f8;results=ESP;flows=EXTERNAL:0000008e;fallthrough=0055e055
instruction_reference	0055dab8	FUN_0055dab8	0055e04f	005a32f8	READ	PTR_SetCursor_005a32f8	operand_index=0;primary=true;source=DEFAULT
instruction_reference	0055dab8	FUN_0055dab8	0055e04f	EXTERNAL:0000008e	COMPUTED_CALL	SetCursor	operand_index=-1;primary=true;source=ANALYSIS
instruction	0055dab8	FUN_0055dab8	0055e055		UNCONDITIONAL_JUMP	FUN_0055dab8	bytes=EB4B;mnemonic=JMP;instruction=JMP 0x0055e0a2;inputs=;results=;flows=0055e0a2;fallthrough=
instruction_reference	0055dab8	FUN_0055dab8	0055e055	0055e0a2	UNCONDITIONAL_JUMP	LAB_0055e0a2	operand_index=0;primary=true;source=DEFAULT
instruction	0055dab8	FUN_0055dab8	0055e057	0055e05e	FALL_THROUGH	FUN_0055dab8	bytes=833DC8CE5C0002;mnemonic=CMP;instruction=CMP dword ptr [0x005ccec8],0x2;inputs=0x0,0x1,0x2,005ccec8,0xff;results=CF,PF,ZF,SF,OF;flows=;fallthrough=0055e05e
instruction_reference	0055dab8	FUN_0055dab8	0055e057	005ccec8	READ	DAT_005ccec8	operand_index=0;primary=true;source=DEFAULT
instruction	0055dab8	FUN_0055dab8	0055e05e	0055e060	CONDITIONAL_JUMP	FUN_0055dab8	bytes=7542;mnemonic=JNZ;instruction=JNZ 0x0055e0a2;inputs=ZF;results=;flows=0055e0a2;fallthrough=0055e060
instruction_reference	0055dab8	FUN_0055dab8	0055e05e	0055e0a2	CONDITIONAL_JUMP	LAB_0055e0a2	operand_index=0;primary=true;source=DEFAULT
instruction	0055dab8	FUN_0055dab8	0055e060	0055e067	FALL_THROUGH	FUN_0055dab8	bytes=833DC0CE5C0000;mnemonic=CMP;instruction=CMP dword ptr [0x005ccec0],0x0;inputs=0x0,0x1,005ccec0,0xff;results=CF,PF,ZF,SF,OF;flows=;fallthrough=0055e067
instruction_reference	0055dab8	FUN_0055dab8	0055e060	005ccec0	READ	DAT_005ccec0	operand_index=0;primary=true;source=DEFAULT
instruction	0055dab8	FUN_0055dab8	0055e067	0055e069	CONDITIONAL_JUMP	FUN_0055dab8	bytes=7439;mnemonic=JZ;instruction=JZ 0x0055e0a2;inputs=ZF;results=;flows=0055e0a2;fallthrough=0055e069
instruction_reference	0055dab8	FUN_0055dab8	0055e067	0055e0a2	CONDITIONAL_JUMP	LAB_0055e0a2	operand_index=0;primary=true;source=DEFAULT
instruction	0055dab8	FUN_0055dab8	0055e069	0055e06f	FALL_THROUGH	FUN_0055dab8	bytes=8B15C0CE5C00;mnemonic=MOV;instruction=MOV EDX,dword ptr [0x005ccec0];inputs=005ccec0;results=EDX;flows=;fallthrough=0055e06f
instruction_reference	0055dab8	FUN_0055dab8	0055e069	005ccec0	READ	DAT_005ccec0	operand_index=1;primary=true;source=DEFAULT
instruction	0055dab8	FUN_0055dab8	0055e06f	0055e076	FALL_THROUGH	FUN_0055dab8	bytes=83BAA400000000;mnemonic=CMP;instruction=CMP dword ptr [EDX + 0xa4],0x0;inputs=0x0,0x1,0xa4,EDX,0xff;results=CF,PF,ZF,SF,OF;flows=;fallthrough=0055e076
instruction	0055dab8	FUN_0055dab8	0055e076	0055e078	CONDITIONAL_JUMP	FUN_0055dab8	bytes=750E;mnemonic=JNZ;instruction=JNZ 0x0055e086;inputs=ZF;results=;flows=0055e086;fallthrough=0055e078
instruction_reference	0055dab8	FUN_0055dab8	0055e076	0055e086	CONDITIONAL_JUMP	LAB_0055e086	operand_index=0;primary=true;source=DEFAULT
instruction	0055dab8	FUN_0055dab8	0055e078	0055e07d	FALL_THROUGH	FUN_0055dab8	bytes=A1CCCE5C00;mnemonic=MOV;instruction=MOV EAX,[0x005ccecc];inputs=005ccecc;results=EAX;flows=;fallthrough=0055e07d
instruction_reference	0055dab8	FUN_0055dab8	0055e078	005ccecc	READ	DAT_005ccecc	operand_index=1;primary=true;source=DEFAULT
instruction	0055dab8	FUN_0055dab8	0055e07d	0055e07e	FALL_THROUGH	FUN_0055dab8	bytes=50;mnemonic=PUSH;instruction=PUSH EAX;inputs=EAX,ESP,0x4;results=ESP;flows=;fallthrough=0055e07e
instruction	0055dab8	FUN_0055dab8	0055e07e	0055e084	COMPUTED_CALL	FUN_0055dab8	bytes=FF15F8325A00;mnemonic=CALL;instruction=CALL dword ptr [0x005a32f8];inputs=ESP,0x55e084,0x4,005a32f8;results=ESP;flows=EXTERNAL:0000008e;fallthrough=0055e084
instruction_reference	0055dab8	FUN_0055dab8	0055e07e	005a32f8	READ	PTR_SetCursor_005a32f8	operand_index=0;primary=true;source=DEFAULT
instruction_reference	0055dab8	FUN_0055dab8	0055e07e	EXTERNAL:0000008e	COMPUTED_CALL	SetCursor	operand_index=-1;primary=true;source=ANALYSIS
instruction	0055dab8	FUN_0055dab8	0055e084		UNCONDITIONAL_JUMP	FUN_0055dab8	bytes=EB1C;mnemonic=JMP;instruction=JMP 0x0055e0a2;inputs=;results=;flows=0055e0a2;fallthrough=
instruction_reference	0055dab8	FUN_0055dab8	0055e084	0055e0a2	UNCONDITIONAL_JUMP	LAB_0055e0a2	operand_index=0;primary=true;source=DEFAULT
instruction	0055dab8	FUN_0055dab8	0055e086	0055e08c	FALL_THROUGH	FUN_0055dab8	bytes=8B0DC0CE5C00;mnemonic=MOV;instruction=MOV ECX,dword ptr [0x005ccec0];inputs=005ccec0;results=ECX;flows=;fallthrough=0055e08c
instruction_reference	0055dab8	FUN_0055dab8	0055e086	005ccec0	READ	DAT_005ccec0	operand_index=1;primary=true;source=DEFAULT
instruction	0055dab8	FUN_0055dab8	0055e08c	0055e093	FALL_THROUGH	FUN_0055dab8	bytes=83B9A400000001;mnemonic=CMP;instruction=CMP dword ptr [ECX + 0xa4],0x1;inputs=0x0,0x1,ECX,0xa4,0xff;results=CF,PF,ZF,SF,OF;flows=;fallthrough=0055e093
instruction	0055dab8	FUN_0055dab8	0055e093	0055e095	CONDITIONAL_JUMP	FUN_0055dab8	bytes=750D;mnemonic=JNZ;instruction=JNZ 0x0055e0a2;inputs=ZF;results=;flows=0055e0a2;fallthrough=0055e095
instruction_reference	0055dab8	FUN_0055dab8	0055e093	0055e0a2	CONDITIONAL_JUMP	LAB_0055e0a2	operand_index=0;primary=true;source=DEFAULT
instruction	0055dab8	FUN_0055dab8	0055e095	0055e09b	FALL_THROUGH	FUN_0055dab8	bytes=8B15D0CE5C00;mnemonic=MOV;instruction=MOV EDX,dword ptr [0x005cced0];inputs=005cced0;results=EDX;flows=;fallthrough=0055e09b
instruction_reference	0055dab8	FUN_0055dab8	0055e095	005cced0	READ	DAT_005cced0	operand_index=1;primary=true;source=DEFAULT
instruction	0055dab8	FUN_0055dab8	0055e09b	0055e09c	FALL_THROUGH	FUN_0055dab8	bytes=52;mnemonic=PUSH;instruction=PUSH EDX;inputs=ESP,0x4,EDX;results=ESP;flows=;fallthrough=0055e09c
instruction	0055dab8	FUN_0055dab8	0055e09c	0055e0a2	COMPUTED_CALL	FUN_0055dab8	bytes=FF15F8325A00;mnemonic=CALL;instruction=CALL dword ptr [0x005a32f8];inputs=ESP,0x4,0x55e0a2,005a32f8;results=ESP;flows=EXTERNAL:0000008e;fallthrough=0055e0a2
instruction_reference	0055dab8	FUN_0055dab8	0055e09c	005a32f8	READ	PTR_SetCursor_005a32f8	operand_index=0;primary=true;source=DEFAULT
instruction_reference	0055dab8	FUN_0055dab8	0055e09c	EXTERNAL:0000008e	COMPUTED_CALL	SetCursor	operand_index=-1;primary=true;source=ANALYSIS
instruction	0055dab8	FUN_0055dab8	0055e0a2	0055e0a8	FALL_THROUGH	FUN_0055dab8	bytes=8B8588FEFFFF;mnemonic=MOV;instruction=MOV EAX,dword ptr [EBP + 0xfffffe88];inputs=EBP,0xfffffe88;results=EAX;flows=;fallthrough=0055e0a8
instruction_reference	0055dab8	FUN_0055dab8	0055e0a2	Stack[-0x17c]	READ		operand_index=1;primary=true;source=ANALYSIS
instruction	0055dab8	FUN_0055dab8	0055e0a8	0055e0af	FALL_THROUGH	FUN_0055dab8	bytes=83B8F000000000;mnemonic=CMP;instruction=CMP dword ptr [EAX + 0xf0],0x0;inputs=EAX,0xf0,0x0,0x1,0xff;results=CF,PF,ZF,SF,OF;flows=;fallthrough=0055e0af
instruction	0055dab8	FUN_0055dab8	0055e0af	0055e0b1	CONDITIONAL_JUMP	FUN_0055dab8	bytes=7436;mnemonic=JZ;instruction=JZ 0x0055e0e7;inputs=ZF;results=;flows=0055e0e7;fallthrough=0055e0b1
instruction_reference	0055dab8	FUN_0055dab8	0055e0af	0055e0e7	CONDITIONAL_JUMP	LAB_0055e0e7	operand_index=0;primary=true;source=DEFAULT
instruction	0055dab8	FUN_0055dab8	0055e0b1	0055e0b4	FALL_THROUGH	FUN_0055dab8	bytes=8B4D14;mnemonic=MOV;instruction=MOV ECX,dword ptr [EBP + 0x14];inputs=EBP,0x14;results=ECX;flows=;fallthrough=0055e0b4
instruction_reference	0055dab8	FUN_0055dab8	0055e0b1	Stack[0x10]	READ		operand_index=1;primary=true;source=ANALYSIS
instruction	0055dab8	FUN_0055dab8	0055e0b4	0055e0b7	FALL_THROUGH	FUN_0055dab8	bytes=C1E910;mnemonic=SHR;instruction=SHR ECX,0x10;inputs=0x10,0x0,CF,0x1,PF,ECX,ZF,SF,0x1f,0xff;results=CF,PF,ECX,ZF,SF,OF;flows=;fallthrough=0055e0b7
instruction	0055dab8	FUN_0055dab8	0055e0b7	0055e0bd	FALL_THROUGH	FUN_0055dab8	bytes=81E1FFFF0000;mnemonic=AND;instruction=AND ECX,0xffff;inputs=0x0,0x1,ECX,0xffff,0xff;results=CF,PF,ECX,ZF,SF,OF;flows=;fallthrough=0055e0bd
instruction	0055dab8	FUN_0055dab8	0055e0bd	0055e0be	FALL_THROUGH	FUN_0055dab8	bytes=51;mnemonic=PUSH;instruction=PUSH ECX;inputs=ESP,ECX,0x4;results=ESP;flows=;fallthrough=0055e0be
instruction	0055dab8	FUN_0055dab8	0055e0be	0055e0c1	FALL_THROUGH	FUN_0055dab8	bytes=8B5514;mnemonic=MOV;instruction=MOV EDX,dword ptr [EBP + 0x14];inputs=EBP,0x14;results=EDX;flows=;fallthrough=0055e0c1
instruction_reference	0055dab8	FUN_0055dab8	0055e0be	Stack[0x10]	READ		operand_index=1;primary=true;source=ANALYSIS
instruction	0055dab8	FUN_0055dab8	0055e0c1	0055e0c7	FALL_THROUGH	FUN_0055dab8	bytes=81E2FFFF0000;mnemonic=AND;instruction=AND EDX,0xffff;inputs=0x0,0x1,EDX,0xffff,0xff;results=CF,PF,ZF,SF,EDX,OF;flows=;fallthrough=0055e0c7
instruction	0055dab8	FUN_0055dab8	0055e0c7	0055e0cd	FALL_THROUGH	FUN_0055dab8	bytes=81E2FFFF0000;mnemonic=AND;instruction=AND EDX,0xffff;inputs=0x0,0x1,EDX,0xffff,0xff;results=CF,PF,ZF,SF,EDX,OF;flows=;fallthrough=0055e0cd
instruction	0055dab8	FUN_0055dab8	0055e0cd	0055e0ce	FALL_THROUGH	FUN_0055dab8	bytes=52;mnemonic=PUSH;instruction=PUSH EDX;inputs=ESP,0x4,EDX;results=ESP;flows=;fallthrough=0055e0ce
instruction	0055dab8	FUN_0055dab8	0055e0ce	0055e0d1	FALL_THROUGH	FUN_0055dab8	bytes=8B4510;mnemonic=MOV;instruction=MOV EAX,dword ptr [EBP + 0x10];inputs=0x10,EBP;results=EAX;flows=;fallthrough=0055e0d1
instruction_reference	0055dab8	FUN_0055dab8	0055e0ce	Stack[0xc]	READ		operand_index=1;primary=true;source=ANALYSIS
instruction	0055dab8	FUN_0055dab8	0055e0d1	0055e0d2	FALL_THROUGH	FUN_0055dab8	bytes=50;mnemonic=PUSH;instruction=PUSH EAX;inputs=EAX,ESP,0x4;results=ESP;flows=;fallthrough=0055e0d2
instruction	0055dab8	FUN_0055dab8	0055e0d2	0055e0d5	FALL_THROUGH	FUN_0055dab8	bytes=8B4D0C;mnemonic=MOV;instruction=MOV ECX,dword ptr [EBP + 0xc];inputs=EBP,0xc;results=ECX;flows=;fallthrough=0055e0d5
instruction_reference	0055dab8	FUN_0055dab8	0055e0d2	Stack[0x8]	READ		operand_index=1;primary=true;source=ANALYSIS
instruction	0055dab8	FUN_0055dab8	0055e0d5	0055e0d6	FALL_THROUGH	FUN_0055dab8	bytes=51;mnemonic=PUSH;instruction=PUSH ECX;inputs=ESP,ECX,0x4;results=ESP;flows=;fallthrough=0055e0d6
instruction	0055dab8	FUN_0055dab8	0055e0d6	0055e0dc	FALL_THROUGH	FUN_0055dab8	bytes=8B9588FEFFFF;mnemonic=MOV;instruction=MOV EDX,dword ptr [EBP + 0xfffffe88];inputs=EBP,0xfffffe88;results=EDX;flows=;fallthrough=0055e0dc
instruction_reference	0055dab8	FUN_0055dab8	0055e0d6	Stack[-0x17c]	READ		operand_index=1;primary=true;source=ANALYSIS
instruction	0055dab8	FUN_0055dab8	0055e0dc	0055e0e2	FALL_THROUGH	FUN_0055dab8	bytes=8B8AF0000000;mnemonic=MOV;instruction=MOV ECX,dword ptr [EDX + 0xf0];inputs=0xf0,EDX;results=ECX;flows=;fallthrough=0055e0e2
instruction	0055dab8	FUN_0055dab8	0055e0e2	0055e0e7	UNCONDITIONAL_CALL	FUN_0055dab8	bytes=E83219F5FF;mnemonic=CALL;instruction=CALL 0x004afa19;inputs=ESP,0x55e0e7,0x4;results=ESP;flows=004afa19;fallthrough=0055e0e7
instruction_reference	0055dab8	FUN_0055dab8	0055e0e2	004afa19	UNCONDITIONAL_CALL	FUN_004afa19	operand_index=0;primary=true;source=DEFAULT
instruction	0055dab8	FUN_0055dab8	0055e0e7		UNCONDITIONAL_JUMP	FUN_0055dab8	bytes=E9040B0000;mnemonic=JMP;instruction=JMP 0x0055ebf0;inputs=;results=;flows=0055ebf0;fallthrough=
instruction_reference	0055dab8	FUN_0055dab8	0055e0e7	0055ebf0	UNCONDITIONAL_JUMP	caseD_2	operand_index=0;primary=true;source=DEFAULT
instruction	0055dab8	FUN_0055dab8	0055e0ec	0055e0ee	FALL_THROUGH	FUN_0055dab8	bytes=33C0;mnemonic=XOR;instruction=XOR EAX,EAX;inputs=0x0,EAX,0x1,0xff;results=CF,EAX,PF,ZF,SF,OF;flows=;fallthrough=0055e0ee
instruction	0055dab8	FUN_0055dab8	0055e0ee		UNCONDITIONAL_JUMP	FUN_0055dab8	bytes=E9740B0000;mnemonic=JMP;instruction=JMP 0x0055ec67;inputs=;results=;flows=0055ec67;fallthrough=
instruction_reference	0055dab8	FUN_0055dab8	0055e0ee	0055ec67	UNCONDITIONAL_JUMP	LAB_0055ec67	operand_index=0;primary=true;source=DEFAULT
instruction	0055dab8	FUN_0055dab8	0055e0f3	0055e0f9	FALL_THROUGH	FUN_0055dab8	bytes=8B8588FEFFFF;mnemonic=MOV;instruction=MOV EAX,dword ptr [EBP + 0xfffffe88];inputs=EBP,0xfffffe88;results=EAX;flows=;fallthrough=0055e0f9
instruction_reference	0055dab8	FUN_0055dab8	0055e0f3	Stack[-0x17c]	READ		operand_index=1;primary=true;source=ANALYSIS
instruction	0055dab8	FUN_0055dab8	0055e0f9	0055e100	FALL_THROUGH	FUN_0055dab8	bytes=83B8E800000000;mnemonic=CMP;instruction=CMP dword ptr [EAX + 0xe8],0x0;inputs=EAX,0x0,0x1,0xe8,0xff;results=CF,PF,ZF,SF,OF;flows=;fallthrough=0055e100
instruction	0055dab8	FUN_0055dab8	0055e100	0055e106	CONDITIONAL_JUMP	FUN_0055dab8	bytes=0F849F000000;mnemonic=JZ;instruction=JZ 0x0055e1a5;inputs=ZF;results=;flows=0055e1a5;fallthrough=0055e106
instruction_reference	0055dab8	FUN_0055dab8	0055e100	0055e1a5	CONDITIONAL_JUMP	LAB_0055e1a5	operand_index=0;primary=true;source=DEFAULT
instruction	0055dab8	FUN_0055dab8	0055e106	0055e10c	FALL_THROUGH	FUN_0055dab8	bytes=8B8D88FEFFFF;mnemonic=MOV;instruction=MOV ECX,dword ptr [EBP + 0xfffffe88];inputs=EBP,0xfffffe88;results=ECX;flows=;fallthrough=0055e10c
instruction_reference	0055dab8	FUN_0055dab8	0055e106	Stack[-0x17c]	READ		operand_index=1;primary=true;source=ANALYSIS
instruction	0055dab8	FUN_0055dab8	0055e10c	0055e112	FALL_THROUGH	FUN_0055dab8	bytes=8B91E8000000;mnemonic=MOV;instruction=MOV EDX,dword ptr [ECX + 0xe8];inputs=ECX,0xe8;results=EDX;flows=;fallthrough=0055e112
instruction	0055dab8	FUN_0055dab8	0055e112	0055e119	FALL_THROUGH	FUN_0055dab8	bytes=83BA0C01000002;mnemonic=CMP;instruction=CMP dword ptr [EDX + 0x10c],0x2;inputs=0x0,0x1,0x2,EDX,0x10c,0xff;results=CF,PF,ZF,SF,OF;flows=;fallthrough=0055e119
instruction	0055dab8	FUN_0055dab8	0055e119	0055e11f	CONDITIONAL_JUMP	FUN_0055dab8	bytes=0F8586000000;mnemonic=JNZ;instruction=JNZ 0x0055e1a5;inputs=ZF;results=;flows=0055e1a5;fallthrough=0055e11f
instruction_reference	0055dab8	FUN_0055dab8	0055e119	0055e1a5	CONDITIONAL_JUMP	LAB_0055e1a5	operand_index=0;primary=true;source=DEFAULT
instruction	0055dab8	FUN_0055dab8	0055e11f	0055e125	FALL_THROUGH	FUN_0055dab8	bytes=8B8588FEFFFF;mnemonic=MOV;instruction=MOV EAX,dword ptr [EBP + 0xfffffe88];inputs=EBP,0xfffffe88;results=EAX;flows=;fallthrough=0055e125
instruction_reference	0055dab8	FUN_0055dab8	0055e11f	Stack[-0x17c]	READ		operand_index=1;primary=true;source=ANALYSIS
instruction	0055dab8	FUN_0055dab8	0055e125	0055e12b	FALL_THROUGH	FUN_0055dab8	bytes=8B88E8000000;mnemonic=MOV;instruction=MOV ECX,dword ptr [EAX + 0xe8];inputs=EAX,0xe8;results=ECX;flows=;fallthrough=0055e12b
instruction	0055dab8	FUN_0055dab8	0055e12b	0055e130	UNCONDITIONAL_CALL	FUN_0055dab8	bytes=E86B38EDFF;mnemonic=CALL;instruction=CALL 0x0043199b;inputs=ESP,0x4,0x55e130;results=ESP;flows=0043199b;fallthrough=0055e130
instruction_reference	0055dab8	FUN_0055dab8	0055e12b	0043199b	UNCONDITIONAL_CALL	FUN_0043199b	operand_index=0;primary=true;source=DEFAULT
instruction	0055dab8	FUN_0055dab8	0055e130	0055e136	FALL_THROUGH	FUN_0055dab8	bytes=8B8D88FEFFFF;mnemonic=MOV;instruction=MOV ECX,dword ptr [EBP + 0xfffffe88];inputs=EBP,0xfffffe88;results=ECX;flows=;fallthrough=0055e136
instruction_reference	0055dab8	FUN_0055dab8	0055e130	Stack[-0x17c]	READ		operand_index=1;primary=true;source=ANALYSIS
instruction	0055dab8	FUN_0055dab8	0055e136	0055e13d	FALL_THROUGH	FUN_0055dab8	bytes=83B9E800000000;mnemonic=CMP;instruction=CMP dword ptr [ECX + 0xe8],0x0;inputs=0x0,0x1,ECX,0xe8,0xff;results=CF,PF,ZF,SF,OF;flows=;fallthrough=0055e13d
instruction	0055dab8	FUN_0055dab8	0055e13d	0055e13f	CONDITIONAL_JUMP	FUN_0055dab8	bytes=745B;mnemonic=JZ;instruction=JZ 0x0055e19a;inputs=ZF;results=;flows=0055e19a;fallthrough=0055e13f
instruction_reference	0055dab8	FUN_0055dab8	0055e13d	0055e19a	CONDITIONAL_JUMP	LAB_0055e19a	operand_index=0;primary=true;source=DEFAULT
instruction	0055dab8	FUN_0055dab8	0055e13f	0055e145	FALL_THROUGH	FUN_0055dab8	bytes=8B9588FEFFFF;mnemonic=MOV;instruction=MOV EDX,dword ptr [EBP + 0xfffffe88];inputs=EBP,0xfffffe88;results=EDX;flows=;fallthrough=0055e145
instruction_reference	0055dab8	FUN_0055dab8	0055e13f	Stack[-0x17c]	READ		operand_index=1;primary=true;source=ANALYSIS
instruction	0055dab8	FUN_0055dab8	0055e145	0055e14b	FALL_THROUGH	FUN_0055dab8	bytes=8B82E8000000;mnemonic=MOV;instruction=MOV EAX,dword ptr [EDX + 0xe8];inputs=EDX,0xe8;results=EAX;flows=;fallthrough=0055e14b
instruction	0055dab8	FUN_0055dab8	0055e14b	0055e151	FALL_THROUGH	FUN_0055dab8	bytes=89858CFEFFFF;mnemonic=MOV;instruction=MOV dword ptr [EBP + 0xfffffe8c],EAX;inputs=EAX,0xfffffe8c,EBP;results=;flows=;fallthrough=0055e151
instruction_reference	0055dab8	FUN_0055dab8	0055e14b	Stack[-0x178]	WRITE		operand_index=0;primary=true;source=ANALYSIS
instruction	0055dab8	FUN_0055dab8	0055e151	0055e157	FALL_THROUGH	FUN_0055dab8	bytes=8B8D8CFEFFFF;mnemonic=MOV;instruction=MOV ECX,dword ptr [EBP + 0xfffffe8c];inputs=0xfffffe8c,EBP;results=ECX;flows=;fallthrough=0055e157
instruction_reference	0055dab8	FUN_0055dab8	0055e151	Stack[-0x178]	READ		operand_index=1;primary=true;source=ANALYSIS
instruction	0055dab8	FUN_0055dab8	0055e157	0055e15d	FALL_THROUGH	FUN_0055dab8	bytes=898D90FEFFFF;mnemonic=MOV;instruction=MOV dword ptr [EBP + 0xfffffe90],ECX;inputs=EBP,ECX,0xfffffe90;results=;flows=;fallthrough=0055e15d
instruction_reference	0055dab8	FUN_0055dab8	0055e157	Stack[-0x174]	WRITE		operand_index=0;primary=true;source=ANALYSIS
instruction	0055dab8	FUN_0055dab8	0055e15d	0055e164	FALL_THROUGH	FUN_0055dab8	bytes=83BD90FEFFFF00;mnemonic=CMP;instruction=CMP dword ptr [EBP + 0xfffffe90],0x0;inputs=0x0,0x1,EBP,0xfffffe90,0xff;results=CF,PF,ZF,SF,OF;flows=;fallthrough=0055e164
instruction_reference	0055dab8	FUN_0055dab8	0055e15d	Stack[-0x174]	READ		operand_index=0;primary=true;source=ANALYSIS
instruction	0055dab8	FUN_0055dab8	0055e164	0055e166	CONDITIONAL_JUMP	FUN_0055dab8	bytes=741A;mnemonic=JZ;instruction=JZ 0x0055e180;inputs=ZF;results=;flows=0055e180;fallthrough=0055e166
instruction_reference	0055dab8	FUN_0055dab8	0055e164	0055e180	CONDITIONAL_JUMP	LAB_0055e180	operand_index=0;primary=true;source=DEFAULT
instruction	0055dab8	FUN_0055dab8	0055e166	0055e168	FALL_THROUGH	FUN_0055dab8	bytes=6A01;mnemonic=PUSH;instruction=PUSH 0x1;inputs=ESP,0x1,0x4;results=ESP;flows=;fallthrough=0055e168
instruction	0055dab8	FUN_0055dab8	0055e168	0055e16e	FALL_THROUGH	FUN_0055dab8	bytes=8B9590FEFFFF;mnemonic=MOV;instruction=MOV EDX,dword ptr [EBP + 0xfffffe90];inputs=EBP,0xfffffe90;results=EDX;flows=;fallthrough=0055e16e
instruction_reference	0055dab8	FUN_0055dab8	0055e168	Stack[-0x174]	READ		operand_index=1;primary=true;source=ANALYSIS
instruction	0055dab8	FUN_0055dab8	0055e16e	0055e170	FALL_THROUGH	FUN_0055dab8	bytes=8B02;mnemonic=MOV;instruction=MOV EAX,dword ptr [EDX];inputs=EDX;results=EAX;flows=;fallthrough=0055e170
instruction	0055dab8	FUN_0055dab8	0055e170	0055e176	FALL_THROUGH	FUN_0055dab8	bytes=8B8D90FEFFFF;mnemonic=MOV;instruction=MOV ECX,dword ptr [EBP + 0xfffffe90];inputs=EBP,0xfffffe90;results=ECX;flows=;fallthrough=0055e176
instruction_reference	0055dab8	FUN_0055dab8	0055e170	Stack[-0x174]	READ		operand_index=1;primary=true;source=ANALYSIS
instruction	0055dab8	FUN_0055dab8	0055e176	0055e178	COMPUTED_CALL	FUN_0055dab8	bytes=FF10;mnemonic=CALL;instruction=CALL dword ptr [EAX];inputs=EAX,ESP,0x4,0x55e178;results=ESP;flows=;fallthrough=0055e178
instruction	0055dab8	FUN_0055dab8	0055e178	0055e17e	FALL_THROUGH	FUN_0055dab8	bytes=898578FEFFFF;mnemonic=MOV;instruction=MOV dword ptr [EBP + 0xfffffe78],EAX;inputs=EAX,EBP,0xfffffe78;results=;flows=;fallthrough=0055e17e
instruction_reference	0055dab8	FUN_0055dab8	0055e178	Stack[-0x18c]	WRITE		operand_index=0;primary=true;source=ANALYSIS
instruction	0055dab8	FUN_0055dab8	0055e17e		UNCONDITIONAL_JUMP	FUN_0055dab8	bytes=EB0A;mnemonic=JMP;instruction=JMP 0x0055e18a;inputs=;results=;flows=0055e18a;fallthrough=
instruction_reference	0055dab8	FUN_0055dab8	0055e17e	0055e18a	UNCONDITIONAL_JUMP	LAB_0055e18a	operand_index=0;primary=true;source=DEFAULT
instruction	0055dab8	FUN_0055dab8	0055e180	0055e18a	FALL_THROUGH	FUN_0055dab8	bytes=C78578FEFFFF00000000;mnemonic=MOV;instruction=MOV dword ptr [EBP + 0xfffffe78],0x0;inputs=0x0,EBP,0xfffffe78;results=;flows=;fallthrough=0055e18a
instruction_reference	0055dab8	FUN_0055dab8	0055e180	Stack[-0x18c]	WRITE		operand_index=0;primary=true;source=ANALYSIS
instruction	0055dab8	FUN_0055dab8	0055e18a	0055e190	FALL_THROUGH	FUN_0055dab8	bytes=8B8D88FEFFFF;mnemonic=MOV;instruction=MOV ECX,dword ptr [EBP + 0xfffffe88];inputs=EBP,0xfffffe88;results=ECX;flows=;fallthrough=0055e190
instruction_reference	0055dab8	FUN_0055dab8	0055e18a	Stack[-0x17c]	READ		operand_index=1;primary=true;source=ANALYSIS
instruction	0055dab8	FUN_0055dab8	0055e190	0055e19a	FALL_THROUGH	FUN_0055dab8	bytes=C781E800000000000000;mnemonic=MOV;instruction=MOV dword ptr [ECX + 0xe8],0x0;inputs=0x0,ECX,0xe8;results=;flows=;fallthrough=0055e19a
instruction	0055dab8	FUN_0055dab8	0055e19a	0055e1a0	FALL_THROUGH	FUN_0055dab8	bytes=8B8D88FEFFFF;mnemonic=MOV;instruction=MOV ECX,dword ptr [EBP + 0xfffffe88];inputs=EBP,0xfffffe88;results=ECX;flows=;fallthrough=0055e1a0
instruction_reference	0055dab8	FUN_0055dab8	0055e19a	Stack[-0x17c]	READ		operand_index=1;primary=true;source=ANALYSIS
instruction	0055dab8	FUN_0055dab8	0055e1a0	0055e1a5	UNCONDITIONAL_CALL	FUN_0055dab8	bytes=E873E8FFFF;mnemonic=CALL;instruction=CALL 0x0055ca18;inputs=ESP,0x55e1a5,0x4;results=ESP;flows=0055ca18;fallthrough=0055e1a5
instruction_reference	0055dab8	FUN_0055dab8	0055e1a0	0055ca18	UNCONDITIONAL_CALL	FUN_0055ca18	operand_index=0;primary=true;source=DEFAULT
instruction	0055dab8	FUN_0055dab8	0055e1a5	0055e1ab	FALL_THROUGH	FUN_0055dab8	bytes=8B9588FEFFFF;mnemonic=MOV;instruction=MOV EDX,dword ptr [EBP + 0xfffffe88];inputs=EBP,0xfffffe88;results=EDX;flows=;fallthrough=0055e1ab
instruction_reference	0055dab8	FUN_0055dab8	0055e1a5	Stack[-0x17c]	READ		operand_index=1;primary=true;source=ANALYSIS
instruction	0055dab8	FUN_0055dab8	0055e1ab	0055e1b2	FALL_THROUGH	FUN_0055dab8	bytes=83BAF000000000;mnemonic=CMP;instruction=CMP dword ptr [EDX + 0xf0],0x0;inputs=0xf0,0x0,0x1,EDX,0xff;results=CF,PF,ZF,SF,OF;flows=;fallthrough=0055e1b2
instruction	0055dab8	FUN_0055dab8	0055e1b2	0055e1b8	CONDITIONAL_JUMP	FUN_0055dab8	bytes=0F849B010000;mnemonic=JZ;instruction=JZ 0x0055e353;inputs=ZF;results=;flows=0055e353;fallthrough=0055e1b8
instruction_reference	0055dab8	FUN_0055dab8	0055e1b2	0055e353	CONDITIONAL_JUMP	LAB_0055e353	operand_index=0;primary=true;source=DEFAULT
instruction	0055dab8	FUN_0055dab8	0055e1b8	0055e1ba	FALL_THROUGH	FUN_0055dab8	bytes=6A11;mnemonic=PUSH;instruction=PUSH 0x11;inputs=ESP,0x11,0x4;results=ESP;flows=;fallthrough=0055e1ba
instruction	0055dab8	FUN_0055dab8	0055e1ba	0055e1c0	COMPUTED_CALL	FUN_0055dab8	bytes=FF15BC325A00;mnemonic=CALL;instruction=CALL dword ptr [0x005a32bc];inputs=ESP,0x4,0x55e1c0,005a32bc;results=ESP;flows=EXTERNAL:0000007f;fallthrough=0055e1c0
instruction_reference	0055dab8	FUN_0055dab8	0055e1ba	005a32bc	READ	PTR_GetKeyState_005a32bc	operand_index=0;primary=true;source=DEFAULT
instruction_reference	0055dab8	FUN_0055dab8	0055e1ba	EXTERNAL:0000007f	COMPUTED_CALL	GetKeyState	operand_index=-1;primary=true;source=ANALYSIS
instruction	0055dab8	FUN_0055dab8	0055e1c0	0055e1c4	FALL_THROUGH	FUN_0055dab8	bytes=668945F4;mnemonic=MOV;instruction=MOV word ptr [EBP + -0xc],AX;inputs=AX,EBP,0xfffffff4;results=;flows=;fallthrough=0055e1c4
instruction_reference	0055dab8	FUN_0055dab8	0055e1c0	Stack[-0x10]	WRITE		operand_index=0;primary=true;source=ANALYSIS
instruction	0055dab8	FUN_0055dab8	0055e1c4	0055e1c7	FALL_THROUGH	FUN_0055dab8	bytes=8B45F4;mnemonic=MOV;instruction=MOV EAX,dword ptr [EBP + -0xc];inputs=EBP,0xfffffff4;results=EAX;flows=;fallthrough=0055e1c7
instruction_reference	0055dab8	FUN_0055dab8	0055e1c4	Stack[-0x10]	READ		operand_index=1;primary=true;source=ANALYSIS
instruction	0055dab8	FUN_0055dab8	0055e1c7	0055e1cc	FALL_THROUGH	FUN_0055dab8	bytes=25FFFF0000;mnemonic=AND;instruction=AND EAX,0xffff;inputs=0x0,EAX,0x1,0xffff,0xff;results=CF,EAX,PF,ZF,SF,OF;flows=;fallthrough=0055e1cc
instruction	0055dab8	FUN_0055dab8	0055e1cc	0055e1cf	FALL_THROUGH	FUN_0055dab8	bytes=C1F808;mnemonic=SAR;instruction=SAR EAX,0x8;inputs=EAX,0x0,CF,0x1,PF,ZF,SF,0x8,OF,0x1f,0xff;results=EAX,CF,PF,ZF,SF,OF;flows=;fallthrough=0055e1cf
instruction	0055dab8	FUN_0055dab8	0055e1cf	0055e1d1	FALL_THROUGH	FUN_0055dab8	bytes=85C0;mnemonic=TEST;instruction=TEST EAX,EAX;inputs=0x0,EAX,0x1,0xff;results=CF,PF,ZF,SF,OF;flows=;fallthrough=0055e1d1
instruction	0055dab8	FUN_0055dab8	0055e1d1	0055e1d3	CONDITIONAL_JUMP	FUN_0055dab8	bytes=7E18;mnemonic=JLE;instruction=JLE 0x0055e1eb;inputs=ZF,SF,OF;results=;flows=0055e1eb;fallthrough=0055e1d3
instruction_reference	0055dab8	FUN_0055dab8	0055e1d1	0055e1eb	CONDITIONAL_JUMP	LAB_0055e1eb	operand_index=0;primary=true;source=DEFAULT
instruction	0055dab8	FUN_0055dab8	0055e1d3	0055e1d9	FALL_THROUGH	FUN_0055dab8	bytes=8B8D88FEFFFF;mnemonic=MOV;instruction=MOV ECX,dword ptr [EBP + 0xfffffe88];inputs=EBP,0xfffffe88;results=ECX;flows=;fallthrough=0055e1d9
instruction_reference	0055dab8	FUN_0055dab8	0055e1d3	Stack[-0x17c]	READ		operand_index=1;primary=true;source=ANALYSIS
instruction	0055dab8	FUN_0055dab8	0055e1d9	0055e1df	FALL_THROUGH	FUN_0055dab8	bytes=8B91F0000000;mnemonic=MOV;instruction=MOV EDX,dword ptr [ECX + 0xf0];inputs=0xf0,ECX;results=EDX;flows=;fallthrough=0055e1df
instruction	0055dab8	FUN_0055dab8	0055e1df	0055e1e9	FALL_THROUGH	FUN_0055dab8	bytes=C7823804000001000000;mnemonic=MOV;instruction=MOV dword ptr [EDX + 0x438],0x1;inputs=0x1,EDX,0x438;results=;flows=;fallthrough=0055e1e9
instruction	0055dab8	FUN_0055dab8	0055e1e9		UNCONDITIONAL_JUMP	FUN_0055dab8	bytes=EB16;mnemonic=JMP;instruction=JMP 0x0055e201;inputs=;results=;flows=0055e201;fallthrough=
instruction_reference	0055dab8	FUN_0055dab8	0055e1e9	0055e201	UNCONDITIONAL_JUMP	LAB_0055e201	operand_index=0;primary=true;source=DEFAULT
instruction	0055dab8	FUN_0055dab8	0055e1eb	0055e1f1	FALL_THROUGH	FUN_0055dab8	bytes=8B8588FEFFFF;mnemonic=MOV;instruction=MOV EAX,dword ptr [EBP + 0xfffffe88];inputs=EBP,0xfffffe88;results=EAX;flows=;fallthrough=0055e1f1
instruction_reference	0055dab8	FUN_0055dab8	0055e1eb	Stack[-0x17c]	READ		operand_index=1;primary=true;source=ANALYSIS
instruction	0055dab8	FUN_0055dab8	0055e1f1	0055e1f7	FALL_THROUGH	FUN_0055dab8	bytes=8B88F0000000;mnemonic=MOV;instruction=MOV ECX,dword ptr [EAX + 0xf0];inputs=EAX,0xf0;results=ECX;flows=;fallthrough=0055e1f7
instruction	0055dab8	FUN_0055dab8	0055e1f7	0055e201	FALL_THROUGH	FUN_0055dab8	bytes=C7813804000000000000;mnemonic=MOV;instruction=MOV dword ptr [ECX + 0x438],0x0;inputs=0x0,ECX,0x438;results=;flows=;fallthrough=0055e201
instruction	0055dab8	FUN_0055dab8	0055e201	0055e203	FALL_THROUGH	FUN_0055dab8	bytes=6A10;mnemonic=PUSH;instruction=PUSH 0x10;inputs=0x10,ESP,0x4;results=ESP;flows=;fallthrough=0055e203
instruction	0055dab8	FUN_0055dab8	0055e203	0055e209	COMPUTED_CALL	FUN_0055dab8	bytes=FF15BC325A00;mnemonic=CALL;instruction=CALL dword ptr [0x005a32bc];inputs=ESP,0x4,005a32bc,0x55e209;results=ESP;flows=EXTERNAL:0000007f;fallthrough=0055e209
instruction_reference	0055dab8	FUN_0055dab8	0055e203	005a32bc	READ	PTR_GetKeyState_005a32bc	operand_index=0;primary=true;source=DEFAULT
instruction_reference	0055dab8	FUN_0055dab8	0055e203	EXTERNAL:0000007f	COMPUTED_CALL	GetKeyState	operand_index=-1;primary=true;source=ANALYSIS
instruction	0055dab8	FUN_0055dab8	0055e209	0055e20d	FALL_THROUGH	FUN_0055dab8	bytes=668945F8;mnemonic=MOV;instruction=MOV word ptr [EBP + -0x8],AX;inputs=AX,EBP,0xfffffff8;results=;flows=;fallthrough=0055e20d
instruction_reference	0055dab8	FUN_0055dab8	0055e209	Stack[-0xc]	WRITE		operand_index=0;primary=true;source=ANALYSIS
instruction	0055dab8	FUN_0055dab8	0055e20d	0055e210	FALL_THROUGH	FUN_0055dab8	bytes=8B55F8;mnemonic=MOV;instruction=MOV EDX,dword ptr [EBP + -0x8];inputs=EBP,0xfffffff8;results=EDX;flows=;fallthrough=0055e210
instruction_reference	0055dab8	FUN_0055dab8	0055e20d	Stack[-0xc]	READ		operand_index=1;primary=true;source=ANALYSIS
instruction	0055dab8	FUN_0055dab8	0055e210	0055e216	FALL_THROUGH	FUN_0055dab8	bytes=81E2FFFF0000;mnemonic=AND;instruction=AND EDX,0xffff;inputs=0x0,0x1,EDX,0xffff,0xff;results=CF,PF,ZF,SF,EDX,OF;flows=;fallthrough=0055e216
instruction	0055dab8	FUN_0055dab8	0055e216	0055e219	FALL_THROUGH	FUN_0055dab8	bytes=C1FA08;mnemonic=SAR;instruction=SAR EDX,0x8;inputs=0x0,CF,0x1,PF,ZF,SF,0x8,EDX,OF,0x1f,0xff;results=CF,PF,ZF,SF,EDX,OF;flows=;fallthrough=0055e219
instruction	0055dab8	FUN_0055dab8	0055e219	0055e21b	FALL_THROUGH	FUN_0055dab8	bytes=85D2;mnemonic=TEST;instruction=TEST EDX,EDX;inputs=0x0,0x1,EDX,0xff;results=CF,PF,ZF,SF,OF;flows=;fallthrough=0055e21b
instruction	0055dab8	FUN_0055dab8	0055e21b	0055e21d	CONDITIONAL_JUMP	FUN_0055dab8	bytes=7E18;mnemonic=JLE;instruction=JLE 0x0055e235;inputs=ZF,SF,OF;results=;flows=0055e235;fallthrough=0055e21d
instruction_reference	0055dab8	FUN_0055dab8	0055e21b	0055e235	CONDITIONAL_JUMP	LAB_0055e235	operand_index=0;primary=true;source=DEFAULT
instruction	0055dab8	FUN_0055dab8	0055e21d	0055e223	FALL_THROUGH	FUN_0055dab8	bytes=8B8588FEFFFF;mnemonic=MOV;instruction=MOV EAX,dword ptr [EBP + 0xfffffe88];inputs=EBP,0xfffffe88;results=EAX;flows=;fallthrough=0055e223
instruction_reference	0055dab8	FUN_0055dab8	0055e21d	Stack[-0x17c]	READ		operand_index=1;primary=true;source=ANALYSIS
instruction	0055dab8	FUN_0055dab8	0055e223	0055e229	FALL_THROUGH	FUN_0055dab8	bytes=8B88F0000000;mnemonic=MOV;instruction=MOV ECX,dword ptr [EAX + 0xf0];inputs=EAX,0xf0;results=ECX;flows=;fallthrough=0055e229
instruction	0055dab8	FUN_0055dab8	0055e229	0055e233	FALL_THROUGH	FUN_0055dab8	bytes=C7814004000001000000;mnemonic=MOV;instruction=MOV dword ptr [ECX + 0x440],0x1;inputs=0x440,0x1,ECX;results=;flows=;fallthrough=0055e233
instruction	0055dab8	FUN_0055dab8	0055e233		UNCONDITIONAL_JUMP	FUN_0055dab8	bytes=EB16;mnemonic=JMP;instruction=JMP 0x0055e24b;inputs=;results=;flows=0055e24b;fallthrough=
instruction_reference	0055dab8	FUN_0055dab8	0055e233	0055e24b	UNCONDITIONAL_JUMP	LAB_0055e24b	operand_index=0;primary=true;source=DEFAULT
instruction	0055dab8	FUN_0055dab8	0055e235	0055e23b	FALL_THROUGH	FUN_0055dab8	bytes=8B9588FEFFFF;mnemonic=MOV;instruction=MOV EDX,dword ptr [EBP + 0xfffffe88];inputs=EBP,0xfffffe88;results=EDX;flows=;fallthrough=0055e23b
instruction_reference	0055dab8	FUN_0055dab8	0055e235	Stack[-0x17c]	READ		operand_index=1;primary=true;source=ANALYSIS
instruction	0055dab8	FUN_0055dab8	0055e23b	0055e241	FALL_THROUGH	FUN_0055dab8	bytes=8B82F0000000;mnemonic=MOV;instruction=MOV EAX,dword ptr [EDX + 0xf0];inputs=0xf0,EDX;results=EAX;flows=;fallthrough=0055e241
instruction	0055dab8	FUN_0055dab8	0055e241	0055e24b	FALL_THROUGH	FUN_0055dab8	bytes=C7804004000000000000;mnemonic=MOV;instruction=MOV dword ptr [EAX + 0x440],0x0;inputs=EAX,0x440,0x0;results=;flows=;fallthrough=0055e24b
instruction	0055dab8	FUN_0055dab8	0055e24b	0055e24f	FALL_THROUGH	FUN_0055dab8	bytes=837D1011;mnemonic=CMP;instruction=CMP dword ptr [EBP + 0x10],0x11;inputs=0x10,0x0,0x11,0x1,EBP,0xff;results=CF,PF,ZF,SF,OF;flows=;fallthrough=0055e24f
instruction_reference	0055dab8	FUN_0055dab8	0055e24b	Stack[0xc]	READ		operand_index=0;primary=true;source=ANALYSIS
instruction	0055dab8	FUN_0055dab8	0055e24f	0055e251	CONDITIONAL_JUMP	FUN_0055dab8	bytes=750C;mnemonic=JNZ;instruction=JNZ 0x0055e25d;inputs=ZF;results=;flows=0055e25d;fallthrough=0055e251
instruction_reference	0055dab8	FUN_0055dab8	0055e24f	0055e25d	CONDITIONAL_JUMP	LAB_0055e25d	operand_index=0;primary=true;source=DEFAULT
instruction	0055dab8	FUN_0055dab8	0055e251	0055e258	FALL_THROUGH	FUN_0055dab8	bytes=C745F000000000;mnemonic=MOV;instruction=MOV dword ptr [EBP + -0x10],0x0;inputs=0x0,EBP,0xfffffff0;results=;flows=;fallthrough=0055e258
instruction_reference	0055dab8	FUN_0055dab8	0055e251	Stack[-0x14]	WRITE		operand_index=0;primary=true;source=ANALYSIS
instruction	0055dab8	FUN_0055dab8	0055e258		UNCONDITIONAL_JUMP	FUN_0055dab8	bytes=E9E1000000;mnemonic=JMP;instruction=JMP 0x0055e33e;inputs=;results=;flows=0055e33e;fallthrough=
instruction_reference	0055dab8	FUN_0055dab8	0055e258	0055e33e	UNCONDITIONAL_JUMP	LAB_0055e33e	operand_index=0;primary=true;source=DEFAULT
instruction	0055dab8	FUN_0055dab8	0055e25d	0055e264	FALL_THROUGH	FUN_0055dab8	bytes=833D38CF670000;mnemonic=CMP;instruction=CMP dword ptr [0x0067cf38],0x0;inputs=0067cf38,0x0,0x1,0xff;results=CF,PF,ZF,SF,OF;flows=;fallthrough=0055e264
instruction_reference	0055dab8	FUN_0055dab8	0055e25d	0067cf38	READ	DAT_0067cf38	operand_index=0;primary=true;source=DEFAULT
instruction	0055dab8	FUN_0055dab8	0055e264	0055e26a	CONDITIONAL_JUMP	FUN_0055dab8	bytes=0F84D4000000;mnemonic=JZ;instruction=JZ 0x0055e33e;inputs=ZF;results=;flows=0055e33e;fallthrough=0055e26a
instruction_reference	0055dab8	FUN_0055dab8	0055e264	0055e33e	CONDITIONAL_JUMP	LAB_0055e33e	operand_index=0;primary=true;source=DEFAULT
instruction	0055dab8	FUN_0055dab8	0055e26a	0055e270	FALL_THROUGH	FUN_0055dab8	bytes=8B8D88FEFFFF;mnemonic=MOV;instruction=MOV ECX,dword ptr [EBP + 0xfffffe88];inputs=EBP,0xfffffe88;results=ECX;flows=;fallthrough=0055e270
instruction_reference	0055dab8	FUN_0055dab8	0055e26a	Stack[-0x17c]	READ		operand_index=1;primary=true;source=ANALYSIS
instruction	0055dab8	FUN_0055dab8	0055e270	0055e276	FALL_THROUGH	FUN_0055dab8	bytes=8B91F0000000;mnemonic=MOV;instruction=MOV EDX,dword ptr [ECX + 0xf0];inputs=0xf0,ECX;results=EDX;flows=;fallthrough=0055e276
instruction	0055dab8	FUN_0055dab8	0055e276	0055e27d	FALL_THROUGH	FUN_0055dab8	bytes=83BA3804000000;mnemonic=CMP;instruction=CMP dword ptr [EDX + 0x438],0x0;inputs=0x0,0x1,EDX,0x438,0xff;results=CF,PF,ZF,SF,OF;flows=;fallthrough=0055e27d
instruction	0055dab8	FUN_0055dab8	0055e27d	0055e283	CONDITIONAL_JUMP	FUN_0055dab8	bytes=0F84BB000000;mnemonic=JZ;instruction=JZ 0x0055e33e;inputs=ZF;results=;flows=0055e33e;fallthrough=0055e283
instruction_reference	0055dab8	FUN_0055dab8	0055e27d	0055e33e	CONDITIONAL_JUMP	LAB_0055e33e	operand_index=0;primary=true;source=DEFAULT
instruction	0055dab8	FUN_0055dab8	0055e283	0055e28a	FALL_THROUGH	FUN_0055dab8	bytes=817D10BD000000;mnemonic=CMP;instruction=CMP dword ptr [EBP + 0x10],0xbd;inputs=0x10,0x0,0x1,EBP,0xbd,0xff;results=CF,PF,ZF,SF,OF;flows=;fallthrough=0055e28a
instruction_reference	0055dab8	FUN_0055dab8	0055e283	Stack[0xc]	READ		operand_index=0;primary=true;source=ANALYSIS
instruction	0055dab8	FUN_0055dab8	0055e28a	0055e28c	CONDITIONAL_JUMP	FUN_0055dab8	bytes=7406;mnemonic=JZ;instruction=JZ 0x0055e292;inputs=ZF;results=;flows=0055e292;fallthrough=0055e28c
instruction_reference	0055dab8	FUN_0055dab8	0055e28a	0055e292	CONDITIONAL_JUMP	LAB_0055e292	operand_index=0;primary=true;source=DEFAULT
instruction	0055dab8	FUN_0055dab8	0055e28c	0055e290	FALL_THROUGH	FUN_0055dab8	bytes=837D106D;mnemonic=CMP;instruction=CMP dword ptr [EBP + 0x10],0x6d;inputs=0x10,0x0,0x1,EBP,0x6d,0xff;results=CF,PF,ZF,SF,OF;flows=;fallthrough=0055e290
instruction_reference	0055dab8	FUN_0055dab8	0055e28c	Stack[0xc]	READ		operand_index=0;primary=true;source=ANALYSIS
instruction	0055dab8	FUN_0055dab8	0055e290	0055e292	CONDITIONAL_JUMP	FUN_0055dab8	bytes=751A;mnemonic=JNZ;instruction=JNZ 0x0055e2ac;inputs=ZF;results=;flows=0055e2ac;fallthrough=0055e292
instruction_reference	0055dab8	FUN_0055dab8	0055e290	0055e2ac	CONDITIONAL_JUMP	LAB_0055e2ac	operand_index=0;primary=true;source=DEFAULT
instruction	0055dab8	FUN_0055dab8	0055e292	0055e297	FALL_THROUGH	FUN_0055dab8	bytes=68709C0000;mnemonic=PUSH;instruction=PUSH 0x9c70;inputs=0x9c70,ESP,0x4;results=ESP;flows=;fallthrough=0055e297
instruction	0055dab8	FUN_0055dab8	0055e297	0055e29c	FALL_THROUGH	FUN_0055dab8	bytes=A138CF6700;mnemonic=MOV;instruction=MOV EAX,[0x0067cf38];inputs=0067cf38;results=EAX;flows=;fallthrough=0055e29c
instruction_reference	0055dab8	FUN_0055dab8	0055e297	0067cf38	READ	DAT_0067cf38	operand_index=1;primary=true;source=DEFAULT
instruction	0055dab8	FUN_0055dab8	0055e29c	0055e29e	FALL_THROUGH	FUN_0055dab8	bytes=8B10;mnemonic=MOV;instruction=MOV EDX,dword ptr [EAX];inputs=EAX;results=EDX;flows=;fallthrough=0055e29e
instruction	0055dab8	FUN_0055dab8	0055e29e	0055e2a4	FALL_THROUGH	FUN_0055dab8	bytes=8B0D38CF6700;mnemonic=MOV;instruction=MOV ECX,dword ptr [0x0067cf38];inputs=0067cf38;results=ECX;flows=;fallthrough=0055e2a4
instruction_reference	0055dab8	FUN_0055dab8	0055e29e	0067cf38	READ	DAT_0067cf38	operand_index=1;primary=true;source=DEFAULT
instruction	0055dab8	FUN_0055dab8	0055e2a4	0055e2a7	COMPUTED_CALL	FUN_0055dab8	bytes=FF525C;mnemonic=CALL;instruction=CALL dword ptr [EDX + 0x5c];inputs=ESP,0x55e2a7,0x4,EDX,0x5c;results=ESP;flows=;fallthrough=0055e2a7
instruction	0055dab8	FUN_0055dab8	0055e2a7		UNCONDITIONAL_JUMP	FUN_0055dab8	bytes=E944090000;mnemonic=JMP;instruction=JMP 0x0055ebf0;inputs=;results=;flows=0055ebf0;fallthrough=
instruction_reference	0055dab8	FUN_0055dab8	0055e2a7	0055ebf0	UNCONDITIONAL_JUMP	caseD_2	operand_index=0;primary=true;source=DEFAULT
instruction	0055dab8	FUN_0055dab8	0055e2ac	0055e2b3	FALL_THROUGH	FUN_0055dab8	bytes=817D10BB000000;mnemonic=CMP;instruction=CMP dword ptr [EBP + 0x10],0xbb;inputs=0x10,0x0,0x1,EBP,0xbb,0xff;results=CF,PF,ZF,SF,OF;flows=;fallthrough=0055e2b3
instruction_reference	0055dab8	FUN_0055dab8	0055e2ac	Stack[0xc]	READ		operand_index=0;primary=true;source=ANALYSIS
instruction	0055dab8	FUN_0055dab8	0055e2b3	0055e2b5	CONDITIONAL_JUMP	FUN_0055dab8	bytes=7406;mnemonic=JZ;instruction=JZ 0x0055e2bb;inputs=ZF;results=;flows=0055e2bb;fallthrough=0055e2b5
instruction_reference	0055dab8	FUN_0055dab8	0055e2b3	0055e2bb	CONDITIONAL_JUMP	LAB_0055e2bb	operand_index=0;primary=true;source=DEFAULT
instruction	0055dab8	FUN_0055dab8	0055e2b5	0055e2b9	FALL_THROUGH	FUN_0055dab8	bytes=837D106B;mnemonic=CMP;instruction=CMP dword ptr [EBP + 0x10],0x6b;inputs=0x10,0x0,0x1,EBP,0x6b,0xff;results=CF,PF,ZF,SF,OF;flows=;fallthrough=0055e2b9
instruction_reference	0055dab8	FUN_0055dab8	0055e2b5	Stack[0xc]	READ		operand_index=0;primary=true;source=ANALYSIS
instruction	0055dab8	FUN_0055dab8	0055e2b9	0055e2bb	CONDITIONAL_JUMP	FUN_0055dab8	bytes=751A;mnemonic=JNZ;instruction=JNZ 0x0055e2d5;inputs=ZF;results=;flows=0055e2d5;fallthrough=0055e2bb
instruction_reference	0055dab8	FUN_0055dab8	0055e2b9	0055e2d5	CONDITIONAL_JUMP	LAB_0055e2d5	operand_index=0;primary=true;source=DEFAULT
instruction	0055dab8	FUN_0055dab8	0055e2bb	0055e2c0	FALL_THROUGH	FUN_0055dab8	bytes=686F9C0000;mnemonic=PUSH;instruction=PUSH 0x9c6f;inputs=ESP,0x4,0x9c6f;results=ESP;flows=;fallthrough=0055e2c0
instruction	0055dab8	FUN_0055dab8	0055e2c0	0055e2c5	FALL_THROUGH	FUN_0055dab8	bytes=A138CF6700;mnemonic=MOV;instruction=MOV EAX,[0x0067cf38];inputs=0067cf38;results=EAX;flows=;fallthrough=0055e2c5
instruction_reference	0055dab8	FUN_0055dab8	0055e2c0	0067cf38	READ	DAT_0067cf38	operand_index=1;primary=true;source=DEFAULT
instruction	0055dab8	FUN_0055dab8	0055e2c5	0055e2c7	FALL_THROUGH	FUN_0055dab8	bytes=8B10;mnemonic=MOV;instruction=MOV EDX,dword ptr [EAX];inputs=EAX;results=EDX;flows=;fallthrough=0055e2c7
instruction	0055dab8	FUN_0055dab8	0055e2c7	0055e2cd	FALL_THROUGH	FUN_0055dab8	bytes=8B0D38CF6700;mnemonic=MOV;instruction=MOV ECX,dword ptr [0x0067cf38];inputs=0067cf38;results=ECX;flows=;fallthrough=0055e2cd
instruction_reference	0055dab8	FUN_0055dab8	0055e2c7	0067cf38	READ	DAT_0067cf38	operand_index=1;primary=true;source=DEFAULT
instruction	0055dab8	FUN_0055dab8	0055e2cd	0055e2d0	COMPUTED_CALL	FUN_0055dab8	bytes=FF525C;mnemonic=CALL;instruction=CALL dword ptr [EDX + 0x5c];inputs=ESP,0x4,0x55e2d0,EDX,0x5c;results=ESP;flows=;fallthrough=0055e2d0
instruction	0055dab8	FUN_0055dab8	0055e2d0		UNCONDITIONAL_JUMP	FUN_0055dab8	bytes=E91B090000;mnemonic=JMP;instruction=JMP 0x0055ebf0;inputs=;results=;flows=0055ebf0;fallthrough=
instruction_reference	0055dab8	FUN_0055dab8	0055e2d0	0055ebf0	UNCONDITIONAL_JUMP	caseD_2	operand_index=0;primary=true;source=DEFAULT
instruction	0055dab8	FUN_0055dab8	0055e2d5	0055e2dc	FALL_THROUGH	FUN_0055dab8	bytes=817D10DB000000;mnemonic=CMP;instruction=CMP dword ptr [EBP + 0x10],0xdb;inputs=0x10,0x0,0x1,EBP,0xdb,0xff;results=CF,PF,ZF,SF,OF;flows=;fallthrough=0055e2dc
instruction_reference	0055dab8	FUN_0055dab8	0055e2d5	Stack[0xc]	READ		operand_index=0;primary=true;source=ANALYSIS
instruction	0055dab8	FUN_0055dab8	0055e2dc	0055e2de	CONDITIONAL_JUMP	FUN_0055dab8	bytes=751A;mnemonic=JNZ;instruction=JNZ 0x0055e2f8;inputs=ZF;results=;flows=0055e2f8;fallthrough=0055e2de
instruction_reference	0055dab8	FUN_0055dab8	0055e2dc	0055e2f8	CONDITIONAL_JUMP	LAB_0055e2f8	operand_index=0;primary=true;source=DEFAULT
instruction	0055dab8	FUN_0055dab8	0055e2de	0055e2e3	FALL_THROUGH	FUN_0055dab8	bytes=685B9C0000;mnemonic=PUSH;instruction=PUSH 0x9c5b;inputs=ESP,0x4,0x9c5b;results=ESP;flows=;fallthrough=0055e2e3
instruction	0055dab8	FUN_0055dab8	0055e2e3	0055e2e8	FALL_THROUGH	FUN_0055dab8	bytes=A138CF6700;mnemonic=MOV;instruction=MOV EAX,[0x0067cf38];inputs=0067cf38;results=EAX;flows=;fallthrough=0055e2e8
instruction_reference	0055dab8	FUN_0055dab8	0055e2e3	0067cf38	READ	DAT_0067cf38	operand_index=1;primary=true;source=DEFAULT
instruction	0055dab8	FUN_0055dab8	0055e2e8	0055e2ea	FALL_THROUGH	FUN_0055dab8	bytes=8B10;mnemonic=MOV;instruction=MOV EDX,dword ptr [EAX];inputs=EAX;results=EDX;flows=;fallthrough=0055e2ea
instruction	0055dab8	FUN_0055dab8	0055e2ea	0055e2f0	FALL_THROUGH	FUN_0055dab8	bytes=8B0D38CF6700;mnemonic=MOV;instruction=MOV ECX,dword ptr [0x0067cf38];inputs=0067cf38;results=ECX;flows=;fallthrough=0055e2f0
instruction_reference	0055dab8	FUN_0055dab8	0055e2ea	0067cf38	READ	DAT_0067cf38	operand_index=1;primary=true;source=DEFAULT
instruction	0055dab8	FUN_0055dab8	0055e2f0	0055e2f3	COMPUTED_CALL	FUN_0055dab8	bytes=FF525C;mnemonic=CALL;instruction=CALL dword ptr [EDX + 0x5c];inputs=ESP,0x4,0x55e2f3,EDX,0x5c;results=ESP;flows=;fallthrough=0055e2f3
instruction	0055dab8	FUN_0055dab8	0055e2f3		UNCONDITIONAL_JUMP	FUN_0055dab8	bytes=E9F8080000;mnemonic=JMP;instruction=JMP 0x0055ebf0;inputs=;results=;flows=0055ebf0;fallthrough=
instruction_reference	0055dab8	FUN_0055dab8	0055e2f3	0055ebf0	UNCONDITIONAL_JUMP	caseD_2	operand_index=0;primary=true;source=DEFAULT
instruction	0055dab8	FUN_0055dab8	0055e2f8	0055e2ff	FALL_THROUGH	FUN_0055dab8	bytes=817D10DD000000;mnemonic=CMP;instruction=CMP dword ptr [EBP + 0x10],0xdd;inputs=0x10,0x0,0x1,EBP,0xdd,0xff;results=CF,PF,ZF,SF,OF;flows=;fallthrough=0055e2ff
instruction_reference	0055dab8	FUN_0055dab8	0055e2f8	Stack[0xc]	READ		operand_index=0;primary=true;source=ANALYSIS
instruction	0055dab8	FUN_0055dab8	0055e2ff	0055e301	CONDITIONAL_JUMP	FUN_0055dab8	bytes=751A;mnemonic=JNZ;instruction=JNZ 0x0055e31b;inputs=ZF;results=;flows=0055e31b;fallthrough=0055e301
instruction_reference	0055dab8	FUN_0055dab8	0055e2ff	0055e31b	CONDITIONAL_JUMP	LAB_0055e31b	operand_index=0;primary=true;source=DEFAULT
instruction	0055dab8	FUN_0055dab8	0055e301	0055e306	FALL_THROUGH	FUN_0055dab8	bytes=685C9C0000;mnemonic=PUSH;instruction=PUSH 0x9c5c;inputs=ESP,0x4,0x9c5c;results=ESP;flows=;fallthrough=0055e306
instruction	0055dab8	FUN_0055dab8	0055e306	0055e30b	FALL_THROUGH	FUN_0055dab8	bytes=A138CF6700;mnemonic=MOV;instruction=MOV EAX,[0x0067cf38];inputs=0067cf38;results=EAX;flows=;fallthrough=0055e30b
instruction_reference	0055dab8	FUN_0055dab8	0055e306	0067cf38	READ	DAT_0067cf38	operand_index=1;primary=true;source=DEFAULT
instruction	0055dab8	FUN_0055dab8	0055e30b	0055e30d	FALL_THROUGH	FUN_0055dab8	bytes=8B10;mnemonic=MOV;instruction=MOV EDX,dword ptr [EAX];inputs=EAX;results=EDX;flows=;fallthrough=0055e30d
instruction	0055dab8	FUN_0055dab8	0055e30d	0055e313	FALL_THROUGH	FUN_0055dab8	bytes=8B0D38CF6700;mnemonic=MOV;instruction=MOV ECX,dword ptr [0x0067cf38];inputs=0067cf38;results=ECX;flows=;fallthrough=0055e313
instruction_reference	0055dab8	FUN_0055dab8	0055e30d	0067cf38	READ	DAT_0067cf38	operand_index=1;primary=true;source=DEFAULT
instruction	0055dab8	FUN_0055dab8	0055e313	0055e316	COMPUTED_CALL	FUN_0055dab8	bytes=FF525C;mnemonic=CALL;instruction=CALL dword ptr [EDX + 0x5c];inputs=ESP,0x55e316,0x4,EDX,0x5c;results=ESP;flows=;fallthrough=0055e316
instruction	0055dab8	FUN_0055dab8	0055e316		UNCONDITIONAL_JUMP	FUN_0055dab8	bytes=E9D5080000;mnemonic=JMP;instruction=JMP 0x0055ebf0;inputs=;results=;flows=0055ebf0;fallthrough=
instruction_reference	0055dab8	FUN_0055dab8	0055e316	0055ebf0	UNCONDITIONAL_JUMP	caseD_2	operand_index=0;primary=true;source=DEFAULT
instruction	0055dab8	FUN_0055dab8	0055e31b	0055e322	FALL_THROUGH	FUN_0055dab8	bytes=817D10DE000000;mnemonic=CMP;instruction=CMP dword ptr [EBP + 0x10],0xde;inputs=0x10,0x0,0x1,EBP,0xde,0xff;results=CF,PF,ZF,SF,OF;flows=;fallthrough=0055e322
instruction_reference	0055dab8	FUN_0055dab8	0055e31b	Stack[0xc]	READ		operand_index=0;primary=true;source=ANALYSIS
instruction	0055dab8	FUN_0055dab8	0055e322	0055e324	CONDITIONAL_JUMP	FUN_0055dab8	bytes=751A;mnemonic=JNZ;instruction=JNZ 0x0055e33e;inputs=ZF;results=;flows=0055e33e;fallthrough=0055e324
instruction_reference	0055dab8	FUN_0055dab8	0055e322	0055e33e	CONDITIONAL_JUMP	LAB_0055e33e	operand_index=0;primary=true;source=DEFAULT
instruction	0055dab8	FUN_0055dab8	0055e324	0055e329	FALL_THROUGH	FUN_0055dab8	bytes=685D9C0000;mnemonic=PUSH;instruction=PUSH 0x9c5d;inputs=ESP,0x4,0x9c5d;results=ESP;flows=;fallthrough=0055e329
instruction	0055dab8	FUN_0055dab8	0055e329	0055e32e	FALL_THROUGH	FUN_0055dab8	bytes=A138CF6700;mnemonic=MOV;instruction=MOV EAX,[0x0067cf38];inputs=0067cf38;results=EAX;flows=;fallthrough=0055e32e
instruction_reference	0055dab8	FUN_0055dab8	0055e329	0067cf38	READ	DAT_0067cf38	operand_index=1;primary=true;source=DEFAULT
instruction	0055dab8	FUN_0055dab8	0055e32e	0055e330	FALL_THROUGH	FUN_0055dab8	bytes=8B10;mnemonic=MOV;instruction=MOV EDX,dword ptr [EAX];inputs=EAX;results=EDX;flows=;fallthrough=0055e330
instruction	0055dab8	FUN_0055dab8	0055e330	0055e336	FALL_THROUGH	FUN_0055dab8	bytes=8B0D38CF6700;mnemonic=MOV;instruction=MOV ECX,dword ptr [0x0067cf38];inputs=0067cf38;results=ECX;flows=;fallthrough=0055e336
instruction_reference	0055dab8	FUN_0055dab8	0055e330	0067cf38	READ	DAT_0067cf38	operand_index=1;primary=true;source=DEFAULT
instruction	0055dab8	FUN_0055dab8	0055e336	0055e339	COMPUTED_CALL	FUN_0055dab8	bytes=FF525C;mnemonic=CALL;instruction=CALL dword ptr [EDX + 0x5c];inputs=ESP,0x4,EDX,0x5c,0x55e339;results=ESP;flows=;fallthrough=0055e339
instruction	0055dab8	FUN_0055dab8	0055e339		UNCONDITIONAL_JUMP	FUN_0055dab8	bytes=E9B2080000;mnemonic=JMP;instruction=JMP 0x0055ebf0;inputs=;results=;flows=0055ebf0;fallthrough=
instruction_reference	0055dab8	FUN_0055dab8	0055e339	0055ebf0	UNCONDITIONAL_JUMP	caseD_2	operand_index=0;primary=true;source=DEFAULT
instruction	0055dab8	FUN_0055dab8	0055e33e	0055e341	FALL_THROUGH	FUN_0055dab8	bytes=8B4510;mnemonic=MOV;instruction=MOV EAX,dword ptr [EBP + 0x10];inputs=0x10,EBP;results=EAX;flows=;fallthrough=0055e341
instruction_reference	0055dab8	FUN_0055dab8	0055e33e	Stack[0xc]	READ		operand_index=1;primary=true;source=ANALYSIS
instruction	0055dab8	FUN_0055dab8	0055e341	0055e342	FALL_THROUGH	FUN_0055dab8	bytes=50;mnemonic=PUSH;instruction=PUSH EAX;inputs=EAX,ESP,0x4;results=ESP;flows=;fallthrough=0055e342
instruction	0055dab8	FUN_0055dab8	0055e342	0055e348	FALL_THROUGH	FUN_0055dab8	bytes=8B8D88FEFFFF;mnemonic=MOV;instruction=MOV ECX,dword ptr [EBP + 0xfffffe88];inputs=EBP,0xfffffe88;results=ECX;flows=;fallthrough=0055e348
instruction_reference	0055dab8	FUN_0055dab8	0055e342	Stack[-0x17c]	READ		operand_index=1;primary=true;source=ANALYSIS
instruction	0055dab8	FUN_0055dab8	0055e348	0055e34e	FALL_THROUGH	FUN_0055dab8	bytes=8B89F0000000;mnemonic=MOV;instruction=MOV ECX,dword ptr [ECX + 0xf0];inputs=0xf0,ECX;results=ECX;flows=;fallthrough=0055e34e
instruction	0055dab8	FUN_0055dab8	0055e34e	0055e353	UNCONDITIONAL_CALL	FUN_0055dab8	bytes=E83111F5FF;mnemonic=CALL;instruction=CALL 0x004af484;inputs=ESP,0x4,0x55e353;results=ESP;flows=004af484;fallthrough=0055e353
instruction_reference	0055dab8	FUN_0055dab8	0055e34e	004af484	UNCONDITIONAL_CALL	FUN_004af484	operand_index=0;primary=true;source=DEFAULT
instruction	0055dab8	FUN_0055dab8	0055e353		UNCONDITIONAL_JUMP	FUN_0055dab8	bytes=E998080000;mnemonic=JMP;instruction=JMP 0x0055ebf0;inputs=;results=;flows=0055ebf0;fallthrough=
instruction_reference	0055dab8	FUN_0055dab8	0055e353	0055ebf0	UNCONDITIONAL_JUMP	caseD_2	operand_index=0;primary=true;source=DEFAULT
instruction	0055dab8	FUN_0055dab8	0055e358	0055e35e	FALL_THROUGH	FUN_0055dab8	bytes=8B9588FEFFFF;mnemonic=MOV;instruction=MOV EDX,dword ptr [EBP + 0xfffffe88];inputs=EBP,0xfffffe88;results=EDX;flows=;fallthrough=0055e35e
instruction_reference	0055dab8	FUN_0055dab8	0055e358	Stack[-0x17c]	READ		operand_index=1;primary=true;source=ANALYSIS
instruction	0055dab8	FUN_0055dab8	0055e35e	0055e365	FALL_THROUGH	FUN_0055dab8	bytes=83BAF000000000;mnemonic=CMP;instruction=CMP dword ptr [EDX + 0xf0],0x0;inputs=0xf0,0x0,0x1,EDX,0xff;results=CF,PF,ZF,SF,OF;flows=;fallthrough=0055e365
instruction	0055dab8	FUN_0055dab8	0055e365	0055e36b	CONDITIONAL_JUMP	FUN_0055dab8	bytes=0F84BF000000;mnemonic=JZ;instruction=JZ 0x0055e42a;inputs=ZF;results=;flows=0055e42a;fallthrough=0055e36b
instruction_reference	0055dab8	FUN_0055dab8	0055e365	0055e42a	CONDITIONAL_JUMP	LAB_0055e42a	operand_index=0;primary=true;source=DEFAULT
instruction	0055dab8	FUN_0055dab8	0055e36b	0055e36f	FALL_THROUGH	FUN_0055dab8	bytes=837D102C;mnemonic=CMP;instruction=CMP dword ptr [EBP + 0x10],0x2c;inputs=0x10,0x0,0x1,EBP,0x2c,0xff;results=CF,PF,ZF,SF,OF;flows=;fallthrough=0055e36f
instruction_reference	0055dab8	FUN_0055dab8	0055e36b	Stack[0xc]	READ		operand_index=0;primary=true;source=ANALYSIS
instruction	0055dab8	FUN_0055dab8	0055e36f	0055e371	CONDITIONAL_JUMP	FUN_0055dab8	bytes=7511;mnemonic=JNZ;instruction=JNZ 0x0055e382;inputs=ZF;results=;flows=0055e382;fallthrough=0055e371
instruction_reference	0055dab8	FUN_0055dab8	0055e36f	0055e382	CONDITIONAL_JUMP	LAB_0055e382	operand_index=0;primary=true;source=DEFAULT
instruction	0055dab8	FUN_0055dab8	0055e371	0055e377	FALL_THROUGH	FUN_0055dab8	bytes=8B8588FEFFFF;mnemonic=MOV;instruction=MOV EAX,dword ptr [EBP + 0xfffffe88];inputs=EBP,0xfffffe88;results=EAX;flows=;fallthrough=0055e377
instruction_reference	0055dab8	FUN_0055dab8	0055e371	Stack[-0x17c]	READ		operand_index=1;primary=true;source=ANALYSIS
instruction	0055dab8	FUN_0055dab8	0055e377	0055e37d	FALL_THROUGH	FUN_0055dab8	bytes=8B88E0000000;mnemonic=MOV;instruction=MOV ECX,dword ptr [EAX + 0xe0];inputs=EAX,0xe0;results=ECX;flows=;fallthrough=0055e37d
instruction	0055dab8	FUN_0055dab8	0055e37d	0055e382	UNCONDITIONAL_CALL	FUN_0055dab8	bytes=E82697ECFF;mnemonic=CALL;instruction=CALL 0x00427aa8;inputs=ESP,0x4,0x55e382;results=ESP;flows=00427aa8;fallthrough=0055e382
instruction_reference	0055dab8	FUN_0055dab8	0055e37d	00427aa8	UNCONDITIONAL_CALL	FUN_00427aa8	operand_index=0;primary=true;source=DEFAULT
instruction	0055dab8	FUN_0055dab8	0055e382	0055e384	FALL_THROUGH	FUN_0055dab8	bytes=6A11;mnemonic=PUSH;instruction=PUSH 0x11;inputs=ESP,0x11,0x4;results=ESP;flows=;fallthrough=0055e384
instruction	0055dab8	FUN_0055dab8	0055e384	0055e38a	COMPUTED_CALL	FUN_0055dab8	bytes=FF15BC325A00;mnemonic=CALL;instruction=CALL dword ptr [0x005a32bc];inputs=ESP,0x4,005a32bc,0x55e38a;results=ESP;flows=EXTERNAL:0000007f;fallthrough=0055e38a
instruction_reference	0055dab8	FUN_0055dab8	0055e384	005a32bc	READ	PTR_GetKeyState_005a32bc	operand_index=0;primary=true;source=DEFAULT
instruction_reference	0055dab8	FUN_0055dab8	0055e384	EXTERNAL:0000007f	COMPUTED_CALL	GetKeyState	operand_index=-1;primary=true;source=ANALYSIS
instruction	0055dab8	FUN_0055dab8	0055e38a	0055e38e	FALL_THROUGH	FUN_0055dab8	bytes=668945E8;mnemonic=MOV;instruction=MOV word ptr [EBP + -0x18],AX;inputs=AX,EBP,0xffffffe8;results=;flows=;fallthrough=0055e38e
instruction_reference	0055dab8	FUN_0055dab8	0055e38a	Stack[-0x1c]	WRITE		operand_index=0;primary=true;source=ANALYSIS
instruction	0055dab8	FUN_0055dab8	0055e38e	0055e391	FALL_THROUGH	FUN_0055dab8	bytes=8B4DE8;mnemonic=MOV;instruction=MOV ECX,dword ptr [EBP + -0x18];inputs=EBP,0xffffffe8;results=ECX;flows=;fallthrough=0055e391
instruction_reference	0055dab8	FUN_0055dab8	0055e38e	Stack[-0x1c]	READ		operand_index=1;primary=true;source=ANALYSIS
instruction	0055dab8	FUN_0055dab8	0055e391	0055e397	FALL_THROUGH	FUN_0055dab8	bytes=81E1FFFF0000;mnemonic=AND;instruction=AND ECX,0xffff;inputs=0x0,0x1,ECX,0xffff,0xff;results=CF,PF,ECX,ZF,SF,OF;flows=;fallthrough=0055e397
instruction	0055dab8	FUN_0055dab8	0055e397	0055e39a	FALL_THROUGH	FUN_0055dab8	bytes=C1F908;mnemonic=SAR;instruction=SAR ECX,0x8;inputs=0x0,CF,0x1,PF,ECX,ZF,SF,0x8,OF,0x1f,0xff;results=CF,PF,ECX,ZF,SF,OF;flows=;fallthrough=0055e39a
instruction	0055dab8	FUN_0055dab8	0055e39a	0055e39c	FALL_THROUGH	FUN_0055dab8	bytes=85C9;mnemonic=TEST;instruction=TEST ECX,ECX;inputs=0x0,0x1,ECX,0xff;results=CF,PF,ZF,SF,OF;flows=;fallthrough=0055e39c
instruction	0055dab8	FUN_0055dab8	0055e39c	0055e39e	CONDITIONAL_JUMP	FUN_0055dab8	bytes=7E18;mnemonic=JLE;instruction=JLE 0x0055e3b6;inputs=ZF,SF,OF;results=;flows=0055e3b6;fallthrough=0055e39e
instruction_reference	0055dab8	FUN_0055dab8	0055e39c	0055e3b6	CONDITIONAL_JUMP	LAB_0055e3b6	operand_index=0;primary=true;source=DEFAULT
instruction	0055dab8	FUN_0055dab8	0055e39e	0055e3a4	FALL_THROUGH	FUN_0055dab8	bytes=8B9588FEFFFF;mnemonic=MOV;instruction=MOV EDX,dword ptr [EBP + 0xfffffe88];inputs=EBP,0xfffffe88;results=EDX;flows=;fallthrough=0055e3a4
instruction_reference	0055dab8	FUN_0055dab8	0055e39e	Stack[-0x17c]	READ		operand_index=1;primary=true;source=ANALYSIS
instruction	0055dab8	FUN_0055dab8	0055e3a4	0055e3aa	FALL_THROUGH	FUN_0055dab8	bytes=8B82F0000000;mnemonic=MOV;instruction=MOV EAX,dword ptr [EDX + 0xf0];inputs=0xf0,EDX;results=EAX;flows=;fallthrough=0055e3aa
instruction	0055dab8	FUN_0055dab8	0055e3aa	0055e3b4	FALL_THROUGH	FUN_0055dab8	bytes=C7803804000001000000;mnemonic=MOV;instruction=MOV dword ptr [EAX + 0x438],0x1;inputs=EAX,0x1,0x438;results=;flows=;fallthrough=0055e3b4
instruction	0055dab8	FUN_0055dab8	0055e3b4		UNCONDITIONAL_JUMP	FUN_0055dab8	bytes=EB16;mnemonic=JMP;instruction=JMP 0x0055e3cc;inputs=;results=;flows=0055e3cc;fallthrough=
instruction_reference	0055dab8	FUN_0055dab8	0055e3b4	0055e3cc	UNCONDITIONAL_JUMP	LAB_0055e3cc	operand_index=0;primary=true;source=DEFAULT
instruction	0055dab8	FUN_0055dab8	0055e3b6	0055e3bc	FALL_THROUGH	FUN_0055dab8	bytes=8B8D88FEFFFF;mnemonic=MOV;instruction=MOV ECX,dword ptr [EBP + 0xfffffe88];inputs=EBP,0xfffffe88;results=ECX;flows=;fallthrough=0055e3bc
instruction_reference	0055dab8	FUN_0055dab8	0055e3b6	Stack[-0x17c]	READ		operand_index=1;primary=true;source=ANALYSIS
instruction	0055dab8	FUN_0055dab8	0055e3bc	0055e3c2	FALL_THROUGH	FUN_0055dab8	bytes=8B91F0000000;mnemonic=MOV;instruction=MOV EDX,dword ptr [ECX + 0xf0];inputs=0xf0,ECX;results=EDX;flows=;fallthrough=0055e3c2
instruction	0055dab8	FUN_0055dab8	0055e3c2	0055e3cc	FALL_THROUGH	FUN_0055dab8	bytes=C7823804000000000000;mnemonic=MOV;instruction=MOV dword ptr [EDX + 0x438],0x0;inputs=0x0,EDX,0x438;results=;flows=;fallthrough=0055e3cc
instruction	0055dab8	FUN_0055dab8	0055e3cc	0055e3ce	FALL_THROUGH	FUN_0055dab8	bytes=6A10;mnemonic=PUSH;instruction=PUSH 0x10;inputs=0x10,ESP,0x4;results=ESP;flows=;fallthrough=0055e3ce
instruction	0055dab8	FUN_0055dab8	0055e3ce	0055e3d4	COMPUTED_CALL	FUN_0055dab8	bytes=FF15BC325A00;mnemonic=CALL;instruction=CALL dword ptr [0x005a32bc];inputs=ESP,0x55e3d4,0x4,005a32bc;results=ESP;flows=EXTERNAL:0000007f;fallthrough=0055e3d4
instruction_reference	0055dab8	FUN_0055dab8	0055e3ce	005a32bc	READ	PTR_GetKeyState_005a32bc	operand_index=0;primary=true;source=DEFAULT
instruction_reference	0055dab8	FUN_0055dab8	0055e3ce	EXTERNAL:0000007f	COMPUTED_CALL	GetKeyState	operand_index=-1;primary=true;source=ANALYSIS
instruction	0055dab8	FUN_0055dab8	0055e3d4	0055e3d8	FALL_THROUGH	FUN_0055dab8	bytes=668945EC;mnemonic=MOV;instruction=MOV word ptr [EBP + -0x14],AX;inputs=AX,0xffffffec,EBP;results=;flows=;fallthrough=0055e3d8
instruction_reference	0055dab8	FUN_0055dab8	0055e3d4	Stack[-0x18]	WRITE		operand_index=0;primary=true;source=ANALYSIS
instruction	0055dab8	FUN_0055dab8	0055e3d8	0055e3db	FALL_THROUGH	FUN_0055dab8	bytes=8B45EC;mnemonic=MOV;instruction=MOV EAX,dword ptr [EBP + -0x14];inputs=0xffffffec,EBP;results=EAX;flows=;fallthrough=0055e3db
instruction_reference	0055dab8	FUN_0055dab8	0055e3d8	Stack[-0x18]	READ		operand_index=1;primary=true;source=ANALYSIS
instruction	0055dab8	FUN_0055dab8	0055e3db	0055e3e0	FALL_THROUGH	FUN_0055dab8	bytes=25FFFF0000;mnemonic=AND;instruction=AND EAX,0xffff;inputs=0x0,EAX,0x1,0xffff,0xff;results=CF,EAX,PF,ZF,SF,OF;flows=;fallthrough=0055e3e0
instruction	0055dab8	FUN_0055dab8	0055e3e0	0055e3e3	FALL_THROUGH	FUN_0055dab8	bytes=C1F808;mnemonic=SAR;instruction=SAR EAX,0x8;inputs=EAX,0x0,CF,0x1,PF,ZF,SF,0x8,OF,0x1f,0xff;results=EAX,CF,PF,ZF,SF,OF;flows=;fallthrough=0055e3e3
instruction	0055dab8	FUN_0055dab8	0055e3e3	0055e3e5	FALL_THROUGH	FUN_0055dab8	bytes=85C0;mnemonic=TEST;instruction=TEST EAX,EAX;inputs=0x0,EAX,0x1,0xff;results=CF,PF,ZF,SF,OF;flows=;fallthrough=0055e3e5
instruction	0055dab8	FUN_0055dab8	0055e3e5	0055e3e7	CONDITIONAL_JUMP	FUN_0055dab8	bytes=7E18;mnemonic=JLE;instruction=JLE 0x0055e3ff;inputs=ZF,SF,OF;results=;flows=0055e3ff;fallthrough=0055e3e7
instruction_reference	0055dab8	FUN_0055dab8	0055e3e5	0055e3ff	CONDITIONAL_JUMP	LAB_0055e3ff	operand_index=0;primary=true;source=DEFAULT
instruction	0055dab8	FUN_0055dab8	0055e3e7	0055e3ed	FALL_THROUGH	FUN_0055dab8	bytes=8B8D88FEFFFF;mnemonic=MOV;instruction=MOV ECX,dword ptr [EBP + 0xfffffe88];inputs=EBP,0xfffffe88;results=ECX;flows=;fallthrough=0055e3ed
instruction_reference	0055dab8	FUN_0055dab8	0055e3e7	Stack[-0x17c]	READ		operand_index=1;primary=true;source=ANALYSIS
instruction	0055dab8	FUN_0055dab8	0055e3ed	0055e3f3	FALL_THROUGH	FUN_0055dab8	bytes=8B91F0000000;mnemonic=MOV;instruction=MOV EDX,dword ptr [ECX + 0xf0];inputs=0xf0,ECX;results=EDX;flows=;fallthrough=0055e3f3
instruction	0055dab8	FUN_0055dab8	0055e3f3	0055e3fd	FALL_THROUGH	FUN_0055dab8	bytes=C7824004000001000000;mnemonic=MOV;instruction=MOV dword ptr [EDX + 0x440],0x1;inputs=0x440,0x1,EDX;results=;flows=;fallthrough=0055e3fd
instruction	0055dab8	FUN_0055dab8	0055e3fd		UNCONDITIONAL_JUMP	FUN_0055dab8	bytes=EB16;mnemonic=JMP;instruction=JMP 0x0055e415;inputs=;results=;flows=0055e415;fallthrough=
instruction_reference	0055dab8	FUN_0055dab8	0055e3fd	0055e415	UNCONDITIONAL_JUMP	LAB_0055e415	operand_index=0;primary=true;source=DEFAULT
instruction	0055dab8	FUN_0055dab8	0055e3ff	0055e405	FALL_THROUGH	FUN_0055dab8	bytes=8B8588FEFFFF;mnemonic=MOV;instruction=MOV EAX,dword ptr [EBP + 0xfffffe88];inputs=EBP,0xfffffe88;results=EAX;flows=;fallthrough=0055e405
instruction_reference	0055dab8	FUN_0055dab8	0055e3ff	Stack[-0x17c]	READ		operand_index=1;primary=true;source=ANALYSIS
instruction	0055dab8	FUN_0055dab8	0055e405	0055e40b	FALL_THROUGH	FUN_0055dab8	bytes=8B88F0000000;mnemonic=MOV;instruction=MOV ECX,dword ptr [EAX + 0xf0];inputs=EAX,0xf0;results=ECX;flows=;fallthrough=0055e40b
instruction	0055dab8	FUN_0055dab8	0055e40b	0055e415	FALL_THROUGH	FUN_0055dab8	bytes=C7814004000000000000;mnemonic=MOV;instruction=MOV dword ptr [ECX + 0x440],0x0;inputs=0x440,0x0,ECX;results=;flows=;fallthrough=0055e415
instruction	0055dab8	FUN_0055dab8	0055e415	0055e418	FALL_THROUGH	FUN_0055dab8	bytes=8B5510;mnemonic=MOV;instruction=MOV EDX,dword ptr [EBP + 0x10];inputs=0x10,EBP;results=EDX;flows=;fallthrough=0055e418
instruction_reference	0055dab8	FUN_0055dab8	0055e415	Stack[0xc]	READ		operand_index=1;primary=true;source=ANALYSIS
instruction	0055dab8	FUN_0055dab8	0055e418	0055e419	FALL_THROUGH	FUN_0055dab8	bytes=52;mnemonic=PUSH;instruction=PUSH EDX;inputs=ESP,0x4,EDX;results=ESP;flows=;fallthrough=0055e419
instruction	0055dab8	FUN_0055dab8	0055e419	0055e41f	FALL_THROUGH	FUN_0055dab8	bytes=8B8588FEFFFF;mnemonic=MOV;instruction=MOV EAX,dword ptr [EBP + 0xfffffe88];inputs=EBP,0xfffffe88;results=EAX;flows=;fallthrough=0055e41f
instruction_reference	0055dab8	FUN_0055dab8	0055e419	Stack[-0x17c]	READ		operand_index=1;primary=true;source=ANALYSIS
instruction	0055dab8	FUN_0055dab8	0055e41f	0055e425	FALL_THROUGH	FUN_0055dab8	bytes=8B88F0000000;mnemonic=MOV;instruction=MOV ECX,dword ptr [EAX + 0xf0];inputs=EAX,0xf0;results=ECX;flows=;fallthrough=0055e425
instruction	0055dab8	FUN_0055dab8	0055e425	0055e42a	UNCONDITIONAL_CALL	FUN_0055dab8	bytes=E8A210F5FF;mnemonic=CALL;instruction=CALL 0x004af4cc;inputs=ESP,0x4,0x55e42a;results=ESP;flows=004af4cc;fallthrough=0055e42a
instruction_reference	0055dab8	FUN_0055dab8	0055e425	004af4cc	UNCONDITIONAL_CALL	FUN_004af4cc	operand_index=0;primary=true;source=DEFAULT
instruction	0055dab8	FUN_0055dab8	0055e42a		UNCONDITIONAL_JUMP	FUN_0055dab8	bytes=E9C1070000;mnemonic=JMP;instruction=JMP 0x0055ebf0;inputs=;results=;flows=0055ebf0;fallthrough=
instruction_reference	0055dab8	FUN_0055dab8	0055e42a	0055ebf0	UNCONDITIONAL_JUMP	caseD_2	operand_index=0;primary=true;source=DEFAULT
instruction	0055dab8	FUN_0055dab8	0055e42f	0055e435	FALL_THROUGH	FUN_0055dab8	bytes=8B8D88FEFFFF;mnemonic=MOV;instruction=MOV ECX,dword ptr [EBP + 0xfffffe88];inputs=EBP,0xfffffe88;results=ECX;flows=;fallthrough=0055e435
instruction_reference	0055dab8	FUN_0055dab8	0055e42f	Stack[-0x17c]	READ		operand_index=1;primary=true;source=ANALYSIS
instruction	0055dab8	FUN_0055dab8	0055e435	0055e43c	FALL_THROUGH	FUN_0055dab8	bytes=83B9F000000000;mnemonic=CMP;instruction=CMP dword ptr [ECX + 0xf0],0x0;inputs=0xf0,0x0,0x1,ECX,0xff;results=CF,PF,ZF,SF,OF;flows=;fallthrough=0055e43c
instruction	0055dab8	FUN_0055dab8	0055e43c	0055e43e	CONDITIONAL_JUMP	FUN_0055dab8	bytes=742E;mnemonic=JZ;instruction=JZ 0x0055e46c;inputs=ZF;results=;flows=0055e46c;fallthrough=0055e43e
instruction_reference	0055dab8	FUN_0055dab8	0055e43c	0055e46c	CONDITIONAL_JUMP	LAB_0055e46c	operand_index=0;primary=true;source=DEFAULT
instruction	0055dab8	FUN_0055dab8	0055e43e	0055e444	FALL_THROUGH	FUN_0055dab8	bytes=8B9588FEFFFF;mnemonic=MOV;instruction=MOV EDX,dword ptr [EBP + 0xfffffe88];inputs=EBP,0xfffffe88;results=EDX;flows=;fallthrough=0055e444
instruction_reference	0055dab8	FUN_0055dab8	0055e43e	Stack[-0x17c]	READ		operand_index=1;primary=true;source=ANALYSIS
instruction	0055dab8	FUN_0055dab8	0055e444	0055e44a	FALL_THROUGH	FUN_0055dab8	bytes=8B82F0000000;mnemonic=MOV;instruction=MOV EAX,dword ptr [EDX + 0xf0];inputs=0xf0,EDX;results=EAX;flows=;fallthrough=0055e44a
instruction	0055dab8	FUN_0055dab8	0055e44a	0055e451	FALL_THROUGH	FUN_0055dab8	bytes=83B83804000000;mnemonic=CMP;instruction=CMP dword ptr [EAX + 0x438],0x0;inputs=EAX,0x0,0x1,0x438,0xff;results=CF,PF,ZF,SF,OF;flows=;fallthrough=0055e451
instruction	0055dab8	FUN_0055dab8	0055e451	0055e453	CONDITIONAL_JUMP	FUN_0055dab8	bytes=7519;mnemonic=JNZ;instruction=JNZ 0x0055e46c;inputs=ZF;results=;flows=0055e46c;fallthrough=0055e453
instruction_reference	0055dab8	FUN_0055dab8	0055e451	0055e46c	CONDITIONAL_JUMP	LAB_0055e46c	operand_index=0;primary=true;source=DEFAULT
instruction	0055dab8	FUN_0055dab8	0055e453	0055e456	FALL_THROUGH	FUN_0055dab8	bytes=8B4D14;mnemonic=MOV;instruction=MOV ECX,dword ptr [EBP + 0x14];inputs=EBP,0x14;results=ECX;flows=;fallthrough=0055e456
instruction_reference	0055dab8	FUN_0055dab8	0055e453	Stack[0x10]	READ		operand_index=1;primary=true;source=ANALYSIS
instruction	0055dab8	FUN_0055dab8	0055e456	0055e457	FALL_THROUGH	FUN_0055dab8	bytes=51;mnemonic=PUSH;instruction=PUSH ECX;inputs=ESP,ECX,0x4;results=ESP;flows=;fallthrough=0055e457
instruction	0055dab8	FUN_0055dab8	0055e457	0055e45a	FALL_THROUGH	FUN_0055dab8	bytes=8A5510;mnemonic=MOV;instruction=MOV DL,byte ptr [EBP + 0x10];inputs=0x10,EBP;results=DL;flows=;fallthrough=0055e45a
instruction_reference	0055dab8	FUN_0055dab8	0055e457	Stack[0xc]	READ		operand_index=1;primary=true;source=ANALYSIS
instruction	0055dab8	FUN_0055dab8	0055e45a	0055e45b	FALL_THROUGH	FUN_0055dab8	bytes=52;mnemonic=PUSH;instruction=PUSH EDX;inputs=ESP,0x4,EDX;results=ESP;flows=;fallthrough=0055e45b
instruction	0055dab8	FUN_0055dab8	0055e45b	0055e461	FALL_THROUGH	FUN_0055dab8	bytes=8B8588FEFFFF;mnemonic=MOV;instruction=MOV EAX,dword ptr [EBP + 0xfffffe88];inputs=EBP,0xfffffe88;results=EAX;flows=;fallthrough=0055e461
instruction_reference	0055dab8	FUN_0055dab8	0055e45b	Stack[-0x17c]	READ		operand_index=1;primary=true;source=ANALYSIS
instruction	0055dab8	FUN_0055dab8	0055e461	0055e467	FALL_THROUGH	FUN_0055dab8	bytes=8B88F0000000;mnemonic=MOV;instruction=MOV ECX,dword ptr [EAX + 0xf0];inputs=EAX,0xf0;results=ECX;flows=;fallthrough=0055e467
instruction	0055dab8	FUN_0055dab8	0055e467	0055e46c	UNCONDITIONAL_CALL	FUN_0055dab8	bytes=E8A810F5FF;mnemonic=CALL;instruction=CALL 0x004af514;inputs=ESP,0x4,0x55e46c;results=ESP;flows=004af514;fallthrough=0055e46c
instruction_reference	0055dab8	FUN_0055dab8	0055e467	004af514	UNCONDITIONAL_CALL	FUN_004af514	operand_index=0;primary=true;source=DEFAULT
instruction	0055dab8	FUN_0055dab8	0055e46c		UNCONDITIONAL_JUMP	FUN_0055dab8	bytes=E97F070000;mnemonic=JMP;instruction=JMP 0x0055ebf0;inputs=;results=;flows=0055ebf0;fallthrough=
instruction_reference	0055dab8	FUN_0055dab8	0055e46c	0055ebf0	UNCONDITIONAL_JUMP	caseD_2	operand_index=0;primary=true;source=DEFAULT
instruction	0055dab8	FUN_0055dab8	0055e471	0055e477	FALL_THROUGH	FUN_0055dab8	bytes=8B8D88FEFFFF;mnemonic=MOV;instruction=MOV ECX,dword ptr [EBP + 0xfffffe88];inputs=EBP,0xfffffe88;results=ECX;flows=;fallthrough=0055e477
instruction_reference	0055dab8	FUN_0055dab8	0055e471	Stack[-0x17c]	READ		operand_index=1;primary=true;source=ANALYSIS
instruction	0055dab8	FUN_0055dab8	0055e477	0055e47e	FALL_THROUGH	FUN_0055dab8	bytes=83B9F000000000;mnemonic=CMP;instruction=CMP dword ptr [ECX + 0xf0],0x0;inputs=0xf0,0x0,0x1,ECX,0xff;results=CF,PF,ZF,SF,OF;flows=;fallthrough=0055e47e
instruction	0055dab8	FUN_0055dab8	0055e47e	0055e480	CONDITIONAL_JUMP	FUN_0055dab8	bytes=7419;mnemonic=JZ;instruction=JZ 0x0055e499;inputs=ZF;results=;flows=0055e499;fallthrough=0055e480
instruction_reference	0055dab8	FUN_0055dab8	0055e47e	0055e499	CONDITIONAL_JUMP	LAB_0055e499	operand_index=0;primary=true;source=DEFAULT
instruction	0055dab8	FUN_0055dab8	0055e480	0055e483	FALL_THROUGH	FUN_0055dab8	bytes=8B5514;mnemonic=MOV;instruction=MOV EDX,dword ptr [EBP + 0x14];inputs=EBP,0x14;results=EDX;flows=;fallthrough=0055e483
instruction_reference	0055dab8	FUN_0055dab8	0055e480	Stack[0x10]	READ		operand_index=1;primary=true;source=ANALYSIS
instruction	0055dab8	FUN_0055dab8	0055e483	0055e484	FALL_THROUGH	FUN_0055dab8	bytes=52;mnemonic=PUSH;instruction=PUSH EDX;inputs=ESP,0x4,EDX;results=ESP;flows=;fallthrough=0055e484
instruction	0055dab8	FUN_0055dab8	0055e484	0055e487	FALL_THROUGH	FUN_0055dab8	bytes=8A4510;mnemonic=MOV;instruction=MOV AL,byte ptr [EBP + 0x10];inputs=0x10,EBP;results=AL;flows=;fallthrough=0055e487
instruction_reference	0055dab8	FUN_0055dab8	0055e484	Stack[0xc]	READ		operand_index=1;primary=true;source=ANALYSIS
instruction	0055dab8	FUN_0055dab8	0055e487	0055e488	FALL_THROUGH	FUN_0055dab8	bytes=50;mnemonic=PUSH;instruction=PUSH EAX;inputs=EAX,ESP,0x4;results=ESP;flows=;fallthrough=0055e488
instruction	0055dab8	FUN_0055dab8	0055e488	0055e48e	FALL_THROUGH	FUN_0055dab8	bytes=8B8D88FEFFFF;mnemonic=MOV;instruction=MOV ECX,dword ptr [EBP + 0xfffffe88];inputs=EBP,0xfffffe88;results=ECX;flows=;fallthrough=0055e48e
instruction_reference	0055dab8	FUN_0055dab8	0055e488	Stack[-0x17c]	READ		operand_index=1;primary=true;source=ANALYSIS
instruction	0055dab8	FUN_0055dab8	0055e48e	0055e494	FALL_THROUGH	FUN_0055dab8	bytes=8B89F0000000;mnemonic=MOV;instruction=MOV ECX,dword ptr [ECX + 0xf0];inputs=0xf0,ECX;results=ECX;flows=;fallthrough=0055e494
instruction	0055dab8	FUN_0055dab8	0055e494	0055e499	UNCONDITIONAL_CALL	FUN_0055dab8	bytes=E8B710F5FF;mnemonic=CALL;instruction=CALL 0x004af550;inputs=ESP,0x4,0x55e499;results=ESP;flows=004af550;fallthrough=0055e499
instruction_reference	0055dab8	FUN_0055dab8	0055e494	004af550	UNCONDITIONAL_CALL	FUN_004af550	operand_index=0;primary=true;source=DEFAULT
instruction	0055dab8	FUN_0055dab8	0055e499		UNCONDITIONAL_JUMP	FUN_0055dab8	bytes=E952070000;mnemonic=JMP;instruction=JMP 0x0055ebf0;inputs=;results=;flows=0055ebf0;fallthrough=
instruction_reference	0055dab8	FUN_0055dab8	0055e499	0055ebf0	UNCONDITIONAL_JUMP	caseD_2	operand_index=0;primary=true;source=DEFAULT
instruction	0055dab8	FUN_0055dab8	0055e49e	0055e4a4	FALL_THROUGH	FUN_0055dab8	bytes=8B9588FEFFFF;mnemonic=MOV;instruction=MOV EDX,dword ptr [EBP + 0xfffffe88];inputs=EBP,0xfffffe88;results=EDX;flows=;fallthrough=0055e4a4
instruction_reference	0055dab8	FUN_0055dab8	0055e49e	Stack[-0x17c]	READ		operand_index=1;primary=true;source=ANALYSIS
instruction	0055dab8	FUN_0055dab8	0055e4a4	0055e4ab	FALL_THROUGH	FUN_0055dab8	bytes=83BAF000000000;mnemonic=CMP;instruction=CMP dword ptr [EDX + 0xf0],0x0;inputs=0xf0,0x0,0x1,EDX,0xff;results=CF,PF,ZF,SF,OF;flows=;fallthrough=0055e4ab
instruction	0055dab8	FUN_0055dab8	0055e4ab	0055e4ad	CONDITIONAL_JUMP	FUN_0055dab8	bytes=7417;mnemonic=JZ;instruction=JZ 0x0055e4c4;inputs=ZF;results=;flows=0055e4c4;fallthrough=0055e4ad
instruction_reference	0055dab8	FUN_0055dab8	0055e4ab	0055e4c4	CONDITIONAL_JUMP	LAB_0055e4c4	operand_index=0;primary=true;source=DEFAULT
instruction	0055dab8	FUN_0055dab8	0055e4ad	0055e4af	FALL_THROUGH	FUN_0055dab8	bytes=6A00;mnemonic=PUSH;instruction=PUSH 0x0;inputs=0x0,ESP,0x4;results=ESP;flows=;fallthrough=0055e4af
instruction	0055dab8	FUN_0055dab8	0055e4af	0055e4b2	FALL_THROUGH	FUN_0055dab8	bytes=8B4514;mnemonic=MOV;instruction=MOV EAX,dword ptr [EBP + 0x14];inputs=EBP,0x14;results=EAX;flows=;fallthrough=0055e4b2
instruction_reference	0055dab8	FUN_0055dab8	0055e4af	Stack[0x10]	READ		operand_index=1;primary=true;source=ANALYSIS
instruction	0055dab8	FUN_0055dab8	0055e4b2	0055e4b3	FALL_THROUGH	FUN_0055dab8	bytes=50;mnemonic=PUSH;instruction=PUSH EAX;inputs=EAX,ESP,0x4;results=ESP;flows=;fallthrough=0055e4b3
instruction	0055dab8	FUN_0055dab8	0055e4b3	0055e4b9	FALL_THROUGH	FUN_0055dab8	bytes=8B8D88FEFFFF;mnemonic=MOV;instruction=MOV ECX,dword ptr [EBP + 0xfffffe88];inputs=EBP,0xfffffe88;results=ECX;flows=;fallthrough=0055e4b9
instruction_reference	0055dab8	FUN_0055dab8	0055e4b3	Stack[-0x17c]	READ		operand_index=1;primary=true;source=ANALYSIS
instruction	0055dab8	FUN_0055dab8	0055e4b9	0055e4bf	FALL_THROUGH	FUN_0055dab8	bytes=8B89F0000000;mnemonic=MOV;instruction=MOV ECX,dword ptr [ECX + 0xf0];inputs=0xf0,ECX;results=ECX;flows=;fallthrough=0055e4bf
instruction	0055dab8	FUN_0055dab8	0055e4bf	0055e4c4	UNCONDITIONAL_CALL	FUN_0055dab8	bytes=E83211F5FF;mnemonic=CALL;instruction=CALL 0x004af5f6;inputs=ESP,0x55e4c4,0x4;results=ESP;flows=004af5f6;fallthrough=0055e4c4
instruction_reference	0055dab8	FUN_0055dab8	0055e4bf	004af5f6	UNCONDITIONAL_CALL	FUN_004af5f6	operand_index=0;primary=true;source=DEFAULT
instruction	0055dab8	FUN_0055dab8	0055e4c4		UNCONDITIONAL_JUMP	FUN_0055dab8	bytes=E927070000;mnemonic=JMP;instruction=JMP 0x0055ebf0;inputs=;results=;flows=0055ebf0;fallthrough=
instruction_reference	0055dab8	FUN_0055dab8	0055e4c4	0055ebf0	UNCONDITIONAL_JUMP	caseD_2	operand_index=0;primary=true;source=DEFAULT
instruction	0055dab8	FUN_0055dab8	0055e4c9	0055e4ce	FALL_THROUGH	FUN_0055dab8	bytes=6800010000;mnemonic=PUSH;instruction=PUSH 0x100;inputs=0x100,ESP,0x4;results=ESP;flows=;fallthrough=0055e4ce
instruction	0055dab8	FUN_0055dab8	0055e4ce	0055e4d0	FALL_THROUGH	FUN_0055dab8	bytes=6A00;mnemonic=PUSH;instruction=PUSH 0x0;inputs=0x0,ESP,0x4;results=ESP;flows=;fallthrough=0055e4d0
instruction	0055dab8	FUN_0055dab8	0055e4d0	0055e4d6	FALL_THROUGH	FUN_0055dab8	bytes=8D95E8FEFFFF;mnemonic=LEA;instruction=LEA EDX,[EBP + 0xfffffee8];inputs=EBP,0xfffffee8;results=EDX;flows=;fallthrough=0055e4d6
instruction_reference	0055dab8	FUN_0055dab8	0055e4d0	Stack[-0x11c]	DATA		operand_index=0;primary=true;source=ANALYSIS
instruction	0055dab8	FUN_0055dab8	0055e4d6	0055e4d7	FALL_THROUGH	FUN_0055dab8	bytes=52;mnemonic=PUSH;instruction=PUSH EDX;inputs=ESP,0x4,EDX;results=ESP;flows=;fallthrough=0055e4d7
instruction	0055dab8	FUN_0055dab8	0055e4d7	0055e4dc	UNCONDITIONAL_CALL	FUN_0055dab8	bytes=E8440B0300;mnemonic=CALL;instruction=CALL 0x0058f020;inputs=ESP,0x4,0x55e4dc;results=ESP;flows=0058f020;fallthrough=0055e4dc
instruction_reference	0055dab8	FUN_0055dab8	0055e4d7	0058f020	UNCONDITIONAL_CALL	_memset	operand_index=0;primary=true;source=DEFAULT
instruction	0055dab8	FUN_0055dab8	0055e4dc	0055e4df	FALL_THROUGH	FUN_0055dab8	bytes=83C40C;mnemonic=ADD;instruction=ADD ESP,0xc;inputs=ESP,0x0,0x1,0xc,0xff;results=CF,ESP,PF,ZF,SF,OF;flows=;fallthrough=0055e4df
instruction	0055dab8	FUN_0055dab8	0055e4df	0055e4e5	FALL_THROUGH	FUN_0055dab8	bytes=8D85E8FEFFFF;mnemonic=LEA;instruction=LEA EAX,[EBP + 0xfffffee8];inputs=EBP,0xfffffee8;results=EAX;flows=;fallthrough=0055e4e5
instruction_reference	0055dab8	FUN_0055dab8	0055e4df	Stack[-0x11c]	DATA		operand_index=0;primary=true;source=ANALYSIS
instruction	0055dab8	FUN_0055dab8	0055e4e5	0055e4e6	FALL_THROUGH	FUN_0055dab8	bytes=50;mnemonic=PUSH;instruction=PUSH EAX;inputs=EAX,ESP,0x4;results=ESP;flows=;fallthrough=0055e4e6
instruction	0055dab8	FUN_0055dab8	0055e4e6	0055e4ec	COMPUTED_CALL	FUN_0055dab8	bytes=FF1514335A00;mnemonic=CALL;instruction=CALL dword ptr [0x005a3314];inputs=ESP,005a3314,0x4,0x55e4ec;results=ESP;flows=EXTERNAL:00000095;fallthrough=0055e4ec
instruction_reference	0055dab8	FUN_0055dab8	0055e4e6	005a3314	READ	PTR_GetKeyboardLayoutNameA_005a3314	operand_index=0;primary=true;source=DEFAULT
instruction_reference	0055dab8	FUN_0055dab8	0055e4e6	EXTERNAL:00000095	COMPUTED_CALL	GetKeyboardLayoutNameA	operand_index=-1;primary=true;source=ANALYSIS
instruction	0055dab8	FUN_0055dab8	0055e4ec	0055e4ee	FALL_THROUGH	FUN_0055dab8	bytes=6A04;mnemonic=PUSH;instruction=PUSH 0x4;inputs=ESP,0x4;results=ESP;flows=;fallthrough=0055e4ee
instruction	0055dab8	FUN_0055dab8	0055e4ee	0055e4f3	FALL_THROUGH	FUN_0055dab8	bytes=685C4F5C00;mnemonic=PUSH;instruction=PUSH 0x5c4f5c;inputs=0x5c4f5c,ESP,0x4;results=ESP;flows=;fallthrough=0055e4f3
instruction_reference	0055dab8	FUN_0055dab8	0055e4ee	005c4f5c	DATA	DAT_005c4f5c	operand_index=0;primary=true;source=ANALYSIS
instruction	0055dab8	FUN_0055dab8	0055e4f3	0055e4f9	FALL_THROUGH	FUN_0055dab8	bytes=8D8DECFEFFFF;mnemonic=LEA;instruction=LEA ECX,[EBP + 0xfffffeec];inputs=0xfffffeec,EBP;results=ECX;flows=;fallthrough=0055e4f9
instruction_reference	0055dab8	FUN_0055dab8	0055e4f3	Stack[-0x118]	DATA		operand_index=0;primary=true;source=ANALYSIS
instruction	0055dab8	FUN_0055dab8	0055e4f9	0055e4fa	FALL_THROUGH	FUN_0055dab8	bytes=51;mnemonic=PUSH;instruction=PUSH ECX;inputs=ESP,ECX,0x4;results=ESP;flows=;fallthrough=0055e4fa
instruction	0055dab8	FUN_0055dab8	0055e4fa	0055e4ff	UNCONDITIONAL_CALL	FUN_0055dab8	bytes=E8212D0300;mnemonic=CALL;instruction=CALL 0x00591220;inputs=ESP,0x4,0x55e4ff;results=ESP;flows=00591220;fallthrough=0055e4ff
instruction_reference	0055dab8	FUN_0055dab8	0055e4fa	00591220	UNCONDITIONAL_CALL	_strncmp	operand_index=0;primary=true;source=DEFAULT
instruction	0055dab8	FUN_0055dab8	0055e4ff	0055e502	FALL_THROUGH	FUN_0055dab8	bytes=83C40C;mnemonic=ADD;instruction=ADD ESP,0xc;inputs=ESP,0x0,0x1,0xc,0xff;results=CF,ESP,PF,ZF,SF,OF;flows=;fallthrough=0055e502
instruction	0055dab8	FUN_0055dab8	0055e502	0055e504	FALL_THROUGH	FUN_0055dab8	bytes=85C0;mnemonic=TEST;instruction=TEST EAX,EAX;inputs=0x0,EAX,0x1,0xff;results=CF,PF,ZF,SF,OF;flows=;fallthrough=0055e504
instruction	0055dab8	FUN_0055dab8	0055e504	0055e506	CONDITIONAL_JUMP	FUN_0055dab8	bytes=7510;mnemonic=JNZ;instruction=JNZ 0x0055e516;inputs=ZF;results=;flows=0055e516;fallthrough=0055e506
instruction_reference	0055dab8	FUN_0055dab8	0055e504	0055e516	CONDITIONAL_JUMP	LAB_0055e516	operand_index=0;primary=true;source=DEFAULT
instruction	0055dab8	FUN_0055dab8	0055e506	0055e508	FALL_THROUGH	FUN_0055dab8	bytes=6A00;mnemonic=PUSH;instruction=PUSH 0x0;inputs=0x0,ESP,0x4;results=ESP;flows=;fallthrough=0055e508
instruction	0055dab8	FUN_0055dab8	0055e508	0055e50a	FALL_THROUGH	FUN_0055dab8	bytes=6A00;mnemonic=PUSH;instruction=PUSH 0x0;inputs=0x0,ESP,0x4;results=ESP;flows=;fallthrough=0055e50a
instruction	0055dab8	FUN_0055dab8	0055e50a	0055e50c	FALL_THROUGH	FUN_0055dab8	bytes=6A10;mnemonic=PUSH;instruction=PUSH 0x10;inputs=0x10,ESP,0x4;results=ESP;flows=;fallthrough=0055e50c
instruction	0055dab8	FUN_0055dab8	0055e50c	0055e50f	FALL_THROUGH	FUN_0055dab8	bytes=8B5508;mnemonic=MOV;instruction=MOV EDX,dword ptr [EBP + 0x8];inputs=EBP,0x8;results=EDX;flows=;fallthrough=0055e50f
instruction_reference	0055dab8	FUN_0055dab8	0055e50c	Stack[0x4]	READ		operand_index=1;primary=true;source=ANALYSIS
instruction	0055dab8	FUN_0055dab8	0055e50f	0055e510	FALL_THROUGH	FUN_0055dab8	bytes=52;mnemonic=PUSH;instruction=PUSH EDX;inputs=ESP,0x4,EDX;results=ESP;flows=;fallthrough=0055e510
instruction	0055dab8	FUN_0055dab8	0055e510	0055e516	COMPUTED_CALL	FUN_0055dab8	bytes=FF1590325A00;mnemonic=CALL;instruction=CALL dword ptr [0x005a3290];inputs=ESP,0x55e516,0x4,005a3290;results=ESP;flows=EXTERNAL:00000074;fallthrough=0055e516
instruction_reference	0055dab8	FUN_0055dab8	0055e510	005a3290	READ	PTR_SendMessageA_005a3290	operand_index=0;primary=true;source=DEFAULT
instruction_reference	0055dab8	FUN_0055dab8	0055e510	EXTERNAL:00000074	COMPUTED_CALL	SendMessageA	operand_index=-1;primary=true;source=ANALYSIS
instruction	0055dab8	FUN_0055dab8	0055e516		UNCONDITIONAL_JUMP	FUN_0055dab8	bytes=E9D5060000;mnemonic=JMP;instruction=JMP 0x0055ebf0;inputs=;results=;flows=0055ebf0;fallthrough=
instruction_reference	0055dab8	FUN_0055dab8	0055e516	0055ebf0	UNCONDITIONAL_JUMP	caseD_2	operand_index=0;primary=true;source=DEFAULT
instruction	0055dab8	FUN_0055dab8	0055e51b	0055e51e	FALL_THROUGH	FUN_0055dab8	bytes=8B4510;mnemonic=MOV;instruction=MOV EAX,dword ptr [EBP + 0x10];inputs=0x10,EBP;results=EAX;flows=;fallthrough=0055e51e
instruction_reference	0055dab8	FUN_0055dab8	0055e51b	Stack[0xc]	READ		operand_index=1;primary=true;source=ANALYSIS
instruction	0055dab8	FUN_0055dab8	0055e51e	0055e524	FALL_THROUGH	FUN_0055dab8	bytes=898574FEFFFF;mnemonic=MOV;instruction=MOV dword ptr [EBP + 0xfffffe74],EAX;inputs=EAX,EBP,0xfffffe74;results=;flows=;fallthrough=0055e524
instruction_reference	0055dab8	FUN_0055dab8	0055e51e	Stack[-0x190]	WRITE		operand_index=0;primary=true;source=ANALYSIS
instruction	0055dab8	FUN_0055dab8	0055e524	0055e52a	FALL_THROUGH	FUN_0055dab8	bytes=8B8D74FEFFFF;mnemonic=MOV;instruction=MOV ECX,dword ptr [EBP + 0xfffffe74];inputs=EBP,0xfffffe74;results=ECX;flows=;fallthrough=0055e52a
instruction_reference	0055dab8	FUN_0055dab8	0055e524	Stack[-0x190]	READ		operand_index=1;primary=true;source=ANALYSIS
instruction	0055dab8	FUN_0055dab8	0055e52a	0055e52d	FALL_THROUGH	FUN_0055dab8	bytes=83E903;mnemonic=SUB;instruction=SUB ECX,0x3;inputs=0x0,0x1,0x3,ECX,0xff;results=CF,PF,ECX,ZF,SF,OF;flows=;fallthrough=0055e52d
instruction	0055dab8	FUN_0055dab8	0055e52d	0055e533	FALL_THROUGH	FUN_0055dab8	bytes=898D74FEFFFF;mnemonic=MOV;instruction=MOV dword ptr [EBP + 0xfffffe74],ECX;inputs=EBP,ECX,0xfffffe74;results=;flows=;fallthrough=0055e533
instruction_reference	0055dab8	FUN_0055dab8	0055e52d	Stack[-0x190]	WRITE		operand_index=0;primary=true;source=ANALYSIS
instruction	0055dab8	FUN_0055dab8	0055e533	0055e53a	FALL_THROUGH	FUN_0055dab8	bytes=83BD74FEFFFF03;mnemonic=CMP;instruction=CMP dword ptr [EBP + 0xfffffe74],0x3;inputs=0x0,0x1,0x3,EBP,0xfffffe74,0xff;results=CF,PF,ZF,SF,OF;flows=;fallthrough=0055e53a
instruction_reference	0055dab8	FUN_0055dab8	0055e533	Stack[-0x190]	READ		operand_index=0;primary=true;source=ANALYSIS
instruction	0055dab8	FUN_0055dab8	0055e53a	0055e540	CONDITIONAL_JUMP	FUN_0055dab8	bytes=0F879A000000;mnemonic=JA;instruction=JA 0x0055e5da;inputs=CF,ZF;results=;flows=0055e5da;fallthrough=0055e540
instruction_reference	0055dab8	FUN_0055dab8	0055e53a	0055e5da	CONDITIONAL_JUMP	LAB_0055e5da	operand_index=0;primary=true;source=DEFAULT
instruction	0055dab8	FUN_0055dab8	0055e540	0055e546	FALL_THROUGH	FUN_0055dab8	bytes=8B9574FEFFFF;mnemonic=MOV;instruction=MOV EDX,dword ptr [EBP + 0xfffffe74];inputs=EBP,0xfffffe74;results=EDX;flows=;fallthrough=0055e546
instruction_reference	0055dab8	FUN_0055dab8	0055e540	Stack[-0x190]	READ		operand_index=1;primary=true;source=ANALYSIS
instruction	0055dab8	FUN_0055dab8	0055e546		COMPUTED_JUMP	FUN_0055dab8	bytes=FF2495E7ED5500;mnemonic=JMP;instruction=JMP dword ptr [EDX*0x4 + 0x55ede7];inputs=0x55ede7,0x4,EDX;results=;flows=0055e57b,0055e54d,0055e5b4;fallthrough=
instruction_reference	0055dab8	FUN_0055dab8	0055e546	0055e57b	COMPUTED_JUMP	caseD_3	operand_index=-1;primary=true;source=ANALYSIS
instruction_reference	0055dab8	FUN_0055dab8	0055e546	0055e5b4	COMPUTED_JUMP	caseD_4	operand_index=-1;primary=false;source=ANALYSIS
instruction_reference	0055dab8	FUN_0055dab8	0055e546	0055e54d	COMPUTED_JUMP	caseD_6	operand_index=-1;primary=false;source=ANALYSIS
instruction_reference	0055dab8	FUN_0055dab8	0055e546	0055ede7	DATA	switchdataD_0055ede7	operand_index=0;primary=true;source=ANALYSIS
instruction	0055dab8	FUN_0055dab8	0055e54d	0055e553	FALL_THROUGH	FUN_0055dab8	bytes=8B8588FEFFFF;mnemonic=MOV;instruction=MOV EAX,dword ptr [EBP + 0xfffffe88];inputs=EBP,0xfffffe88;results=EAX;flows=;fallthrough=0055e553
instruction_reference	0055dab8	FUN_0055dab8	0055e54d	Stack[-0x17c]	READ		operand_index=1;primary=true;source=ANALYSIS
instruction	0055dab8	FUN_0055dab8	0055e553	0055e55a	FALL_THROUGH	FUN_0055dab8	bytes=83B8F800000000;mnemonic=CMP;instruction=CMP dword ptr [EAX + 0xf8],0x0;inputs=EAX,0x0,0x1,0xf8,0xff;results=CF,PF,ZF,SF,OF;flows=;fallthrough=0055e55a
instruction	0055dab8	FUN_0055dab8	0055e55a	0055e55c	CONDITIONAL_JUMP	FUN_0055dab8	bytes=741D;mnemonic=JZ;instruction=JZ 0x0055e579;inputs=ZF;results=;flows=0055e579;fallthrough=0055e55c
instruction_reference	0055dab8	FUN_0055dab8	0055e55a	0055e579	CONDITIONAL_JUMP	LAB_0055e579	operand_index=0;primary=true;source=DEFAULT
instruction	0055dab8	FUN_0055dab8	0055e55c	0055e562	FALL_THROUGH	FUN_0055dab8	bytes=8B8D88FEFFFF;mnemonic=MOV;instruction=MOV ECX,dword ptr [EBP + 0xfffffe88];inputs=EBP,0xfffffe88;results=ECX;flows=;fallthrough=0055e562
instruction_reference	0055dab8	FUN_0055dab8	0055e55c	Stack[-0x17c]	READ		operand_index=1;primary=true;source=ANALYSIS
instruction	0055dab8	FUN_0055dab8	0055e562	0055e568	FALL_THROUGH	FUN_0055dab8	bytes=8B89F8000000;mnemonic=MOV;instruction=MOV ECX,dword ptr [ECX + 0xf8];inputs=ECX,0xf8;results=ECX;flows=;fallthrough=0055e568
instruction	0055dab8	FUN_0055dab8	0055e568	0055e56e	FALL_THROUGH	FUN_0055dab8	bytes=8B9588FEFFFF;mnemonic=MOV;instruction=MOV EDX,dword ptr [EBP + 0xfffffe88];inputs=EBP,0xfffffe88;results=EDX;flows=;fallthrough=0055e56e
instruction_reference	0055dab8	FUN_0055dab8	0055e568	Stack[-0x17c]	READ		operand_index=1;primary=true;source=ANALYSIS
instruction	0055dab8	FUN_0055dab8	0055e56e	0055e574	FALL_THROUGH	FUN_0055dab8	bytes=8B82F8000000;mnemonic=MOV;instruction=MOV EAX,dword ptr [EDX + 0xf8];inputs=EDX,0xf8;results=EAX;flows=;fallthrough=0055e574
instruction	0055dab8	FUN_0055dab8	0055e574	0055e576	FALL_THROUGH	FUN_0055dab8	bytes=8B10;mnemonic=MOV;instruction=MOV EDX,dword ptr [EAX];inputs=EAX;results=EDX;flows=;fallthrough=0055e576
instruction	0055dab8	FUN_0055dab8	0055e576	0055e579	COMPUTED_CALL	FUN_0055dab8	bytes=FF521C;mnemonic=CALL;instruction=CALL dword ptr [EDX + 0x1c];inputs=ESP,0x4,EDX,0x1c,0x55e579;results=ESP;flows=;fallthrough=0055e579
instruction	0055dab8	FUN_0055dab8	0055e579		UNCONDITIONAL_JUMP	FUN_0055dab8	bytes=EB5F;mnemonic=JMP;instruction=JMP 0x0055e5da;inputs=;results=;flows=0055e5da;fallthrough=
instruction_reference	0055dab8	FUN_0055dab8	0055e579	0055e5da	UNCONDITIONAL_JUMP	LAB_0055e5da	operand_index=0;primary=true;source=DEFAULT
instruction	0055dab8	FUN_0055dab8	0055e57b	0055e581	FALL_THROUGH	FUN_0055dab8	bytes=8B8588FEFFFF;mnemonic=MOV;instruction=MOV EAX,dword ptr [EBP + 0xfffffe88];inputs=EBP,0xfffffe88;results=EAX;flows=;fallthrough=0055e581
instruction_reference	0055dab8	FUN_0055dab8	0055e57b	Stack[-0x17c]	READ		operand_index=1;primary=true;source=ANALYSIS
instruction	0055dab8	FUN_0055dab8	0055e581	0055e588	FALL_THROUGH	FUN_0055dab8	bytes=83B8F000000000;mnemonic=CMP;instruction=CMP dword ptr [EAX + 0xf0],0x0;inputs=EAX,0xf0,0x0,0x1,0xff;results=CF,PF,ZF,SF,OF;flows=;fallthrough=0055e588
instruction	0055dab8	FUN_0055dab8	0055e588	0055e58a	CONDITIONAL_JUMP	FUN_0055dab8	bytes=7428;mnemonic=JZ;instruction=JZ 0x0055e5b2;inputs=ZF;results=;flows=0055e5b2;fallthrough=0055e58a
instruction_reference	0055dab8	FUN_0055dab8	0055e588	0055e5b2	CONDITIONAL_JUMP	LAB_0055e5b2	operand_index=0;primary=true;source=DEFAULT
instruction	0055dab8	FUN_0055dab8	0055e58a	0055e590	FALL_THROUGH	FUN_0055dab8	bytes=8B8D88FEFFFF;mnemonic=MOV;instruction=MOV ECX,dword ptr [EBP + 0xfffffe88];inputs=EBP,0xfffffe88;results=ECX;flows=;fallthrough=0055e590
instruction_reference	0055dab8	FUN_0055dab8	0055e58a	Stack[-0x17c]	READ		operand_index=1;primary=true;source=ANALYSIS
instruction	0055dab8	FUN_0055dab8	0055e590	0055e596	FALL_THROUGH	FUN_0055dab8	bytes=8B89F0000000;mnemonic=MOV;instruction=MOV ECX,dword ptr [ECX + 0xf0];inputs=0xf0,ECX;results=ECX;flows=;fallthrough=0055e596
instruction	0055dab8	FUN_0055dab8	0055e596	0055e59b	UNCONDITIONAL_CALL	FUN_0055dab8	bytes=E85010F5FF;mnemonic=CALL;instruction=CALL 0x004af5eb;inputs=ESP,0x4,0x55e59b;results=ESP;flows=004af5eb;fallthrough=0055e59b
instruction_reference	0055dab8	FUN_0055dab8	0055e596	004af5eb	UNCONDITIONAL_CALL	FUN_004af5eb	operand_index=0;primary=true;source=DEFAULT
instruction	0055dab8	FUN_0055dab8	0055e59b	0055e59d	FALL_THROUGH	FUN_0055dab8	bytes=6A01;mnemonic=PUSH;instruction=PUSH 0x1;inputs=ESP,0x1,0x4;results=ESP;flows=;fallthrough=0055e59d
instruction	0055dab8	FUN_0055dab8	0055e59d	0055e5a0	FALL_THROUGH	FUN_0055dab8	bytes=8B5514;mnemonic=MOV;instruction=MOV EDX,dword ptr [EBP + 0x14];inputs=EBP,0x14;results=EDX;flows=;fallthrough=0055e5a0
instruction_reference	0055dab8	FUN_0055dab8	0055e59d	Stack[0x10]	READ		operand_index=1;primary=true;source=ANALYSIS
instruction	0055dab8	FUN_0055dab8	0055e5a0	0055e5a1	FALL_THROUGH	FUN_0055dab8	bytes=52;mnemonic=PUSH;instruction=PUSH EDX;inputs=ESP,0x4,EDX;results=ESP;flows=;fallthrough=0055e5a1
instruction	0055dab8	FUN_0055dab8	0055e5a1	0055e5a7	FALL_THROUGH	FUN_0055dab8	bytes=8B8588FEFFFF;mnemonic=MOV;instruction=MOV EAX,dword ptr [EBP + 0xfffffe88];inputs=EBP,0xfffffe88;results=EAX;flows=;fallthrough=0055e5a7
instruction_reference	0055dab8	FUN_0055dab8	0055e5a1	Stack[-0x17c]	READ		operand_index=1;primary=true;source=ANALYSIS
instruction	0055dab8	FUN_0055dab8	0055e5a7	0055e5ad	FALL_THROUGH	FUN_0055dab8	bytes=8B88F0000000;mnemonic=MOV;instruction=MOV ECX,dword ptr [EAX + 0xf0];inputs=EAX,0xf0;results=ECX;flows=;fallthrough=0055e5ad
instruction	0055dab8	FUN_0055dab8	0055e5ad	0055e5b2	UNCONDITIONAL_CALL	FUN_0055dab8	bytes=E84410F5FF;mnemonic=CALL;instruction=CALL 0x004af5f6;inputs=ESP,0x4,0x55e5b2;results=ESP;flows=004af5f6;fallthrough=0055e5b2
instruction_reference	0055dab8	FUN_0055dab8	0055e5ad	004af5f6	UNCONDITIONAL_CALL	FUN_004af5f6	operand_index=0;primary=true;source=DEFAULT
instruction	0055dab8	FUN_0055dab8	0055e5b2		UNCONDITIONAL_JUMP	FUN_0055dab8	bytes=EB26;mnemonic=JMP;instruction=JMP 0x0055e5da;inputs=;results=;flows=0055e5da;fallthrough=
instruction_reference	0055dab8	FUN_0055dab8	0055e5b2	0055e5da	UNCONDITIONAL_JUMP	LAB_0055e5da	operand_index=0;primary=true;source=DEFAULT
instruction	0055dab8	FUN_0055dab8	0055e5b4	0055e5ba	FALL_THROUGH	FUN_0055dab8	bytes=8B8D88FEFFFF;mnemonic=MOV;instruction=MOV ECX,dword ptr [EBP + 0xfffffe88];inputs=EBP,0xfffffe88;results=ECX;flows=;fallthrough=0055e5ba
instruction_reference	0055dab8	FUN_0055dab8	0055e5b4	Stack[-0x17c]	READ		operand_index=1;primary=true;source=ANALYSIS
instruction	0055dab8	FUN_0055dab8	0055e5ba	0055e5c1	FALL_THROUGH	FUN_0055dab8	bytes=83B9F000000000;mnemonic=CMP;instruction=CMP dword ptr [ECX + 0xf0],0x0;inputs=0xf0,0x0,0x1,ECX,0xff;results=CF,PF,ZF,SF,OF;flows=;fallthrough=0055e5c1
instruction	0055dab8	FUN_0055dab8	0055e5c1	0055e5c3	CONDITIONAL_JUMP	FUN_0055dab8	bytes=7417;mnemonic=JZ;instruction=JZ 0x0055e5da;inputs=ZF;results=;flows=0055e5da;fallthrough=0055e5c3
instruction_reference	0055dab8	FUN_0055dab8	0055e5c1	0055e5da	CONDITIONAL_JUMP	LAB_0055e5da	operand_index=0;primary=true;source=DEFAULT
instruction	0055dab8	FUN_0055dab8	0055e5c3	0055e5c5	FALL_THROUGH	FUN_0055dab8	bytes=6A00;mnemonic=PUSH;instruction=PUSH 0x0;inputs=0x0,ESP,0x4;results=ESP;flows=;fallthrough=0055e5c5
instruction	0055dab8	FUN_0055dab8	0055e5c5	0055e5c8	FALL_THROUGH	FUN_0055dab8	bytes=8B5514;mnemonic=MOV;instruction=MOV EDX,dword ptr [EBP + 0x14];inputs=EBP,0x14;results=EDX;flows=;fallthrough=0055e5c8
instruction_reference	0055dab8	FUN_0055dab8	0055e5c5	Stack[0x10]	READ		operand_index=1;primary=true;source=ANALYSIS
instruction	0055dab8	FUN_0055dab8	0055e5c8	0055e5c9	FALL_THROUGH	FUN_0055dab8	bytes=52;mnemonic=PUSH;instruction=PUSH EDX;inputs=ESP,0x4,EDX;results=ESP;flows=;fallthrough=0055e5c9
instruction	0055dab8	FUN_0055dab8	0055e5c9	0055e5cf	FALL_THROUGH	FUN_0055dab8	bytes=8B8588FEFFFF;mnemonic=MOV;instruction=MOV EAX,dword ptr [EBP + 0xfffffe88];inputs=EBP,0xfffffe88;results=EAX;flows=;fallthrough=0055e5cf
instruction_reference	0055dab8	FUN_0055dab8	0055e5c9	Stack[-0x17c]	READ		operand_index=1;primary=true;source=ANALYSIS
instruction	0055dab8	FUN_0055dab8	0055e5cf	0055e5d5	FALL_THROUGH	FUN_0055dab8	bytes=8B88F0000000;mnemonic=MOV;instruction=MOV ECX,dword ptr [EAX + 0xf0];inputs=EAX,0xf0;results=ECX;flows=;fallthrough=0055e5d5
instruction	0055dab8	FUN_0055dab8	0055e5d5	0055e5da	UNCONDITIONAL_CALL	FUN_0055dab8	bytes=E81C10F5FF;mnemonic=CALL;instruction=CALL 0x004af5f6;inputs=ESP,0x4,0x55e5da;results=ESP;flows=004af5f6;fallthrough=0055e5da
instruction_reference	0055dab8	FUN_0055dab8	0055e5d5	004af5f6	UNCONDITIONAL_CALL	FUN_004af5f6	operand_index=0;primary=true;source=DEFAULT
instruction	0055dab8	FUN_0055dab8	0055e5da		UNCONDITIONAL_JUMP	FUN_0055dab8	bytes=E911060000;mnemonic=JMP;instruction=JMP 0x0055ebf0;inputs=;results=;flows=0055ebf0;fallthrough=
instruction_reference	0055dab8	FUN_0055dab8	0055e5da	0055ebf0	UNCONDITIONAL_JUMP	caseD_2	operand_index=0;primary=true;source=DEFAULT
instruction	0055dab8	FUN_0055dab8	0055e5df	0055e5e6	FALL_THROUGH	FUN_0055dab8	bytes=817D10E7030000;mnemonic=CMP;instruction=CMP dword ptr [EBP + 0x10],0x3e7;inputs=0x10,0x0,0x1,EBP,0x3e7,0xff;results=CF,PF,ZF,SF,OF;flows=;fallthrough=0055e5e6
instruction_reference	0055dab8	FUN_0055dab8	0055e5df	Stack[0xc]	READ		operand_index=0;primary=true;source=ANALYSIS
instruction	0055dab8	FUN_0055dab8	0055e5e6	0055e5e8	CONDITIONAL_JUMP	FUN_0055dab8	bytes=7512;mnemonic=JNZ;instruction=JNZ 0x0055e5fa;inputs=ZF;results=;flows=0055e5fa;fallthrough=0055e5e8
instruction_reference	0055dab8	FUN_0055dab8	0055e5e6	0055e5fa	CONDITIONAL_JUMP	LAB_0055e5fa	operand_index=0;primary=true;source=DEFAULT
instruction	0055dab8	FUN_0055dab8	0055e5e8	0055e5ea	FALL_THROUGH	FUN_0055dab8	bytes=6A00;mnemonic=PUSH;instruction=PUSH 0x0;inputs=0x0,ESP,0x4;results=ESP;flows=;fallthrough=0055e5ea
instruction	0055dab8	FUN_0055dab8	0055e5ea	0055e5f0	FALL_THROUGH	FUN_0055dab8	bytes=8B8D88FEFFFF;mnemonic=MOV;instruction=MOV ECX,dword ptr [EBP + 0xfffffe88];inputs=EBP,0xfffffe88;results=ECX;flows=;fallthrough=0055e5f0
instruction_reference	0055dab8	FUN_0055dab8	0055e5ea	Stack[-0x17c]	READ		operand_index=1;primary=true;source=ANALYSIS
instruction	0055dab8	FUN_0055dab8	0055e5f0	0055e5f5	UNCONDITIONAL_CALL	FUN_0055dab8	bytes=E864080000;mnemonic=CALL;instruction=CALL 0x0055ee59;inputs=ESP,0x55e5f5,0x4;results=ESP;flows=0055ee59;fallthrough=0055e5f5
instruction_reference	0055dab8	FUN_0055dab8	0055e5f0	0055ee59	UNCONDITIONAL_CALL	FUN_0055ee59	operand_index=0;primary=true;source=DEFAULT
instruction	0055dab8	FUN_0055dab8	0055e5f5		UNCONDITIONAL_JUMP	FUN_0055dab8	bytes=E9F6050000;mnemonic=JMP;instruction=JMP 0x0055ebf0;inputs=;results=;flows=0055ebf0;fallthrough=
instruction_reference	0055dab8	FUN_0055dab8	0055e5f5	0055ebf0	UNCONDITIONAL_JUMP	caseD_2	operand_index=0;primary=true;source=DEFAULT
instruction	0055dab8	FUN_0055dab8	0055e5fa	0055e5fd	FALL_THROUGH	FUN_0055dab8	bytes=8B4D10;mnemonic=MOV;instruction=MOV ECX,dword ptr [EBP + 0x10];inputs=0x10,EBP;results=ECX;flows=;fallthrough=0055e5fd
instruction_reference	0055dab8	FUN_0055dab8	0055e5fa	Stack[0xc]	READ		operand_index=1;primary=true;source=ANALYSIS
instruction	0055dab8	FUN_0055dab8	0055e5fd	0055e603	FALL_THROUGH	FUN_0055dab8	bytes=81E1FFFF0000;mnemonic=AND;instruction=AND ECX,0xffff;inputs=0x0,0x1,ECX,0xffff,0xff;results=CF,PF,ECX,ZF,SF,OF;flows=;fallthrough=0055e603
instruction	0055dab8	FUN_0055dab8	0055e603	0055e609	FALL_THROUGH	FUN_0055dab8	bytes=81E1FFFF0000;mnemonic=AND;instruction=AND ECX,0xffff;inputs=0x0,0x1,ECX,0xffff,0xff;results=CF,PF,ECX,ZF,SF,OF;flows=;fallthrough=0055e609
instruction	0055dab8	FUN_0055dab8	0055e609	0055e60f	FALL_THROUGH	FUN_0055dab8	bytes=898DE0FEFFFF;mnemonic=MOV;instruction=MOV dword ptr [EBP + 0xfffffee0],ECX;inputs=EBP,ECX,0xfffffee0;results=;flows=;fallthrough=0055e60f
instruction_reference	0055dab8	FUN_0055dab8	0055e609	Stack[-0x124]	WRITE		operand_index=0;primary=true;source=ANALYSIS
instruction	0055dab8	FUN_0055dab8	0055e60f	0055e612	FALL_THROUGH	FUN_0055dab8	bytes=8B5510;mnemonic=MOV;instruction=MOV EDX,dword ptr [EBP + 0x10];inputs=0x10,EBP;results=EDX;flows=;fallthrough=0055e612
instruction_reference	0055dab8	FUN_0055dab8	0055e60f	Stack[0xc]	READ		operand_index=1;primary=true;source=ANALYSIS
instruction	0055dab8	FUN_0055dab8	0055e612	0055e615	FALL_THROUGH	FUN_0055dab8	bytes=C1EA10;mnemonic=SHR;instruction=SHR EDX,0x10;inputs=0x10,0x0,CF,0x1,PF,ZF,SF,EDX,0x1f,0xff;results=CF,PF,ZF,SF,EDX,OF;flows=;fallthrough=0055e615
instruction	0055dab8	FUN_0055dab8	0055e615	0055e61b	FALL_THROUGH	FUN_0055dab8	bytes=81E2FFFF0000;mnemonic=AND;instruction=AND EDX,0xffff;inputs=0x0,0x1,EDX,0xffff,0xff;results=CF,PF,ZF,SF,EDX,OF;flows=;fallthrough=0055e61b
instruction	0055dab8	FUN_0055dab8	0055e61b	0055e621	FALL_THROUGH	FUN_0055dab8	bytes=8995DCFEFFFF;mnemonic=MOV;instruction=MOV dword ptr [EBP + 0xfffffedc],EDX;inputs=0xfffffedc,EBP,EDX;results=;flows=;fallthrough=0055e621
instruction_reference	0055dab8	FUN_0055dab8	0055e61b	Stack[-0x128]	WRITE		operand_index=0;primary=true;source=ANALYSIS
instruction	0055dab8	FUN_0055dab8	0055e621	0055e627	COMPUTED_CALL	FUN_0055dab8	bytes=FF1518335A00;mnemonic=CALL;instruction=CALL dword ptr [0x005a3318];inputs=ESP,0x55e627,0x4,005a3318;results=ESP;flows=EXTERNAL:00000096;fallthrough=0055e627
instruction_reference	0055dab8	FUN_0055dab8	0055e621	005a3318	READ	PTR_GetFocus_005a3318	operand_index=0;primary=true;source=DEFAULT
instruction_reference	0055dab8	FUN_0055dab8	0055e621	EXTERNAL:00000096	COMPUTED_CALL	GetFocus	operand_index=-1;primary=true;source=ANALYSIS
instruction	0055dab8	FUN_0055dab8	0055e627	0055e62d	FALL_THROUGH	FUN_0055dab8	bytes=8985E4FEFFFF;mnemonic=MOV;instruction=MOV dword ptr [EBP + 0xfffffee4],EAX;inputs=EAX,EBP,0xfffffee4;results=;flows=;fallthrough=0055e62d
instruction_reference	0055dab8	FUN_0055dab8	0055e627	Stack[-0x120]	WRITE		operand_index=0;primary=true;source=ANALYSIS
instruction	0055dab8	FUN_0055dab8	0055e62d	0055e632	FALL_THROUGH	FUN_0055dab8	bytes=A1E0713B01;mnemonic=MOV;instruction=MOV EAX,[0x013b71e0];inputs=013b71e0;results=EAX;flows=;fallthrough=0055e632
instruction_reference	0055dab8	FUN_0055dab8	0055e62d	013b71e0	READ	DAT_013b71e0	operand_index=1;primary=true;source=DEFAULT
instruction	0055dab8	FUN_0055dab8	0055e632	0055e638	FALL_THROUGH	FUN_0055dab8	bytes=8B8DE4FEFFFF;mnemonic=MOV;instruction=MOV ECX,dword ptr [EBP + 0xfffffee4];inputs=EBP,0xfffffee4;results=ECX;flows=;fallthrough=0055e638
instruction_reference	0055dab8	FUN_0055dab8	0055e632	Stack[-0x120]	READ		operand_index=1;primary=true;source=ANALYSIS
instruction	0055dab8	FUN_0055dab8	0055e638	0055e63b	FALL_THROUGH	FUN_0055dab8	bytes=3B4804;mnemonic=CMP;instruction=CMP ECX,dword ptr [EAX + 0x4];inputs=EAX,0x0,0x1,0x4,ECX,0xff;results=CF,PF,ZF,SF,OF;flows=;fallthrough=0055e63b
instruction	0055dab8	FUN_0055dab8	0055e63b	0055e641	CONDITIONAL_JUMP	FUN_0055dab8	bytes=0F8484000000;mnemonic=JZ;instruction=JZ 0x0055e6c5;inputs=ZF;results=;flows=0055e6c5;fallthrough=0055e641
instruction_reference	0055dab8	FUN_0055dab8	0055e63b	0055e6c5	CONDITIONAL_JUMP	LAB_0055e6c5	operand_index=0;primary=true;source=DEFAULT
instruction	0055dab8	FUN_0055dab8	0055e641	0055e64b	FALL_THROUGH	FUN_0055dab8	bytes=81BDE0FEFFFF969C0000;mnemonic=CMP;instruction=CMP dword ptr [EBP + 0xfffffee0],0x9c96;inputs=0x0,0x1,EBP,0x9c96,0xfffffee0,0xff;results=CF,PF,ZF,SF,OF;flows=;fallthrough=0055e64b
instruction_reference	0055dab8	FUN_0055dab8	0055e641	Stack[-0x124]	READ		operand_index=0;primary=true;source=ANALYSIS
instruction	0055dab8	FUN_0055dab8	0055e64b	0055e64d	CONDITIONAL_JUMP	FUN_0055dab8	bytes=7520;mnemonic=JNZ;instruction=JNZ 0x0055e66d;inputs=ZF;results=;flows=0055e66d;fallthrough=0055e64d
instruction_reference	0055dab8	FUN_0055dab8	0055e64b	0055e66d	CONDITIONAL_JUMP	LAB_0055e66d	operand_index=0;primary=true;source=DEFAULT
instruction	0055dab8	FUN_0055dab8	0055e64d	0055e64f	FALL_THROUGH	FUN_0055dab8	bytes=6A00;mnemonic=PUSH;instruction=PUSH 0x0;inputs=0x0,ESP,0x4;results=ESP;flows=;fallthrough=0055e64f
instruction	0055dab8	FUN_0055dab8	0055e64f	0055e651	FALL_THROUGH	FUN_0055dab8	bytes=6A00;mnemonic=PUSH;instruction=PUSH 0x0;inputs=0x0,ESP,0x4;results=ESP;flows=;fallthrough=0055e651
instruction	0055dab8	FUN_0055dab8	0055e651	0055e656	FALL_THROUGH	FUN_0055dab8	bytes=6801030000;mnemonic=PUSH;instruction=PUSH 0x301;inputs=ESP,0x301,0x4;results=ESP;flows=;fallthrough=0055e656
instruction	0055dab8	FUN_0055dab8	0055e656	0055e65c	FALL_THROUGH	FUN_0055dab8	bytes=8B95E4FEFFFF;mnemonic=MOV;instruction=MOV EDX,dword ptr [EBP + 0xfffffee4];inputs=EBP,0xfffffee4;results=EDX;flows=;fallthrough=0055e65c
instruction_reference	0055dab8	FUN_0055dab8	0055e656	Stack[-0x120]	READ		operand_index=1;primary=true;source=ANALYSIS
instruction	0055dab8	FUN_0055dab8	0055e65c	0055e65d	FALL_THROUGH	FUN_0055dab8	bytes=52;mnemonic=PUSH;instruction=PUSH EDX;inputs=ESP,0x4,EDX;results=ESP;flows=;fallthrough=0055e65d
instruction	0055dab8	FUN_0055dab8	0055e65d	0055e663	COMPUTED_CALL	FUN_0055dab8	bytes=FF15B8325A00;mnemonic=CALL;instruction=CALL dword ptr [0x005a32b8];inputs=ESP,0x4,0x55e663,005a32b8;results=ESP;flows=EXTERNAL:0000007e;fallthrough=0055e663
instruction_reference	0055dab8	FUN_0055dab8	0055e65d	005a32b8	READ	PTR_PostMessageA_005a32b8	operand_index=0;primary=true;source=DEFAULT
instruction_reference	0055dab8	FUN_0055dab8	0055e65d	EXTERNAL:0000007e	COMPUTED_CALL	PostMessageA	operand_index=-1;primary=true;source=ANALYSIS
instruction	0055dab8	FUN_0055dab8	0055e663	0055e668	FALL_THROUGH	FUN_0055dab8	bytes=B801000000;mnemonic=MOV;instruction=MOV EAX,0x1;inputs=0x1;results=EAX;flows=;fallthrough=0055e668
instruction	0055dab8	FUN_0055dab8	0055e668		UNCONDITIONAL_JUMP	FUN_0055dab8	bytes=E9FA050000;mnemonic=JMP;instruction=JMP 0x0055ec67;inputs=;results=;flows=0055ec67;fallthrough=
instruction_reference	0055dab8	FUN_0055dab8	0055e668	0055ec67	UNCONDITIONAL_JUMP	LAB_0055ec67	operand_index=0;primary=true;source=DEFAULT
instruction	0055dab8	FUN_0055dab8	0055e66d	0055e677	FALL_THROUGH	FUN_0055dab8	bytes=81BDE0FEFFFFA49C0000;mnemonic=CMP;instruction=CMP dword ptr [EBP + 0xfffffee0],0x9ca4;inputs=0x0,0x1,EBP,0x9ca4,0xfffffee0,0xff;results=CF,PF,ZF,SF,OF;flows=;fallthrough=0055e677
instruction_reference	0055dab8	FUN_0055dab8	0055e66d	Stack[-0x124]	READ		operand_index=0;primary=true;source=ANALYSIS
instruction	0055dab8	FUN_0055dab8	0055e677	0055e679	CONDITIONAL_JUMP	FUN_0055dab8	bytes=7520;mnemonic=JNZ;instruction=JNZ 0x0055e699;inputs=ZF;results=;flows=0055e699;fallthrough=0055e679
instruction_reference	0055dab8	FUN_0055dab8	0055e677	0055e699	CONDITIONAL_JUMP	LAB_0055e699	operand_index=0;primary=true;source=DEFAULT
instruction	0055dab8	FUN_0055dab8	0055e679	0055e67b	FALL_THROUGH	FUN_0055dab8	bytes=6A00;mnemonic=PUSH;instruction=PUSH 0x0;inputs=0x0,ESP,0x4;results=ESP;flows=;fallthrough=0055e67b
instruction	0055dab8	FUN_0055dab8	0055e67b	0055e67d	FALL_THROUGH	FUN_0055dab8	bytes=6A00;mnemonic=PUSH;instruction=PUSH 0x0;inputs=0x0,ESP,0x4;results=ESP;flows=;fallthrough=0055e67d
instruction	0055dab8	FUN_0055dab8	0055e67d	0055e682	FALL_THROUGH	FUN_0055dab8	bytes=6802030000;mnemonic=PUSH;instruction=PUSH 0x302;inputs=ESP,0x302,0x4;results=ESP;flows=;fallthrough=0055e682
instruction	0055dab8	FUN_0055dab8	0055e682	0055e688	FALL_THROUGH	FUN_0055dab8	bytes=8B85E4FEFFFF;mnemonic=MOV;instruction=MOV EAX,dword ptr [EBP + 0xfffffee4];inputs=EBP,0xfffffee4;results=EAX;flows=;fallthrough=0055e688
instruction_reference	0055dab8	FUN_0055dab8	0055e682	Stack[-0x120]	READ		operand_index=1;primary=true;source=ANALYSIS
instruction	0055dab8	FUN_0055dab8	0055e688	0055e689	FALL_THROUGH	FUN_0055dab8	bytes=50;mnemonic=PUSH;instruction=PUSH EAX;inputs=EAX,ESP,0x4;results=ESP;flows=;fallthrough=0055e689
instruction	0055dab8	FUN_0055dab8	0055e689	0055e68f	COMPUTED_CALL	FUN_0055dab8	bytes=FF15B8325A00;mnemonic=CALL;instruction=CALL dword ptr [0x005a32b8];inputs=ESP,0x4,0x55e68f,005a32b8;results=ESP;flows=EXTERNAL:0000007e;fallthrough=0055e68f
instruction_reference	0055dab8	FUN_0055dab8	0055e689	005a32b8	READ	PTR_PostMessageA_005a32b8	operand_index=0;primary=true;source=DEFAULT
instruction_reference	0055dab8	FUN_0055dab8	0055e689	EXTERNAL:0000007e	COMPUTED_CALL	PostMessageA	operand_index=-1;primary=true;source=ANALYSIS
instruction	0055dab8	FUN_0055dab8	0055e68f	0055e694	FALL_THROUGH	FUN_0055dab8	bytes=B801000000;mnemonic=MOV;instruction=MOV EAX,0x1;inputs=0x1;results=EAX;flows=;fallthrough=0055e694
instruction	0055dab8	FUN_0055dab8	0055e694		UNCONDITIONAL_JUMP	FUN_0055dab8	bytes=E9CE050000;mnemonic=JMP;instruction=JMP 0x0055ec67;inputs=;results=;flows=0055ec67;fallthrough=
instruction_reference	0055dab8	FUN_0055dab8	0055e694	0055ec67	UNCONDITIONAL_JUMP	LAB_0055ec67	operand_index=0;primary=true;source=DEFAULT
instruction	0055dab8	FUN_0055dab8	0055e699	0055e6a3	FALL_THROUGH	FUN_0055dab8	bytes=81BDE0FEFFFFA69C0000;mnemonic=CMP;instruction=CMP dword ptr [EBP + 0xfffffee0],0x9ca6;inputs=0x0,0x1,EBP,0x9ca6,0xfffffee0,0xff;results=CF,PF,ZF,SF,OF;flows=;fallthrough=0055e6a3
instruction_reference	0055dab8	FUN_0055dab8	0055e699	Stack[-0x124]	READ		operand_index=0;primary=true;source=ANALYSIS
instruction	0055dab8	FUN_0055dab8	0055e6a3	0055e6a5	CONDITIONAL_JUMP	FUN_0055dab8	bytes=7520;mnemonic=JNZ;instruction=JNZ 0x0055e6c5;inputs=ZF;results=;flows=0055e6c5;fallthrough=0055e6a5
instruction_reference	0055dab8	FUN_0055dab8	0055e6a3	0055e6c5	CONDITIONAL_JUMP	LAB_0055e6c5	operand_index=0;primary=true;source=DEFAULT
instruction	0055dab8	FUN_0055dab8	0055e6a5	0055e6a7	FALL_THROUGH	FUN_0055dab8	bytes=6A00;mnemonic=PUSH;instruction=PUSH 0x0;inputs=0x0,ESP,0x4;results=ESP;flows=;fallthrough=0055e6a7
instruction	0055dab8	FUN_0055dab8	0055e6a7	0055e6a9	FALL_THROUGH	FUN_0055dab8	bytes=6A00;mnemonic=PUSH;instruction=PUSH 0x0;inputs=0x0,ESP,0x4;results=ESP;flows=;fallthrough=0055e6a9
instruction	0055dab8	FUN_0055dab8	0055e6a9	0055e6ae	FALL_THROUGH	FUN_0055dab8	bytes=6800030000;mnemonic=PUSH;instruction=PUSH 0x300;inputs=0x300,ESP,0x4;results=ESP;flows=;fallthrough=0055e6ae
instruction	0055dab8	FUN_0055dab8	0055e6ae	0055e6b4	FALL_THROUGH	FUN_0055dab8	bytes=8B8DE4FEFFFF;mnemonic=MOV;instruction=MOV ECX,dword ptr [EBP + 0xfffffee4];inputs=EBP,0xfffffee4;results=ECX;flows=;fallthrough=0055e6b4
instruction_reference	0055dab8	FUN_0055dab8	0055e6ae	Stack[-0x120]	READ		operand_index=1;primary=true;source=ANALYSIS
instruction	0055dab8	FUN_0055dab8	0055e6b4	0055e6b5	FALL_THROUGH	FUN_0055dab8	bytes=51;mnemonic=PUSH;instruction=PUSH ECX;inputs=ESP,ECX,0x4;results=ESP;flows=;fallthrough=0055e6b5
instruction	0055dab8	FUN_0055dab8	0055e6b5	0055e6bb	COMPUTED_CALL	FUN_0055dab8	bytes=FF15B8325A00;mnemonic=CALL;instruction=CALL dword ptr [0x005a32b8];inputs=ESP,0x4,005a32b8,0x55e6bb;results=ESP;flows=EXTERNAL:0000007e;fallthrough=0055e6bb
instruction_reference	0055dab8	FUN_0055dab8	0055e6b5	005a32b8	READ	PTR_PostMessageA_005a32b8	operand_index=0;primary=true;source=DEFAULT
instruction_reference	0055dab8	FUN_0055dab8	0055e6b5	EXTERNAL:0000007e	COMPUTED_CALL	PostMessageA	operand_index=-1;primary=true;source=ANALYSIS
instruction	0055dab8	FUN_0055dab8	0055e6bb	0055e6c0	FALL_THROUGH	FUN_0055dab8	bytes=B801000000;mnemonic=MOV;instruction=MOV EAX,0x1;inputs=0x1;results=EAX;flows=;fallthrough=0055e6c0
instruction	0055dab8	FUN_0055dab8	0055e6c0		UNCONDITIONAL_JUMP	FUN_0055dab8	bytes=E9A2050000;mnemonic=JMP;instruction=JMP 0x0055ec67;inputs=;results=;flows=0055ec67;fallthrough=
instruction_reference	0055dab8	FUN_0055dab8	0055e6c0	0055ec67	UNCONDITIONAL_JUMP	LAB_0055ec67	operand_index=0;primary=true;source=DEFAULT
instruction	0055dab8	FUN_0055dab8	0055e6c5	0055e6cc	FALL_THROUGH	FUN_0055dab8	bytes=833D38CF670000;mnemonic=CMP;instruction=CMP dword ptr [0x0067cf38],0x0;inputs=0067cf38,0x0,0x1,0xff;results=CF,PF,ZF,SF,OF;flows=;fallthrough=0055e6cc
instruction_reference	0055dab8	FUN_0055dab8	0055e6c5	0067cf38	READ	DAT_0067cf38	operand_index=0;primary=true;source=DEFAULT
instruction	0055dab8	FUN_0055dab8	0055e6cc	0055e6ce	CONDITIONAL_JUMP	FUN_0055dab8	bytes=7417;mnemonic=JZ;instruction=JZ 0x0055e6e5;inputs=ZF;results=;flows=0055e6e5;fallthrough=0055e6ce
instruction_reference	0055dab8	FUN_0055dab8	0055e6cc	0055e6e5	CONDITIONAL_JUMP	LAB_0055e6e5	operand_index=0;primary=true;source=DEFAULT
instruction	0055dab8	FUN_0055dab8	0055e6ce	0055e6d4	FALL_THROUGH	FUN_0055dab8	bytes=8B95E0FEFFFF;mnemonic=MOV;instruction=MOV EDX,dword ptr [EBP + 0xfffffee0];inputs=EBP,0xfffffee0;results=EDX;flows=;fallthrough=0055e6d4
instruction_reference	0055dab8	FUN_0055dab8	0055e6ce	Stack[-0x124]	READ		operand_index=1;primary=true;source=ANALYSIS
instruction	0055dab8	FUN_0055dab8	0055e6d4	0055e6d5	FALL_THROUGH	FUN_0055dab8	bytes=52;mnemonic=PUSH;instruction=PUSH EDX;inputs=ESP,0x4,EDX;results=ESP;flows=;fallthrough=0055e6d5
instruction	0055dab8	FUN_0055dab8	0055e6d5	0055e6da	FALL_THROUGH	FUN_0055dab8	bytes=A138CF6700;mnemonic=MOV;instruction=MOV EAX,[0x0067cf38];inputs=0067cf38;results=EAX;flows=;fallthrough=0055e6da
instruction_reference	0055dab8	FUN_0055dab8	0055e6d5	0067cf38	READ	DAT_0067cf38	operand_index=1;primary=true;source=DEFAULT
instruction	0055dab8	FUN_0055dab8	0055e6da	0055e6dc	FALL_THROUGH	FUN_0055dab8	bytes=8B10;mnemonic=MOV;instruction=MOV EDX,dword ptr [EAX];inputs=EAX;results=EDX;flows=;fallthrough=0055e6dc
instruction	0055dab8	FUN_0055dab8	0055e6dc	0055e6e2	FALL_THROUGH	FUN_0055dab8	bytes=8B0D38CF6700;mnemonic=MOV;instruction=MOV ECX,dword ptr [0x0067cf38];inputs=0067cf38;results=ECX;flows=;fallthrough=0055e6e2
instruction_reference	0055dab8	FUN_0055dab8	0055e6dc	0067cf38	READ	DAT_0067cf38	operand_index=1;primary=true;source=DEFAULT
instruction	0055dab8	FUN_0055dab8	0055e6e2	0055e6e5	COMPUTED_CALL	FUN_0055dab8	bytes=FF525C;mnemonic=CALL;instruction=CALL dword ptr [EDX + 0x5c];inputs=ESP,0x55e6e5,0x4,EDX,0x5c;results=ESP;flows=;fallthrough=0055e6e5
instruction	0055dab8	FUN_0055dab8	0055e6e5		UNCONDITIONAL_JUMP	FUN_0055dab8	bytes=E906050000;mnemonic=JMP;instruction=JMP 0x0055ebf0;inputs=;results=;flows=0055ebf0;fallthrough=
instruction_reference	0055dab8	FUN_0055dab8	0055e6e5	0055ebf0	UNCONDITIONAL_JUMP	caseD_2	operand_index=0;primary=true;source=DEFAULT
instruction	0055dab8	FUN_0055dab8	0055e6ea	0055e6ed	FALL_THROUGH	FUN_0055dab8	bytes=8B4514;mnemonic=MOV;instruction=MOV EAX,dword ptr [EBP + 0x14];inputs=EBP,0x14;results=EAX;flows=;fallthrough=0055e6ed
instruction_reference	0055dab8	FUN_0055dab8	0055e6ea	Stack[0x10]	READ		operand_index=1;primary=true;source=ANALYSIS
instruction	0055dab8	FUN_0055dab8	0055e6ed	0055e6f3	FALL_THROUGH	FUN_0055dab8	bytes=8985D8FEFFFF;mnemonic=MOV;instruction=MOV dword ptr [EBP + 0xfffffed8],EAX;inputs=EAX,EBP,0xfffffed8;results=;flows=;fallthrough=0055e6f3
instruction_reference	0055dab8	FUN_0055dab8	0055e6ed	Stack[-0x12c]	WRITE		operand_index=0;primary=true;source=ANALYSIS
instruction	0055dab8	FUN_0055dab8	0055e6f3	0055e6f9	FALL_THROUGH	FUN_0055dab8	bytes=8B8DD8FEFFFF;mnemonic=MOV;instruction=MOV ECX,dword ptr [EBP + 0xfffffed8];inputs=EBP,0xfffffed8;results=ECX;flows=;fallthrough=0055e6f9
instruction_reference	0055dab8	FUN_0055dab8	0055e6f3	Stack[-0x12c]	READ		operand_index=1;primary=true;source=ANALYSIS
instruction	0055dab8	FUN_0055dab8	0055e6f9	0055e6fc	FALL_THROUGH	FUN_0055dab8	bytes=8B5118;mnemonic=MOV;instruction=MOV EDX,dword ptr [ECX + 0x18];inputs=ECX,0x18;results=EDX;flows=;fallthrough=0055e6fc
instruction	0055dab8	FUN_0055dab8	0055e6fc	0055e6fd	FALL_THROUGH	FUN_0055dab8	bytes=52;mnemonic=PUSH;instruction=PUSH EDX;inputs=ESP,0x4,EDX;results=ESP;flows=;fallthrough=0055e6fd
instruction	0055dab8	FUN_0055dab8	0055e6fd	0055e703	COMPUTED_CALL	FUN_0055dab8	bytes=FF154C305A00;mnemonic=CALL;instruction=CALL dword ptr [0x005a304c];inputs=ESP,0x4,0x55e703,005a304c;results=ESP;flows=EXTERNAL:000000ac;fallthrough=0055e703
instruction_reference	0055dab8	FUN_0055dab8	0055e6fd	005a304c	READ	PTR_CreateCompatibleDC_005a304c	operand_index=0;primary=true;source=DEFAULT
instruction_reference	0055dab8	FUN_0055dab8	0055e6fd	EXTERNAL:000000ac	COMPUTED_CALL	CreateCompatibleDC	operand_index=-1;primary=true;source=ANALYSIS
instruction	0055dab8	FUN_0055dab8	0055e703	0055e709	FALL_THROUGH	FUN_0055dab8	bytes=8985D0FEFFFF;mnemonic=MOV;instruction=MOV dword ptr [EBP + 0xfffffed0],EAX;inputs=EAX,EBP,0xfffffed0;results=;flows=;fallthrough=0055e709
instruction_reference	0055dab8	FUN_0055dab8	0055e703	Stack[-0x134]	WRITE		operand_index=0;primary=true;source=ANALYSIS
instruction	0055dab8	FUN_0055dab8	0055e709	0055e713	FALL_THROUGH	FUN_0055dab8	bytes=C785D4FEFFFF00000000;mnemonic=MOV;instruction=MOV dword ptr [EBP + 0xfffffed4],0x0;inputs=0x0,EBP,0xfffffed4;results=;flows=;fallthrough=0055e713
instruction_reference	0055dab8	FUN_0055dab8	0055e709	Stack[-0x130]	WRITE		operand_index=0;primary=true;source=ANALYSIS
instruction	0055dab8	FUN_0055dab8	0055e713	0055e719	FALL_THROUGH	FUN_0055dab8	bytes=8B8588FEFFFF;mnemonic=MOV;instruction=MOV EAX,dword ptr [EBP + 0xfffffe88];inputs=EBP,0xfffffe88;results=EAX;flows=;fallthrough=0055e719
instruction_reference	0055dab8	FUN_0055dab8	0055e713	Stack[-0x17c]	READ		operand_index=1;primary=true;source=ANALYSIS
instruction	0055dab8	FUN_0055dab8	0055e719	0055e71f	FALL_THROUGH	FUN_0055dab8	bytes=8B8810010000;mnemonic=MOV;instruction=MOV ECX,dword ptr [EAX + 0x110];inputs=EAX,0x110;results=ECX;flows=;fallthrough=0055e71f
instruction	0055dab8	FUN_0055dab8	0055e71f	0055e720	FALL_THROUGH	FUN_0055dab8	bytes=51;mnemonic=PUSH;instruction=PUSH ECX;inputs=ESP,ECX,0x4;results=ESP;flows=;fallthrough=0055e720
instruction	0055dab8	FUN_0055dab8	0055e720	0055e726	FALL_THROUGH	FUN_0055dab8	bytes=8B95D0FEFFFF;mnemonic=MOV;instruction=MOV EDX,dword ptr [EBP + 0xfffffed0];inputs=EBP,0xfffffed0;results=EDX;flows=;fallthrough=0055e726
instruction_reference	0055dab8	FUN_0055dab8	0055e720	Stack[-0x134]	READ		operand_index=1;primary=true;source=ANALYSIS
instruction	0055dab8	FUN_0055dab8	0055e726	0055e727	FALL_THROUGH	FUN_0055dab8	bytes=52;mnemonic=PUSH;instruction=PUSH EDX;inputs=ESP,0x4,EDX;results=ESP;flows=;fallthrough=0055e727
instruction	0055dab8	FUN_0055dab8	0055e727	0055e72d	COMPUTED_CALL	FUN_0055dab8	bytes=FF1558305A00;mnemonic=CALL;instruction=CALL dword ptr [0x005a3058];inputs=ESP,0x4,0x55e72d,005a3058;results=ESP;flows=EXTERNAL:000000af;fallthrough=0055e72d
instruction_reference	0055dab8	FUN_0055dab8	0055e727	005a3058	READ	PTR_SelectObject_005a3058	operand_index=0;primary=true;source=DEFAULT
instruction_reference	0055dab8	FUN_0055dab8	0055e727	EXTERNAL:000000af	COMPUTED_CALL	SelectObject	operand_index=-1;primary=true;source=ANALYSIS
instruction	0055dab8	FUN_0055dab8	0055e72d	0055e733	FALL_THROUGH	FUN_0055dab8	bytes=8985D4FEFFFF;mnemonic=MOV;instruction=MOV dword ptr [EBP + 0xfffffed4],EAX;inputs=EAX,EBP,0xfffffed4;results=;flows=;fallthrough=0055e733
instruction_reference	0055dab8	FUN_0055dab8	0055e72d	Stack[-0x130]	WRITE		operand_index=0;primary=true;source=ANALYSIS
instruction	0055dab8	FUN_0055dab8	0055e733	0055e738	FALL_THROUGH	FUN_0055dab8	bytes=682000CC00;mnemonic=PUSH;instruction=PUSH 0xcc0020;inputs=ESP,0x4,0xcc0020;results=ESP;flows=;fallthrough=0055e738
instruction_reference	0055dab8	FUN_0055dab8	0055e733	00cc0020	DATA	DAT_00cc0020	operand_index=0;primary=true;source=ANALYSIS
instruction	0055dab8	FUN_0055dab8	0055e738	0055e73a	FALL_THROUGH	FUN_0055dab8	bytes=6A15;mnemonic=PUSH;instruction=PUSH 0x15;inputs=ESP,0x4,0x15;results=ESP;flows=;fallthrough=0055e73a
instruction	0055dab8	FUN_0055dab8	0055e73a	0055e73c	FALL_THROUGH	FUN_0055dab8	bytes=6A56;mnemonic=PUSH;instruction=PUSH 0x56;inputs=ESP,0x4,0x56;results=ESP;flows=;fallthrough=0055e73c
instruction	0055dab8	FUN_0055dab8	0055e73c	0055e73e	FALL_THROUGH	FUN_0055dab8	bytes=6A00;mnemonic=PUSH;instruction=PUSH 0x0;inputs=0x0,ESP,0x4;results=ESP;flows=;fallthrough=0055e73e
instruction	0055dab8	FUN_0055dab8	0055e73e	0055e740	FALL_THROUGH	FUN_0055dab8	bytes=6A00;mnemonic=PUSH;instruction=PUSH 0x0;inputs=0x0,ESP,0x4;results=ESP;flows=;fallthrough=0055e740
instruction	0055dab8	FUN_0055dab8	0055e740	0055e746	FALL_THROUGH	FUN_0055dab8	bytes=8B85D0FEFFFF;mnemonic=MOV;instruction=MOV EAX,dword ptr [EBP + 0xfffffed0];inputs=EBP,0xfffffed0;results=EAX;flows=;fallthrough=0055e746
instruction_reference	0055dab8	FUN_0055dab8	0055e740	Stack[-0x134]	READ		operand_index=1;primary=true;source=ANALYSIS
instruction	0055dab8	FUN_0055dab8	0055e746	0055e747	FALL_THROUGH	FUN_0055dab8	bytes=50;mnemonic=PUSH;instruction=PUSH EAX;inputs=EAX,ESP,0x4;results=ESP;flows=;fallthrough=0055e747
instruction	0055dab8	FUN_0055dab8	0055e747	0055e74d	FALL_THROUGH	FUN_0055dab8	bytes=8B8DD8FEFFFF;mnemonic=MOV;instruction=MOV ECX,dword ptr [EBP + 0xfffffed8];inputs=EBP,0xfffffed8;results=ECX;flows=;fallthrough=0055e74d
instruction_reference	0055dab8	FUN_0055dab8	0055e747	Stack[-0x12c]	READ		operand_index=1;primary=true;source=ANALYSIS
instruction	0055dab8	FUN_0055dab8	0055e74d	0055e753	FALL_THROUGH	FUN_0055dab8	bytes=8B95D8FEFFFF;mnemonic=MOV;instruction=MOV EDX,dword ptr [EBP + 0xfffffed8];inputs=EBP,0xfffffed8;results=EDX;flows=;fallthrough=0055e753
instruction_reference	0055dab8	FUN_0055dab8	0055e74d	Stack[-0x12c]	READ		operand_index=1;primary=true;source=ANALYSIS
instruction	0055dab8	FUN_0055dab8	0055e753	0055e756	FALL_THROUGH	FUN_0055dab8	bytes=8B4128;mnemonic=MOV;instruction=MOV EAX,dword ptr [ECX + 0x28];inputs=ECX,0x28;results=EAX;flows=;fallthrough=0055e756
instruction	0055dab8	FUN_0055dab8	0055e756	0055e759	FALL_THROUGH	FUN_0055dab8	bytes=2B4220;mnemonic=SUB;instruction=SUB EAX,dword ptr [EDX + 0x20];inputs=0x20,EAX,0x0,0x1,EDX,0xff;results=CF,EAX,PF,ZF,SF,OF;flows=;fallthrough=0055e759
instruction	0055dab8	FUN_0055dab8	0055e759	0055e75a	FALL_THROUGH	FUN_0055dab8	bytes=50;mnemonic=PUSH;instruction=PUSH EAX;inputs=EAX,ESP,0x4;results=ESP;flows=;fallthrough=0055e75a
instruction	0055dab8	FUN_0055dab8	0055e75a	0055e760	FALL_THROUGH	FUN_0055dab8	bytes=8B8DD8FEFFFF;mnemonic=MOV;instruction=MOV ECX,dword ptr [EBP + 0xfffffed8];inputs=EBP,0xfffffed8;results=ECX;flows=;fallthrough=0055e760
instruction_reference	0055dab8	FUN_0055dab8	0055e75a	Stack[-0x12c]	READ		operand_index=1;primary=true;source=ANALYSIS
instruction	0055dab8	FUN_0055dab8	0055e760	0055e766	FALL_THROUGH	FUN_0055dab8	bytes=8B95D8FEFFFF;mnemonic=MOV;instruction=MOV EDX,dword ptr [EBP + 0xfffffed8];inputs=EBP,0xfffffed8;results=EDX;flows=;fallthrough=0055e766
instruction_reference	0055dab8	FUN_0055dab8	0055e760	Stack[-0x12c]	READ		operand_index=1;primary=true;source=ANALYSIS
instruction	0055dab8	FUN_0055dab8	0055e766	0055e769	FALL_THROUGH	FUN_0055dab8	bytes=8B4124;mnemonic=MOV;instruction=MOV EAX,dword ptr [ECX + 0x24];inputs=ECX,0x24;results=EAX;flows=;fallthrough=0055e769
instruction	0055dab8	FUN_0055dab8	0055e769	0055e76c	FALL_THROUGH	FUN_0055dab8	bytes=2B421C;mnemonic=SUB;instruction=SUB EAX,dword ptr [EDX + 0x1c];inputs=EAX,0x0,0x1,EDX,0x1c,0xff;results=CF,EAX,PF,ZF,SF,OF;flows=;fallthrough=0055e76c
instruction	0055dab8	FUN_0055dab8	0055e76c	0055e76d	FALL_THROUGH	FUN_0055dab8	bytes=50;mnemonic=PUSH;instruction=PUSH EAX;inputs=EAX,ESP,0x4;results=ESP;flows=;fallthrough=0055e76d
instruction	0055dab8	FUN_0055dab8	0055e76d	0055e773	FALL_THROUGH	FUN_0055dab8	bytes=8B8DD8FEFFFF;mnemonic=MOV;instruction=MOV ECX,dword ptr [EBP + 0xfffffed8];inputs=EBP,0xfffffed8;results=ECX;flows=;fallthrough=0055e773
instruction_reference	0055dab8	FUN_0055dab8	0055e76d	Stack[-0x12c]	READ		operand_index=1;primary=true;source=ANALYSIS
instruction	0055dab8	FUN_0055dab8	0055e773	0055e776	FALL_THROUGH	FUN_0055dab8	bytes=8B5120;mnemonic=MOV;instruction=MOV EDX,dword ptr [ECX + 0x20];inputs=0x20,ECX;results=EDX;flows=;fallthrough=0055e776
instruction	0055dab8	FUN_0055dab8	0055e776	0055e777	FALL_THROUGH	FUN_0055dab8	bytes=52;mnemonic=PUSH;instruction=PUSH EDX;inputs=ESP,0x4,EDX;results=ESP;flows=;fallthrough=0055e777
instruction	0055dab8	FUN_0055dab8	0055e777	0055e77d	FALL_THROUGH	FUN_0055dab8	bytes=8B85D8FEFFFF;mnemonic=MOV;instruction=MOV EAX,dword ptr [EBP + 0xfffffed8];inputs=EBP,0xfffffed8;results=EAX;flows=;fallthrough=0055e77d
instruction_reference	0055dab8	FUN_0055dab8	0055e777	Stack[-0x12c]	READ		operand_index=1;primary=true;source=ANALYSIS
instruction	0055dab8	FUN_0055dab8	0055e77d	0055e780	FALL_THROUGH	FUN_0055dab8	bytes=8B481C;mnemonic=MOV;instruction=MOV ECX,dword ptr [EAX + 0x1c];inputs=EAX,0x1c;results=ECX;flows=;fallthrough=0055e780
instruction	0055dab8	FUN_0055dab8	0055e780	0055e781	FALL_THROUGH	FUN_0055dab8	bytes=51;mnemonic=PUSH;instruction=PUSH ECX;inputs=ESP,ECX,0x4;results=ESP;flows=;fallthrough=0055e781
instruction	0055dab8	FUN_0055dab8	0055e781	0055e787	FALL_THROUGH	FUN_0055dab8	bytes=8B95D8FEFFFF;mnemonic=MOV;instruction=MOV EDX,dword ptr [EBP + 0xfffffed8];inputs=EBP,0xfffffed8;results=EDX;flows=;fallthrough=0055e787
instruction_reference	0055dab8	FUN_0055dab8	0055e781	Stack[-0x12c]	READ		operand_index=1;primary=true;source=ANALYSIS
instruction	0055dab8	FUN_0055dab8	0055e787	0055e78a	FALL_THROUGH	FUN_0055dab8	bytes=8B4218;mnemonic=MOV;instruction=MOV EAX,dword ptr [EDX + 0x18];inputs=EDX,0x18;results=EAX;flows=;fallthrough=0055e78a
instruction	0055dab8	FUN_0055dab8	0055e78a	0055e78b	FALL_THROUGH	FUN_0055dab8	bytes=50;mnemonic=PUSH;instruction=PUSH EAX;inputs=EAX,ESP,0x4;results=ESP;flows=;fallthrough=0055e78b
instruction	0055dab8	FUN_0055dab8	0055e78b	0055e791	COMPUTED_CALL	FUN_0055dab8	bytes=FF1540305A00;mnemonic=CALL;instruction=CALL dword ptr [0x005a3040];inputs=ESP,0x4,0x55e791,005a3040;results=ESP;flows=EXTERNAL:000000a9;fallthrough=0055e791
instruction_reference	0055dab8	FUN_0055dab8	0055e78b	005a3040	READ	PTR_StretchBlt_005a3040	operand_index=0;primary=true;source=DEFAULT
instruction_reference	0055dab8	FUN_0055dab8	0055e78b	EXTERNAL:000000a9	COMPUTED_CALL	StretchBlt	operand_index=-1;primary=true;source=ANALYSIS
instruction	0055dab8	FUN_0055dab8	0055e791	0055e797	FALL_THROUGH	FUN_0055dab8	bytes=8B8DD4FEFFFF;mnemonic=MOV;instruction=MOV ECX,dword ptr [EBP + 0xfffffed4];inputs=EBP,0xfffffed4;results=ECX;flows=;fallthrough=0055e797
instruction_reference	0055dab8	FUN_0055dab8	0055e791	Stack[-0x130]	READ		operand_index=1;primary=true;source=ANALYSIS
instruction	0055dab8	FUN_0055dab8	0055e797	0055e798	FALL_THROUGH	FUN_0055dab8	bytes=51;mnemonic=PUSH;instruction=PUSH ECX;inputs=ESP,ECX,0x4;results=ESP;flows=;fallthrough=0055e798
instruction	0055dab8	FUN_0055dab8	0055e798	0055e79e	FALL_THROUGH	FUN_0055dab8	bytes=8B95D0FEFFFF;mnemonic=MOV;instruction=MOV EDX,dword ptr [EBP + 0xfffffed0];inputs=EBP,0xfffffed0;results=EDX;flows=;fallthrough=0055e79e
instruction_reference	0055dab8	FUN_0055dab8	0055e798	Stack[-0x134]	READ		operand_index=1;primary=true;source=ANALYSIS
instruction	0055dab8	FUN_0055dab8	0055e79e	0055e79f	FALL_THROUGH	FUN_0055dab8	bytes=52;mnemonic=PUSH;instruction=PUSH EDX;inputs=ESP,0x4,EDX;results=ESP;flows=;fallthrough=0055e79f
instruction	0055dab8	FUN_0055dab8	0055e79f	0055e7a5	COMPUTED_CALL	FUN_0055dab8	bytes=FF1558305A00;mnemonic=CALL;instruction=CALL dword ptr [0x005a3058];inputs=ESP,0x55e7a5,0x4,005a3058;results=ESP;flows=EXTERNAL:000000af;fallthrough=0055e7a5
instruction_reference	0055dab8	FUN_0055dab8	0055e79f	005a3058	READ	PTR_SelectObject_005a3058	operand_index=0;primary=true;source=DEFAULT
instruction_reference	0055dab8	FUN_0055dab8	0055e79f	EXTERNAL:000000af	COMPUTED_CALL	SelectObject	operand_index=-1;primary=true;source=ANALYSIS
instruction	0055dab8	FUN_0055dab8	0055e7a5	0055e7ab	FALL_THROUGH	FUN_0055dab8	bytes=8B85D0FEFFFF;mnemonic=MOV;instruction=MOV EAX,dword ptr [EBP + 0xfffffed0];inputs=EBP,0xfffffed0;results=EAX;flows=;fallthrough=0055e7ab
instruction_reference	0055dab8	FUN_0055dab8	0055e7a5	Stack[-0x134]	READ		operand_index=1;primary=true;source=ANALYSIS
instruction	0055dab8	FUN_0055dab8	0055e7ab	0055e7ac	FALL_THROUGH	FUN_0055dab8	bytes=50;mnemonic=PUSH;instruction=PUSH EAX;inputs=EAX,ESP,0x4;results=ESP;flows=;fallthrough=0055e7ac
instruction	0055dab8	FUN_0055dab8	0055e7ac	0055e7b2	COMPUTED_CALL	FUN_0055dab8	bytes=FF152C305A00;mnemonic=CALL;instruction=CALL dword ptr [0x005a302c];inputs=ESP,0x4,0x55e7b2,005a302c;results=ESP;flows=EXTERNAL:000000a4;fallthrough=0055e7b2
instruction_reference	0055dab8	FUN_0055dab8	0055e7ac	005a302c	READ	PTR_DeleteDC_005a302c	operand_index=0;primary=true;source=DEFAULT
instruction_reference	0055dab8	FUN_0055dab8	0055e7ac	EXTERNAL:000000a4	COMPUTED_CALL	DeleteDC	operand_index=-1;primary=true;source=ANALYSIS
instruction	0055dab8	FUN_0055dab8	0055e7b2		UNCONDITIONAL_JUMP	FUN_0055dab8	bytes=E939040000;mnemonic=JMP;instruction=JMP 0x0055ebf0;inputs=;results=;flows=0055ebf0;fallthrough=
instruction_reference	0055dab8	FUN_0055dab8	0055e7b2	0055ebf0	UNCONDITIONAL_JUMP	caseD_2	operand_index=0;primary=true;source=DEFAULT
instruction	0055dab8	FUN_0055dab8	0055e7b7	0055e7bd	FALL_THROUGH	FUN_0055dab8	bytes=8B8D88FEFFFF;mnemonic=MOV;instruction=MOV ECX,dword ptr [EBP + 0xfffffe88];inputs=EBP,0xfffffe88;results=ECX;flows=;fallthrough=0055e7bd
instruction_reference	0055dab8	FUN_0055dab8	0055e7b7	Stack[-0x17c]	READ		operand_index=1;primary=true;source=ANALYSIS
instruction	0055dab8	FUN_0055dab8	0055e7bd	0055e7c4	FALL_THROUGH	FUN_0055dab8	bytes=83B9FC00000000;mnemonic=CMP;instruction=CMP dword ptr [ECX + 0xfc],0x0;inputs=0x0,0x1,ECX,0xfc,0xff;results=CF,PF,ZF,SF,OF;flows=;fallthrough=0055e7c4
instruction	0055dab8	FUN_0055dab8	0055e7c4	0055e7ca	CONDITIONAL_JUMP	FUN_0055dab8	bytes=0F84CD020000;mnemonic=JZ;instruction=JZ 0x0055ea97;inputs=ZF;results=;flows=0055ea97;fallthrough=0055e7ca
instruction_reference	0055dab8	FUN_0055dab8	0055e7c4	0055ea97	CONDITIONAL_JUMP	LAB_0055ea97	operand_index=0;primary=true;source=DEFAULT
instruction	0055dab8	FUN_0055dab8	0055e7ca	0055e7cd	FALL_THROUGH	FUN_0055dab8	bytes=8B5514;mnemonic=MOV;instruction=MOV EDX,dword ptr [EBP + 0x14];inputs=EBP,0x14;results=EDX;flows=;fallthrough=0055e7cd
instruction_reference	0055dab8	FUN_0055dab8	0055e7ca	Stack[0x10]	READ		operand_index=1;primary=true;source=ANALYSIS
instruction	0055dab8	FUN_0055dab8	0055e7cd	0055e7d3	FALL_THROUGH	FUN_0055dab8	bytes=81E2FFFF0000;mnemonic=AND;instruction=AND EDX,0xffff;inputs=0x0,0x1,EDX,0xffff,0xff;results=CF,PF,ZF,SF,EDX,OF;flows=;fallthrough=0055e7d3
instruction	0055dab8	FUN_0055dab8	0055e7d3	0055e7d9	FALL_THROUGH	FUN_0055dab8	bytes=81E2FFFF0000;mnemonic=AND;instruction=AND EDX,0xffff;inputs=0x0,0x1,EDX,0xffff,0xff;results=CF,PF,ZF,SF,EDX,OF;flows=;fallthrough=0055e7d9
instruction	0055dab8	FUN_0055dab8	0055e7d9	0055e7dc	FALL_THROUGH	FUN_0055dab8	bytes=83FA01;mnemonic=CMP;instruction=CMP EDX,0x1;inputs=0x0,0x1,EDX,0xff;results=CF,PF,ZF,SF,OF;flows=;fallthrough=0055e7dc
instruction	0055dab8	FUN_0055dab8	0055e7dc	0055e7de	CONDITIONAL_JUMP	FUN_0055dab8	bytes=7437;mnemonic=JZ;instruction=JZ 0x0055e815;inputs=ZF;results=;flows=0055e815;fallthrough=0055e7de
instruction_reference	0055dab8	FUN_0055dab8	0055e7dc	0055e815	CONDITIONAL_JUMP	LAB_0055e815	operand_index=0;primary=true;source=DEFAULT
instruction	0055dab8	FUN_0055dab8	0055e7de	0055e7e4	FALL_THROUGH	FUN_0055dab8	bytes=8B8588FEFFFF;mnemonic=MOV;instruction=MOV EAX,dword ptr [EBP + 0xfffffe88];inputs=EBP,0xfffffe88;results=EAX;flows=;fallthrough=0055e7e4
instruction_reference	0055dab8	FUN_0055dab8	0055e7de	Stack[-0x17c]	READ		operand_index=1;primary=true;source=ANALYSIS
instruction	0055dab8	FUN_0055dab8	0055e7e4	0055e7ea	FALL_THROUGH	FUN_0055dab8	bytes=8B88FC000000;mnemonic=MOV;instruction=MOV ECX,dword ptr [EAX + 0xfc];inputs=EAX,0xfc;results=ECX;flows=;fallthrough=0055e7ea
instruction	0055dab8	FUN_0055dab8	0055e7ea	0055e7ef	UNCONDITIONAL_CALL	FUN_0055dab8	bytes=E88B55ECFF;mnemonic=CALL;instruction=CALL 0x00423d7a;inputs=ESP,0x4,0x55e7ef;results=ESP;flows=00423d7a;fallthrough=0055e7ef
instruction_reference	0055dab8	FUN_0055dab8	0055e7ea	00423d7a	UNCONDITIONAL_CALL	FUN_00423d7a	operand_index=0;primary=true;source=DEFAULT
instruction	0055dab8	FUN_0055dab8	0055e7ef	0055e7f1	FALL_THROUGH	FUN_0055dab8	bytes=6A00;mnemonic=PUSH;instruction=PUSH 0x0;inputs=0x0,ESP,0x4;results=ESP;flows=;fallthrough=0055e7f1
instruction	0055dab8	FUN_0055dab8	0055e7f1	0055e7f3	FALL_THROUGH	FUN_0055dab8	bytes=6A00;mnemonic=PUSH;instruction=PUSH 0x0;inputs=0x0,ESP,0x4;results=ESP;flows=;fallthrough=0055e7f3
instruction	0055dab8	FUN_0055dab8	0055e7f3	0055e7f9	FALL_THROUGH	FUN_0055dab8	bytes=8B8D88FEFFFF;mnemonic=MOV;instruction=MOV ECX,dword ptr [EBP + 0xfffffe88];inputs=EBP,0xfffffe88;results=ECX;flows=;fallthrough=0055e7f9
instruction_reference	0055dab8	FUN_0055dab8	0055e7f3	Stack[-0x17c]	READ		operand_index=1;primary=true;source=ANALYSIS
instruction	0055dab8	FUN_0055dab8	0055e7f9	0055e7ff	FALL_THROUGH	FUN_0055dab8	bytes=8B89F8000000;mnemonic=MOV;instruction=MOV ECX,dword ptr [ECX + 0xf8];inputs=ECX,0xf8;results=ECX;flows=;fallthrough=0055e7ff
instruction	0055dab8	FUN_0055dab8	0055e7ff	0055e805	FALL_THROUGH	FUN_0055dab8	bytes=8B9588FEFFFF;mnemonic=MOV;instruction=MOV EDX,dword ptr [EBP + 0xfffffe88];inputs=EBP,0xfffffe88;results=EDX;flows=;fallthrough=0055e805
instruction_reference	0055dab8	FUN_0055dab8	0055e7ff	Stack[-0x17c]	READ		operand_index=1;primary=true;source=ANALYSIS
instruction	0055dab8	FUN_0055dab8	0055e805	0055e80b	FALL_THROUGH	FUN_0055dab8	bytes=8B82F8000000;mnemonic=MOV;instruction=MOV EAX,dword ptr [EDX + 0xf8];inputs=EDX,0xf8;results=EAX;flows=;fallthrough=0055e80b
instruction	0055dab8	FUN_0055dab8	0055e80b	0055e80d	FALL_THROUGH	FUN_0055dab8	bytes=8B10;mnemonic=MOV;instruction=MOV EDX,dword ptr [EAX];inputs=EAX;results=EDX;flows=;fallthrough=0055e80d
instruction	0055dab8	FUN_0055dab8	0055e80d	0055e810	COMPUTED_CALL	FUN_0055dab8	bytes=FF5208;mnemonic=CALL;instruction=CALL dword ptr [EDX + 0x8];inputs=ESP,0x4,0x55e810,EDX,0x8;results=ESP;flows=;fallthrough=0055e810
instruction	0055dab8	FUN_0055dab8	0055e810		UNCONDITIONAL_JUMP	FUN_0055dab8	bytes=E9DB030000;mnemonic=JMP;instruction=JMP 0x0055ebf0;inputs=;results=;flows=0055ebf0;fallthrough=
instruction_reference	0055dab8	FUN_0055dab8	0055e810	0055ebf0	UNCONDITIONAL_JUMP	caseD_2	operand_index=0;primary=true;source=DEFAULT
instruction	0055dab8	FUN_0055dab8	0055e815	0055e81b	FALL_THROUGH	FUN_0055dab8	bytes=8B8588FEFFFF;mnemonic=MOV;instruction=MOV EAX,dword ptr [EBP + 0xfffffe88];inputs=EBP,0xfffffe88;results=EAX;flows=;fallthrough=0055e81b
instruction_reference	0055dab8	FUN_0055dab8	0055e815	Stack[-0x17c]	READ		operand_index=1;primary=true;source=ANALYSIS
instruction	0055dab8	FUN_0055dab8	0055e81b	0055e821	FALL_THROUGH	FUN_0055dab8	bytes=8B88FC000000;mnemonic=MOV;instruction=MOV ECX,dword ptr [EAX + 0xfc];inputs=EAX,0xfc;results=ECX;flows=;fallthrough=0055e821
instruction	0055dab8	FUN_0055dab8	0055e821	0055e826	UNCONDITIONAL_CALL	FUN_0055dab8	bytes=E8B55DECFF;mnemonic=CALL;instruction=CALL 0x004245db;inputs=ESP,0x55e826,0x4;results=ESP;flows=004245db;fallthrough=0055e826
instruction_reference	0055dab8	FUN_0055dab8	0055e821	004245db	UNCONDITIONAL_CALL	FUN_004245db	operand_index=0;primary=true;source=DEFAULT
instruction	0055dab8	FUN_0055dab8	0055e826	0055e828	FALL_THROUGH	FUN_0055dab8	bytes=85C0;mnemonic=TEST;instruction=TEST EAX,EAX;inputs=0x0,EAX,0x1,0xff;results=CF,PF,ZF,SF,OF;flows=;fallthrough=0055e828
instruction	0055dab8	FUN_0055dab8	0055e828	0055e82a	CONDITIONAL_JUMP	FUN_0055dab8	bytes=7516;mnemonic=JNZ;instruction=JNZ 0x0055e840;inputs=ZF;results=;flows=0055e840;fallthrough=0055e82a
instruction_reference	0055dab8	FUN_0055dab8	0055e828	0055e840	CONDITIONAL_JUMP	LAB_0055e840	operand_index=0;primary=true;source=DEFAULT
instruction	0055dab8	FUN_0055dab8	0055e82a	0055e830	FALL_THROUGH	FUN_0055dab8	bytes=8B8D88FEFFFF;mnemonic=MOV;instruction=MOV ECX,dword ptr [EBP + 0xfffffe88];inputs=EBP,0xfffffe88;results=ECX;flows=;fallthrough=0055e830
instruction_reference	0055dab8	FUN_0055dab8	0055e82a	Stack[-0x17c]	READ		operand_index=1;primary=true;source=ANALYSIS
instruction	0055dab8	FUN_0055dab8	0055e830	0055e836	FALL_THROUGH	FUN_0055dab8	bytes=8B89FC000000;mnemonic=MOV;instruction=MOV ECX,dword ptr [ECX + 0xfc];inputs=ECX,0xfc;results=ECX;flows=;fallthrough=0055e836
instruction	0055dab8	FUN_0055dab8	0055e836	0055e83b	UNCONDITIONAL_CALL	FUN_0055dab8	bytes=E83F55ECFF;mnemonic=CALL;instruction=CALL 0x00423d7a;inputs=ESP,0x4,0x55e83b;results=ESP;flows=00423d7a;fallthrough=0055e83b
instruction_reference	0055dab8	FUN_0055dab8	0055e836	00423d7a	UNCONDITIONAL_CALL	FUN_00423d7a	operand_index=0;primary=true;source=DEFAULT
instruction	0055dab8	FUN_0055dab8	0055e83b		UNCONDITIONAL_JUMP	FUN_0055dab8	bytes=E9B0030000;mnemonic=JMP;instruction=JMP 0x0055ebf0;inputs=;results=;flows=0055ebf0;fallthrough=
instruction_reference	0055dab8	FUN_0055dab8	0055e83b	0055ebf0	UNCONDITIONAL_JUMP	caseD_2	operand_index=0;primary=true;source=DEFAULT
instruction	0055dab8	FUN_0055dab8	0055e840	0055e84a	FALL_THROUGH	FUN_0055dab8	bytes=C785CCFEFFFF00000000;mnemonic=MOV;instruction=MOV dword ptr [EBP + 0xfffffecc],0x0;inputs=0x0,0xfffffecc,EBP;results=;flows=;fallthrough=0055e84a
instruction_reference	0055dab8	FUN_0055dab8	0055e840	Stack[-0x138]	WRITE		operand_index=0;primary=true;source=ANALYSIS
instruction	0055dab8	FUN_0055dab8	0055e84a	0055e854	FALL_THROUGH	FUN_0055dab8	bytes=C785C8FEFFFF00000000;mnemonic=MOV;instruction=MOV dword ptr [EBP + 0xfffffec8],0x0;inputs=0x0,EBP,0xfffffec8;results=;flows=;fallthrough=0055e854
instruction_reference	0055dab8	FUN_0055dab8	0055e84a	Stack[-0x13c]	WRITE		operand_index=0;primary=true;source=ANALYSIS
instruction	0055dab8	FUN_0055dab8	0055e854	0055e85a	FALL_THROUGH	FUN_0055dab8	bytes=8D95C8FEFFFF;mnemonic=LEA;instruction=LEA EDX,[EBP + 0xfffffec8];inputs=EBP,0xfffffec8;results=EDX;flows=;fallthrough=0055e85a
instruction_reference	0055dab8	FUN_0055dab8	0055e854	Stack[-0x13c]	DATA		operand_index=0;primary=true;source=ANALYSIS
instruction	0055dab8	FUN_0055dab8	0055e85a	0055e85b	FALL_THROUGH	FUN_0055dab8	bytes=52;mnemonic=PUSH;instruction=PUSH EDX;inputs=ESP,0x4,EDX;results=ESP;flows=;fallthrough=0055e85b
instruction	0055dab8	FUN_0055dab8	0055e85b	0055e861	FALL_THROUGH	FUN_0055dab8	bytes=8D85CCFEFFFF;mnemonic=LEA;instruction=LEA EAX,[EBP + 0xfffffecc];inputs=0xfffffecc,EBP;results=EAX;flows=;fallthrough=0055e861
instruction_reference	0055dab8	FUN_0055dab8	0055e85b	Stack[-0x138]	DATA		operand_index=0;primary=true;source=ANALYSIS
instruction	0055dab8	FUN_0055dab8	0055e861	0055e862	FALL_THROUGH	FUN_0055dab8	bytes=50;mnemonic=PUSH;instruction=PUSH EAX;inputs=EAX,ESP,0x4;results=ESP;flows=;fallthrough=0055e862
instruction	0055dab8	FUN_0055dab8	0055e862	0055e868	FALL_THROUGH	FUN_0055dab8	bytes=8B8D88FEFFFF;mnemonic=MOV;instruction=MOV ECX,dword ptr [EBP + 0xfffffe88];inputs=EBP,0xfffffe88;results=ECX;flows=;fallthrough=0055e868
instruction_reference	0055dab8	FUN_0055dab8	0055e862	Stack[-0x17c]	READ		operand_index=1;primary=true;source=ANALYSIS
instruction	0055dab8	FUN_0055dab8	0055e868	0055e86e	FALL_THROUGH	FUN_0055dab8	bytes=8B89FC000000;mnemonic=MOV;instruction=MOV ECX,dword ptr [ECX + 0xfc];inputs=ECX,0xfc;results=ECX;flows=;fallthrough=0055e86e
instruction	0055dab8	FUN_0055dab8	0055e86e	0055e873	UNCONDITIONAL_CALL	FUN_0055dab8	bytes=E8CF5DECFF;mnemonic=CALL;instruction=CALL 0x00424642;inputs=ESP,0x4,0x55e873;results=ESP;flows=00424642;fallthrough=0055e873
instruction_reference	0055dab8	FUN_0055dab8	0055e86e	00424642	UNCONDITIONAL_CALL	FUN_00424642	operand_index=0;primary=true;source=DEFAULT
instruction	0055dab8	FUN_0055dab8	0055e873	0055e879	FALL_THROUGH	FUN_0055dab8	bytes=8985BCFEFFFF;mnemonic=MOV;instruction=MOV dword ptr [EBP + 0xfffffebc],EAX;inputs=EAX,0xfffffebc,EBP;results=;flows=;fallthrough=0055e879
instruction_reference	0055dab8	FUN_0055dab8	0055e873	Stack[-0x148]	WRITE		operand_index=0;primary=true;source=ANALYSIS
instruction	0055dab8	FUN_0055dab8	0055e879	0055e880	FALL_THROUGH	FUN_0055dab8	bytes=83BDBCFEFFFF00;mnemonic=CMP;instruction=CMP dword ptr [EBP + 0xfffffebc],0x0;inputs=0x0,0x1,0xfffffebc,EBP,0xff;results=CF,PF,ZF,SF,OF;flows=;fallthrough=0055e880
instruction_reference	0055dab8	FUN_0055dab8	0055e879	Stack[-0x148]	READ		operand_index=0;primary=true;source=ANALYSIS
instruction	0055dab8	FUN_0055dab8	0055e880	0055e882	CONDITIONAL_JUMP	FUN_0055dab8	bytes=7505;mnemonic=JNZ;instruction=JNZ 0x0055e887;inputs=ZF;results=;flows=0055e887;fallthrough=0055e882
instruction_reference	0055dab8	FUN_0055dab8	0055e880	0055e887	CONDITIONAL_JUMP	LAB_0055e887	operand_index=0;primary=true;source=DEFAULT
instruction	0055dab8	FUN_0055dab8	0055e882		UNCONDITIONAL_JUMP	FUN_0055dab8	bytes=E910020000;mnemonic=JMP;instruction=JMP 0x0055ea97;inputs=;results=;flows=0055ea97;fallthrough=
instruction_reference	0055dab8	FUN_0055dab8	0055e882	0055ea97	UNCONDITIONAL_JUMP	LAB_0055ea97	operand_index=0;primary=true;source=DEFAULT
instruction	0055dab8	FUN_0055dab8	0055e887	0055e88e	FALL_THROUGH	FUN_0055dab8	bytes=83BDCCFEFFFF00;mnemonic=CMP;instruction=CMP dword ptr [EBP + 0xfffffecc],0x0;inputs=0x0,0x1,0xfffffecc,EBP,0xff;results=CF,PF,ZF,SF,OF;flows=;fallthrough=0055e88e
instruction_reference	0055dab8	FUN_0055dab8	0055e887	Stack[-0x138]	READ		operand_index=0;primary=true;source=ANALYSIS
instruction	0055dab8	FUN_0055dab8	0055e88e	0055e890	CONDITIONAL_JUMP	FUN_0055dab8	bytes=7414;mnemonic=JZ;instruction=JZ 0x0055e8a4;inputs=ZF;results=;flows=0055e8a4;fallthrough=0055e890
instruction_reference	0055dab8	FUN_0055dab8	0055e88e	0055e8a4	CONDITIONAL_JUMP	LAB_0055e8a4	operand_index=0;primary=true;source=DEFAULT
instruction	0055dab8	FUN_0055dab8	0055e890	0055e896	FALL_THROUGH	FUN_0055dab8	bytes=8B95C8FEFFFF;mnemonic=MOV;instruction=MOV EDX,dword ptr [EBP + 0xfffffec8];inputs=EBP,0xfffffec8;results=EDX;flows=;fallthrough=0055e896
instruction_reference	0055dab8	FUN_0055dab8	0055e890	Stack[-0x13c]	READ		operand_index=1;primary=true;source=ANALYSIS
instruction	0055dab8	FUN_0055dab8	0055e896	0055e897	FALL_THROUGH	FUN_0055dab8	bytes=52;mnemonic=PUSH;instruction=PUSH EDX;inputs=ESP,0x4,EDX;results=ESP;flows=;fallthrough=0055e897
instruction	0055dab8	FUN_0055dab8	0055e897	0055e89c	FALL_THROUGH	FUN_0055dab8	bytes=68644F5C00;mnemonic=PUSH;instruction=PUSH 0x5c4f64;inputs=ESP,0x4,0x5c4f64;results=ESP;flows=;fallthrough=0055e89c
instruction_reference	0055dab8	FUN_0055dab8	0055e897	005c4f64	DATA	s_WSA_READ_Error_:_0x%x_005c4f64	operand_index=0;primary=true;source=ANALYSIS
instruction	0055dab8	FUN_0055dab8	0055e89c	0055e8a1	UNCONDITIONAL_CALL	FUN_0055dab8	bytes=E8B828EDFF;mnemonic=CALL;instruction=CALL 0x00431159;inputs=ESP,0x4,0x55e8a1;results=ESP;flows=00431159;fallthrough=0055e8a1
instruction_reference	0055dab8	FUN_0055dab8	0055e89c	00431159	UNCONDITIONAL_CALL	FUN_00431159	operand_index=0;primary=true;source=DEFAULT
instruction	0055dab8	FUN_0055dab8	0055e8a1	0055e8a4	FALL_THROUGH	FUN_0055dab8	bytes=83C408;mnemonic=ADD;instruction=ADD ESP,0x8;inputs=ESP,0x0,0x1,0x8,0xff;results=CF,ESP,PF,ZF,SF,OF;flows=;fallthrough=0055e8a4
instruction	0055dab8	FUN_0055dab8	0055e8a4	0055e8aa	FALL_THROUGH	FUN_0055dab8	bytes=8B85BCFEFFFF;mnemonic=MOV;instruction=MOV EAX,dword ptr [EBP + 0xfffffebc];inputs=0xfffffebc,EBP;results=EAX;flows=;fallthrough=0055e8aa
instruction_reference	0055dab8	FUN_0055dab8	0055e8a4	Stack[-0x148]	READ		operand_index=1;primary=true;source=ANALYSIS
instruction	0055dab8	FUN_0055dab8	0055e8aa	0055e8b0	FALL_THROUGH	FUN_0055dab8	bytes=8985C0FEFFFF;mnemonic=MOV;instruction=MOV dword ptr [EBP + 0xfffffec0],EAX;inputs=EAX,EBP,0xfffffec0;results=;flows=;fallthrough=0055e8b0
instruction_reference	0055dab8	FUN_0055dab8	0055e8aa	Stack[-0x144]	WRITE		operand_index=0;primary=true;source=ANALYSIS
instruction	0055dab8	FUN_0055dab8	0055e8b0	0055e8b6	FALL_THROUGH	FUN_0055dab8	bytes=8B8D88FEFFFF;mnemonic=MOV;instruction=MOV ECX,dword ptr [EBP + 0xfffffe88];inputs=EBP,0xfffffe88;results=ECX;flows=;fallthrough=0055e8b6
instruction_reference	0055dab8	FUN_0055dab8	0055e8b0	Stack[-0x17c]	READ		operand_index=1;primary=true;source=ANALYSIS
instruction	0055dab8	FUN_0055dab8	0055e8b6	0055e8bc	FALL_THROUGH	FUN_0055dab8	bytes=8B89F4000000;mnemonic=MOV;instruction=MOV ECX,dword ptr [ECX + 0xf4];inputs=ECX,0xf4;results=ECX;flows=;fallthrough=0055e8bc
instruction	0055dab8	FUN_0055dab8	0055e8bc	0055e8c2	FALL_THROUGH	FUN_0055dab8	bytes=8B9588FEFFFF;mnemonic=MOV;instruction=MOV EDX,dword ptr [EBP + 0xfffffe88];inputs=EBP,0xfffffe88;results=EDX;flows=;fallthrough=0055e8c2
instruction_reference	0055dab8	FUN_0055dab8	0055e8bc	Stack[-0x17c]	READ		operand_index=1;primary=true;source=ANALYSIS
instruction	0055dab8	FUN_0055dab8	0055e8c2	0055e8c8	FALL_THROUGH	FUN_0055dab8	bytes=8B82F4000000;mnemonic=MOV;instruction=MOV EAX,dword ptr [EDX + 0xf4];inputs=0xf4,EDX;results=EAX;flows=;fallthrough=0055e8c8
instruction	0055dab8	FUN_0055dab8	0055e8c8	0055e8ca	FALL_THROUGH	FUN_0055dab8	bytes=8B10;mnemonic=MOV;instruction=MOV EDX,dword ptr [EAX];inputs=EAX;results=EDX;flows=;fallthrough=0055e8ca
instruction	0055dab8	FUN_0055dab8	0055e8ca	0055e8cd	COMPUTED_CALL	FUN_0055dab8	bytes=FF5208;mnemonic=CALL;instruction=CALL dword ptr [EDX + 0x8];inputs=ESP,0x4,EDX,0x8,0x55e8cd;results=ESP;flows=;fallthrough=0055e8cd
instruction	0055dab8	FUN_0055dab8	0055e8cd	0055e8d3	FALL_THROUGH	FUN_0055dab8	bytes=8985C4FEFFFF;mnemonic=MOV;instruction=MOV dword ptr [EBP + 0xfffffec4],EAX;inputs=EAX,EBP,0xfffffec4;results=;flows=;fallthrough=0055e8d3
instruction_reference	0055dab8	FUN_0055dab8	0055e8cd	Stack[-0x140]	WRITE		operand_index=0;primary=true;source=ANALYSIS
instruction	0055dab8	FUN_0055dab8	0055e8d3	0055e8d9	FALL_THROUGH	FUN_0055dab8	bytes=8B85C0FEFFFF;mnemonic=MOV;instruction=MOV EAX,dword ptr [EBP + 0xfffffec0];inputs=EBP,0xfffffec0;results=EAX;flows=;fallthrough=0055e8d9
instruction_reference	0055dab8	FUN_0055dab8	0055e8d3	Stack[-0x144]	READ		operand_index=1;primary=true;source=ANALYSIS
instruction	0055dab8	FUN_0055dab8	0055e8d9	0055e8dc	FALL_THROUGH	FUN_0055dab8	bytes=8B4808;mnemonic=MOV;instruction=MOV ECX,dword ptr [EAX + 0x8];inputs=EAX,0x8;results=ECX;flows=;fallthrough=0055e8dc
instruction	0055dab8	FUN_0055dab8	0055e8dc	0055e8e2	FALL_THROUGH	FUN_0055dab8	bytes=890D14723B01;mnemonic=MOV;instruction=MOV dword ptr [0x013b7214],ECX;inputs=ECX;results=013b7214;flows=;fallthrough=0055e8e2
instruction_reference	0055dab8	FUN_0055dab8	0055e8dc	013b7214	WRITE	DAT_013b7214	operand_index=0;primary=true;source=DEFAULT
instruction	0055dab8	FUN_0055dab8	0055e8e2	0055e8e8	FALL_THROUGH	FUN_0055dab8	bytes=8B85C4FEFFFF;mnemonic=MOV;instruction=MOV EAX,dword ptr [EBP + 0xfffffec4];inputs=EBP,0xfffffec4;results=EAX;flows=;fallthrough=0055e8e8
instruction_reference	0055dab8	FUN_0055dab8	0055e8e2	Stack[-0x140]	READ		operand_index=1;primary=true;source=ANALYSIS
instruction	0055dab8	FUN_0055dab8	0055e8e8	0055e8ea	FALL_THROUGH	FUN_0055dab8	bytes=33D2;mnemonic=XOR;instruction=XOR EDX,EDX;inputs=0x0,0x1,EDX,0xff;results=CF,PF,ZF,SF,EDX,OF;flows=;fallthrough=0055e8ea
instruction	0055dab8	FUN_0055dab8	0055e8ea	0055e8ef	FALL_THROUGH	FUN_0055dab8	bytes=B9E8030000;mnemonic=MOV;instruction=MOV ECX,0x3e8;inputs=0x3e8;results=ECX;flows=;fallthrough=0055e8ef
instruction	0055dab8	FUN_0055dab8	0055e8ef	0055e8f1	FALL_THROUGH	FUN_0055dab8	bytes=F7F1;mnemonic=DIV;instruction=DIV ECX;inputs=0x20,EAX,0x0,ECX,EDX;results=EAX,EDX;flows=;fallthrough=0055e8f1
instruction	0055dab8	FUN_0055dab8	0055e8f1	0055e8f6	FALL_THROUGH	FUN_0055dab8	bytes=A318723B01;mnemonic=MOV;instruction=MOV [0x013b7218],EAX;inputs=EAX;results=013b7218;flows=;fallthrough=0055e8f6
instruction_reference	0055dab8	FUN_0055dab8	0055e8f1	013b7218	WRITE	DAT_013b7218	operand_index=0;primary=true;source=DEFAULT
instruction	0055dab8	FUN_0055dab8	0055e8f6	0055e8fd	FALL_THROUGH	FUN_0055dab8	bytes=833DF0713B0100;mnemonic=CMP;instruction=CMP dword ptr [0x013b71f0],0x0;inputs=0x0,0x1,013b71f0,0xff;results=CF,PF,ZF,SF,OF;flows=;fallthrough=0055e8fd
instruction_reference	0055dab8	FUN_0055dab8	0055e8f6	013b71f0	READ	DAT_013b71f0	operand_index=0;primary=true;source=DEFAULT
instruction	0055dab8	FUN_0055dab8	0055e8fd	0055e8ff	CONDITIONAL_JUMP	FUN_0055dab8	bytes=7E4C;mnemonic=JLE;instruction=JLE 0x0055e94b;inputs=ZF,SF,OF;results=;flows=0055e94b;fallthrough=0055e8ff
instruction_reference	0055dab8	FUN_0055dab8	0055e8fd	0055e94b	CONDITIONAL_JUMP	LAB_0055e94b	operand_index=0;primary=true;source=DEFAULT
instruction	0055dab8	FUN_0055dab8	0055e8ff	0055e905	FALL_THROUGH	FUN_0055dab8	bytes=8B95C4FEFFFF;mnemonic=MOV;instruction=MOV EDX,dword ptr [EBP + 0xfffffec4];inputs=EBP,0xfffffec4;results=EDX;flows=;fallthrough=0055e905
instruction_reference	0055dab8	FUN_0055dab8	0055e8ff	Stack[-0x140]	READ		operand_index=1;primary=true;source=ANALYSIS
instruction	0055dab8	FUN_0055dab8	0055e905	0055e90b	FALL_THROUGH	FUN_0055dab8	bytes=2B1500723B01;mnemonic=SUB;instruction=SUB EDX,dword ptr [0x013b7200];inputs=0x0,0x1,013b7200,EDX,0xff;results=CF,PF,ZF,SF,EDX,OF;flows=;fallthrough=0055e90b
instruction_reference	0055dab8	FUN_0055dab8	0055e905	013b7200	READ	DAT_013b7200	operand_index=1;primary=true;source=DEFAULT
instruction	0055dab8	FUN_0055dab8	0055e90b	0055e911	FALL_THROUGH	FUN_0055dab8	bytes=8995B8FEFFFF;mnemonic=MOV;instruction=MOV dword ptr [EBP + 0xfffffeb8],EDX;inputs=EBP,0xfffffeb8,EDX;results=;flows=;fallthrough=0055e911
instruction_reference	0055dab8	FUN_0055dab8	0055e90b	Stack[-0x14c]	WRITE		operand_index=0;primary=true;source=ANALYSIS
instruction	0055dab8	FUN_0055dab8	0055e911	0055e913	FALL_THROUGH	FUN_0055dab8	bytes=6A04;mnemonic=PUSH;instruction=PUSH 0x4;inputs=ESP,0x4;results=ESP;flows=;fallthrough=0055e913
instruction	0055dab8	FUN_0055dab8	0055e913	0055e919	FALL_THROUGH	FUN_0055dab8	bytes=8D85B8FEFFFF;mnemonic=LEA;instruction=LEA EAX,[EBP + 0xfffffeb8];inputs=EBP,0xfffffeb8;results=EAX;flows=;fallthrough=0055e919
instruction_reference	0055dab8	FUN_0055dab8	0055e913	Stack[-0x14c]	DATA		operand_index=0;primary=true;source=ANALYSIS
instruction	0055dab8	FUN_0055dab8	0055e919	0055e91a	FALL_THROUGH	FUN_0055dab8	bytes=50;mnemonic=PUSH;instruction=PUSH EAX;inputs=EAX,ESP,0x4;results=ESP;flows=;fallthrough=0055e91a
instruction	0055dab8	FUN_0055dab8	0055e91a	0055e920	FALL_THROUGH	FUN_0055dab8	bytes=8B0DF0713B01;mnemonic=MOV;instruction=MOV ECX,dword ptr [0x013b71f0];inputs=013b71f0;results=ECX;flows=;fallthrough=0055e920
instruction_reference	0055dab8	FUN_0055dab8	0055e91a	013b71f0	READ	DAT_013b71f0	operand_index=1;primary=true;source=DEFAULT
instruction	0055dab8	FUN_0055dab8	0055e920	0055e921	FALL_THROUGH	FUN_0055dab8	bytes=51;mnemonic=PUSH;instruction=PUSH ECX;inputs=ESP,ECX,0x4;results=ESP;flows=;fallthrough=0055e921
instruction	0055dab8	FUN_0055dab8	0055e921	0055e926	UNCONDITIONAL_CALL	FUN_0055dab8	bytes=E852220300;mnemonic=CALL;instruction=CALL 0x00590b78;inputs=ESP,0x55e926,0x4;results=ESP;flows=00590b78;fallthrough=0055e926
instruction_reference	0055dab8	FUN_0055dab8	0055e921	00590b78	UNCONDITIONAL_CALL	FUN_00590b78	operand_index=0;primary=true;source=DEFAULT
instruction	0055dab8	FUN_0055dab8	0055e926	0055e929	FALL_THROUGH	FUN_0055dab8	bytes=83C40C;mnemonic=ADD;instruction=ADD ESP,0xc;inputs=ESP,0x0,0x1,0xc,0xff;results=CF,ESP,PF,ZF,SF,OF;flows=;fallthrough=0055e929
instruction	0055dab8	FUN_0055dab8	0055e929	0055e92f	FALL_THROUGH	FUN_0055dab8	bytes=8B95C0FEFFFF;mnemonic=MOV;instruction=MOV EDX,dword ptr [EBP + 0xfffffec0];inputs=EBP,0xfffffec0;results=EDX;flows=;fallthrough=0055e92f
instruction_reference	0055dab8	FUN_0055dab8	0055e929	Stack[-0x144]	READ		operand_index=1;primary=true;source=ANALYSIS
instruction	0055dab8	FUN_0055dab8	0055e92f	0055e931	FALL_THROUGH	FUN_0055dab8	bytes=33C0;mnemonic=XOR;instruction=XOR EAX,EAX;inputs=0x0,EAX,0x1,0xff;results=CF,EAX,PF,ZF,SF,OF;flows=;fallthrough=0055e931
instruction	0055dab8	FUN_0055dab8	0055e931	0055e934	FALL_THROUGH	FUN_0055dab8	bytes=668B02;mnemonic=MOV;instruction=MOV AX,word ptr [EDX];inputs=EDX;results=AX;flows=;fallthrough=0055e934
instruction	0055dab8	FUN_0055dab8	0055e934	0055e935	FALL_THROUGH	FUN_0055dab8	bytes=50;mnemonic=PUSH;instruction=PUSH EAX;inputs=EAX,ESP,0x4;results=ESP;flows=;fallthrough=0055e935
instruction	0055dab8	FUN_0055dab8	0055e935	0055e93b	FALL_THROUGH	FUN_0055dab8	bytes=8B8DC0FEFFFF;mnemonic=MOV;instruction=MOV ECX,dword ptr [EBP + 0xfffffec0];inputs=EBP,0xfffffec0;results=ECX;flows=;fallthrough=0055e93b
instruction_reference	0055dab8	FUN_0055dab8	0055e935	Stack[-0x144]	READ		operand_index=1;primary=true;source=ANALYSIS
instruction	0055dab8	FUN_0055dab8	0055e93b	0055e93c	FALL_THROUGH	FUN_0055dab8	bytes=51;mnemonic=PUSH;instruction=PUSH ECX;inputs=ESP,ECX,0x4;results=ESP;flows=;fallthrough=0055e93c
instruction	0055dab8	FUN_0055dab8	0055e93c	0055e942	FALL_THROUGH	FUN_0055dab8	bytes=8B15F0713B01;mnemonic=MOV;instruction=MOV EDX,dword ptr [0x013b71f0];inputs=013b71f0;results=EDX;flows=;fallthrough=0055e942
instruction_reference	0055dab8	FUN_0055dab8	0055e93c	013b71f0	READ	DAT_013b71f0	operand_index=1;primary=true;source=DEFAULT
instruction	0055dab8	FUN_0055dab8	0055e942	0055e943	FALL_THROUGH	FUN_0055dab8	bytes=52;mnemonic=PUSH;instruction=PUSH EDX;inputs=ESP,0x4,EDX;results=ESP;flows=;fallthrough=0055e943
instruction	0055dab8	FUN_0055dab8	0055e943	0055e948	UNCONDITIONAL_CALL	FUN_0055dab8	bytes=E830220300;mnemonic=CALL;instruction=CALL 0x00590b78;inputs=ESP,0x4,0x55e948;results=ESP;flows=00590b78;fallthrough=0055e948
instruction_reference	0055dab8	FUN_0055dab8	0055e943	00590b78	UNCONDITIONAL_CALL	FUN_00590b78	operand_index=0;primary=true;source=DEFAULT
instruction	0055dab8	FUN_0055dab8	0055e948	0055e94b	FALL_THROUGH	FUN_0055dab8	bytes=83C40C;mnemonic=ADD;instruction=ADD ESP,0xc;inputs=ESP,0x0,0x1,0xc,0xff;results=CF,ESP,PF,ZF,SF,OF;flows=;fallthrough=0055e94b
instruction	0055dab8	FUN_0055dab8	0055e94b	0055e950	FALL_THROUGH	FUN_0055dab8	bytes=A11C723B01;mnemonic=MOV;instruction=MOV EAX,[0x013b721c];inputs=013b721c;results=EAX;flows=;fallthrough=0055e950
instruction_reference	0055dab8	FUN_0055dab8	0055e94b	013b721c	READ	DAT_013b721c	operand_index=1;primary=true;source=DEFAULT
instruction	0055dab8	FUN_0055dab8	0055e950	0055e955	FALL_THROUGH	FUN_0055dab8	bytes=0510270000;mnemonic=ADD;instruction=ADD EAX,0x2710;inputs=EAX,0x2710,0x0,0x1,0xff;results=CF,EAX,PF,ZF,SF,OF;flows=;fallthrough=0055e955
instruction	0055dab8	FUN_0055dab8	0055e955	0055e95b	FALL_THROUGH	FUN_0055dab8	bytes=3985C4FEFFFF;mnemonic=CMP;instruction=CMP dword ptr [EBP + 0xfffffec4],EAX;inputs=EAX,0x0,0x1,EBP,0xfffffec4,0xff;results=CF,PF,ZF,SF,OF;flows=;fallthrough=0055e95b
instruction_reference	0055dab8	FUN_0055dab8	0055e955	Stack[-0x140]	READ		operand_index=0;primary=true;source=ANALYSIS
instruction	0055dab8	FUN_0055dab8	0055e95b	0055e961	CONDITIONAL_JUMP	FUN_0055dab8	bytes=0F86F8000000;mnemonic=JBE;instruction=JBE 0x0055ea59;inputs=CF,ZF;results=;flows=0055ea59;fallthrough=0055e961
instruction_reference	0055dab8	FUN_0055dab8	0055e95b	0055ea59	CONDITIONAL_JUMP	LAB_0055ea59	operand_index=0;primary=true;source=DEFAULT
instruction	0055dab8	FUN_0055dab8	0055e961	0055e968	FALL_THROUGH	FUN_0055dab8	bytes=833D38CF670000;mnemonic=CMP;instruction=CMP dword ptr [0x0067cf38],0x0;inputs=0067cf38,0x0,0x1,0xff;results=CF,PF,ZF,SF,OF;flows=;fallthrough=0055e968
instruction_reference	0055dab8	FUN_0055dab8	0055e961	0067cf38	READ	DAT_0067cf38	operand_index=0;primary=true;source=DEFAULT
instruction	0055dab8	FUN_0055dab8	0055e968	0055e96e	CONDITIONAL_JUMP	FUN_0055dab8	bytes=0F84DF000000;mnemonic=JZ;instruction=JZ 0x0055ea4d;inputs=ZF;results=;flows=0055ea4d;fallthrough=0055e96e
instruction_reference	0055dab8	FUN_0055dab8	0055e968	0055ea4d	CONDITIONAL_JUMP	LAB_0055ea4d	operand_index=0;primary=true;source=DEFAULT
instruction	0055dab8	FUN_0055dab8	0055e96e	0055e974	FALL_THROUGH	FUN_0055dab8	bytes=8B0D38CF6700;mnemonic=MOV;instruction=MOV ECX,dword ptr [0x0067cf38];inputs=0067cf38;results=ECX;flows=;fallthrough=0055e974
instruction_reference	0055dab8	FUN_0055dab8	0055e96e	0067cf38	READ	DAT_0067cf38	operand_index=1;primary=true;source=DEFAULT
instruction	0055dab8	FUN_0055dab8	0055e974	0055e97b	FALL_THROUGH	FUN_0055dab8	bytes=83B9AC00020000;mnemonic=CMP;instruction=CMP dword ptr [ECX + 0x200ac],0x0;inputs=0x0,0x1,ECX,0x200ac,0xff;results=CF,PF,ZF,SF,OF;flows=;fallthrough=0055e97b
instruction	0055dab8	FUN_0055dab8	0055e97b	0055e981	CONDITIONAL_JUMP	FUN_0055dab8	bytes=0F84CC000000;mnemonic=JZ;instruction=JZ 0x0055ea4d;inputs=ZF;results=;flows=0055ea4d;fallthrough=0055e981
instruction_reference	0055dab8	FUN_0055dab8	0055e97b	0055ea4d	CONDITIONAL_JUMP	LAB_0055ea4d	operand_index=0;primary=true;source=DEFAULT
instruction	0055dab8	FUN_0055dab8	0055e981	0055e987	FALL_THROUGH	FUN_0055dab8	bytes=8B95C4FEFFFF;mnemonic=MOV;instruction=MOV EDX,dword ptr [EBP + 0xfffffec4];inputs=EBP,0xfffffec4;results=EDX;flows=;fallthrough=0055e987
instruction_reference	0055dab8	FUN_0055dab8	0055e981	Stack[-0x140]	READ		operand_index=1;primary=true;source=ANALYSIS
instruction	0055dab8	FUN_0055dab8	0055e987	0055e98d	FALL_THROUGH	FUN_0055dab8	bytes=81C2F4010000;mnemonic=ADD;instruction=ADD EDX,0x1f4;inputs=0x0,0x1,0x1f4,EDX,0xff;results=CF,PF,ZF,SF,EDX,OF;flows=;fallthrough=0055e98d
instruction	0055dab8	FUN_0055dab8	0055e98d	0055e993	FALL_THROUGH	FUN_0055dab8	bytes=391514723B01;mnemonic=CMP;instruction=CMP dword ptr [0x013b7214],EDX;inputs=013b7214,0x0,0x1,EDX,0xff;results=CF,PF,ZF,SF,OF;flows=;fallthrough=0055e993
instruction_reference	0055dab8	FUN_0055dab8	0055e98d	013b7214	READ	DAT_013b7214	operand_index=0;primary=true;source=DEFAULT
instruction	0055dab8	FUN_0055dab8	0055e993	0055e995	CONDITIONAL_JUMP	FUN_0055dab8	bytes=7653;mnemonic=JBE;instruction=JBE 0x0055e9e8;inputs=CF,ZF;results=;flows=0055e9e8;fallthrough=0055e995
instruction_reference	0055dab8	FUN_0055dab8	0055e993	0055e9e8	CONDITIONAL_JUMP	LAB_0055e9e8	operand_index=0;primary=true;source=DEFAULT
instruction	0055dab8	FUN_0055dab8	0055e995	0055e99a	FALL_THROUGH	FUN_0055dab8	bytes=A114723B01;mnemonic=MOV;instruction=MOV EAX,[0x013b7214];inputs=013b7214;results=EAX;flows=;fallthrough=0055e99a
instruction_reference	0055dab8	FUN_0055dab8	0055e995	013b7214	READ	DAT_013b7214	operand_index=1;primary=true;source=DEFAULT
instruction	0055dab8	FUN_0055dab8	0055e99a	0055e9a0	FALL_THROUGH	FUN_0055dab8	bytes=2B85C4FEFFFF;mnemonic=SUB;instruction=SUB EAX,dword ptr [EBP + 0xfffffec4];inputs=EAX,0x0,0x1,EBP,0xfffffec4,0xff;results=CF,EAX,PF,ZF,SF,OF;flows=;fallthrough=0055e9a0
instruction_reference	0055dab8	FUN_0055dab8	0055e99a	Stack[-0x140]	READ		operand_index=1;primary=true;source=ANALYSIS
instruction	0055dab8	FUN_0055dab8	0055e9a0	0055e9a1	FALL_THROUGH	FUN_0055dab8	bytes=50;mnemonic=PUSH;instruction=PUSH EAX;inputs=EAX,ESP,0x4;results=ESP;flows=;fallthrough=0055e9a1
instruction	0055dab8	FUN_0055dab8	0055e9a1	0055e9a7	FALL_THROUGH	FUN_0055dab8	bytes=8B0D14723B01;mnemonic=MOV;instruction=MOV ECX,dword ptr [0x013b7214];inputs=013b7214;results=ECX;flows=;fallthrough=0055e9a7
instruction_reference	0055dab8	FUN_0055dab8	0055e9a1	013b7214	READ	DAT_013b7214	operand_index=1;primary=true;source=DEFAULT
instruction	0055dab8	FUN_0055dab8	0055e9a7	0055e9aa	FALL_THROUGH	FUN_0055dab8	bytes=83C15A;mnemonic=ADD;instruction=ADD ECX,0x5a;inputs=0x0,0x1,ECX,0x5a,0xff;results=CF,PF,ECX,ZF,SF,OF;flows=;fallthrough=0055e9aa
instruction	0055dab8	FUN_0055dab8	0055e9aa	0055e9ab	FALL_THROUGH	FUN_0055dab8	bytes=51;mnemonic=PUSH;instruction=PUSH ECX;inputs=ESP,ECX,0x4;results=ESP;flows=;fallthrough=0055e9ab
instruction	0055dab8	FUN_0055dab8	0055e9ab	0055e9b1	FALL_THROUGH	FUN_0055dab8	bytes=8B95C4FEFFFF;mnemonic=MOV;instruction=MOV EDX,dword ptr [EBP + 0xfffffec4];inputs=EBP,0xfffffec4;results=EDX;flows=;fallthrough=0055e9b1
instruction_reference	0055dab8	FUN_0055dab8	0055e9ab	Stack[-0x140]	READ		operand_index=1;primary=true;source=ANALYSIS
instruction	0055dab8	FUN_0055dab8	0055e9b1	0055e9b2	FALL_THROUGH	FUN_0055dab8	bytes=52;mnemonic=PUSH;instruction=PUSH EDX;inputs=ESP,0x4,EDX;results=ESP;flows=;fallthrough=0055e9b2
instruction	0055dab8	FUN_0055dab8	0055e9b2	0055e9b7	FALL_THROUGH	FUN_0055dab8	bytes=687C4F5C00;mnemonic=PUSH;instruction=PUSH 0x5c4f7c;inputs=0x5c4f7c,ESP,0x4;results=ESP;flows=;fallthrough=0055e9b7
instruction_reference	0055dab8	FUN_0055dab8	0055e9b2	005c4f7c	DATA	s_[CorrectionServerTime]_OldTime_:_005c4f7c	operand_index=0;primary=true;source=ANALYSIS
instruction	0055dab8	FUN_0055dab8	0055e9b7	0055e9bc	UNCONDITIONAL_CALL	FUN_0055dab8	bytes=E89D27EDFF;mnemonic=CALL;instruction=CALL 0x00431159;inputs=ESP,0x4,0x55e9bc;results=ESP;flows=00431159;fallthrough=0055e9bc
instruction_reference	0055dab8	FUN_0055dab8	0055e9b7	00431159	UNCONDITIONAL_CALL	FUN_00431159	operand_index=0;primary=true;source=DEFAULT
instruction	0055dab8	FUN_0055dab8	0055e9bc	0055e9bf	FALL_THROUGH	FUN_0055dab8	bytes=83C410;mnemonic=ADD;instruction=ADD ESP,0x10;inputs=ESP,0x10,0x0,0x1,0xff;results=CF,ESP,PF,ZF,SF,OF;flows=;fallthrough=0055e9bf
instruction	0055dab8	FUN_0055dab8	0055e9bf	0055e9c5	FALL_THROUGH	FUN_0055dab8	bytes=8B85C4FEFFFF;mnemonic=MOV;instruction=MOV EAX,dword ptr [EBP + 0xfffffec4];inputs=EBP,0xfffffec4;results=EAX;flows=;fallthrough=0055e9c5
instruction_reference	0055dab8	FUN_0055dab8	0055e9bf	Stack[-0x140]	READ		operand_index=1;primary=true;source=ANALYSIS
instruction	0055dab8	FUN_0055dab8	0055e9c5	0055e9c8	FALL_THROUGH	FUN_0055dab8	bytes=83C055;mnemonic=ADD;instruction=ADD EAX,0x55;inputs=EAX,0x0,0x1,0x55,0xff;results=CF,EAX,PF,ZF,SF,OF;flows=;fallthrough=0055e9c8
instruction	0055dab8	FUN_0055dab8	0055e9c8	0055e9c9	FALL_THROUGH	FUN_0055dab8	bytes=50;mnemonic=PUSH;instruction=PUSH EAX;inputs=EAX,ESP,0x4;results=ESP;flows=;fallthrough=0055e9c9
instruction	0055dab8	FUN_0055dab8	0055e9c9	0055e9cf	FALL_THROUGH	FUN_0055dab8	bytes=8B8D88FEFFFF;mnemonic=MOV;instruction=MOV ECX,dword ptr [EBP + 0xfffffe88];inputs=EBP,0xfffffe88;results=ECX;flows=;fallthrough=0055e9cf
instruction_reference	0055dab8	FUN_0055dab8	0055e9c9	Stack[-0x17c]	READ		operand_index=1;primary=true;source=ANALYSIS
instruction	0055dab8	FUN_0055dab8	0055e9cf	0055e9d5	FALL_THROUGH	FUN_0055dab8	bytes=8B89F4000000;mnemonic=MOV;instruction=MOV ECX,dword ptr [ECX + 0xf4];inputs=ECX,0xf4;results=ECX;flows=;fallthrough=0055e9d5
instruction	0055dab8	FUN_0055dab8	0055e9d5	0055e9db	FALL_THROUGH	FUN_0055dab8	bytes=8B9588FEFFFF;mnemonic=MOV;instruction=MOV EDX,dword ptr [EBP + 0xfffffe88];inputs=EBP,0xfffffe88;results=EDX;flows=;fallthrough=0055e9db
instruction_reference	0055dab8	FUN_0055dab8	0055e9d5	Stack[-0x17c]	READ		operand_index=1;primary=true;source=ANALYSIS
instruction	0055dab8	FUN_0055dab8	0055e9db	0055e9e1	FALL_THROUGH	FUN_0055dab8	bytes=8B82F4000000;mnemonic=MOV;instruction=MOV EAX,dword ptr [EDX + 0xf4];inputs=0xf4,EDX;results=EAX;flows=;fallthrough=0055e9e1
instruction	0055dab8	FUN_0055dab8	0055e9e1	0055e9e3	FALL_THROUGH	FUN_0055dab8	bytes=8B10;mnemonic=MOV;instruction=MOV EDX,dword ptr [EAX];inputs=EAX;results=EDX;flows=;fallthrough=0055e9e3
instruction	0055dab8	FUN_0055dab8	0055e9e3	0055e9e6	COMPUTED_CALL	FUN_0055dab8	bytes=FF5204;mnemonic=CALL;instruction=CALL dword ptr [EDX + 0x4];inputs=ESP,0x55e9e6,0x4,EDX;results=ESP;flows=;fallthrough=0055e9e6
instruction	0055dab8	FUN_0055dab8	0055e9e6		UNCONDITIONAL_JUMP	FUN_0055dab8	bytes=EB65;mnemonic=JMP;instruction=JMP 0x0055ea4d;inputs=;results=;flows=0055ea4d;fallthrough=
instruction_reference	0055dab8	FUN_0055dab8	0055e9e6	0055ea4d	UNCONDITIONAL_JUMP	LAB_0055ea4d	operand_index=0;primary=true;source=DEFAULT
instruction	0055dab8	FUN_0055dab8	0055e9e8	0055e9ee	FALL_THROUGH	FUN_0055dab8	bytes=8B85C4FEFFFF;mnemonic=MOV;instruction=MOV EAX,dword ptr [EBP + 0xfffffec4];inputs=EBP,0xfffffec4;results=EAX;flows=;fallthrough=0055e9ee
instruction_reference	0055dab8	FUN_0055dab8	0055e9e8	Stack[-0x140]	READ		operand_index=1;primary=true;source=ANALYSIS
instruction	0055dab8	FUN_0055dab8	0055e9ee	0055e9f3	FALL_THROUGH	FUN_0055dab8	bytes=2DF4010000;mnemonic=SUB;instruction=SUB EAX,0x1f4;inputs=EAX,0x0,0x1,0x1f4,0xff;results=CF,EAX,PF,ZF,SF,OF;flows=;fallthrough=0055e9f3
instruction	0055dab8	FUN_0055dab8	0055e9f3	0055e9f9	FALL_THROUGH	FUN_0055dab8	bytes=390514723B01;mnemonic=CMP;instruction=CMP dword ptr [0x013b7214],EAX;inputs=013b7214,EAX,0x0,0x1,0xff;results=CF,PF,ZF,SF,OF;flows=;fallthrough=0055e9f9
instruction_reference	0055dab8	FUN_0055dab8	0055e9f3	013b7214	READ	DAT_013b7214	operand_index=0;primary=true;source=DEFAULT
instruction	0055dab8	FUN_0055dab8	0055e9f9	0055e9fb	CONDITIONAL_JUMP	FUN_0055dab8	bytes=7352;mnemonic=JNC;instruction=JNC 0x0055ea4d;inputs=CF;results=;flows=0055ea4d;fallthrough=0055e9fb
instruction_reference	0055dab8	FUN_0055dab8	0055e9f9	0055ea4d	CONDITIONAL_JUMP	LAB_0055ea4d	operand_index=0;primary=true;source=DEFAULT
instruction	0055dab8	FUN_0055dab8	0055e9fb	0055ea01	FALL_THROUGH	FUN_0055dab8	bytes=8B0D14723B01;mnemonic=MOV;instruction=MOV ECX,dword ptr [0x013b7214];inputs=013b7214;results=ECX;flows=;fallthrough=0055ea01
instruction_reference	0055dab8	FUN_0055dab8	0055e9fb	013b7214	READ	DAT_013b7214	operand_index=1;primary=true;source=DEFAULT
instruction	0055dab8	FUN_0055dab8	0055ea01	0055ea07	FALL_THROUGH	FUN_0055dab8	bytes=2B8DC4FEFFFF;mnemonic=SUB;instruction=SUB ECX,dword ptr [EBP + 0xfffffec4];inputs=0x0,0x1,EBP,ECX,0xfffffec4,0xff;results=CF,PF,ECX,ZF,SF,OF;flows=;fallthrough=0055ea07
instruction_reference	0055dab8	FUN_0055dab8	0055ea01	Stack[-0x140]	READ		operand_index=1;primary=true;source=ANALYSIS
instruction	0055dab8	FUN_0055dab8	0055ea07	0055ea08	FALL_THROUGH	FUN_0055dab8	bytes=51;mnemonic=PUSH;instruction=PUSH ECX;inputs=ESP,ECX,0x4;results=ESP;flows=;fallthrough=0055ea08
instruction	0055dab8	FUN_0055dab8	0055ea08	0055ea0e	FALL_THROUGH	FUN_0055dab8	bytes=8B1514723B01;mnemonic=MOV;instruction=MOV EDX,dword ptr [0x013b7214];inputs=013b7214;results=EDX;flows=;fallthrough=0055ea0e
instruction_reference	0055dab8	FUN_0055dab8	0055ea08	013b7214	READ	DAT_013b7214	operand_index=1;primary=true;source=DEFAULT
instruction	0055dab8	FUN_0055dab8	0055ea0e	0055ea11	FALL_THROUGH	FUN_0055dab8	bytes=83C25A;mnemonic=ADD;instruction=ADD EDX,0x5a;inputs=0x0,0x1,EDX,0x5a,0xff;results=CF,PF,ZF,SF,EDX,OF;flows=;fallthrough=0055ea11
instruction	0055dab8	FUN_0055dab8	0055ea11	0055ea12	FALL_THROUGH	FUN_0055dab8	bytes=52;mnemonic=PUSH;instruction=PUSH EDX;inputs=ESP,0x4,EDX;results=ESP;flows=;fallthrough=0055ea12
instruction	0055dab8	FUN_0055dab8	0055ea12	0055ea18	FALL_THROUGH	FUN_0055dab8	bytes=8B85C4FEFFFF;mnemonic=MOV;instruction=MOV EAX,dword ptr [EBP + 0xfffffec4];inputs=EBP,0xfffffec4;results=EAX;flows=;fallthrough=0055ea18
instruction_reference	0055dab8	FUN_0055dab8	0055ea12	Stack[-0x140]	READ		operand_index=1;primary=true;source=ANALYSIS
instruction	0055dab8	FUN_0055dab8	0055ea18	0055ea19	FALL_THROUGH	FUN_0055dab8	bytes=50;mnemonic=PUSH;instruction=PUSH EAX;inputs=EAX,ESP,0x4;results=ESP;flows=;fallthrough=0055ea19
instruction	0055dab8	FUN_0055dab8	0055ea19	0055ea1e	FALL_THROUGH	FUN_0055dab8	bytes=68C04F5C00;mnemonic=PUSH;instruction=PUSH 0x5c4fc0;inputs=ESP,0x4,0x5c4fc0;results=ESP;flows=;fallthrough=0055ea1e
instruction_reference	0055dab8	FUN_0055dab8	0055ea19	005c4fc0	DATA	s_[CorrectionServerTime]_OldTime_:_005c4fc0	operand_index=0;primary=true;source=ANALYSIS
instruction	0055dab8	FUN_0055dab8	0055ea1e	0055ea23	UNCONDITIONAL_CALL	FUN_0055dab8	bytes=E83627EDFF;mnemonic=CALL;instruction=CALL 0x00431159;inputs=ESP,0x4,0x55ea23;results=ESP;flows=00431159;fallthrough=0055ea23
instruction_reference	0055dab8	FUN_0055dab8	0055ea1e	00431159	UNCONDITIONAL_CALL	FUN_00431159	operand_index=0;primary=true;source=DEFAULT
instruction	0055dab8	FUN_0055dab8	0055ea23	0055ea26	FALL_THROUGH	FUN_0055dab8	bytes=83C410;mnemonic=ADD;instruction=ADD ESP,0x10;inputs=ESP,0x10,0x0,0x1,0xff;results=CF,ESP,PF,ZF,SF,OF;flows=;fallthrough=0055ea26
instruction	0055dab8	FUN_0055dab8	0055ea26	0055ea2c	FALL_THROUGH	FUN_0055dab8	bytes=8B8DC4FEFFFF;mnemonic=MOV;instruction=MOV ECX,dword ptr [EBP + 0xfffffec4];inputs=EBP,0xfffffec4;results=ECX;flows=;fallthrough=0055ea2c
instruction_reference	0055dab8	FUN_0055dab8	0055ea26	Stack[-0x140]	READ		operand_index=1;primary=true;source=ANALYSIS
instruction	0055dab8	FUN_0055dab8	0055ea2c	0055ea2f	FALL_THROUGH	FUN_0055dab8	bytes=83E955;mnemonic=SUB;instruction=SUB ECX,0x55;inputs=0x0,0x1,ECX,0x55,0xff;results=CF,PF,ECX,ZF,SF,OF;flows=;fallthrough=0055ea2f
instruction	0055dab8	FUN_0055dab8	0055ea2f	0055ea30	FALL_THROUGH	FUN_0055dab8	bytes=51;mnemonic=PUSH;instruction=PUSH ECX;inputs=ESP,ECX,0x4;results=ESP;flows=;fallthrough=0055ea30
instruction	0055dab8	FUN_0055dab8	0055ea30	0055ea36	FALL_THROUGH	FUN_0055dab8	bytes=8B9588FEFFFF;mnemonic=MOV;instruction=MOV EDX,dword ptr [EBP + 0xfffffe88];inputs=EBP,0xfffffe88;results=EDX;flows=;fallthrough=0055ea36
instruction_reference	0055dab8	FUN_0055dab8	0055ea30	Stack[-0x17c]	READ		operand_index=1;primary=true;source=ANALYSIS
instruction	0055dab8	FUN_0055dab8	0055ea36	0055ea3c	FALL_THROUGH	FUN_0055dab8	bytes=8B8AF4000000;mnemonic=MOV;instruction=MOV ECX,dword ptr [EDX + 0xf4];inputs=0xf4,EDX;results=ECX;flows=;fallthrough=0055ea3c
instruction	0055dab8	FUN_0055dab8	0055ea3c	0055ea42	FALL_THROUGH	FUN_0055dab8	bytes=8B8588FEFFFF;mnemonic=MOV;instruction=MOV EAX,dword ptr [EBP + 0xfffffe88];inputs=EBP,0xfffffe88;results=EAX;flows=;fallthrough=0055ea42
instruction_reference	0055dab8	FUN_0055dab8	0055ea3c	Stack[-0x17c]	READ		operand_index=1;primary=true;source=ANALYSIS
instruction	0055dab8	FUN_0055dab8	0055ea42	0055ea48	FALL_THROUGH	FUN_0055dab8	bytes=8B90F4000000;mnemonic=MOV;instruction=MOV EDX,dword ptr [EAX + 0xf4];inputs=EAX,0xf4;results=EDX;flows=;fallthrough=0055ea48
instruction	0055dab8	FUN_0055dab8	0055ea48	0055ea4a	FALL_THROUGH	FUN_0055dab8	bytes=8B02;mnemonic=MOV;instruction=MOV EAX,dword ptr [EDX];inputs=EDX;results=EAX;flows=;fallthrough=0055ea4a
instruction	0055dab8	FUN_0055dab8	0055ea4a	0055ea4d	COMPUTED_CALL	FUN_0055dab8	bytes=FF5004;mnemonic=CALL;instruction=CALL dword ptr [EAX + 0x4];inputs=EAX,ESP,0x4,0x55ea4d;results=ESP;flows=;fallthrough=0055ea4d
instruction	0055dab8	FUN_0055dab8	0055ea4d	0055ea53	FALL_THROUGH	FUN_0055dab8	bytes=8B8DC4FEFFFF;mnemonic=MOV;instruction=MOV ECX,dword ptr [EBP + 0xfffffec4];inputs=EBP,0xfffffec4;results=ECX;flows=;fallthrough=0055ea53
instruction_reference	0055dab8	FUN_0055dab8	0055ea4d	Stack[-0x140]	READ		operand_index=1;primary=true;source=ANALYSIS
instruction	0055dab8	FUN_0055dab8	0055ea53	0055ea59	FALL_THROUGH	FUN_0055dab8	bytes=890D1C723B01;mnemonic=MOV;instruction=MOV dword ptr [0x013b721c],ECX;inputs=ECX;results=013b721c;flows=;fallthrough=0055ea59
instruction_reference	0055dab8	FUN_0055dab8	0055ea53	013b721c	WRITE	DAT_013b721c	operand_index=0;primary=true;source=DEFAULT
instruction	0055dab8	FUN_0055dab8	0055ea59	0055ea5f	FALL_THROUGH	FUN_0055dab8	bytes=8B95BCFEFFFF;mnemonic=MOV;instruction=MOV EDX,dword ptr [EBP + 0xfffffebc];inputs=0xfffffebc,EBP;results=EDX;flows=;fallthrough=0055ea5f
instruction_reference	0055dab8	FUN_0055dab8	0055ea59	Stack[-0x148]	READ		operand_index=1;primary=true;source=ANALYSIS
instruction	0055dab8	FUN_0055dab8	0055ea5f	0055ea60	FALL_THROUGH	FUN_0055dab8	bytes=52;mnemonic=PUSH;instruction=PUSH EDX;inputs=ESP,0x4,EDX;results=ESP;flows=;fallthrough=0055ea60
instruction	0055dab8	FUN_0055dab8	0055ea60	0055ea66	FALL_THROUGH	FUN_0055dab8	bytes=8B85C0FEFFFF;mnemonic=MOV;instruction=MOV EAX,dword ptr [EBP + 0xfffffec0];inputs=EBP,0xfffffec0;results=EAX;flows=;fallthrough=0055ea66
instruction_reference	0055dab8	FUN_0055dab8	0055ea60	Stack[-0x144]	READ		operand_index=1;primary=true;source=ANALYSIS
instruction	0055dab8	FUN_0055dab8	0055ea66	0055ea68	FALL_THROUGH	FUN_0055dab8	bytes=33C9;mnemonic=XOR;instruction=XOR ECX,ECX;inputs=0x0,0x1,ECX,0xff;results=CF,PF,ECX,ZF,SF,OF;flows=;fallthrough=0055ea68
instruction	0055dab8	FUN_0055dab8	0055ea68	0055ea6c	FALL_THROUGH	FUN_0055dab8	bytes=668B4804;mnemonic=MOV;instruction=MOV CX,word ptr [EAX + 0x4];inputs=EAX,0x4;results=CX;flows=;fallthrough=0055ea6c
instruction	0055dab8	FUN_0055dab8	0055ea6c	0055ea6d	FALL_THROUGH	FUN_0055dab8	bytes=51;mnemonic=PUSH;instruction=PUSH ECX;inputs=ESP,ECX,0x4;results=ESP;flows=;fallthrough=0055ea6d
instruction	0055dab8	FUN_0055dab8	0055ea6d	0055ea73	FALL_THROUGH	FUN_0055dab8	bytes=8B9588FEFFFF;mnemonic=MOV;instruction=MOV EDX,dword ptr [EBP + 0xfffffe88];inputs=EBP,0xfffffe88;results=EDX;flows=;fallthrough=0055ea73
instruction_reference	0055dab8	FUN_0055dab8	0055ea6d	Stack[-0x17c]	READ		operand_index=1;primary=true;source=ANALYSIS
instruction	0055dab8	FUN_0055dab8	0055ea73	0055ea79	FALL_THROUGH	FUN_0055dab8	bytes=8B8AF8000000;mnemonic=MOV;instruction=MOV ECX,dword ptr [EDX + 0xf8];inputs=EDX,0xf8;results=ECX;flows=;fallthrough=0055ea79
instruction	0055dab8	FUN_0055dab8	0055ea79	0055ea7f	FALL_THROUGH	FUN_0055dab8	bytes=8B8588FEFFFF;mnemonic=MOV;instruction=MOV EAX,dword ptr [EBP + 0xfffffe88];inputs=EBP,0xfffffe88;results=EAX;flows=;fallthrough=0055ea7f
instruction_reference	0055dab8	FUN_0055dab8	0055ea79	Stack[-0x17c]	READ		operand_index=1;primary=true;source=ANALYSIS
instruction	0055dab8	FUN_0055dab8	0055ea7f	0055ea85	FALL_THROUGH	FUN_0055dab8	bytes=8B90F8000000;mnemonic=MOV;instruction=MOV EDX,dword ptr [EAX + 0xf8];inputs=EAX,0xf8;results=EDX;flows=;fallthrough=0055ea85
instruction	0055dab8	FUN_0055dab8	0055ea85	0055ea87	FALL_THROUGH	FUN_0055dab8	bytes=8B02;mnemonic=MOV;instruction=MOV EAX,dword ptr [EDX];inputs=EDX;results=EAX;flows=;fallthrough=0055ea87
instruction	0055dab8	FUN_0055dab8	0055ea87	0055ea8a	COMPUTED_CALL	FUN_0055dab8	bytes=FF5008;mnemonic=CALL;instruction=CALL dword ptr [EAX + 0x8];inputs=EAX,ESP,0x4,0x8,0x55ea8a;results=ESP;flows=;fallthrough=0055ea8a
instruction	0055dab8	FUN_0055dab8	0055ea8a	0055ea8f	FALL_THROUGH	FUN_0055dab8	bytes=B901000000;mnemonic=MOV;instruction=MOV ECX,0x1;inputs=0x1;results=ECX;flows=;fallthrough=0055ea8f
instruction	0055dab8	FUN_0055dab8	0055ea8f	0055ea91	FALL_THROUGH	FUN_0055dab8	bytes=85C9;mnemonic=TEST;instruction=TEST ECX,ECX;inputs=0x0,0x1,ECX,0xff;results=CF,PF,ZF,SF,OF;flows=;fallthrough=0055ea91
instruction	0055dab8	FUN_0055dab8	0055ea91	0055ea97	CONDITIONAL_JUMP	FUN_0055dab8	bytes=0F85BDFDFFFF;mnemonic=JNZ;instruction=JNZ 0x0055e854;inputs=ZF;results=;flows=0055e854;fallthrough=0055ea97
instruction_reference	0055dab8	FUN_0055dab8	0055ea91	0055e854	CONDITIONAL_JUMP	LAB_0055e854	operand_index=0;primary=true;source=DEFAULT
instruction	0055dab8	FUN_0055dab8	0055ea97		UNCONDITIONAL_JUMP	FUN_0055dab8	bytes=E954010000;mnemonic=JMP;instruction=JMP 0x0055ebf0;inputs=;results=;flows=0055ebf0;fallthrough=
instruction_reference	0055dab8	FUN_0055dab8	0055ea97	0055ebf0	UNCONDITIONAL_JUMP	caseD_2	operand_index=0;primary=true;source=DEFAULT
instruction	0055dab8	FUN_0055dab8	0055ea9c	0055eaa2	FALL_THROUGH	FUN_0055dab8	bytes=8B9588FEFFFF;mnemonic=MOV;instruction=MOV EDX,dword ptr [EBP + 0xfffffe88];inputs=EBP,0xfffffe88;results=EDX;flows=;fallthrough=0055eaa2
instruction_reference	0055dab8	FUN_0055dab8	0055ea9c	Stack[-0x17c]	READ		operand_index=1;primary=true;source=ANALYSIS
instruction	0055dab8	FUN_0055dab8	0055eaa2	0055eaa9	FALL_THROUGH	FUN_0055dab8	bytes=83BAEC00000000;mnemonic=CMP;instruction=CMP dword ptr [EDX + 0xec],0x0;inputs=0x0,0x1,EDX,0xec,0xff;results=CF,PF,ZF,SF,OF;flows=;fallthrough=0055eaa9
instruction	0055dab8	FUN_0055dab8	0055eaa9	0055eaab	CONDITIONAL_JUMP	FUN_0055dab8	bytes=7411;mnemonic=JZ;instruction=JZ 0x0055eabc;inputs=ZF;results=;flows=0055eabc;fallthrough=0055eaab
instruction_reference	0055dab8	FUN_0055dab8	0055eaa9	0055eabc	CONDITIONAL_JUMP	LAB_0055eabc	operand_index=0;primary=true;source=DEFAULT
instruction	0055dab8	FUN_0055dab8	0055eaab	0055eab1	FALL_THROUGH	FUN_0055dab8	bytes=8B8588FEFFFF;mnemonic=MOV;instruction=MOV EAX,dword ptr [EBP + 0xfffffe88];inputs=EBP,0xfffffe88;results=EAX;flows=;fallthrough=0055eab1
instruction_reference	0055dab8	FUN_0055dab8	0055eaab	Stack[-0x17c]	READ		operand_index=1;primary=true;source=ANALYSIS
instruction	0055dab8	FUN_0055dab8	0055eab1	0055eab7	FALL_THROUGH	FUN_0055dab8	bytes=8B88EC000000;mnemonic=MOV;instruction=MOV ECX,dword ptr [EAX + 0xec];inputs=EAX,0xec;results=ECX;flows=;fallthrough=0055eab7
instruction	0055dab8	FUN_0055dab8	0055eab7	0055eabc	UNCONDITIONAL_CALL	FUN_0055dab8	bytes=E805A5ECFF;mnemonic=CALL;instruction=CALL 0x00428fc1;inputs=ESP,0x4,0x55eabc;results=ESP;flows=00428fc1;fallthrough=0055eabc
instruction_reference	0055dab8	FUN_0055dab8	0055eab7	00428fc1	UNCONDITIONAL_CALL	FUN_00428fc1	operand_index=0;primary=true;source=DEFAULT
instruction	0055dab8	FUN_0055dab8	0055eabc		UNCONDITIONAL_JUMP	FUN_0055dab8	bytes=E92F010000;mnemonic=JMP;instruction=JMP 0x0055ebf0;inputs=;results=;flows=0055ebf0;fallthrough=
instruction_reference	0055dab8	FUN_0055dab8	0055eabc	0055ebf0	UNCONDITIONAL_JUMP	caseD_2	operand_index=0;primary=true;source=DEFAULT
instruction	0055dab8	FUN_0055dab8	0055eac1	0055eac8	FALL_THROUGH	FUN_0055dab8	bytes=833D38CF670000;mnemonic=CMP;instruction=CMP dword ptr [0x0067cf38],0x0;inputs=0067cf38,0x0,0x1,0xff;results=CF,PF,ZF,SF,OF;flows=;fallthrough=0055eac8
instruction_reference	0055dab8	FUN_0055dab8	0055eac1	0067cf38	READ	DAT_0067cf38	operand_index=0;primary=true;source=DEFAULT
instruction	0055dab8	FUN_0055dab8	0055eac8	0055eace	CONDITIONAL_JUMP	FUN_0055dab8	bytes=0F84C0000000;mnemonic=JZ;instruction=JZ 0x0055eb8e;inputs=ZF;results=;flows=0055eb8e;fallthrough=0055eace
instruction_reference	0055dab8	FUN_0055dab8	0055eac8	0055eb8e	CONDITIONAL_JUMP	LAB_0055eb8e	operand_index=0;primary=true;source=DEFAULT
instruction	0055dab8	FUN_0055dab8	0055eace	0055ead4	FALL_THROUGH	FUN_0055dab8	bytes=8B0D38CF6700;mnemonic=MOV;instruction=MOV ECX,dword ptr [0x0067cf38];inputs=0067cf38;results=ECX;flows=;fallthrough=0055ead4
instruction_reference	0055dab8	FUN_0055dab8	0055eace	0067cf38	READ	DAT_0067cf38	operand_index=1;primary=true;source=DEFAULT
instruction	0055dab8	FUN_0055dab8	0055ead4	0055eadb	FALL_THROUGH	FUN_0055dab8	bytes=81792430750000;mnemonic=CMP;instruction=CMP dword ptr [ECX + 0x24],0x7530;inputs=0x7530,0x0,0x1,ECX,0x24,0xff;results=CF,PF,ZF,SF,OF;flows=;fallthrough=0055eadb
instruction	0055dab8	FUN_0055dab8	0055eadb	0055eae1	CONDITIONAL_JUMP	FUN_0055dab8	bytes=0F85AD000000;mnemonic=JNZ;instruction=JNZ 0x0055eb8e;inputs=ZF;results=;flows=0055eb8e;fallthrough=0055eae1
instruction_reference	0055dab8	FUN_0055dab8	0055eadb	0055eb8e	CONDITIONAL_JUMP	LAB_0055eb8e	operand_index=0;primary=true;source=DEFAULT
instruction	0055dab8	FUN_0055dab8	0055eae1	0055eae8	FALL_THROUGH	FUN_0055dab8	bytes=833D20723B0100;mnemonic=CMP;instruction=CMP dword ptr [0x013b7220],0x0;inputs=0x0,0x1,013b7220,0xff;results=CF,PF,ZF,SF,OF;flows=;fallthrough=0055eae8
instruction_reference	0055dab8	FUN_0055dab8	0055eae1	013b7220	READ	DAT_013b7220	operand_index=0;primary=true;source=DEFAULT
instruction	0055dab8	FUN_0055dab8	0055eae8	0055eaea	CONDITIONAL_JUMP	FUN_0055dab8	bytes=7570;mnemonic=JNZ;instruction=JNZ 0x0055eb5a;inputs=ZF;results=;flows=0055eb5a;fallthrough=0055eaea
instruction_reference	0055dab8	FUN_0055dab8	0055eae8	0055eb5a	CONDITIONAL_JUMP	LAB_0055eb5a	operand_index=0;primary=true;source=DEFAULT
instruction	0055dab8	FUN_0055dab8	0055eaea	0055eaf0	FALL_THROUGH	FUN_0055dab8	bytes=8B9588FEFFFF;mnemonic=MOV;instruction=MOV EDX,dword ptr [EBP + 0xfffffe88];inputs=EBP,0xfffffe88;results=EDX;flows=;fallthrough=0055eaf0
instruction_reference	0055dab8	FUN_0055dab8	0055eaea	Stack[-0x17c]	READ		operand_index=1;primary=true;source=ANALYSIS
instruction	0055dab8	FUN_0055dab8	0055eaf0	0055eaf6	FALL_THROUGH	FUN_0055dab8	bytes=8B8AF4000000;mnemonic=MOV;instruction=MOV ECX,dword ptr [EDX + 0xf4];inputs=0xf4,EDX;results=ECX;flows=;fallthrough=0055eaf6
instruction	0055dab8	FUN_0055dab8	0055eaf6	0055eafc	FALL_THROUGH	FUN_0055dab8	bytes=8B8588FEFFFF;mnemonic=MOV;instruction=MOV EAX,dword ptr [EBP + 0xfffffe88];inputs=EBP,0xfffffe88;results=EAX;flows=;fallthrough=0055eafc
instruction_reference	0055dab8	FUN_0055dab8	0055eaf6	Stack[-0x17c]	READ		operand_index=1;primary=true;source=ANALYSIS
instruction	0055dab8	FUN_0055dab8	0055eafc	0055eb02	FALL_THROUGH	FUN_0055dab8	bytes=8B90F4000000;mnemonic=MOV;instruction=MOV EDX,dword ptr [EAX + 0xf4];inputs=EAX,0xf4;results=EDX;flows=;fallthrough=0055eb02
instruction	0055dab8	FUN_0055dab8	0055eb02	0055eb04	FALL_THROUGH	FUN_0055dab8	bytes=8B02;mnemonic=MOV;instruction=MOV EAX,dword ptr [EDX];inputs=EDX;results=EAX;flows=;fallthrough=0055eb04
instruction	0055dab8	FUN_0055dab8	0055eb04	0055eb07	COMPUTED_CALL	FUN_0055dab8	bytes=FF5008;mnemonic=CALL;instruction=CALL dword ptr [EAX + 0x8];inputs=EAX,ESP,0x55eb07,0x4,0x8;results=ESP;flows=;fallthrough=0055eb07
instruction	0055dab8	FUN_0055dab8	0055eb07	0055eb0c	FALL_THROUGH	FUN_0055dab8	bytes=A320723B01;mnemonic=MOV;instruction=MOV [0x013b7220],EAX;inputs=EAX;results=013b7220;flows=;fallthrough=0055eb0c
instruction_reference	0055dab8	FUN_0055dab8	0055eb07	013b7220	WRITE	DAT_013b7220	operand_index=0;primary=true;source=DEFAULT
instruction	0055dab8	FUN_0055dab8	0055eb0c	0055eb12	FALL_THROUGH	FUN_0055dab8	bytes=8B0D38CF6700;mnemonic=MOV;instruction=MOV ECX,dword ptr [0x0067cf38];inputs=0067cf38;results=ECX;flows=;fallthrough=0055eb12
instruction_reference	0055dab8	FUN_0055dab8	0055eb0c	0067cf38	READ	DAT_0067cf38	operand_index=1;primary=true;source=DEFAULT
instruction	0055dab8	FUN_0055dab8	0055eb12	0055eb18	FALL_THROUGH	FUN_0055dab8	bytes=898DA4FEFFFF;mnemonic=MOV;instruction=MOV dword ptr [EBP + 0xfffffea4],ECX;inputs=EBP,ECX,0xfffffea4;results=;flows=;fallthrough=0055eb18
instruction_reference	0055dab8	FUN_0055dab8	0055eb12	Stack[-0x160]	WRITE		operand_index=0;primary=true;source=ANALYSIS
instruction	0055dab8	FUN_0055dab8	0055eb18	0055eb1e	FALL_THROUGH	FUN_0055dab8	bytes=8B95A4FEFFFF;mnemonic=MOV;instruction=MOV EDX,dword ptr [EBP + 0xfffffea4];inputs=EBP,0xfffffea4;results=EDX;flows=;fallthrough=0055eb1e
instruction_reference	0055dab8	FUN_0055dab8	0055eb18	Stack[-0x160]	READ		operand_index=1;primary=true;source=ANALYSIS
instruction	0055dab8	FUN_0055dab8	0055eb1e	0055eb21	FALL_THROUGH	FUN_0055dab8	bytes=8B424C;mnemonic=MOV;instruction=MOV EAX,dword ptr [EDX + 0x4c];inputs=EDX,0x4c;results=EAX;flows=;fallthrough=0055eb21
instruction	0055dab8	FUN_0055dab8	0055eb21	0055eb25	FALL_THROUGH	FUN_0055dab8	bytes=668B4820;mnemonic=MOV;instruction=MOV CX,word ptr [EAX + 0x20];inputs=EAX,0x20;results=CX;flows=;fallthrough=0055eb25
instruction	0055dab8	FUN_0055dab8	0055eb25	0055eb2c	FALL_THROUGH	FUN_0055dab8	bytes=66898DAEFEFFFF;mnemonic=MOV;instruction=MOV word ptr [EBP + 0xfffffeae],CX;inputs=0xfffffeae,EBP,CX;results=;flows=;fallthrough=0055eb2c
instruction_reference	0055dab8	FUN_0055dab8	0055eb25	Stack[-0x156]	WRITE		operand_index=0;primary=true;source=ANALYSIS
instruction	0055dab8	FUN_0055dab8	0055eb2c	0055eb35	FALL_THROUGH	FUN_0055dab8	bytes=66C785ACFEFFFFAE03;mnemonic=MOV;instruction=MOV word ptr [EBP + 0xfffffeac],0x3ae;inputs=0xfffffeac,EBP,0x3ae;results=;flows=;fallthrough=0055eb35
instruction_reference	0055dab8	FUN_0055dab8	0055eb2c	Stack[-0x158]	WRITE		operand_index=0;primary=true;source=ANALYSIS
instruction	0055dab8	FUN_0055dab8	0055eb35	0055eb3f	FALL_THROUGH	FUN_0055dab8	bytes=C785B4FEFFFF00000000;mnemonic=MOV;instruction=MOV dword ptr [EBP + 0xfffffeb4],0x0;inputs=0x0,EBP,0xfffffeb4;results=;flows=;fallthrough=0055eb3f
instruction_reference	0055dab8	FUN_0055dab8	0055eb35	Stack[-0x150]	WRITE		operand_index=0;primary=true;source=ANALYSIS
instruction	0055dab8	FUN_0055dab8	0055eb3f	0055eb41	FALL_THROUGH	FUN_0055dab8	bytes=6A10;mnemonic=PUSH;instruction=PUSH 0x10;inputs=0x10,ESP,0x4;results=ESP;flows=;fallthrough=0055eb41
instruction	0055dab8	FUN_0055dab8	0055eb41	0055eb47	FALL_THROUGH	FUN_0055dab8	bytes=8D95A8FEFFFF;mnemonic=LEA;instruction=LEA EDX,[EBP + 0xfffffea8];inputs=EBP,0xfffffea8;results=EDX;flows=;fallthrough=0055eb47
instruction_reference	0055dab8	FUN_0055dab8	0055eb41	Stack[-0x15c]	DATA		operand_index=0;primary=true;source=ANALYSIS
instruction	0055dab8	FUN_0055dab8	0055eb47	0055eb48	FALL_THROUGH	FUN_0055dab8	bytes=52;mnemonic=PUSH;instruction=PUSH EDX;inputs=ESP,0x4,EDX;results=ESP;flows=;fallthrough=0055eb48
instruction	0055dab8	FUN_0055dab8	0055eb48	0055eb4e	FALL_THROUGH	FUN_0055dab8	bytes=8B0DE4713B01;mnemonic=MOV;instruction=MOV ECX,dword ptr [0x013b71e4];inputs=013b71e4;results=ECX;flows=;fallthrough=0055eb4e
instruction_reference	0055dab8	FUN_0055dab8	0055eb48	013b71e4	READ	DAT_013b71e4	operand_index=1;primary=true;source=DEFAULT
instruction	0055dab8	FUN_0055dab8	0055eb4e	0055eb53	UNCONDITIONAL_CALL	FUN_0055dab8	bytes=E8BB69ECFF;mnemonic=CALL;instruction=CALL 0x0042550e;inputs=ESP,0x4,0x55eb53;results=ESP;flows=0042550e;fallthrough=0055eb53
instruction_reference	0055dab8	FUN_0055dab8	0055eb4e	0042550e	UNCONDITIONAL_CALL	FUN_0042550e	operand_index=0;primary=true;source=DEFAULT
instruction	0055dab8	FUN_0055dab8	0055eb53	0055eb55	FALL_THROUGH	FUN_0055dab8	bytes=33C0;mnemonic=XOR;instruction=XOR EAX,EAX;inputs=0x0,EAX,0x1,0xff;results=CF,EAX,PF,ZF,SF,OF;flows=;fallthrough=0055eb55
instruction	0055dab8	FUN_0055dab8	0055eb55		UNCONDITIONAL_JUMP	FUN_0055dab8	bytes=E90D010000;mnemonic=JMP;instruction=JMP 0x0055ec67;inputs=;results=;flows=0055ec67;fallthrough=
instruction_reference	0055dab8	FUN_0055dab8	0055eb55	0055ec67	UNCONDITIONAL_JUMP	LAB_0055ec67	operand_index=0;primary=true;source=DEFAULT
instruction	0055dab8	FUN_0055dab8	0055eb5a	0055eb60	FALL_THROUGH	FUN_0055dab8	bytes=8B8588FEFFFF;mnemonic=MOV;instruction=MOV EAX,dword ptr [EBP + 0xfffffe88];inputs=EBP,0xfffffe88;results=EAX;flows=;fallthrough=0055eb60
instruction_reference	0055dab8	FUN_0055dab8	0055eb5a	Stack[-0x17c]	READ		operand_index=1;primary=true;source=ANALYSIS
instruction	0055dab8	FUN_0055dab8	0055eb60	0055eb66	FALL_THROUGH	FUN_0055dab8	bytes=8B88F4000000;mnemonic=MOV;instruction=MOV ECX,dword ptr [EAX + 0xf4];inputs=EAX,0xf4;results=ECX;flows=;fallthrough=0055eb66
instruction	0055dab8	FUN_0055dab8	0055eb66	0055eb6c	FALL_THROUGH	FUN_0055dab8	bytes=8B9588FEFFFF;mnemonic=MOV;instruction=MOV EDX,dword ptr [EBP + 0xfffffe88];inputs=EBP,0xfffffe88;results=EDX;flows=;fallthrough=0055eb6c
instruction_reference	0055dab8	FUN_0055dab8	0055eb66	Stack[-0x17c]	READ		operand_index=1;primary=true;source=ANALYSIS
instruction	0055dab8	FUN_0055dab8	0055eb6c	0055eb72	FALL_THROUGH	FUN_0055dab8	bytes=8B82F4000000;mnemonic=MOV;instruction=MOV EAX,dword ptr [EDX + 0xf4];inputs=0xf4,EDX;results=EAX;flows=;fallthrough=0055eb72
instruction	0055dab8	FUN_0055dab8	0055eb72	0055eb74	FALL_THROUGH	FUN_0055dab8	bytes=8B10;mnemonic=MOV;instruction=MOV EDX,dword ptr [EAX];inputs=EAX;results=EDX;flows=;fallthrough=0055eb74
instruction	0055dab8	FUN_0055dab8	0055eb74	0055eb77	COMPUTED_CALL	FUN_0055dab8	bytes=FF5208;mnemonic=CALL;instruction=CALL dword ptr [EDX + 0x8];inputs=ESP,0x55eb77,0x4,EDX,0x8;results=ESP;flows=;fallthrough=0055eb77
instruction	0055dab8	FUN_0055dab8	0055eb77	0055eb7d	FALL_THROUGH	FUN_0055dab8	bytes=8B0D20723B01;mnemonic=MOV;instruction=MOV ECX,dword ptr [0x013b7220];inputs=013b7220;results=ECX;flows=;fallthrough=0055eb7d
instruction_reference	0055dab8	FUN_0055dab8	0055eb77	013b7220	READ	DAT_013b7220	operand_index=1;primary=true;source=DEFAULT
instruction	0055dab8	FUN_0055dab8	0055eb7d	0055eb83	FALL_THROUGH	FUN_0055dab8	bytes=81C1B80B0000;mnemonic=ADD;instruction=ADD ECX,0xbb8;inputs=0x0,0x1,ECX,0xbb8,0xff;results=CF,PF,ECX,ZF,SF,OF;flows=;fallthrough=0055eb83
instruction	0055dab8	FUN_0055dab8	0055eb83	0055eb85	FALL_THROUGH	FUN_0055dab8	bytes=3BC1;mnemonic=CMP;instruction=CMP EAX,ECX;inputs=EAX,0x0,0x1,ECX,0xff;results=CF,PF,ZF,SF,OF;flows=;fallthrough=0055eb85
instruction	0055dab8	FUN_0055dab8	0055eb85	0055eb87	CONDITIONAL_JUMP	FUN_0055dab8	bytes=7307;mnemonic=JNC;instruction=JNC 0x0055eb8e;inputs=CF;results=;flows=0055eb8e;fallthrough=0055eb87
instruction_reference	0055dab8	FUN_0055dab8	0055eb85	0055eb8e	CONDITIONAL_JUMP	LAB_0055eb8e	operand_index=0;primary=true;source=DEFAULT
instruction	0055dab8	FUN_0055dab8	0055eb87	0055eb89	FALL_THROUGH	FUN_0055dab8	bytes=33C0;mnemonic=XOR;instruction=XOR EAX,EAX;inputs=0x0,EAX,0x1,0xff;results=CF,EAX,PF,ZF,SF,OF;flows=;fallthrough=0055eb89
instruction	0055dab8	FUN_0055dab8	0055eb89		UNCONDITIONAL_JUMP	FUN_0055dab8	bytes=E9D9000000;mnemonic=JMP;instruction=JMP 0x0055ec67;inputs=;results=;flows=0055ec67;fallthrough=
instruction_reference	0055dab8	FUN_0055dab8	0055eb89	0055ec67	UNCONDITIONAL_JUMP	LAB_0055ec67	operand_index=0;primary=true;source=DEFAULT
instruction	0055dab8	FUN_0055dab8	0055eb8e	0055eb94	FALL_THROUGH	FUN_0055dab8	bytes=8B9588FEFFFF;mnemonic=MOV;instruction=MOV EDX,dword ptr [EBP + 0xfffffe88];inputs=EBP,0xfffffe88;results=EDX;flows=;fallthrough=0055eb94
instruction_reference	0055dab8	FUN_0055dab8	0055eb8e	Stack[-0x17c]	READ		operand_index=1;primary=true;source=ANALYSIS
instruction	0055dab8	FUN_0055dab8	0055eb94	0055eb96	FALL_THROUGH	FUN_0055dab8	bytes=8B02;mnemonic=MOV;instruction=MOV EAX,dword ptr [EDX];inputs=EDX;results=EAX;flows=;fallthrough=0055eb96
instruction	0055dab8	FUN_0055dab8	0055eb96	0055eb9c	FALL_THROUGH	FUN_0055dab8	bytes=8B8D88FEFFFF;mnemonic=MOV;instruction=MOV ECX,dword ptr [EBP + 0xfffffe88];inputs=EBP,0xfffffe88;results=ECX;flows=;fallthrough=0055eb9c
instruction_reference	0055dab8	FUN_0055dab8	0055eb96	Stack[-0x17c]	READ		operand_index=1;primary=true;source=ANALYSIS
instruction	0055dab8	FUN_0055dab8	0055eb9c	0055eb9f	COMPUTED_CALL	FUN_0055dab8	bytes=FF5008;mnemonic=CALL;instruction=CALL dword ptr [EAX + 0x8];inputs=EAX,ESP,0x4,0x8,0x55eb9f;results=ESP;flows=;fallthrough=0055eb9f
instruction	0055dab8	FUN_0055dab8	0055eb9f	0055eba6	FALL_THROUGH	FUN_0055dab8	bytes=833DF0713B0100;mnemonic=CMP;instruction=CMP dword ptr [0x013b71f0],0x0;inputs=0x0,0x1,013b71f0,0xff;results=CF,PF,ZF,SF,OF;flows=;fallthrough=0055eba6
instruction_reference	0055dab8	FUN_0055dab8	0055eb9f	013b71f0	READ	DAT_013b71f0	operand_index=0;primary=true;source=DEFAULT
instruction	0055dab8	FUN_0055dab8	0055eba6	0055eba8	CONDITIONAL_JUMP	FUN_0055dab8	bytes=7E19;mnemonic=JLE;instruction=JLE 0x0055ebc1;inputs=ZF,SF,OF;results=;flows=0055ebc1;fallthrough=0055eba8
instruction_reference	0055dab8	FUN_0055dab8	0055eba6	0055ebc1	CONDITIONAL_JUMP	LAB_0055ebc1	operand_index=0;primary=true;source=DEFAULT
instruction	0055dab8	FUN_0055dab8	0055eba8	0055ebae	FALL_THROUGH	FUN_0055dab8	bytes=8B0DF0713B01;mnemonic=MOV;instruction=MOV ECX,dword ptr [0x013b71f0];inputs=013b71f0;results=ECX;flows=;fallthrough=0055ebae
instruction_reference	0055dab8	FUN_0055dab8	0055eba8	013b71f0	READ	DAT_013b71f0	operand_index=1;primary=true;source=DEFAULT
instruction	0055dab8	FUN_0055dab8	0055ebae	0055ebaf	FALL_THROUGH	FUN_0055dab8	bytes=51;mnemonic=PUSH;instruction=PUSH ECX;inputs=ESP,ECX,0x4;results=ESP;flows=;fallthrough=0055ebaf
instruction	0055dab8	FUN_0055dab8	0055ebaf	0055ebb4	UNCONDITIONAL_CALL	FUN_0055dab8	bytes=E8AB0B0300;mnemonic=CALL;instruction=CALL 0x0058f75f;inputs=ESP,0x55ebb4,0x4;results=ESP;flows=0058f75f;fallthrough=0055ebb4
instruction_reference	0055dab8	FUN_0055dab8	0055ebaf	0058f75f	UNCONDITIONAL_CALL	FUN_0058f75f	operand_index=0;primary=true;source=DEFAULT
instruction	0055dab8	FUN_0055dab8	0055ebb4	0055ebb7	FALL_THROUGH	FUN_0055dab8	bytes=83C404;mnemonic=ADD;instruction=ADD ESP,0x4;inputs=ESP,0x0,0x1,0x4,0xff;results=CF,ESP,PF,ZF,SF,OF;flows=;fallthrough=0055ebb7
instruction	0055dab8	FUN_0055dab8	0055ebb7	0055ebc1	FALL_THROUGH	FUN_0055dab8	bytes=C705F0713B0100000000;mnemonic=MOV;instruction=MOV dword ptr [0x013b71f0],0x0;inputs=0x0;results=013b71f0;flows=;fallthrough=0055ebc1
instruction_reference	0055dab8	FUN_0055dab8	0055ebb7	013b71f0	WRITE	DAT_013b71f0	operand_index=0;primary=true;source=DEFAULT
instruction	0055dab8	FUN_0055dab8	0055ebc1	0055ebcb	FALL_THROUGH	FUN_0055dab8	bytes=C70528723B0101000000;mnemonic=MOV;instruction=MOV dword ptr [0x013b7228],0x1;inputs=0x1;results=013b7228;flows=;fallthrough=0055ebcb
instruction_reference	0055dab8	FUN_0055dab8	0055ebc1	013b7228	WRITE	DAT_013b7228	operand_index=0;primary=true;source=DEFAULT
instruction	0055dab8	FUN_0055dab8	0055ebcb	0055ebd0	UNCONDITIONAL_CALL	FUN_0055dab8	bytes=E89150ECFF;mnemonic=CALL;instruction=CALL 0x00423c61;inputs=ESP,0x4,0x55ebd0;results=ESP;flows=00423c61;fallthrough=0055ebd0
instruction_reference	0055dab8	FUN_0055dab8	0055ebcb	00423c61	UNCONDITIONAL_CALL	FUN_00423c61	operand_index=0;primary=true;source=DEFAULT
instruction	0055dab8	FUN_0055dab8	0055ebd0	0055ebd3	FALL_THROUGH	FUN_0055dab8	bytes=8B5508;mnemonic=MOV;instruction=MOV EDX,dword ptr [EBP + 0x8];inputs=EBP,0x8;results=EDX;flows=;fallthrough=0055ebd3
instruction_reference	0055dab8	FUN_0055dab8	0055ebd0	Stack[0x4]	READ		operand_index=1;primary=true;source=ANALYSIS
instruction	0055dab8	FUN_0055dab8	0055ebd3	0055ebd4	FALL_THROUGH	FUN_0055dab8	bytes=52;mnemonic=PUSH;instruction=PUSH EDX;inputs=ESP,0x4,EDX;results=ESP;flows=;fallthrough=0055ebd4
instruction	0055dab8	FUN_0055dab8	0055ebd4	0055ebda	COMPUTED_CALL	FUN_0055dab8	bytes=FF151C335A00;mnemonic=CALL;instruction=CALL dword ptr [0x005a331c];inputs=ESP,0x4,005a331c,0x55ebda;results=ESP;flows=EXTERNAL:00000097;fallthrough=0055ebda
instruction_reference	0055dab8	FUN_0055dab8	0055ebd4	005a331c	READ	PTR_DestroyWindow_005a331c	operand_index=0;primary=true;source=DEFAULT
instruction_reference	0055dab8	FUN_0055dab8	0055ebd4	EXTERNAL:00000097	COMPUTED_CALL	DestroyWindow	operand_index=-1;primary=true;source=ANALYSIS
instruction	0055dab8	FUN_0055dab8	0055ebda	0055ebdc	FALL_THROUGH	FUN_0055dab8	bytes=6A00;mnemonic=PUSH;instruction=PUSH 0x0;inputs=0x0,ESP,0x4;results=ESP;flows=;fallthrough=0055ebdc
instruction	0055dab8	FUN_0055dab8	0055ebdc	0055ebe2	COMPUTED_CALL	FUN_0055dab8	bytes=FF1520335A00;mnemonic=CALL;instruction=CALL dword ptr [0x005a3320];inputs=ESP,0x4,005a3320,0x55ebe2;results=ESP;flows=EXTERNAL:00000098;fallthrough=0055ebe2
instruction_reference	0055dab8	FUN_0055dab8	0055ebdc	005a3320	READ	PTR_PostQuitMessage_005a3320	operand_index=0;primary=true;source=DEFAULT
instruction_reference	0055dab8	FUN_0055dab8	0055ebdc	EXTERNAL:00000098	COMPUTED_CALL	PostQuitMessage	operand_index=-1;primary=true;source=ANALYSIS
instruction	0055dab8	FUN_0055dab8	0055ebe2	0055ebec	FALL_THROUGH	FUN_0055dab8	bytes=C70520723B0100000000;mnemonic=MOV;instruction=MOV dword ptr [0x013b7220],0x0;inputs=0x0;results=013b7220;flows=;fallthrough=0055ebec
instruction_reference	0055dab8	FUN_0055dab8	0055ebe2	013b7220	WRITE	DAT_013b7220	operand_index=0;primary=true;source=DEFAULT
instruction	0055dab8	FUN_0055dab8	0055ebec	0055ebee	FALL_THROUGH	FUN_0055dab8	bytes=33C0;mnemonic=XOR;instruction=XOR EAX,EAX;inputs=0x0,EAX,0x1,0xff;results=CF,EAX,PF,ZF,SF,OF;flows=;fallthrough=0055ebee
instruction	0055dab8	FUN_0055dab8	0055ebee		UNCONDITIONAL_JUMP	FUN_0055dab8	bytes=EB77;mnemonic=JMP;instruction=JMP 0x0055ec67;inputs=;results=;flows=0055ec67;fallthrough=
instruction_reference	0055dab8	FUN_0055dab8	0055ebee	0055ec67	UNCONDITIONAL_JUMP	LAB_0055ec67	operand_index=0;primary=true;source=DEFAULT
instruction	0055dab8	FUN_0055dab8	0055ebf0	0055ebf6	FALL_THROUGH	FUN_0055dab8	bytes=8B8588FEFFFF;mnemonic=MOV;instruction=MOV EAX,dword ptr [EBP + 0xfffffe88];inputs=EBP,0xfffffe88;results=EAX;flows=;fallthrough=0055ebf6
instruction_reference	0055dab8	FUN_0055dab8	0055ebf0	Stack[-0x17c]	READ		operand_index=1;primary=true;source=ANALYSIS
instruction	0055dab8	FUN_0055dab8	0055ebf6	0055ebfd	FALL_THROUGH	FUN_0055dab8	bytes=83B8E800000000;mnemonic=CMP;instruction=CMP dword ptr [EAX + 0xe8],0x0;inputs=EAX,0x0,0x1,0xe8,0xff;results=CF,PF,ZF,SF,OF;flows=;fallthrough=0055ebfd
instruction	0055dab8	FUN_0055dab8	0055ebfd	0055ebff	CONDITIONAL_JUMP	FUN_0055dab8	bytes=7452;mnemonic=JZ;instruction=JZ 0x0055ec51;inputs=ZF;results=;flows=0055ec51;fallthrough=0055ebff
instruction_reference	0055dab8	FUN_0055dab8	0055ebfd	0055ec51	CONDITIONAL_JUMP	LAB_0055ec51	operand_index=0;primary=true;source=DEFAULT
instruction	0055dab8	FUN_0055dab8	0055ebff	0055ec05	FALL_THROUGH	FUN_0055dab8	bytes=8B8D88FEFFFF;mnemonic=MOV;instruction=MOV ECX,dword ptr [EBP + 0xfffffe88];inputs=EBP,0xfffffe88;results=ECX;flows=;fallthrough=0055ec05
instruction_reference	0055dab8	FUN_0055dab8	0055ebff	Stack[-0x17c]	READ		operand_index=1;primary=true;source=ANALYSIS
instruction	0055dab8	FUN_0055dab8	0055ec05	0055ec0b	FALL_THROUGH	FUN_0055dab8	bytes=8B91E8000000;mnemonic=MOV;instruction=MOV EDX,dword ptr [ECX + 0xe8];inputs=ECX,0xe8;results=EDX;flows=;fallthrough=0055ec0b
instruction	0055dab8	FUN_0055dab8	0055ec0b	0055ec12	FALL_THROUGH	FUN_0055dab8	bytes=83BA1C01000000;mnemonic=CMP;instruction=CMP dword ptr [EDX + 0x11c],0x0;inputs=0x0,0x1,EDX,0x11c,0xff;results=CF,PF,ZF,SF,OF;flows=;fallthrough=0055ec12
instruction	0055dab8	FUN_0055dab8	0055ec12	0055ec14	CONDITIONAL_JUMP	FUN_0055dab8	bytes=743D;mnemonic=JZ;instruction=JZ 0x0055ec51;inputs=ZF;results=;flows=0055ec51;fallthrough=0055ec14
instruction_reference	0055dab8	FUN_0055dab8	0055ec12	0055ec51	CONDITIONAL_JUMP	LAB_0055ec51	operand_index=0;primary=true;source=DEFAULT
instruction	0055dab8	FUN_0055dab8	0055ec14	0055ec17	FALL_THROUGH	FUN_0055dab8	bytes=8B4514;mnemonic=MOV;instruction=MOV EAX,dword ptr [EBP + 0x14];inputs=EBP,0x14;results=EAX;flows=;fallthrough=0055ec17
instruction_reference	0055dab8	FUN_0055dab8	0055ec14	Stack[0x10]	READ		operand_index=1;primary=true;source=ANALYSIS
instruction	0055dab8	FUN_0055dab8	0055ec17	0055ec18	FALL_THROUGH	FUN_0055dab8	bytes=50;mnemonic=PUSH;instruction=PUSH EAX;inputs=EAX,ESP,0x4;results=ESP;flows=;fallthrough=0055ec18
instruction	0055dab8	FUN_0055dab8	0055ec18	0055ec1b	FALL_THROUGH	FUN_0055dab8	bytes=8B4D10;mnemonic=MOV;instruction=MOV ECX,dword ptr [EBP + 0x10];inputs=0x10,EBP;results=ECX;flows=;fallthrough=0055ec1b
instruction_reference	0055dab8	FUN_0055dab8	0055ec18	Stack[0xc]	READ		operand_index=1;primary=true;source=ANALYSIS
instruction	0055dab8	FUN_0055dab8	0055ec1b	0055ec1c	FALL_THROUGH	FUN_0055dab8	bytes=51;mnemonic=PUSH;instruction=PUSH ECX;inputs=ESP,ECX,0x4;results=ESP;flows=;fallthrough=0055ec1c
instruction	0055dab8	FUN_0055dab8	0055ec1c	0055ec1f	FALL_THROUGH	FUN_0055dab8	bytes=8B550C;mnemonic=MOV;instruction=MOV EDX,dword ptr [EBP + 0xc];inputs=EBP,0xc;results=EDX;flows=;fallthrough=0055ec1f
instruction_reference	0055dab8	FUN_0055dab8	0055ec1c	Stack[0x8]	READ		operand_index=1;primary=true;source=ANALYSIS
instruction	0055dab8	FUN_0055dab8	0055ec1f	0055ec20	FALL_THROUGH	FUN_0055dab8	bytes=52;mnemonic=PUSH;instruction=PUSH EDX;inputs=ESP,0x4,EDX;results=ESP;flows=;fallthrough=0055ec20
instruction	0055dab8	FUN_0055dab8	0055ec20	0055ec23	FALL_THROUGH	FUN_0055dab8	bytes=8B4508;mnemonic=MOV;instruction=MOV EAX,dword ptr [EBP + 0x8];inputs=EBP,0x8;results=EAX;flows=;fallthrough=0055ec23
instruction_reference	0055dab8	FUN_0055dab8	0055ec20	Stack[0x4]	READ		operand_index=1;primary=true;source=ANALYSIS
instruction	0055dab8	FUN_0055dab8	0055ec23	0055ec24	FALL_THROUGH	FUN_0055dab8	bytes=50;mnemonic=PUSH;instruction=PUSH EAX;inputs=EAX,ESP,0x4;results=ESP;flows=;fallthrough=0055ec24
instruction	0055dab8	FUN_0055dab8	0055ec24	0055ec2a	FALL_THROUGH	FUN_0055dab8	bytes=8B8D88FEFFFF;mnemonic=MOV;instruction=MOV ECX,dword ptr [EBP + 0xfffffe88];inputs=EBP,0xfffffe88;results=ECX;flows=;fallthrough=0055ec2a
instruction_reference	0055dab8	FUN_0055dab8	0055ec24	Stack[-0x17c]	READ		operand_index=1;primary=true;source=ANALYSIS
instruction	0055dab8	FUN_0055dab8	0055ec2a	0055ec30	FALL_THROUGH	FUN_0055dab8	bytes=8B91E8000000;mnemonic=MOV;instruction=MOV EDX,dword ptr [ECX + 0xe8];inputs=ECX,0xe8;results=EDX;flows=;fallthrough=0055ec30
instruction	0055dab8	FUN_0055dab8	0055ec30	0055ec36	FALL_THROUGH	FUN_0055dab8	bytes=8B821C010000;mnemonic=MOV;instruction=MOV EAX,dword ptr [EDX + 0x11c];inputs=EDX,0x11c;results=EAX;flows=;fallthrough=0055ec36
instruction	0055dab8	FUN_0055dab8	0055ec36	0055ec3c	FALL_THROUGH	FUN_0055dab8	bytes=8B8D88FEFFFF;mnemonic=MOV;instruction=MOV ECX,dword ptr [EBP + 0xfffffe88];inputs=EBP,0xfffffe88;results=ECX;flows=;fallthrough=0055ec3c
instruction_reference	0055dab8	FUN_0055dab8	0055ec36	Stack[-0x17c]	READ		operand_index=1;primary=true;source=ANALYSIS
instruction	0055dab8	FUN_0055dab8	0055ec3c	0055ec42	FALL_THROUGH	FUN_0055dab8	bytes=8B91E8000000;mnemonic=MOV;instruction=MOV EDX,dword ptr [ECX + 0xe8];inputs=ECX,0xe8;results=EDX;flows=;fallthrough=0055ec42
instruction	0055dab8	FUN_0055dab8	0055ec42	0055ec48	FALL_THROUGH	FUN_0055dab8	bytes=8B8A1C010000;mnemonic=MOV;instruction=MOV ECX,dword ptr [EDX + 0x11c];inputs=EDX,0x11c;results=ECX;flows=;fallthrough=0055ec48
instruction	0055dab8	FUN_0055dab8	0055ec48	0055ec4a	FALL_THROUGH	FUN_0055dab8	bytes=8B11;mnemonic=MOV;instruction=MOV EDX,dword ptr [ECX];inputs=ECX;results=EDX;flows=;fallthrough=0055ec4a
instruction	0055dab8	FUN_0055dab8	0055ec4a	0055ec4b	FALL_THROUGH	FUN_0055dab8	bytes=50;mnemonic=PUSH;instruction=PUSH EAX;inputs=EAX,ESP,0x4;results=ESP;flows=;fallthrough=0055ec4b
instruction	0055dab8	FUN_0055dab8	0055ec4b	0055ec51	COMPUTED_CALL	FUN_0055dab8	bytes=FF9298000000;mnemonic=CALL;instruction=CALL dword ptr [EDX + 0x98];inputs=ESP,0x4,0x55ec51,EDX,0x98;results=ESP;flows=;fallthrough=0055ec51
instruction	0055dab8	FUN_0055dab8	0055ec51	0055ec54	FALL_THROUGH	FUN_0055dab8	bytes=8B4514;mnemonic=MOV;instruction=MOV EAX,dword ptr [EBP + 0x14];inputs=EBP,0x14;results=EAX;flows=;fallthrough=0055ec54
instruction_reference	0055dab8	FUN_0055dab8	0055ec51	Stack[0x10]	READ		operand_index=1;primary=true;source=ANALYSIS
instruction	0055dab8	FUN_0055dab8	0055ec54	0055ec55	FALL_THROUGH	FUN_0055dab8	bytes=50;mnemonic=PUSH;instruction=PUSH EAX;inputs=EAX,ESP,0x4;results=ESP;flows=;fallthrough=0055ec55
instruction	0055dab8	FUN_0055dab8	0055ec55	0055ec58	FALL_THROUGH	FUN_0055dab8	bytes=8B4D10;mnemonic=MOV;instruction=MOV ECX,dword ptr [EBP + 0x10];inputs=0x10,EBP;results=ECX;flows=;fallthrough=0055ec58
instruction_reference	0055dab8	FUN_0055dab8	0055ec55	Stack[0xc]	READ		operand_index=1;primary=true;source=ANALYSIS
instruction	0055dab8	FUN_0055dab8	0055ec58	0055ec59	FALL_THROUGH	FUN_0055dab8	bytes=51;mnemonic=PUSH;instruction=PUSH ECX;inputs=ESP,ECX,0x4;results=ESP;flows=;fallthrough=0055ec59
instruction	0055dab8	FUN_0055dab8	0055ec59	0055ec5c	FALL_THROUGH	FUN_0055dab8	bytes=8B550C;mnemonic=MOV;instruction=MOV EDX,dword ptr [EBP + 0xc];inputs=EBP,0xc;results=EDX;flows=;fallthrough=0055ec5c
instruction_reference	0055dab8	FUN_0055dab8	0055ec59	Stack[0x8]	READ		operand_index=1;primary=true;source=ANALYSIS
instruction	0055dab8	FUN_0055dab8	0055ec5c	0055ec5d	FALL_THROUGH	FUN_0055dab8	bytes=52;mnemonic=PUSH;instruction=PUSH EDX;inputs=ESP,0x4,EDX;results=ESP;flows=;fallthrough=0055ec5d
instruction	0055dab8	FUN_0055dab8	0055ec5d	0055ec60	FALL_THROUGH	FUN_0055dab8	bytes=8B4508;mnemonic=MOV;instruction=MOV EAX,dword ptr [EBP + 0x8];inputs=EBP,0x8;results=EAX;flows=;fallthrough=0055ec60
instruction_reference	0055dab8	FUN_0055dab8	0055ec5d	Stack[0x4]	READ		operand_index=1;primary=true;source=ANALYSIS
instruction	0055dab8	FUN_0055dab8	0055ec60	0055ec61	FALL_THROUGH	FUN_0055dab8	bytes=50;mnemonic=PUSH;instruction=PUSH EAX;inputs=EAX,ESP,0x4;results=ESP;flows=;fallthrough=0055ec61
instruction	0055dab8	FUN_0055dab8	0055ec61	0055ec67	COMPUTED_CALL	FUN_0055dab8	bytes=FF1510335A00;mnemonic=CALL;instruction=CALL dword ptr [0x005a3310];inputs=ESP,0x55ec67,0x4,005a3310;results=ESP;flows=EXTERNAL:00000094;fallthrough=0055ec67
instruction_reference	0055dab8	FUN_0055dab8	0055ec61	005a3310	READ	PTR_DefWindowProcA_005a3310	operand_index=0;primary=true;source=DEFAULT
instruction_reference	0055dab8	FUN_0055dab8	0055ec61	EXTERNAL:00000094	COMPUTED_CALL	DefWindowProcA	operand_index=-1;primary=true;source=ANALYSIS
instruction	0055dab8	FUN_0055dab8	0055ec67	0055ec69	FALL_THROUGH	FUN_0055dab8	bytes=8BE5;mnemonic=MOV;instruction=MOV ESP,EBP;inputs=EBP;results=ESP;flows=;fallthrough=0055ec69
instruction	0055dab8	FUN_0055dab8	0055ec69	0055ec6a	FALL_THROUGH	FUN_0055dab8	bytes=5D;mnemonic=POP;instruction=POP EBP;inputs=0x0,ESP,0x4;results=ESP,EBP;flows=;fallthrough=0055ec6a
instruction	0055dab8	FUN_0055dab8	0055ec6a		TERMINATOR	FUN_0055dab8	bytes=C21000;mnemonic=RET;instruction=RET 0x10;inputs=ESP,0x10,0x4;results=ESP,EIP;flows=;fallthrough=
instruction_search	0055dab8	FUN_0055dab8	0055dab8	0055dab8	instructions	FUN_0055dab8	instructions=975;references=649;body_min=0055dab8;body_max=0055ec6c
function	00423f37	FUN_00423f37			unknown		undefined FUN_00423f37(void)
incoming	00423f37	FUN_00423f37	00484e87	00423f37	UNCONDITIONAL_CALL	FUN_00484d44	
incoming	00423f37	FUN_00423f37	004adde7	00423f37	UNCONDITIONAL_CALL	FUN_004ac985	
caller	00423f37	FUN_00423f37	00484d44	00423f37	call	FUN_00484d44	
caller	00423f37	FUN_00423f37	004ac985	00423f37	call	FUN_004ac985	
callee	00423f37	FUN_00423f37	00423f37	EXTERNAL:00000071	call	MessageBoxA	
callee	00423f37	FUN_00423f37	00423f37	00423d7a	call	FUN_00423d7a	
callee	00423f37	FUN_00423f37	00423f37	0058e99c	call	closesocket	
callee	00423f37	FUN_00423f37	00423f37	0058e9a8	call	WSAAsyncSelect	
callee	00423f37	FUN_00423f37	00423f37	0058e9b4	call	bind	
callee	00423f37	FUN_00423f37	00423f37	0058e9ba	call	htons	
callee	00423f37	FUN_00423f37	00423f37	0058e9c6	call	socket	
callee	00423f37	FUN_00423f37	00423f37	0058e9cc	call	send	
callee	00423f37	FUN_00423f37	00423f37	0058e9d2	call	WSAGetLastError	
callee	00423f37	FUN_00423f37	00423f37	0058e9d8	call	connect	
callee	00423f37	FUN_00423f37	00423f37	0058e9de	call	inet_addr	
callee	00423f37	FUN_00423f37	00423f37	0058f020	call	_memset	
reference	00423f37	FUN_00423f37	00423fce	005b1f78	DATA	s_ERROR_005b1f78	ERROR
reference	00423f37	FUN_00423f37	00423fd3	005b1f80	DATA	s_Initialize_socket_fai_005b1f80	Initialize socket fai
reference	00423f37	FUN_00423f37	00423fda	005a3284	READ	PTR_MessageBoxA_005a3284	001b00cc
reference	00423f37	FUN_00423f37	00424011	005ccf90	READ	DAT_005ccf90	0x0
reference	00423f37	FUN_00423f37	00424019	005ccf90	WRITE	DAT_005ccf90	0x0
reference	00423f37	FUN_00423f37	0042401e	005ccf90	READ	DAT_005ccf90	0x0
reference	00423f37	FUN_00423f37	00424048	005ccf90	READ	DAT_005ccf90	0x0
reference	00423f37	FUN_00423f37	00424051	005ccf90	WRITE	DAT_005ccf90	0x0
reference	00423f37	FUN_00423f37	00424057	005ccf90	READ	DAT_005ccf90	0x0
reference	00423f37	FUN_00423f37	00424083	005b1f98	DATA	s_ERROR_005b1f98	ERROR
reference	00423f37	FUN_00423f37	00424088	005b1fa0	DATA	s_Binding_fail_005b1fa0	Binding fail
reference	00423f37	FUN_00423f37	0042408f	005a3284	READ	PTR_MessageBoxA_005a3284	001b00cc
reference	00423f37	FUN_00423f37	004240e9	013b7210	READ	DAT_013b7210	0x0
instruction	00423f37	FUN_00423f37	00423f37	00423f38	FALL_THROUGH	FUN_00423f37	bytes=55;mnemonic=PUSH;instruction=PUSH EBP;inputs=ESP,EBP,0x4;results=ESP;flows=;fallthrough=00423f38
instruction	00423f37	FUN_00423f37	00423f38	00423f3a	FALL_THROUGH	FUN_00423f37	bytes=8BEC;mnemonic=MOV;instruction=MOV EBP,ESP;inputs=ESP;results=EBP;flows=;fallthrough=00423f3a
instruction	00423f37	FUN_00423f37	00423f3a	00423f3d	FALL_THROUGH	FUN_00423f37	bytes=83EC30;mnemonic=SUB;instruction=SUB ESP,0x30;inputs=ESP,0x30,0x0,0x1,0xff;results=CF,ESP,PF,ZF,SF,OF;flows=;fallthrough=00423f3d
instruction	00423f37	FUN_00423f37	00423f3d	00423f40	FALL_THROUGH	FUN_00423f37	bytes=894DD0;mnemonic=MOV;instruction=MOV dword ptr [EBP + -0x30],ECX;inputs=EBP,ECX,0xffffffd0;results=;flows=;fallthrough=00423f40
instruction_reference	00423f37	FUN_00423f37	00423f3d	Stack[-0x34]	WRITE		operand_index=0;primary=true;source=ANALYSIS
instruction	00423f37	FUN_00423f37	00423f40	00423f42	FALL_THROUGH	FUN_00423f37	bytes=6A10;mnemonic=PUSH;instruction=PUSH 0x10;inputs=0x10,ESP,0x4;results=ESP;flows=;fallthrough=00423f42
instruction	00423f37	FUN_00423f37	00423f42	00423f44	FALL_THROUGH	FUN_00423f37	bytes=6A00;mnemonic=PUSH;instruction=PUSH 0x0;inputs=0x0,ESP,0x4;results=ESP;flows=;fallthrough=00423f44
instruction	00423f37	FUN_00423f37	00423f44	00423f47	FALL_THROUGH	FUN_00423f37	bytes=8D45D8;mnemonic=LEA;instruction=LEA EAX,[EBP + -0x28];inputs=EBP,0xffffffd8;results=EAX;flows=;fallthrough=00423f47
instruction_reference	00423f37	FUN_00423f37	00423f44	Stack[-0x2c]	DATA		operand_index=0;primary=true;source=ANALYSIS
instruction	00423f37	FUN_00423f37	00423f47	00423f48	FALL_THROUGH	FUN_00423f37	bytes=50;mnemonic=PUSH;instruction=PUSH EAX;inputs=EAX,ESP,0x4;results=ESP;flows=;fallthrough=00423f48
instruction	00423f37	FUN_00423f37	00423f48	00423f4d	UNCONDITIONAL_CALL	FUN_00423f37	bytes=E8D3B01600;mnemonic=CALL;instruction=CALL 0x0058f020;inputs=ESP,0x4,0x423f4d;results=ESP;flows=0058f020;fallthrough=00423f4d
instruction_reference	00423f37	FUN_00423f37	00423f48	0058f020	UNCONDITIONAL_CALL	_memset	operand_index=0;primary=true;source=DEFAULT
instruction	00423f37	FUN_00423f37	00423f4d	00423f50	FALL_THROUGH	FUN_00423f37	bytes=83C40C;mnemonic=ADD;instruction=ADD ESP,0xc;inputs=ESP,0x0,0x1,0xc,0xff;results=CF,ESP,PF,ZF,SF,OF;flows=;fallthrough=00423f50
instruction	00423f37	FUN_00423f37	00423f50	00423f52	FALL_THROUGH	FUN_00423f37	bytes=6A10;mnemonic=PUSH;instruction=PUSH 0x10;inputs=0x10,ESP,0x4;results=ESP;flows=;fallthrough=00423f52
instruction	00423f37	FUN_00423f37	00423f52	00423f54	FALL_THROUGH	FUN_00423f37	bytes=6A00;mnemonic=PUSH;instruction=PUSH 0x0;inputs=0x0,ESP,0x4;results=ESP;flows=;fallthrough=00423f54
instruction	00423f37	FUN_00423f37	00423f54	00423f57	FALL_THROUGH	FUN_00423f37	bytes=8D4DEC;mnemonic=LEA;instruction=LEA ECX,[EBP + -0x14];inputs=0xffffffec,EBP;results=ECX;flows=;fallthrough=00423f57
instruction_reference	00423f37	FUN_00423f37	00423f54	Stack[-0x18]	DATA		operand_index=0;primary=true;source=ANALYSIS
instruction	00423f37	FUN_00423f37	00423f57	00423f58	FALL_THROUGH	FUN_00423f37	bytes=51;mnemonic=PUSH;instruction=PUSH ECX;inputs=ESP,ECX,0x4;results=ESP;flows=;fallthrough=00423f58
instruction	00423f37	FUN_00423f37	00423f58	00423f5d	UNCONDITIONAL_CALL	FUN_00423f37	bytes=E8C3B01600;mnemonic=CALL;instruction=CALL 0x0058f020;inputs=ESP,0x4,0x423f5d;results=ESP;flows=0058f020;fallthrough=00423f5d
instruction_reference	00423f37	FUN_00423f37	00423f58	0058f020	UNCONDITIONAL_CALL	_memset	operand_index=0;primary=true;source=DEFAULT
instruction	00423f37	FUN_00423f37	00423f5d	00423f60	FALL_THROUGH	FUN_00423f37	bytes=83C40C;mnemonic=ADD;instruction=ADD ESP,0xc;inputs=ESP,0x0,0x1,0xc,0xff;results=CF,ESP,PF,ZF,SF,OF;flows=;fallthrough=00423f60
instruction	00423f37	FUN_00423f37	00423f60	00423f63	FALL_THROUGH	FUN_00423f37	bytes=8B55D0;mnemonic=MOV;instruction=MOV EDX,dword ptr [EBP + -0x30];inputs=EBP,0xffffffd0;results=EDX;flows=;fallthrough=00423f63
instruction_reference	00423f37	FUN_00423f37	00423f60	Stack[-0x34]	READ		operand_index=1;primary=true;source=ANALYSIS
instruction	00423f37	FUN_00423f37	00423f63	00423f6a	FALL_THROUGH	FUN_00423f37	bytes=C7420C00000000;mnemonic=MOV;instruction=MOV dword ptr [EDX + 0xc],0x0;inputs=0x0,EDX,0xc;results=;flows=;fallthrough=00423f6a
instruction	00423f37	FUN_00423f37	00423f6a	00423f6d	FALL_THROUGH	FUN_00423f37	bytes=8B45D0;mnemonic=MOV;instruction=MOV EAX,dword ptr [EBP + -0x30];inputs=EBP,0xffffffd0;results=EAX;flows=;fallthrough=00423f6d
instruction_reference	00423f37	FUN_00423f37	00423f6a	Stack[-0x34]	READ		operand_index=1;primary=true;source=ANALYSIS
instruction	00423f37	FUN_00423f37	00423f6d	00423f74	FALL_THROUGH	FUN_00423f37	bytes=C7401800000000;mnemonic=MOV;instruction=MOV dword ptr [EAX + 0x18],0x0;inputs=EAX,0x0,0x18;results=;flows=;fallthrough=00423f74
instruction	00423f37	FUN_00423f37	00423f74	00423f77	FALL_THROUGH	FUN_00423f37	bytes=8B4DD0;mnemonic=MOV;instruction=MOV ECX,dword ptr [EBP + -0x30];inputs=EBP,0xffffffd0;results=ECX;flows=;fallthrough=00423f77
instruction_reference	00423f37	FUN_00423f37	00423f74	Stack[-0x34]	READ		operand_index=1;primary=true;source=ANALYSIS
instruction	00423f37	FUN_00423f37	00423f77	00423f7e	FALL_THROUGH	FUN_00423f37	bytes=C7411000000000;mnemonic=MOV;instruction=MOV dword ptr [ECX + 0x10],0x0;inputs=0x10,0x0,ECX;results=;flows=;fallthrough=00423f7e
instruction	00423f37	FUN_00423f37	00423f7e	00423f81	FALL_THROUGH	FUN_00423f37	bytes=8B55D0;mnemonic=MOV;instruction=MOV EDX,dword ptr [EBP + -0x30];inputs=EBP,0xffffffd0;results=EDX;flows=;fallthrough=00423f81
instruction_reference	00423f37	FUN_00423f37	00423f7e	Stack[-0x34]	READ		operand_index=1;primary=true;source=ANALYSIS
instruction	00423f37	FUN_00423f37	00423f81	00423f88	FALL_THROUGH	FUN_00423f37	bytes=C7421400000000;mnemonic=MOV;instruction=MOV dword ptr [EDX + 0x14],0x0;inputs=0x0,0x14,EDX;results=;flows=;fallthrough=00423f88
instruction	00423f37	FUN_00423f37	00423f88	00423f8b	FALL_THROUGH	FUN_00423f37	bytes=8B45D0;mnemonic=MOV;instruction=MOV EAX,dword ptr [EBP + -0x30];inputs=EBP,0xffffffd0;results=EAX;flows=;fallthrough=00423f8b
instruction_reference	00423f37	FUN_00423f37	00423f88	Stack[-0x34]	READ		operand_index=1;primary=true;source=ANALYSIS
instruction	00423f37	FUN_00423f37	00423f8b	00423f8e	FALL_THROUGH	FUN_00423f37	bytes=833800;mnemonic=CMP;instruction=CMP dword ptr [EAX],0x0;inputs=EAX,0x0,0x1,0xff;results=CF,PF,ZF,SF,OF;flows=;fallthrough=00423f8e
instruction	00423f37	FUN_00423f37	00423f8e	00423f90	CONDITIONAL_JUMP	FUN_00423f37	bytes=7408;mnemonic=JZ;instruction=JZ 0x00423f98;inputs=ZF;results=;flows=00423f98;fallthrough=00423f90
instruction_reference	00423f37	FUN_00423f37	00423f8e	00423f98	CONDITIONAL_JUMP	LAB_00423f98	operand_index=0;primary=true;source=DEFAULT
instruction	00423f37	FUN_00423f37	00423f90	00423f93	FALL_THROUGH	FUN_00423f37	bytes=8B4DD0;mnemonic=MOV;instruction=MOV ECX,dword ptr [EBP + -0x30];inputs=EBP,0xffffffd0;results=ECX;flows=;fallthrough=00423f93
instruction_reference	00423f37	FUN_00423f37	00423f90	Stack[-0x34]	READ		operand_index=1;primary=true;source=ANALYSIS
instruction	00423f37	FUN_00423f37	00423f93	00423f98	UNCONDITIONAL_CALL	FUN_00423f37	bytes=E8E2FDFFFF;mnemonic=CALL;instruction=CALL 0x00423d7a;inputs=ESP,0x4,0x423f98;results=ESP;flows=00423d7a;fallthrough=00423f98
instruction_reference	00423f37	FUN_00423f37	00423f93	00423d7a	UNCONDITIONAL_CALL	FUN_00423d7a	operand_index=0;primary=true;source=DEFAULT
instruction	00423f37	FUN_00423f37	00423f98	00423f9b	FALL_THROUGH	FUN_00423f37	bytes=8B4D08;mnemonic=MOV;instruction=MOV ECX,dword ptr [EBP + 0x8];inputs=EBP,0x8;results=ECX;flows=;fallthrough=00423f9b
instruction_reference	00423f37	FUN_00423f37	00423f98	Stack[0x4]	READ		operand_index=1;primary=true;source=ANALYSIS
instruction	00423f37	FUN_00423f37	00423f9b	00423f9c	FALL_THROUGH	FUN_00423f37	bytes=51;mnemonic=PUSH;instruction=PUSH ECX;inputs=ESP,ECX,0x4;results=ESP;flows=;fallthrough=00423f9c
instruction	00423f37	FUN_00423f37	00423f9c	00423fa1	UNCONDITIONAL_CALL	FUN_00423f37	bytes=E83DAA1600;mnemonic=CALL;instruction=CALL 0x0058e9de;inputs=ESP,0x423fa1,0x4;results=ESP;flows=0058e9de;fallthrough=00423fa1
instruction_reference	00423f37	FUN_00423f37	00423f9c	0058e9de	UNCONDITIONAL_CALL	inet_addr	operand_index=0;primary=true;source=DEFAULT
instruction	00423f37	FUN_00423f37	00423fa1	00423fa4	FALL_THROUGH	FUN_00423f37	bytes=8945DC;mnemonic=MOV;instruction=MOV dword ptr [EBP + -0x24],EAX;inputs=EAX,0xffffffdc,EBP;results=;flows=;fallthrough=00423fa4
instruction_reference	00423f37	FUN_00423f37	00423fa1	Stack[-0x28]	WRITE		operand_index=0;primary=true;source=ANALYSIS
instruction	00423f37	FUN_00423f37	00423fa4	00423faa	FALL_THROUGH	FUN_00423f37	bytes=66C745D80200;mnemonic=MOV;instruction=MOV word ptr [EBP + -0x28],0x2;inputs=0x2,EBP,0xffffffd8;results=;flows=;fallthrough=00423faa
instruction_reference	00423f37	FUN_00423f37	00423fa4	Stack[-0x2c]	WRITE		operand_index=0;primary=true;source=ANALYSIS
instruction	00423f37	FUN_00423f37	00423faa	00423fae	FALL_THROUGH	FUN_00423f37	bytes=668B550C;mnemonic=MOV;instruction=MOV DX,word ptr [EBP + 0xc];inputs=EBP,0xc;results=DX;flows=;fallthrough=00423fae
instruction_reference	00423f37	FUN_00423f37	00423faa	Stack[0x8]	READ		operand_index=1;primary=true;source=ANALYSIS
instruction	00423f37	FUN_00423f37	00423fae	00423faf	FALL_THROUGH	FUN_00423f37	bytes=52;mnemonic=PUSH;instruction=PUSH EDX;inputs=ESP,0x4,EDX;results=ESP;flows=;fallthrough=00423faf
instruction	00423f37	FUN_00423f37	00423faf	00423fb4	UNCONDITIONAL_CALL	FUN_00423f37	bytes=E806AA1600;mnemonic=CALL;instruction=CALL 0x0058e9ba;inputs=ESP,0x4,0x423fb4;results=ESP;flows=0058e9ba;fallthrough=00423fb4
instruction_reference	00423f37	FUN_00423f37	00423faf	0058e9ba	UNCONDITIONAL_CALL	htons	operand_index=0;primary=true;source=DEFAULT
instruction	00423f37	FUN_00423f37	00423fb4	00423fb8	FALL_THROUGH	FUN_00423f37	bytes=668945DA;mnemonic=MOV;instruction=MOV word ptr [EBP + -0x26],AX;inputs=AX,EBP,0xffffffda;results=;flows=;fallthrough=00423fb8
instruction_reference	00423f37	FUN_00423f37	00423fb4	Stack[-0x2a]	WRITE		operand_index=0;primary=true;source=ANALYSIS
instruction	00423f37	FUN_00423f37	00423fb8	00423fba	FALL_THROUGH	FUN_00423f37	bytes=6A00;mnemonic=PUSH;instruction=PUSH 0x0;inputs=0x0,ESP,0x4;results=ESP;flows=;fallthrough=00423fba
instruction	00423f37	FUN_00423f37	00423fba	00423fbc	FALL_THROUGH	FUN_00423f37	bytes=6A01;mnemonic=PUSH;instruction=PUSH 0x1;inputs=ESP,0x1,0x4;results=ESP;flows=;fallthrough=00423fbc
instruction	00423f37	FUN_00423f37	00423fbc	00423fbe	FALL_THROUGH	FUN_00423f37	bytes=6A02;mnemonic=PUSH;instruction=PUSH 0x2;inputs=ESP,0x2,0x4;results=ESP;flows=;fallthrough=00423fbe
instruction	00423f37	FUN_00423f37	00423fbe	00423fc3	UNCONDITIONAL_CALL	FUN_00423f37	bytes=E803AA1600;mnemonic=CALL;instruction=CALL 0x0058e9c6;inputs=ESP,0x423fc3,0x4;results=ESP;flows=0058e9c6;fallthrough=00423fc3
instruction_reference	00423f37	FUN_00423f37	00423fbe	0058e9c6	UNCONDITIONAL_CALL	socket	operand_index=0;primary=true;source=DEFAULT
instruction	00423f37	FUN_00423f37	00423fc3	00423fc6	FALL_THROUGH	FUN_00423f37	bytes=8945FC;mnemonic=MOV;instruction=MOV dword ptr [EBP + -0x4],EAX;inputs=EAX,0xfffffffc,EBP;results=;flows=;fallthrough=00423fc6
instruction_reference	00423f37	FUN_00423f37	00423fc3	Stack[-0x8]	WRITE		operand_index=0;primary=true;source=ANALYSIS
instruction	00423f37	FUN_00423f37	00423fc6	00423fca	FALL_THROUGH	FUN_00423f37	bytes=837DFCFF;mnemonic=CMP;instruction=CMP dword ptr [EBP + -0x4],-0x1;inputs=0xffffffff,0x0,0x1,0xfffffffc,EBP,0xff;results=CF,PF,ZF,SF,OF;flows=;fallthrough=00423fca
instruction_reference	00423f37	FUN_00423f37	00423fc6	Stack[-0x8]	READ		operand_index=0;primary=true;source=ANALYSIS
instruction	00423f37	FUN_00423f37	00423fca	00423fcc	CONDITIONAL_JUMP	FUN_00423f37	bytes=751B;mnemonic=JNZ;instruction=JNZ 0x00423fe7;inputs=ZF;results=;flows=00423fe7;fallthrough=00423fcc
instruction_reference	00423f37	FUN_00423f37	00423fca	00423fe7	CONDITIONAL_JUMP	LAB_00423fe7	operand_index=0;primary=true;source=DEFAULT
instruction	00423f37	FUN_00423f37	00423fcc	00423fce	FALL_THROUGH	FUN_00423f37	bytes=6A00;mnemonic=PUSH;instruction=PUSH 0x0;inputs=0x0,ESP,0x4;results=ESP;flows=;fallthrough=00423fce
instruction	00423f37	FUN_00423f37	00423fce	00423fd3	FALL_THROUGH	FUN_00423f37	bytes=68781F5B00;mnemonic=PUSH;instruction=PUSH 0x5b1f78;inputs=ESP,0x5b1f78,0x4;results=ESP;flows=;fallthrough=00423fd3
instruction_reference	00423f37	FUN_00423f37	00423fce	005b1f78	DATA	s_ERROR_005b1f78	operand_index=0;primary=true;source=ANALYSIS
instruction	00423f37	FUN_00423f37	00423fd3	00423fd8	FALL_THROUGH	FUN_00423f37	bytes=68801F5B00;mnemonic=PUSH;instruction=PUSH 0x5b1f80;inputs=ESP,0x4,0x5b1f80;results=ESP;flows=;fallthrough=00423fd8
instruction_reference	00423f37	FUN_00423f37	00423fd3	005b1f80	DATA	s_Initialize_socket_fai_005b1f80	operand_index=0;primary=true;source=ANALYSIS
instruction	00423f37	FUN_00423f37	00423fd8	00423fda	FALL_THROUGH	FUN_00423f37	bytes=6A00;mnemonic=PUSH;instruction=PUSH 0x0;inputs=0x0,ESP,0x4;results=ESP;flows=;fallthrough=00423fda
instruction	00423f37	FUN_00423f37	00423fda	00423fe0	COMPUTED_CALL	FUN_00423f37	bytes=FF1584325A00;mnemonic=CALL;instruction=CALL dword ptr [0x005a3284];inputs=ESP,005a3284,0x423fe0,0x4;results=ESP;flows=EXTERNAL:00000071;fallthrough=00423fe0
instruction_reference	00423f37	FUN_00423f37	00423fda	005a3284	READ	PTR_MessageBoxA_005a3284	operand_index=0;primary=true;source=DEFAULT
instruction_reference	00423f37	FUN_00423f37	00423fda	EXTERNAL:00000071	COMPUTED_CALL	MessageBoxA	operand_index=-1;primary=true;source=ANALYSIS
instruction	00423f37	FUN_00423f37	00423fe0	00423fe2	FALL_THROUGH	FUN_00423f37	bytes=33C0;mnemonic=XOR;instruction=XOR EAX,EAX;inputs=0x0,EAX,0x1,0xff;results=CF,EAX,PF,ZF,SF,OF;flows=;fallthrough=00423fe2
instruction	00423f37	FUN_00423f37	00423fe2		UNCONDITIONAL_JUMP	FUN_00423f37	bytes=E959010000;mnemonic=JMP;instruction=JMP 0x00424140;inputs=;results=;flows=00424140;fallthrough=
instruction_reference	00423f37	FUN_00423f37	00423fe2	00424140	UNCONDITIONAL_JUMP	LAB_00424140	operand_index=0;primary=true;source=DEFAULT
instruction	00423f37	FUN_00423f37	00423fe7	00423fed	FALL_THROUGH	FUN_00423f37	bytes=66C745EC0200;mnemonic=MOV;instruction=MOV word ptr [EBP + -0x14],0x2;inputs=0x2,0xffffffec,EBP;results=;flows=;fallthrough=00423fed
instruction_reference	00423f37	FUN_00423f37	00423fe7	Stack[-0x18]	WRITE		operand_index=0;primary=true;source=ANALYSIS
instruction	00423f37	FUN_00423f37	00423fed	00423ff0	FALL_THROUGH	FUN_00423f37	bytes=8B4510;mnemonic=MOV;instruction=MOV EAX,dword ptr [EBP + 0x10];inputs=0x10,EBP;results=EAX;flows=;fallthrough=00423ff0
instruction_reference	00423f37	FUN_00423f37	00423fed	Stack[0xc]	READ		operand_index=1;primary=true;source=ANALYSIS
instruction	00423f37	FUN_00423f37	00423ff0	00423ff3	FALL_THROUGH	FUN_00423f37	bytes=8945F0;mnemonic=MOV;instruction=MOV dword ptr [EBP + -0x10],EAX;inputs=EAX,EBP,0xfffffff0;results=;flows=;fallthrough=00423ff3
instruction_reference	00423f37	FUN_00423f37	00423ff0	Stack[-0x14]	WRITE		operand_index=0;primary=true;source=ANALYSIS
instruction	00423f37	FUN_00423f37	00423ff3	00423ff9	FALL_THROUGH	FUN_00423f37	bytes=66C745EE0000;mnemonic=MOV;instruction=MOV word ptr [EBP + -0x12],0x0;inputs=0x0,0xffffffee,EBP;results=;flows=;fallthrough=00423ff9
instruction_reference	00423f37	FUN_00423f37	00423ff3	Stack[-0x16]	WRITE		operand_index=0;primary=true;source=ANALYSIS
instruction	00423f37	FUN_00423f37	00423ff9	00423ffb	FALL_THROUGH	FUN_00423f37	bytes=6A10;mnemonic=PUSH;instruction=PUSH 0x10;inputs=0x10,ESP,0x4;results=ESP;flows=;fallthrough=00423ffb
instruction	00423f37	FUN_00423f37	00423ffb	00423ffe	FALL_THROUGH	FUN_00423f37	bytes=8D4DEC;mnemonic=LEA;instruction=LEA ECX,[EBP + -0x14];inputs=0xffffffec,EBP;results=ECX;flows=;fallthrough=00423ffe
instruction_reference	00423f37	FUN_00423f37	00423ffb	Stack[-0x18]	DATA		operand_index=0;primary=true;source=ANALYSIS
instruction	00423f37	FUN_00423f37	00423ffe	00423fff	FALL_THROUGH	FUN_00423f37	bytes=51;mnemonic=PUSH;instruction=PUSH ECX;inputs=ESP,ECX,0x4;results=ESP;flows=;fallthrough=00423fff
instruction	00423f37	FUN_00423f37	00423fff	00424002	FALL_THROUGH	FUN_00423f37	bytes=8B55FC;mnemonic=MOV;instruction=MOV EDX,dword ptr [EBP + -0x4];inputs=0xfffffffc,EBP;results=EDX;flows=;fallthrough=00424002
instruction_reference	00423f37	FUN_00423f37	00423fff	Stack[-0x8]	READ		operand_index=1;primary=true;source=ANALYSIS
instruction	00423f37	FUN_00423f37	00424002	00424003	FALL_THROUGH	FUN_00423f37	bytes=52;mnemonic=PUSH;instruction=PUSH EDX;inputs=ESP,0x4,EDX;results=ESP;flows=;fallthrough=00424003
instruction	00423f37	FUN_00423f37	00424003	00424008	UNCONDITIONAL_CALL	FUN_00423f37	bytes=E8ACA91600;mnemonic=CALL;instruction=CALL 0x0058e9b4;inputs=ESP,0x4,0x424008;results=ESP;flows=0058e9b4;fallthrough=00424008
instruction_reference	00423f37	FUN_00423f37	00424003	0058e9b4	UNCONDITIONAL_CALL	bind	operand_index=0;primary=true;source=DEFAULT
instruction	00423f37	FUN_00423f37	00424008	0042400b	FALL_THROUGH	FUN_00423f37	bytes=83F8FF;mnemonic=CMP;instruction=CMP EAX,-0x1;inputs=EAX,0xffffffff,0x0,0x1,0xff;results=CF,PF,ZF,SF,OF;flows=;fallthrough=0042400b
instruction	00423f37	FUN_00423f37	0042400b	00424011	CONDITIONAL_JUMP	FUN_00423f37	bytes=0F8594000000;mnemonic=JNZ;instruction=JNZ 0x004240a5;inputs=ZF;results=;flows=004240a5;fallthrough=00424011
instruction_reference	00423f37	FUN_00423f37	0042400b	004240a5	CONDITIONAL_JUMP	LAB_004240a5	operand_index=0;primary=true;source=DEFAULT
instruction	00423f37	FUN_00423f37	00424011	00424016	FALL_THROUGH	FUN_00423f37	bytes=A190CF5C00;mnemonic=MOV;instruction=MOV EAX,[0x005ccf90];inputs=005ccf90;results=EAX;flows=;fallthrough=00424016
instruction_reference	00423f37	FUN_00423f37	00424011	005ccf90	READ	DAT_005ccf90	operand_index=1;primary=true;source=DEFAULT
instruction	00423f37	FUN_00423f37	00424016	00424019	FALL_THROUGH	FUN_00423f37	bytes=83C00A;mnemonic=ADD;instruction=ADD EAX,0xa;inputs=EAX,0x0,0x1,0xa,0xff;results=CF,EAX,PF,ZF,SF,OF;flows=;fallthrough=00424019
instruction	00423f37	FUN_00423f37	00424019	0042401e	FALL_THROUGH	FUN_00423f37	bytes=A390CF5C00;mnemonic=MOV;instruction=MOV [0x005ccf90],EAX;inputs=EAX;results=005ccf90;flows=;fallthrough=0042401e
instruction_reference	00423f37	FUN_00423f37	00424019	005ccf90	WRITE	DAT_005ccf90	operand_index=0;primary=true;source=DEFAULT
instruction	00423f37	FUN_00423f37	0042401e	00424024	FALL_THROUGH	FUN_00423f37	bytes=8B0D90CF5C00;mnemonic=MOV;instruction=MOV ECX,dword ptr [0x005ccf90];inputs=005ccf90;results=ECX;flows=;fallthrough=00424024
instruction_reference	00423f37	FUN_00423f37	0042401e	005ccf90	READ	DAT_005ccf90	operand_index=1;primary=true;source=DEFAULT
instruction	00423f37	FUN_00423f37	00424024	0042402a	FALL_THROUGH	FUN_00423f37	bytes=81C188130000;mnemonic=ADD;instruction=ADD ECX,0x1388;inputs=0x0,0x1,ECX,0x1388,0xff;results=CF,PF,ECX,ZF,SF,OF;flows=;fallthrough=0042402a
instruction	00423f37	FUN_00423f37	0042402a	0042402b	FALL_THROUGH	FUN_00423f37	bytes=51;mnemonic=PUSH;instruction=PUSH ECX;inputs=ESP,ECX,0x4;results=ESP;flows=;fallthrough=0042402b
instruction	00423f37	FUN_00423f37	0042402b	00424030	UNCONDITIONAL_CALL	FUN_00423f37	bytes=E88AA91600;mnemonic=CALL;instruction=CALL 0x0058e9ba;inputs=ESP,0x424030,0x4;results=ESP;flows=0058e9ba;fallthrough=00424030
instruction_reference	00423f37	FUN_00423f37	0042402b	0058e9ba	UNCONDITIONAL_CALL	htons	operand_index=0;primary=true;source=DEFAULT
instruction	00423f37	FUN_00423f37	00424030	00424034	FALL_THROUGH	FUN_00423f37	bytes=668945EE;mnemonic=MOV;instruction=MOV word ptr [EBP + -0x12],AX;inputs=AX,0xffffffee,EBP;results=;flows=;fallthrough=00424034
instruction_reference	00423f37	FUN_00423f37	00424030	Stack[-0x16]	WRITE		operand_index=0;primary=true;source=ANALYSIS
instruction	00423f37	FUN_00423f37	00424034	00424036	FALL_THROUGH	FUN_00423f37	bytes=6A10;mnemonic=PUSH;instruction=PUSH 0x10;inputs=0x10,ESP,0x4;results=ESP;flows=;fallthrough=00424036
instruction	00423f37	FUN_00423f37	00424036	00424039	FALL_THROUGH	FUN_00423f37	bytes=8D55EC;mnemonic=LEA;instruction=LEA EDX,[EBP + -0x14];inputs=0xffffffec,EBP;results=EDX;flows=;fallthrough=00424039
instruction_reference	00423f37	FUN_00423f37	00424036	Stack[-0x18]	DATA		operand_index=0;primary=true;source=ANALYSIS
instruction	00423f37	FUN_00423f37	00424039	0042403a	FALL_THROUGH	FUN_00423f37	bytes=52;mnemonic=PUSH;instruction=PUSH EDX;inputs=ESP,0x4,EDX;results=ESP;flows=;fallthrough=0042403a
instruction	00423f37	FUN_00423f37	0042403a	0042403d	FALL_THROUGH	FUN_00423f37	bytes=8B45FC;mnemonic=MOV;instruction=MOV EAX,dword ptr [EBP + -0x4];inputs=0xfffffffc,EBP;results=EAX;flows=;fallthrough=0042403d
instruction_reference	00423f37	FUN_00423f37	0042403a	Stack[-0x8]	READ		operand_index=1;primary=true;source=ANALYSIS
instruction	00423f37	FUN_00423f37	0042403d	0042403e	FALL_THROUGH	FUN_00423f37	bytes=50;mnemonic=PUSH;instruction=PUSH EAX;inputs=EAX,ESP,0x4;results=ESP;flows=;fallthrough=0042403e
instruction	00423f37	FUN_00423f37	0042403e	00424043	UNCONDITIONAL_CALL	FUN_00423f37	bytes=E871A91600;mnemonic=CALL;instruction=CALL 0x0058e9b4;inputs=ESP,0x424043,0x4;results=ESP;flows=0058e9b4;fallthrough=00424043
instruction_reference	00423f37	FUN_00423f37	0042403e	0058e9b4	UNCONDITIONAL_CALL	bind	operand_index=0;primary=true;source=DEFAULT
instruction	00423f37	FUN_00423f37	00424043	00424046	FALL_THROUGH	FUN_00423f37	bytes=83F8FF;mnemonic=CMP;instruction=CMP EAX,-0x1;inputs=EAX,0xffffffff,0x0,0x1,0xff;results=CF,PF,ZF,SF,OF;flows=;fallthrough=00424046
instruction	00423f37	FUN_00423f37	00424046	00424048	CONDITIONAL_JUMP	FUN_00423f37	bytes=755D;mnemonic=JNZ;instruction=JNZ 0x004240a5;inputs=ZF;results=;flows=004240a5;fallthrough=00424048
instruction_reference	00423f37	FUN_00423f37	00424046	004240a5	CONDITIONAL_JUMP	LAB_004240a5	operand_index=0;primary=true;source=DEFAULT
instruction	00423f37	FUN_00423f37	00424048	0042404e	FALL_THROUGH	FUN_00423f37	bytes=8B0D90CF5C00;mnemonic=MOV;instruction=MOV ECX,dword ptr [0x005ccf90];inputs=005ccf90;results=ECX;flows=;fallthrough=0042404e
instruction_reference	00423f37	FUN_00423f37	00424048	005ccf90	READ	DAT_005ccf90	operand_index=1;primary=true;source=DEFAULT
instruction	00423f37	FUN_00423f37	0042404e	00424051	FALL_THROUGH	FUN_00423f37	bytes=83C10A;mnemonic=ADD;instruction=ADD ECX,0xa;inputs=0x0,0x1,ECX,0xa,0xff;results=CF,PF,ECX,ZF,SF,OF;flows=;fallthrough=00424051
instruction	00423f37	FUN_00423f37	00424051	00424057	FALL_THROUGH	FUN_00423f37	bytes=890D90CF5C00;mnemonic=MOV;instruction=MOV dword ptr [0x005ccf90],ECX;inputs=ECX;results=005ccf90;flows=;fallthrough=00424057
instruction_reference	00423f37	FUN_00423f37	00424051	005ccf90	WRITE	DAT_005ccf90	operand_index=0;primary=true;source=DEFAULT
instruction	00423f37	FUN_00423f37	00424057	0042405d	FALL_THROUGH	FUN_00423f37	bytes=8B1590CF5C00;mnemonic=MOV;instruction=MOV EDX,dword ptr [0x005ccf90];inputs=005ccf90;results=EDX;flows=;fallthrough=0042405d
instruction_reference	00423f37	FUN_00423f37	00424057	005ccf90	READ	DAT_005ccf90	operand_index=1;primary=true;source=DEFAULT
instruction	00423f37	FUN_00423f37	0042405d	00424063	FALL_THROUGH	FUN_00423f37	bytes=81C288130000;mnemonic=ADD;instruction=ADD EDX,0x1388;inputs=0x0,0x1,EDX,0x1388,0xff;results=CF,PF,ZF,SF,EDX,OF;flows=;fallthrough=00424063
instruction	00423f37	FUN_00423f37	00424063	00424064	FALL_THROUGH	FUN_00423f37	bytes=52;mnemonic=PUSH;instruction=PUSH EDX;inputs=ESP,0x4,EDX;results=ESP;flows=;fallthrough=00424064
instruction	00423f37	FUN_00423f37	00424064	00424069	UNCONDITIONAL_CALL	FUN_00423f37	bytes=E851A91600;mnemonic=CALL;instruction=CALL 0x0058e9ba;inputs=ESP,0x4,0x424069;results=ESP;flows=0058e9ba;fallthrough=00424069
instruction_reference	00423f37	FUN_00423f37	00424064	0058e9ba	UNCONDITIONAL_CALL	htons	operand_index=0;primary=true;source=DEFAULT
instruction	00423f37	FUN_00423f37	00424069	0042406d	FALL_THROUGH	FUN_00423f37	bytes=668945EE;mnemonic=MOV;instruction=MOV word ptr [EBP + -0x12],AX;inputs=AX,0xffffffee,EBP;results=;flows=;fallthrough=0042406d
instruction_reference	00423f37	FUN_00423f37	00424069	Stack[-0x16]	WRITE		operand_index=0;primary=true;source=ANALYSIS
instruction	00423f37	FUN_00423f37	0042406d	0042406f	FALL_THROUGH	FUN_00423f37	bytes=6A10;mnemonic=PUSH;instruction=PUSH 0x10;inputs=0x10,ESP,0x4;results=ESP;flows=;fallthrough=0042406f
instruction	00423f37	FUN_00423f37	0042406f	00424072	FALL_THROUGH	FUN_00423f37	bytes=8D45EC;mnemonic=LEA;instruction=LEA EAX,[EBP + -0x14];inputs=0xffffffec,EBP;results=EAX;flows=;fallthrough=00424072
instruction_reference	00423f37	FUN_00423f37	0042406f	Stack[-0x18]	DATA		operand_index=0;primary=true;source=ANALYSIS
instruction	00423f37	FUN_00423f37	00424072	00424073	FALL_THROUGH	FUN_00423f37	bytes=50;mnemonic=PUSH;instruction=PUSH EAX;inputs=EAX,ESP,0x4;results=ESP;flows=;fallthrough=00424073
instruction	00423f37	FUN_00423f37	00424073	00424076	FALL_THROUGH	FUN_00423f37	bytes=8B4DFC;mnemonic=MOV;instruction=MOV ECX,dword ptr [EBP + -0x4];inputs=0xfffffffc,EBP;results=ECX;flows=;fallthrough=00424076
instruction_reference	00423f37	FUN_00423f37	00424073	Stack[-0x8]	READ		operand_index=1;primary=true;source=ANALYSIS
instruction	00423f37	FUN_00423f37	00424076	00424077	FALL_THROUGH	FUN_00423f37	bytes=51;mnemonic=PUSH;instruction=PUSH ECX;inputs=ESP,ECX,0x4;results=ESP;flows=;fallthrough=00424077
instruction	00423f37	FUN_00423f37	00424077	0042407c	UNCONDITIONAL_CALL	FUN_00423f37	bytes=E838A91600;mnemonic=CALL;instruction=CALL 0x0058e9b4;inputs=ESP,0x4,0x42407c;results=ESP;flows=0058e9b4;fallthrough=0042407c
instruction_reference	00423f37	FUN_00423f37	00424077	0058e9b4	UNCONDITIONAL_CALL	bind	operand_index=0;primary=true;source=DEFAULT
instruction	00423f37	FUN_00423f37	0042407c	0042407f	FALL_THROUGH	FUN_00423f37	bytes=83F8FF;mnemonic=CMP;instruction=CMP EAX,-0x1;inputs=EAX,0xffffffff,0x0,0x1,0xff;results=CF,PF,ZF,SF,OF;flows=;fallthrough=0042407f
instruction	00423f37	FUN_00423f37	0042407f	00424081	CONDITIONAL_JUMP	FUN_00423f37	bytes=7524;mnemonic=JNZ;instruction=JNZ 0x004240a5;inputs=ZF;results=;flows=004240a5;fallthrough=00424081
instruction_reference	00423f37	FUN_00423f37	0042407f	004240a5	CONDITIONAL_JUMP	LAB_004240a5	operand_index=0;primary=true;source=DEFAULT
instruction	00423f37	FUN_00423f37	00424081	00424083	FALL_THROUGH	FUN_00423f37	bytes=6A00;mnemonic=PUSH;instruction=PUSH 0x0;inputs=0x0,ESP,0x4;results=ESP;flows=;fallthrough=00424083
instruction	00423f37	FUN_00423f37	00424083	00424088	FALL_THROUGH	FUN_00423f37	bytes=68981F5B00;mnemonic=PUSH;instruction=PUSH 0x5b1f98;inputs=ESP,0x5b1f98,0x4;results=ESP;flows=;fallthrough=00424088
instruction_reference	00423f37	FUN_00423f37	00424083	005b1f98	DATA	s_ERROR_005b1f98	operand_index=0;primary=true;source=ANALYSIS
instruction	00423f37	FUN_00423f37	00424088	0042408d	FALL_THROUGH	FUN_00423f37	bytes=68A01F5B00;mnemonic=PUSH;instruction=PUSH 0x5b1fa0;inputs=ESP,0x4,0x5b1fa0;results=ESP;flows=;fallthrough=0042408d
instruction_reference	00423f37	FUN_00423f37	00424088	005b1fa0	DATA	s_Binding_fail_005b1fa0	operand_index=0;primary=true;source=ANALYSIS
instruction	00423f37	FUN_00423f37	0042408d	0042408f	FALL_THROUGH	FUN_00423f37	bytes=6A00;mnemonic=PUSH;instruction=PUSH 0x0;inputs=0x0,ESP,0x4;results=ESP;flows=;fallthrough=0042408f
instruction	00423f37	FUN_00423f37	0042408f	00424095	COMPUTED_CALL	FUN_00423f37	bytes=FF1584325A00;mnemonic=CALL;instruction=CALL dword ptr [0x005a3284];inputs=ESP,005a3284,0x4,0x424095;results=ESP;flows=EXTERNAL:00000071;fallthrough=00424095
instruction_reference	00423f37	FUN_00423f37	0042408f	005a3284	READ	PTR_MessageBoxA_005a3284	operand_index=0;primary=true;source=DEFAULT
instruction_reference	00423f37	FUN_00423f37	0042408f	EXTERNAL:00000071	COMPUTED_CALL	MessageBoxA	operand_index=-1;primary=true;source=ANALYSIS
instruction	00423f37	FUN_00423f37	00424095	00424098	FALL_THROUGH	FUN_00423f37	bytes=8B55FC;mnemonic=MOV;instruction=MOV EDX,dword ptr [EBP + -0x4];inputs=0xfffffffc,EBP;results=EDX;flows=;fallthrough=00424098
instruction_reference	00423f37	FUN_00423f37	00424095	Stack[-0x8]	READ		operand_index=1;primary=true;source=ANALYSIS
instruction	00423f37	FUN_00423f37	00424098	00424099	FALL_THROUGH	FUN_00423f37	bytes=52;mnemonic=PUSH;instruction=PUSH EDX;inputs=ESP,0x4,EDX;results=ESP;flows=;fallthrough=00424099
instruction	00423f37	FUN_00423f37	00424099	0042409e	UNCONDITIONAL_CALL	FUN_00423f37	bytes=E8FEA81600;mnemonic=CALL;instruction=CALL 0x0058e99c;inputs=ESP,0x4,0x42409e;results=ESP;flows=0058e99c;fallthrough=0042409e
instruction_reference	00423f37	FUN_00423f37	00424099	0058e99c	UNCONDITIONAL_CALL	closesocket	operand_index=0;primary=true;source=DEFAULT
instruction	00423f37	FUN_00423f37	0042409e	004240a0	FALL_THROUGH	FUN_00423f37	bytes=33C0;mnemonic=XOR;instruction=XOR EAX,EAX;inputs=0x0,EAX,0x1,0xff;results=CF,EAX,PF,ZF,SF,OF;flows=;fallthrough=004240a0
instruction	00423f37	FUN_00423f37	004240a0		UNCONDITIONAL_JUMP	FUN_00423f37	bytes=E99B000000;mnemonic=JMP;instruction=JMP 0x00424140;inputs=;results=;flows=00424140;fallthrough=
instruction_reference	00423f37	FUN_00423f37	004240a0	00424140	UNCONDITIONAL_JUMP	LAB_00424140	operand_index=0;primary=true;source=DEFAULT
instruction	00423f37	FUN_00423f37	004240a5	004240a9	FALL_THROUGH	FUN_00423f37	bytes=837DFCFF;mnemonic=CMP;instruction=CMP dword ptr [EBP + -0x4],-0x1;inputs=0xffffffff,0x0,0x1,0xfffffffc,EBP,0xff;results=CF,PF,ZF,SF,OF;flows=;fallthrough=004240a9
instruction_reference	00423f37	FUN_00423f37	004240a5	Stack[-0x8]	READ		operand_index=0;primary=true;source=ANALYSIS
instruction	00423f37	FUN_00423f37	004240a9	004240ab	CONDITIONAL_JUMP	FUN_00423f37	bytes=7507;mnemonic=JNZ;instruction=JNZ 0x004240b2;inputs=ZF;results=;flows=004240b2;fallthrough=004240ab
instruction_reference	00423f37	FUN_00423f37	004240a9	004240b2	CONDITIONAL_JUMP	LAB_004240b2	operand_index=0;primary=true;source=DEFAULT
instruction	00423f37	FUN_00423f37	004240ab	004240ad	FALL_THROUGH	FUN_00423f37	bytes=33C0;mnemonic=XOR;instruction=XOR EAX,EAX;inputs=0x0,EAX,0x1,0xff;results=CF,EAX,PF,ZF,SF,OF;flows=;fallthrough=004240ad
instruction	00423f37	FUN_00423f37	004240ad		UNCONDITIONAL_JUMP	FUN_00423f37	bytes=E98E000000;mnemonic=JMP;instruction=JMP 0x00424140;inputs=;results=;flows=00424140;fallthrough=
instruction_reference	00423f37	FUN_00423f37	004240ad	00424140	UNCONDITIONAL_JUMP	LAB_00424140	operand_index=0;primary=true;source=DEFAULT
instruction	00423f37	FUN_00423f37	004240b2	004240b4	FALL_THROUGH	FUN_00423f37	bytes=6A10;mnemonic=PUSH;instruction=PUSH 0x10;inputs=0x10,ESP,0x4;results=ESP;flows=;fallthrough=004240b4
instruction	00423f37	FUN_00423f37	004240b4	004240b7	FALL_THROUGH	FUN_00423f37	bytes=8D45D8;mnemonic=LEA;instruction=LEA EAX,[EBP + -0x28];inputs=EBP,0xffffffd8;results=EAX;flows=;fallthrough=004240b7
instruction_reference	00423f37	FUN_00423f37	004240b4	Stack[-0x2c]	DATA		operand_index=0;primary=true;source=ANALYSIS
instruction	00423f37	FUN_00423f37	004240b7	004240b8	FALL_THROUGH	FUN_00423f37	bytes=50;mnemonic=PUSH;instruction=PUSH EAX;inputs=EAX,ESP,0x4;results=ESP;flows=;fallthrough=004240b8
instruction	00423f37	FUN_00423f37	004240b8	004240bb	FALL_THROUGH	FUN_00423f37	bytes=8B4DFC;mnemonic=MOV;instruction=MOV ECX,dword ptr [EBP + -0x4];inputs=0xfffffffc,EBP;results=ECX;flows=;fallthrough=004240bb
instruction_reference	00423f37	FUN_00423f37	004240b8	Stack[-0x8]	READ		operand_index=1;primary=true;source=ANALYSIS
instruction	00423f37	FUN_00423f37	004240bb	004240bc	FALL_THROUGH	FUN_00423f37	bytes=51;mnemonic=PUSH;instruction=PUSH ECX;inputs=ESP,ECX,0x4;results=ESP;flows=;fallthrough=004240bc
instruction	00423f37	FUN_00423f37	004240bc	004240c1	UNCONDITIONAL_CALL	FUN_00423f37	bytes=E817A91600;mnemonic=CALL;instruction=CALL 0x0058e9d8;inputs=ESP,0x4240c1,0x4;results=ESP;flows=0058e9d8;fallthrough=004240c1
instruction_reference	00423f37	FUN_00423f37	004240bc	0058e9d8	UNCONDITIONAL_CALL	connect	operand_index=0;primary=true;source=DEFAULT
instruction	00423f37	FUN_00423f37	004240c1	004240c3	FALL_THROUGH	FUN_00423f37	bytes=85C0;mnemonic=TEST;instruction=TEST EAX,EAX;inputs=0x0,EAX,0x1,0xff;results=CF,PF,ZF,SF,OF;flows=;fallthrough=004240c3
instruction	00423f37	FUN_00423f37	004240c3	004240c5	CONDITIONAL_JUMP	FUN_00423f37	bytes=7D1E;mnemonic=JGE;instruction=JGE 0x004240e3;inputs=SF,OF;results=;flows=004240e3;fallthrough=004240c5
instruction_reference	00423f37	FUN_00423f37	004240c3	004240e3	CONDITIONAL_JUMP	LAB_004240e3	operand_index=0;primary=true;source=DEFAULT
instruction	00423f37	FUN_00423f37	004240c5	004240ca	UNCONDITIONAL_CALL	FUN_00423f37	bytes=E808A91600;mnemonic=CALL;instruction=CALL 0x0058e9d2;inputs=ESP,0x4,0x4240ca;results=ESP;flows=0058e9d2;fallthrough=004240ca
instruction_reference	00423f37	FUN_00423f37	004240c5	0058e9d2	UNCONDITIONAL_CALL	WSAGetLastError	operand_index=0;primary=true;source=DEFAULT
instruction	00423f37	FUN_00423f37	004240ca	004240cd	FALL_THROUGH	FUN_00423f37	bytes=8945D4;mnemonic=MOV;instruction=MOV dword ptr [EBP + -0x2c],EAX;inputs=EAX,EBP,0xffffffd4;results=;flows=;fallthrough=004240cd
instruction_reference	00423f37	FUN_00423f37	004240ca	Stack[-0x30]	WRITE		operand_index=0;primary=true;source=ANALYSIS
instruction	00423f37	FUN_00423f37	004240cd	004240d0	FALL_THROUGH	FUN_00423f37	bytes=8B55FC;mnemonic=MOV;instruction=MOV EDX,dword ptr [EBP + -0x4];inputs=0xfffffffc,EBP;results=EDX;flows=;fallthrough=004240d0
instruction_reference	00423f37	FUN_00423f37	004240cd	Stack[-0x8]	READ		operand_index=1;primary=true;source=ANALYSIS
instruction	00423f37	FUN_00423f37	004240d0	004240d1	FALL_THROUGH	FUN_00423f37	bytes=52;mnemonic=PUSH;instruction=PUSH EDX;inputs=ESP,0x4,EDX;results=ESP;flows=;fallthrough=004240d1
instruction	00423f37	FUN_00423f37	004240d1	004240d6	UNCONDITIONAL_CALL	FUN_00423f37	bytes=E8C6A81600;mnemonic=CALL;instruction=CALL 0x0058e99c;inputs=ESP,0x4,0x4240d6;results=ESP;flows=0058e99c;fallthrough=004240d6
instruction_reference	00423f37	FUN_00423f37	004240d1	0058e99c	UNCONDITIONAL_CALL	closesocket	operand_index=0;primary=true;source=DEFAULT
instruction	00423f37	FUN_00423f37	004240d6	004240d9	FALL_THROUGH	FUN_00423f37	bytes=8B45D0;mnemonic=MOV;instruction=MOV EAX,dword ptr [EBP + -0x30];inputs=EBP,0xffffffd0;results=EAX;flows=;fallthrough=004240d9
instruction_reference	00423f37	FUN_00423f37	004240d6	Stack[-0x34]	READ		operand_index=1;primary=true;source=ANALYSIS
instruction	00423f37	FUN_00423f37	004240d9	004240df	FALL_THROUGH	FUN_00423f37	bytes=C70000000000;mnemonic=MOV;instruction=MOV dword ptr [EAX],0x0;inputs=0x0,EAX;results=;flows=;fallthrough=004240df
instruction	00423f37	FUN_00423f37	004240df	004240e1	FALL_THROUGH	FUN_00423f37	bytes=33C0;mnemonic=XOR;instruction=XOR EAX,EAX;inputs=0x0,EAX,0x1,0xff;results=CF,EAX,PF,ZF,SF,OF;flows=;fallthrough=004240e1
instruction	00423f37	FUN_00423f37	004240e1		UNCONDITIONAL_JUMP	FUN_00423f37	bytes=EB5D;mnemonic=JMP;instruction=JMP 0x00424140;inputs=;results=;flows=00424140;fallthrough=
instruction_reference	00423f37	FUN_00423f37	004240e1	00424140	UNCONDITIONAL_JUMP	LAB_00424140	operand_index=0;primary=true;source=DEFAULT
instruction	00423f37	FUN_00423f37	004240e3	004240e5	FALL_THROUGH	FUN_00423f37	bytes=6A21;mnemonic=PUSH;instruction=PUSH 0x21;inputs=ESP,0x21,0x4;results=ESP;flows=;fallthrough=004240e5
instruction	00423f37	FUN_00423f37	004240e5	004240e8	FALL_THROUGH	FUN_00423f37	bytes=8B4D14;mnemonic=MOV;instruction=MOV ECX,dword ptr [EBP + 0x14];inputs=EBP,0x14;results=ECX;flows=;fallthrough=004240e8
instruction_reference	00423f37	FUN_00423f37	004240e5	Stack[0x10]	READ		operand_index=1;primary=true;source=ANALYSIS
instruction	00423f37	FUN_00423f37	004240e8	004240e9	FALL_THROUGH	FUN_00423f37	bytes=51;mnemonic=PUSH;instruction=PUSH ECX;inputs=ESP,ECX,0x4;results=ESP;flows=;fallthrough=004240e9
instruction	00423f37	FUN_00423f37	004240e9	004240ef	FALL_THROUGH	FUN_00423f37	bytes=8B1510723B01;mnemonic=MOV;instruction=MOV EDX,dword ptr [0x013b7210];inputs=013b7210;results=EDX;flows=;fallthrough=004240ef
instruction_reference	00423f37	FUN_00423f37	004240e9	013b7210	READ	DAT_013b7210	operand_index=1;primary=true;source=DEFAULT
instruction	00423f37	FUN_00423f37	004240ef	004240f0	FALL_THROUGH	FUN_00423f37	bytes=52;mnemonic=PUSH;instruction=PUSH EDX;inputs=ESP,0x4,EDX;results=ESP;flows=;fallthrough=004240f0
instruction	00423f37	FUN_00423f37	004240f0	004240f3	FALL_THROUGH	FUN_00423f37	bytes=8B45FC;mnemonic=MOV;instruction=MOV EAX,dword ptr [EBP + -0x4];inputs=0xfffffffc,EBP;results=EAX;flows=;fallthrough=004240f3
instruction_reference	00423f37	FUN_00423f37	004240f0	Stack[-0x8]	READ		operand_index=1;primary=true;source=ANALYSIS
instruction	00423f37	FUN_00423f37	004240f3	004240f4	FALL_THROUGH	FUN_00423f37	bytes=50;mnemonic=PUSH;instruction=PUSH EAX;inputs=EAX,ESP,0x4;results=ESP;flows=;fallthrough=004240f4
instruction	00423f37	FUN_00423f37	004240f4	004240f9	UNCONDITIONAL_CALL	FUN_00423f37	bytes=E8AFA81600;mnemonic=CALL;instruction=CALL 0x0058e9a8;inputs=ESP,0x4,0x4240f9;results=ESP;flows=0058e9a8;fallthrough=004240f9
instruction_reference	00423f37	FUN_00423f37	004240f4	0058e9a8	UNCONDITIONAL_CALL	WSAAsyncSelect	operand_index=0;primary=true;source=DEFAULT
instruction	00423f37	FUN_00423f37	004240f9	004240fb	FALL_THROUGH	FUN_00423f37	bytes=85C0;mnemonic=TEST;instruction=TEST EAX,EAX;inputs=0x0,EAX,0x1,0xff;results=CF,PF,ZF,SF,OF;flows=;fallthrough=004240fb
instruction	00423f37	FUN_00423f37	004240fb	004240fd	CONDITIONAL_JUMP	FUN_00423f37	bytes=7E16;mnemonic=JLE;instruction=JLE 0x00424113;inputs=ZF,SF,OF;results=;flows=00424113;fallthrough=004240fd
instruction_reference	00423f37	FUN_00423f37	004240fb	00424113	CONDITIONAL_JUMP	LAB_00424113	operand_index=0;primary=true;source=DEFAULT
instruction	00423f37	FUN_00423f37	004240fd	00424100	FALL_THROUGH	FUN_00423f37	bytes=8B4DFC;mnemonic=MOV;instruction=MOV ECX,dword ptr [EBP + -0x4];inputs=0xfffffffc,EBP;results=ECX;flows=;fallthrough=00424100
instruction_reference	00423f37	FUN_00423f37	004240fd	Stack[-0x8]	READ		operand_index=1;primary=true;source=ANALYSIS
instruction	00423f37	FUN_00423f37	00424100	00424101	FALL_THROUGH	FUN_00423f37	bytes=51;mnemonic=PUSH;instruction=PUSH ECX;inputs=ESP,ECX,0x4;results=ESP;flows=;fallthrough=00424101
instruction	00423f37	FUN_00423f37	00424101	00424106	UNCONDITIONAL_CALL	FUN_00423f37	bytes=E896A81600;mnemonic=CALL;instruction=CALL 0x0058e99c;inputs=ESP,0x4,0x424106;results=ESP;flows=0058e99c;fallthrough=00424106
instruction_reference	00423f37	FUN_00423f37	00424101	0058e99c	UNCONDITIONAL_CALL	closesocket	operand_index=0;primary=true;source=DEFAULT
instruction	00423f37	FUN_00423f37	00424106	00424109	FALL_THROUGH	FUN_00423f37	bytes=8B55D0;mnemonic=MOV;instruction=MOV EDX,dword ptr [EBP + -0x30];inputs=EBP,0xffffffd0;results=EDX;flows=;fallthrough=00424109
instruction_reference	00423f37	FUN_00423f37	00424106	Stack[-0x34]	READ		operand_index=1;primary=true;source=ANALYSIS
instruction	00423f37	FUN_00423f37	00424109	0042410f	FALL_THROUGH	FUN_00423f37	bytes=C70200000000;mnemonic=MOV;instruction=MOV dword ptr [EDX],0x0;inputs=0x0,EDX;results=;flows=;fallthrough=0042410f
instruction	00423f37	FUN_00423f37	0042410f	00424111	FALL_THROUGH	FUN_00423f37	bytes=33C0;mnemonic=XOR;instruction=XOR EAX,EAX;inputs=0x0,EAX,0x1,0xff;results=CF,EAX,PF,ZF,SF,OF;flows=;fallthrough=00424111
instruction	00423f37	FUN_00423f37	00424111		UNCONDITIONAL_JUMP	FUN_00423f37	bytes=EB2D;mnemonic=JMP;instruction=JMP 0x00424140;inputs=;results=;flows=00424140;fallthrough=
instruction_reference	00423f37	FUN_00423f37	00424111	00424140	UNCONDITIONAL_JUMP	LAB_00424140	operand_index=0;primary=true;source=DEFAULT
instruction	00423f37	FUN_00423f37	00424113	00424116	FALL_THROUGH	FUN_00423f37	bytes=8B45D0;mnemonic=MOV;instruction=MOV EAX,dword ptr [EBP + -0x30];inputs=EBP,0xffffffd0;results=EAX;flows=;fallthrough=00424116
instruction_reference	00423f37	FUN_00423f37	00424113	Stack[-0x34]	READ		operand_index=1;primary=true;source=ANALYSIS
instruction	00423f37	FUN_00423f37	00424116	00424119	FALL_THROUGH	FUN_00423f37	bytes=8B4DFC;mnemonic=MOV;instruction=MOV ECX,dword ptr [EBP + -0x4];inputs=0xfffffffc,EBP;results=ECX;flows=;fallthrough=00424119
instruction_reference	00423f37	FUN_00423f37	00424116	Stack[-0x8]	READ		operand_index=1;primary=true;source=ANALYSIS
instruction	00423f37	FUN_00423f37	00424119	0042411b	FALL_THROUGH	FUN_00423f37	bytes=8908;mnemonic=MOV;instruction=MOV dword ptr [EAX],ECX;inputs=EAX,ECX;results=;flows=;fallthrough=0042411b
instruction	00423f37	FUN_00423f37	0042411b	00424122	FALL_THROUGH	FUN_00423f37	bytes=C745E811F3111F;mnemonic=MOV;instruction=MOV dword ptr [EBP + -0x18],0x1f11f311;inputs=0x1f11f311,EBP,0xffffffe8;results=;flows=;fallthrough=00424122
instruction_reference	00423f37	FUN_00423f37	0042411b	Stack[-0x1c]	WRITE		operand_index=0;primary=true;source=ANALYSIS
instruction	00423f37	FUN_00423f37	00424122	00424124	FALL_THROUGH	FUN_00423f37	bytes=6A00;mnemonic=PUSH;instruction=PUSH 0x0;inputs=0x0,ESP,0x4;results=ESP;flows=;fallthrough=00424124
instruction	00423f37	FUN_00423f37	00424124	00424126	FALL_THROUGH	FUN_00423f37	bytes=6A04;mnemonic=PUSH;instruction=PUSH 0x4;inputs=ESP,0x4;results=ESP;flows=;fallthrough=00424126
instruction	00423f37	FUN_00423f37	00424126	00424129	FALL_THROUGH	FUN_00423f37	bytes=8D55E8;mnemonic=LEA;instruction=LEA EDX,[EBP + -0x18];inputs=EBP,0xffffffe8;results=EDX;flows=;fallthrough=00424129
instruction_reference	00423f37	FUN_00423f37	00424126	Stack[-0x1c]	DATA		operand_index=0;primary=true;source=ANALYSIS
instruction	00423f37	FUN_00423f37	00424129	0042412a	FALL_THROUGH	FUN_00423f37	bytes=52;mnemonic=PUSH;instruction=PUSH EDX;inputs=ESP,0x4,EDX;results=ESP;flows=;fallthrough=0042412a
instruction	00423f37	FUN_00423f37	0042412a	0042412d	FALL_THROUGH	FUN_00423f37	bytes=8B45FC;mnemonic=MOV;instruction=MOV EAX,dword ptr [EBP + -0x4];inputs=0xfffffffc,EBP;results=EAX;flows=;fallthrough=0042412d
instruction_reference	00423f37	FUN_00423f37	0042412a	Stack[-0x8]	READ		operand_index=1;primary=true;source=ANALYSIS
instruction	00423f37	FUN_00423f37	0042412d	0042412e	FALL_THROUGH	FUN_00423f37	bytes=50;mnemonic=PUSH;instruction=PUSH EAX;inputs=EAX,ESP,0x4;results=ESP;flows=;fallthrough=0042412e
instruction	00423f37	FUN_00423f37	0042412e	00424133	UNCONDITIONAL_CALL	FUN_00423f37	bytes=E899A81600;mnemonic=CALL;instruction=CALL 0x0058e9cc;inputs=ESP,0x424133,0x4;results=ESP;flows=0058e9cc;fallthrough=00424133
instruction_reference	00423f37	FUN_00423f37	0042412e	0058e9cc	UNCONDITIONAL_CALL	send	operand_index=0;primary=true;source=DEFAULT
instruction	00423f37	FUN_00423f37	00424133	00424136	FALL_THROUGH	FUN_00423f37	bytes=8B4DD0;mnemonic=MOV;instruction=MOV ECX,dword ptr [EBP + -0x30];inputs=EBP,0xffffffd0;results=ECX;flows=;fallthrough=00424136
instruction_reference	00423f37	FUN_00423f37	00424133	Stack[-0x34]	READ		operand_index=1;primary=true;source=ANALYSIS
instruction	00423f37	FUN_00423f37	00424136	0042413d	FALL_THROUGH	FUN_00423f37	bytes=C7411C01000000;mnemonic=MOV;instruction=MOV dword ptr [ECX + 0x1c],0x1;inputs=0x1,ECX,0x1c;results=;flows=;fallthrough=0042413d
instruction	00423f37	FUN_00423f37	0042413d	00424140	FALL_THROUGH	FUN_00423f37	bytes=8B45FC;mnemonic=MOV;instruction=MOV EAX,dword ptr [EBP + -0x4];inputs=0xfffffffc,EBP;results=EAX;flows=;fallthrough=00424140
instruction_reference	00423f37	FUN_00423f37	0042413d	Stack[-0x8]	READ		operand_index=1;primary=true;source=ANALYSIS
instruction	00423f37	FUN_00423f37	00424140	00424142	FALL_THROUGH	FUN_00423f37	bytes=8BE5;mnemonic=MOV;instruction=MOV ESP,EBP;inputs=EBP;results=ESP;flows=;fallthrough=00424142
instruction	00423f37	FUN_00423f37	00424142	00424143	FALL_THROUGH	FUN_00423f37	bytes=5D;mnemonic=POP;instruction=POP EBP;inputs=0x0,ESP,0x4;results=ESP,EBP;flows=;fallthrough=00424143
instruction	00423f37	FUN_00423f37	00424143		TERMINATOR	FUN_00423f37	bytes=C21000;mnemonic=RET;instruction=RET 0x10;inputs=ESP,0x10,0x4;results=ESP,EIP;flows=;fallthrough=
instruction_search	00423f37	FUN_00423f37	00423f37	00423f37	instructions	FUN_00423f37	instructions=161;references=92;body_min=00423f37;body_max=00424145
function	00424337	FUN_00424337			unknown		undefined FUN_00424337(void)
callee	00424337	FUN_00424337	00424337	EXTERNAL:00000071	call	MessageBoxA	
callee	00424337	FUN_00424337	00424337	00423d7a	call	FUN_00423d7a	
callee	00424337	FUN_00424337	00424337	0058e99c	call	closesocket	
callee	00424337	FUN_00424337	00424337	0058e9a8	call	WSAAsyncSelect	
callee	00424337	FUN_00424337	00424337	0058e9b4	call	bind	
callee	00424337	FUN_00424337	00424337	0058e9ba	call	htons	
callee	00424337	FUN_00424337	00424337	0058e9c6	call	socket	
callee	00424337	FUN_00424337	00424337	0058e9d8	call	connect	
callee	00424337	FUN_00424337	00424337	0058e9de	call	inet_addr	
callee	00424337	FUN_00424337	00424337	0058f078	call	FUN_0058f078	
reference	00424337	FUN_00424337	004243c8	005ccf90	READ	DAT_005ccf90	0x0
reference	00424337	FUN_00424337	004243f2	005ccf90	READ	DAT_005ccf90	0x0
reference	00424337	FUN_00424337	004243fb	005ccf90	WRITE	DAT_005ccf90	0x0
reference	00424337	FUN_00424337	00424401	005ccf90	READ	DAT_005ccf90	0x0
reference	00424337	FUN_00424337	0042442d	005b1ff4	DATA	s_ERROR_005b1ff4	ERROR
reference	00424337	FUN_00424337	00424432	005b1ffc	DATA	s_Binding_fail_005b1ffc	Binding fail
reference	00424337	FUN_00424337	00424439	005a3284	READ	PTR_MessageBoxA_005a3284	001b00cc
reference	00424337	FUN_00424337	0042444f	005ccf90	READ	DAT_005ccf90	0x0
reference	00424337	FUN_00424337	0042448a	005b200c	DATA	s_sock:%d_ip:%d.%d.%d.%d_port:%d-%_005b200c	sock:%d ip:%d.%d.%d.%d port:%d-%d
reference	00424337	FUN_00424337	0042449e	005ccf90	READ	DAT_005ccf90	0x0
reference	00424337	FUN_00424337	004244a7	005ccf90	WRITE	DAT_005ccf90	0x0
reference	00424337	FUN_00424337	00424518	005b2030	DATA	s_sock:%d_ip:%d.%d.%d.%d_port:%d-%_005b2030	sock:%d ip:%d.%d.%d.%d port:%d-%d
reference	00424337	FUN_00424337	00424580	005b2054	DATA	s_sock:%d_ip:%d.%d.%d.%d_port:%d-%_005b2054	sock:%d ip:%d.%d.%d.%d port:%d-%d
reference	00424337	FUN_00424337	0042459a	013b7210	READ	DAT_013b7210	0x0
instruction	00424337	FUN_00424337	00424337	00424338	FALL_THROUGH	FUN_00424337	bytes=55;mnemonic=PUSH;instruction=PUSH EBP;inputs=ESP,EBP,0x4;results=ESP;flows=;fallthrough=00424338
instruction	00424337	FUN_00424337	00424338	0042433a	FALL_THROUGH	FUN_00424337	bytes=8BEC;mnemonic=MOV;instruction=MOV EBP,ESP;inputs=ESP;results=EBP;flows=;fallthrough=0042433a
instruction	00424337	FUN_00424337	0042433a	00424340	FALL_THROUGH	FUN_00424337	bytes=81EC28010000;mnemonic=SUB;instruction=SUB ESP,0x128;inputs=ESP,0x0,0x1,0x128,0xff;results=CF,ESP,PF,ZF,SF,OF;flows=;fallthrough=00424340
instruction	00424337	FUN_00424337	00424340	00424346	FALL_THROUGH	FUN_00424337	bytes=898DD8FEFFFF;mnemonic=MOV;instruction=MOV dword ptr [EBP + 0xfffffed8],ECX;inputs=EBP,ECX,0xfffffed8;results=;flows=;fallthrough=00424346
instruction_reference	00424337	FUN_00424337	00424340	Stack[-0x12c]	WRITE		operand_index=0;primary=true;source=ANALYSIS
instruction	00424337	FUN_00424337	00424346	0042434c	FALL_THROUGH	FUN_00424337	bytes=8B85D8FEFFFF;mnemonic=MOV;instruction=MOV EAX,dword ptr [EBP + 0xfffffed8];inputs=EBP,0xfffffed8;results=EAX;flows=;fallthrough=0042434c
instruction_reference	00424337	FUN_00424337	00424346	Stack[-0x12c]	READ		operand_index=1;primary=true;source=ANALYSIS
instruction	00424337	FUN_00424337	0042434c	00424353	FALL_THROUGH	FUN_00424337	bytes=C7401000000000;mnemonic=MOV;instruction=MOV dword ptr [EAX + 0x10],0x0;inputs=EAX,0x10,0x0;results=;flows=;fallthrough=00424353
instruction	00424337	FUN_00424337	00424353	00424359	FALL_THROUGH	FUN_00424337	bytes=8B8DD8FEFFFF;mnemonic=MOV;instruction=MOV ECX,dword ptr [EBP + 0xfffffed8];inputs=EBP,0xfffffed8;results=ECX;flows=;fallthrough=00424359
instruction_reference	00424337	FUN_00424337	00424353	Stack[-0x12c]	READ		operand_index=1;primary=true;source=ANALYSIS
instruction	00424337	FUN_00424337	00424359	00424360	FALL_THROUGH	FUN_00424337	bytes=C7410C00000000;mnemonic=MOV;instruction=MOV dword ptr [ECX + 0xc],0x0;inputs=0x0,ECX,0xc;results=;flows=;fallthrough=00424360
instruction	00424337	FUN_00424337	00424360	00424366	FALL_THROUGH	FUN_00424337	bytes=8B95D8FEFFFF;mnemonic=MOV;instruction=MOV EDX,dword ptr [EBP + 0xfffffed8];inputs=EBP,0xfffffed8;results=EDX;flows=;fallthrough=00424366
instruction_reference	00424337	FUN_00424337	00424360	Stack[-0x12c]	READ		operand_index=1;primary=true;source=ANALYSIS
instruction	00424337	FUN_00424337	00424366	0042436d	FALL_THROUGH	FUN_00424337	bytes=C7421400000000;mnemonic=MOV;instruction=MOV dword ptr [EDX + 0x14],0x0;inputs=0x0,0x14,EDX;results=;flows=;fallthrough=0042436d
instruction	00424337	FUN_00424337	0042436d	00424373	FALL_THROUGH	FUN_00424337	bytes=8B85D8FEFFFF;mnemonic=MOV;instruction=MOV EAX,dword ptr [EBP + 0xfffffed8];inputs=EBP,0xfffffed8;results=EAX;flows=;fallthrough=00424373
instruction_reference	00424337	FUN_00424337	0042436d	Stack[-0x12c]	READ		operand_index=1;primary=true;source=ANALYSIS
instruction	00424337	FUN_00424337	00424373	00424376	FALL_THROUGH	FUN_00424337	bytes=833800;mnemonic=CMP;instruction=CMP dword ptr [EAX],0x0;inputs=EAX,0x0,0x1,0xff;results=CF,PF,ZF,SF,OF;flows=;fallthrough=00424376
instruction	00424337	FUN_00424337	00424376	00424378	CONDITIONAL_JUMP	FUN_00424337	bytes=740B;mnemonic=JZ;instruction=JZ 0x00424383;inputs=ZF;results=;flows=00424383;fallthrough=00424378
instruction_reference	00424337	FUN_00424337	00424376	00424383	CONDITIONAL_JUMP	LAB_00424383	operand_index=0;primary=true;source=DEFAULT
instruction	00424337	FUN_00424337	00424378	0042437e	FALL_THROUGH	FUN_00424337	bytes=8B8DD8FEFFFF;mnemonic=MOV;instruction=MOV ECX,dword ptr [EBP + 0xfffffed8];inputs=EBP,0xfffffed8;results=ECX;flows=;fallthrough=0042437e
instruction_reference	00424337	FUN_00424337	00424378	Stack[-0x12c]	READ		operand_index=1;primary=true;source=ANALYSIS
instruction	00424337	FUN_00424337	0042437e	00424383	UNCONDITIONAL_CALL	FUN_00424337	bytes=E8F7F9FFFF;mnemonic=CALL;instruction=CALL 0x00423d7a;inputs=ESP,0x424383,0x4;results=ESP;flows=00423d7a;fallthrough=00424383
instruction_reference	00424337	FUN_00424337	0042437e	00423d7a	UNCONDITIONAL_CALL	FUN_00423d7a	operand_index=0;primary=true;source=DEFAULT
instruction	00424337	FUN_00424337	00424383	00424385	FALL_THROUGH	FUN_00424337	bytes=6A00;mnemonic=PUSH;instruction=PUSH 0x0;inputs=0x0,ESP,0x4;results=ESP;flows=;fallthrough=00424385
instruction	00424337	FUN_00424337	00424385	00424387	FALL_THROUGH	FUN_00424337	bytes=6A01;mnemonic=PUSH;instruction=PUSH 0x1;inputs=ESP,0x1,0x4;results=ESP;flows=;fallthrough=00424387
instruction	00424337	FUN_00424337	00424387	00424389	FALL_THROUGH	FUN_00424337	bytes=6A02;mnemonic=PUSH;instruction=PUSH 0x2;inputs=ESP,0x2,0x4;results=ESP;flows=;fallthrough=00424389
instruction	00424337	FUN_00424337	00424389	0042438e	UNCONDITIONAL_CALL	FUN_00424337	bytes=E838A61600;mnemonic=CALL;instruction=CALL 0x0058e9c6;inputs=ESP,0x4,0x42438e;results=ESP;flows=0058e9c6;fallthrough=0042438e
instruction_reference	00424337	FUN_00424337	00424389	0058e9c6	UNCONDITIONAL_CALL	socket	operand_index=0;primary=true;source=DEFAULT
instruction	00424337	FUN_00424337	0042438e	00424391	FALL_THROUGH	FUN_00424337	bytes=8945FC;mnemonic=MOV;instruction=MOV dword ptr [EBP + -0x4],EAX;inputs=EAX,0xfffffffc,EBP;results=;flows=;fallthrough=00424391
instruction_reference	00424337	FUN_00424337	0042438e	Stack[-0x8]	WRITE		operand_index=0;primary=true;source=ANALYSIS
instruction	00424337	FUN_00424337	00424391	00424395	FALL_THROUGH	FUN_00424337	bytes=837DFCFF;mnemonic=CMP;instruction=CMP dword ptr [EBP + -0x4],-0x1;inputs=0xffffffff,0x0,0x1,0xfffffffc,EBP,0xff;results=CF,PF,ZF,SF,OF;flows=;fallthrough=00424395
instruction_reference	00424337	FUN_00424337	00424391	Stack[-0x8]	READ		operand_index=0;primary=true;source=ANALYSIS
instruction	00424337	FUN_00424337	00424395	00424397	CONDITIONAL_JUMP	FUN_00424337	bytes=7507;mnemonic=JNZ;instruction=JNZ 0x0042439e;inputs=ZF;results=;flows=0042439e;fallthrough=00424397
instruction_reference	00424337	FUN_00424337	00424395	0042439e	CONDITIONAL_JUMP	LAB_0042439e	operand_index=0;primary=true;source=DEFAULT
instruction	00424337	FUN_00424337	00424397	00424399	FALL_THROUGH	FUN_00424337	bytes=33C0;mnemonic=XOR;instruction=XOR EAX,EAX;inputs=0x0,EAX,0x1,0xff;results=CF,EAX,PF,ZF,SF,OF;flows=;fallthrough=00424399
instruction	00424337	FUN_00424337	00424399		UNCONDITIONAL_JUMP	FUN_00424337	bytes=E937020000;mnemonic=JMP;instruction=JMP 0x004245d5;inputs=;results=;flows=004245d5;fallthrough=
instruction_reference	00424337	FUN_00424337	00424399	004245d5	UNCONDITIONAL_JUMP	LAB_004245d5	operand_index=0;primary=true;source=DEFAULT
instruction	00424337	FUN_00424337	0042439e	004243a4	FALL_THROUGH	FUN_00424337	bytes=66C745EC0200;mnemonic=MOV;instruction=MOV word ptr [EBP + -0x14],0x2;inputs=0x2,0xffffffec,EBP;results=;flows=;fallthrough=004243a4
instruction_reference	00424337	FUN_00424337	0042439e	Stack[-0x18]	WRITE		operand_index=0;primary=true;source=ANALYSIS
instruction	00424337	FUN_00424337	004243a4	004243a7	FALL_THROUGH	FUN_00424337	bytes=8B4D10;mnemonic=MOV;instruction=MOV ECX,dword ptr [EBP + 0x10];inputs=0x10,EBP;results=ECX;flows=;fallthrough=004243a7
instruction_reference	00424337	FUN_00424337	004243a4	Stack[0xc]	READ		operand_index=1;primary=true;source=ANALYSIS
instruction	00424337	FUN_00424337	004243a7	004243aa	FALL_THROUGH	FUN_00424337	bytes=894DF0;mnemonic=MOV;instruction=MOV dword ptr [EBP + -0x10],ECX;inputs=EBP,ECX,0xfffffff0;results=;flows=;fallthrough=004243aa
instruction_reference	00424337	FUN_00424337	004243a7	Stack[-0x14]	WRITE		operand_index=0;primary=true;source=ANALYSIS
instruction	00424337	FUN_00424337	004243aa	004243b0	FALL_THROUGH	FUN_00424337	bytes=66C745EE0000;mnemonic=MOV;instruction=MOV word ptr [EBP + -0x12],0x0;inputs=0x0,0xffffffee,EBP;results=;flows=;fallthrough=004243b0
instruction_reference	00424337	FUN_00424337	004243aa	Stack[-0x16]	WRITE		operand_index=0;primary=true;source=ANALYSIS
instruction	00424337	FUN_00424337	004243b0	004243b2	FALL_THROUGH	FUN_00424337	bytes=6A10;mnemonic=PUSH;instruction=PUSH 0x10;inputs=0x10,ESP,0x4;results=ESP;flows=;fallthrough=004243b2
instruction	00424337	FUN_00424337	004243b2	004243b5	FALL_THROUGH	FUN_00424337	bytes=8D55EC;mnemonic=LEA;instruction=LEA EDX,[EBP + -0x14];inputs=0xffffffec,EBP;results=EDX;flows=;fallthrough=004243b5
instruction_reference	00424337	FUN_00424337	004243b2	Stack[-0x18]	DATA		operand_index=0;primary=true;source=ANALYSIS
instruction	00424337	FUN_00424337	004243b5	004243b6	FALL_THROUGH	FUN_00424337	bytes=52;mnemonic=PUSH;instruction=PUSH EDX;inputs=ESP,0x4,EDX;results=ESP;flows=;fallthrough=004243b6
instruction	00424337	FUN_00424337	004243b6	004243b9	FALL_THROUGH	FUN_00424337	bytes=8B45FC;mnemonic=MOV;instruction=MOV EAX,dword ptr [EBP + -0x4];inputs=0xfffffffc,EBP;results=EAX;flows=;fallthrough=004243b9
instruction_reference	00424337	FUN_00424337	004243b6	Stack[-0x8]	READ		operand_index=1;primary=true;source=ANALYSIS
instruction	00424337	FUN_00424337	004243b9	004243ba	FALL_THROUGH	FUN_00424337	bytes=50;mnemonic=PUSH;instruction=PUSH EAX;inputs=EAX,ESP,0x4;results=ESP;flows=;fallthrough=004243ba
instruction	00424337	FUN_00424337	004243ba	004243bf	UNCONDITIONAL_CALL	FUN_00424337	bytes=E8F5A51600;mnemonic=CALL;instruction=CALL 0x0058e9b4;inputs=ESP,0x4,0x4243bf;results=ESP;flows=0058e9b4;fallthrough=004243bf
instruction_reference	00424337	FUN_00424337	004243ba	0058e9b4	UNCONDITIONAL_CALL	bind	operand_index=0;primary=true;source=DEFAULT
instruction	00424337	FUN_00424337	004243bf	004243c2	FALL_THROUGH	FUN_00424337	bytes=83F8FF;mnemonic=CMP;instruction=CMP EAX,-0x1;inputs=EAX,0xffffffff,0x0,0x1,0xff;results=CF,PF,ZF,SF,OF;flows=;fallthrough=004243c2
instruction	00424337	FUN_00424337	004243c2	004243c8	CONDITIONAL_JUMP	FUN_00424337	bytes=0F8587000000;mnemonic=JNZ;instruction=JNZ 0x0042444f;inputs=ZF;results=;flows=0042444f;fallthrough=004243c8
instruction_reference	00424337	FUN_00424337	004243c2	0042444f	CONDITIONAL_JUMP	LAB_0042444f	operand_index=0;primary=true;source=DEFAULT
instruction	00424337	FUN_00424337	004243c8	004243ce	FALL_THROUGH	FUN_00424337	bytes=8B0D90CF5C00;mnemonic=MOV;instruction=MOV ECX,dword ptr [0x005ccf90];inputs=005ccf90;results=ECX;flows=;fallthrough=004243ce
instruction_reference	00424337	FUN_00424337	004243c8	005ccf90	READ	DAT_005ccf90	operand_index=1;primary=true;source=DEFAULT
instruction	00424337	FUN_00424337	004243ce	004243d4	FALL_THROUGH	FUN_00424337	bytes=81C170170000;mnemonic=ADD;instruction=ADD ECX,0x1770;inputs=0x1770,0x0,0x1,ECX,0xff;results=CF,PF,ECX,ZF,SF,OF;flows=;fallthrough=004243d4
instruction	00424337	FUN_00424337	004243d4	004243d5	FALL_THROUGH	FUN_00424337	bytes=51;mnemonic=PUSH;instruction=PUSH ECX;inputs=ESP,ECX,0x4;results=ESP;flows=;fallthrough=004243d5
instruction	00424337	FUN_00424337	004243d5	004243da	UNCONDITIONAL_CALL	FUN_00424337	bytes=E8E0A51600;mnemonic=CALL;instruction=CALL 0x0058e9ba;inputs=ESP,0x4,0x4243da;results=ESP;flows=0058e9ba;fallthrough=004243da
instruction_reference	00424337	FUN_00424337	004243d5	0058e9ba	UNCONDITIONAL_CALL	htons	operand_index=0;primary=true;source=DEFAULT
instruction	00424337	FUN_00424337	004243da	004243de	FALL_THROUGH	FUN_00424337	bytes=668945EE;mnemonic=MOV;instruction=MOV word ptr [EBP + -0x12],AX;inputs=AX,0xffffffee,EBP;results=;flows=;fallthrough=004243de
instruction_reference	00424337	FUN_00424337	004243da	Stack[-0x16]	WRITE		operand_index=0;primary=true;source=ANALYSIS
instruction	00424337	FUN_00424337	004243de	004243e0	FALL_THROUGH	FUN_00424337	bytes=6A10;mnemonic=PUSH;instruction=PUSH 0x10;inputs=0x10,ESP,0x4;results=ESP;flows=;fallthrough=004243e0
instruction	00424337	FUN_00424337	004243e0	004243e3	FALL_THROUGH	FUN_00424337	bytes=8D55EC;mnemonic=LEA;instruction=LEA EDX,[EBP + -0x14];inputs=0xffffffec,EBP;results=EDX;flows=;fallthrough=004243e3
instruction_reference	00424337	FUN_00424337	004243e0	Stack[-0x18]	DATA		operand_index=0;primary=true;source=ANALYSIS
instruction	00424337	FUN_00424337	004243e3	004243e4	FALL_THROUGH	FUN_00424337	bytes=52;mnemonic=PUSH;instruction=PUSH EDX;inputs=ESP,0x4,EDX;results=ESP;flows=;fallthrough=004243e4
instruction	00424337	FUN_00424337	004243e4	004243e7	FALL_THROUGH	FUN_00424337	bytes=8B45FC;mnemonic=MOV;instruction=MOV EAX,dword ptr [EBP + -0x4];inputs=0xfffffffc,EBP;results=EAX;flows=;fallthrough=004243e7
instruction_reference	00424337	FUN_00424337	004243e4	Stack[-0x8]	READ		operand_index=1;primary=true;source=ANALYSIS
instruction	00424337	FUN_00424337	004243e7	004243e8	FALL_THROUGH	FUN_00424337	bytes=50;mnemonic=PUSH;instruction=PUSH EAX;inputs=EAX,ESP,0x4;results=ESP;flows=;fallthrough=004243e8
instruction	00424337	FUN_00424337	004243e8	004243ed	UNCONDITIONAL_CALL	FUN_00424337	bytes=E8C7A51600;mnemonic=CALL;instruction=CALL 0x0058e9b4;inputs=ESP,0x4,0x4243ed;results=ESP;flows=0058e9b4;fallthrough=004243ed
instruction_reference	00424337	FUN_00424337	004243e8	0058e9b4	UNCONDITIONAL_CALL	bind	operand_index=0;primary=true;source=DEFAULT
instruction	00424337	FUN_00424337	004243ed	004243f0	FALL_THROUGH	FUN_00424337	bytes=83F8FF;mnemonic=CMP;instruction=CMP EAX,-0x1;inputs=EAX,0xffffffff,0x0,0x1,0xff;results=CF,PF,ZF,SF,OF;flows=;fallthrough=004243f0
instruction	00424337	FUN_00424337	004243f0	004243f2	CONDITIONAL_JUMP	FUN_00424337	bytes=755D;mnemonic=JNZ;instruction=JNZ 0x0042444f;inputs=ZF;results=;flows=0042444f;fallthrough=004243f2
instruction_reference	00424337	FUN_00424337	004243f0	0042444f	CONDITIONAL_JUMP	LAB_0042444f	operand_index=0;primary=true;source=DEFAULT
instruction	00424337	FUN_00424337	004243f2	004243f8	FALL_THROUGH	FUN_00424337	bytes=8B0D90CF5C00;mnemonic=MOV;instruction=MOV ECX,dword ptr [0x005ccf90];inputs=005ccf90;results=ECX;flows=;fallthrough=004243f8
instruction_reference	00424337	FUN_00424337	004243f2	005ccf90	READ	DAT_005ccf90	operand_index=1;primary=true;source=DEFAULT
instruction	00424337	FUN_00424337	004243f8	004243fb	FALL_THROUGH	FUN_00424337	bytes=83C10A;mnemonic=ADD;instruction=ADD ECX,0xa;inputs=0x0,0x1,ECX,0xa,0xff;results=CF,PF,ECX,ZF,SF,OF;flows=;fallthrough=004243fb
instruction	00424337	FUN_00424337	004243fb	00424401	FALL_THROUGH	FUN_00424337	bytes=890D90CF5C00;mnemonic=MOV;instruction=MOV dword ptr [0x005ccf90],ECX;inputs=ECX;results=005ccf90;flows=;fallthrough=00424401
instruction_reference	00424337	FUN_00424337	004243fb	005ccf90	WRITE	DAT_005ccf90	operand_index=0;primary=true;source=DEFAULT
instruction	00424337	FUN_00424337	00424401	00424407	FALL_THROUGH	FUN_00424337	bytes=8B1590CF5C00;mnemonic=MOV;instruction=MOV EDX,dword ptr [0x005ccf90];inputs=005ccf90;results=EDX;flows=;fallthrough=00424407
instruction_reference	00424337	FUN_00424337	00424401	005ccf90	READ	DAT_005ccf90	operand_index=1;primary=true;source=DEFAULT
instruction	00424337	FUN_00424337	00424407	0042440d	FALL_THROUGH	FUN_00424337	bytes=81C270170000;mnemonic=ADD;instruction=ADD EDX,0x1770;inputs=0x1770,0x0,0x1,EDX,0xff;results=CF,PF,ZF,SF,EDX,OF;flows=;fallthrough=0042440d
instruction	00424337	FUN_00424337	0042440d	0042440e	FALL_THROUGH	FUN_00424337	bytes=52;mnemonic=PUSH;instruction=PUSH EDX;inputs=ESP,0x4,EDX;results=ESP;flows=;fallthrough=0042440e
instruction	00424337	FUN_00424337	0042440e	00424413	UNCONDITIONAL_CALL	FUN_00424337	bytes=E8A7A51600;mnemonic=CALL;instruction=CALL 0x0058e9ba;inputs=ESP,0x424413,0x4;results=ESP;flows=0058e9ba;fallthrough=00424413
instruction_reference	00424337	FUN_00424337	0042440e	0058e9ba	UNCONDITIONAL_CALL	htons	operand_index=0;primary=true;source=DEFAULT
instruction	00424337	FUN_00424337	00424413	00424417	FALL_THROUGH	FUN_00424337	bytes=668945EE;mnemonic=MOV;instruction=MOV word ptr [EBP + -0x12],AX;inputs=AX,0xffffffee,EBP;results=;flows=;fallthrough=00424417
instruction_reference	00424337	FUN_00424337	00424413	Stack[-0x16]	WRITE		operand_index=0;primary=true;source=ANALYSIS
instruction	00424337	FUN_00424337	00424417	00424419	FALL_THROUGH	FUN_00424337	bytes=6A10;mnemonic=PUSH;instruction=PUSH 0x10;inputs=0x10,ESP,0x4;results=ESP;flows=;fallthrough=00424419
instruction	00424337	FUN_00424337	00424419	0042441c	FALL_THROUGH	FUN_00424337	bytes=8D45EC;mnemonic=LEA;instruction=LEA EAX,[EBP + -0x14];inputs=0xffffffec,EBP;results=EAX;flows=;fallthrough=0042441c
instruction_reference	00424337	FUN_00424337	00424419	Stack[-0x18]	DATA		operand_index=0;primary=true;source=ANALYSIS
instruction	00424337	FUN_00424337	0042441c	0042441d	FALL_THROUGH	FUN_00424337	bytes=50;mnemonic=PUSH;instruction=PUSH EAX;inputs=EAX,ESP,0x4;results=ESP;flows=;fallthrough=0042441d
instruction	00424337	FUN_00424337	0042441d	00424420	FALL_THROUGH	FUN_00424337	bytes=8B4DFC;mnemonic=MOV;instruction=MOV ECX,dword ptr [EBP + -0x4];inputs=0xfffffffc,EBP;results=ECX;flows=;fallthrough=00424420
instruction_reference	00424337	FUN_00424337	0042441d	Stack[-0x8]	READ		operand_index=1;primary=true;source=ANALYSIS
instruction	00424337	FUN_00424337	00424420	00424421	FALL_THROUGH	FUN_00424337	bytes=51;mnemonic=PUSH;instruction=PUSH ECX;inputs=ESP,ECX,0x4;results=ESP;flows=;fallthrough=00424421
instruction	00424337	FUN_00424337	00424421	00424426	UNCONDITIONAL_CALL	FUN_00424337	bytes=E88EA51600;mnemonic=CALL;instruction=CALL 0x0058e9b4;inputs=ESP,0x4,0x424426;results=ESP;flows=0058e9b4;fallthrough=00424426
instruction_reference	00424337	FUN_00424337	00424421	0058e9b4	UNCONDITIONAL_CALL	bind	operand_index=0;primary=true;source=DEFAULT
instruction	00424337	FUN_00424337	00424426	00424429	FALL_THROUGH	FUN_00424337	bytes=83F8FF;mnemonic=CMP;instruction=CMP EAX,-0x1;inputs=EAX,0xffffffff,0x0,0x1,0xff;results=CF,PF,ZF,SF,OF;flows=;fallthrough=00424429
instruction	00424337	FUN_00424337	00424429	0042442b	CONDITIONAL_JUMP	FUN_00424337	bytes=7524;mnemonic=JNZ;instruction=JNZ 0x0042444f;inputs=ZF;results=;flows=0042444f;fallthrough=0042442b
instruction_reference	00424337	FUN_00424337	00424429	0042444f	CONDITIONAL_JUMP	LAB_0042444f	operand_index=0;primary=true;source=DEFAULT
instruction	00424337	FUN_00424337	0042442b	0042442d	FALL_THROUGH	FUN_00424337	bytes=6A00;mnemonic=PUSH;instruction=PUSH 0x0;inputs=0x0,ESP,0x4;results=ESP;flows=;fallthrough=0042442d
instruction	00424337	FUN_00424337	0042442d	00424432	FALL_THROUGH	FUN_00424337	bytes=68F41F5B00;mnemonic=PUSH;instruction=PUSH 0x5b1ff4;inputs=ESP,0x4,0x5b1ff4;results=ESP;flows=;fallthrough=00424432
instruction_reference	00424337	FUN_00424337	0042442d	005b1ff4	DATA	s_ERROR_005b1ff4	operand_index=0;primary=true;source=ANALYSIS
instruction	00424337	FUN_00424337	00424432	00424437	FALL_THROUGH	FUN_00424337	bytes=68FC1F5B00;mnemonic=PUSH;instruction=PUSH 0x5b1ffc;inputs=ESP,0x4,0x5b1ffc;results=ESP;flows=;fallthrough=00424437
instruction_reference	00424337	FUN_00424337	00424432	005b1ffc	DATA	s_Binding_fail_005b1ffc	operand_index=0;primary=true;source=ANALYSIS
instruction	00424337	FUN_00424337	00424437	00424439	FALL_THROUGH	FUN_00424337	bytes=6A00;mnemonic=PUSH;instruction=PUSH 0x0;inputs=0x0,ESP,0x4;results=ESP;flows=;fallthrough=00424439
instruction	00424337	FUN_00424337	00424439	0042443f	COMPUTED_CALL	FUN_00424337	bytes=FF1584325A00;mnemonic=CALL;instruction=CALL dword ptr [0x005a3284];inputs=ESP,005a3284,0x4,0x42443f;results=ESP;flows=EXTERNAL:00000071;fallthrough=0042443f
instruction_reference	00424337	FUN_00424337	00424439	005a3284	READ	PTR_MessageBoxA_005a3284	operand_index=0;primary=true;source=DEFAULT
instruction_reference	00424337	FUN_00424337	00424439	EXTERNAL:00000071	COMPUTED_CALL	MessageBoxA	operand_index=-1;primary=true;source=ANALYSIS
instruction	00424337	FUN_00424337	0042443f	00424442	FALL_THROUGH	FUN_00424337	bytes=8B55FC;mnemonic=MOV;instruction=MOV EDX,dword ptr [EBP + -0x4];inputs=0xfffffffc,EBP;results=EDX;flows=;fallthrough=00424442
instruction_reference	00424337	FUN_00424337	0042443f	Stack[-0x8]	READ		operand_index=1;primary=true;source=ANALYSIS
instruction	00424337	FUN_00424337	00424442	00424443	FALL_THROUGH	FUN_00424337	bytes=52;mnemonic=PUSH;instruction=PUSH EDX;inputs=ESP,0x4,EDX;results=ESP;flows=;fallthrough=00424443
instruction	00424337	FUN_00424337	00424443	00424448	UNCONDITIONAL_CALL	FUN_00424337	bytes=E854A51600;mnemonic=CALL;instruction=CALL 0x0058e99c;inputs=ESP,0x4,0x424448;results=ESP;flows=0058e99c;fallthrough=00424448
instruction_reference	00424337	FUN_00424337	00424443	0058e99c	UNCONDITIONAL_CALL	closesocket	operand_index=0;primary=true;source=DEFAULT
instruction	00424337	FUN_00424337	00424448	0042444a	FALL_THROUGH	FUN_00424337	bytes=33C0;mnemonic=XOR;instruction=XOR EAX,EAX;inputs=0x0,EAX,0x1,0xff;results=CF,EAX,PF,ZF,SF,OF;flows=;fallthrough=0042444a
instruction	00424337	FUN_00424337	0042444a		UNCONDITIONAL_JUMP	FUN_00424337	bytes=E986010000;mnemonic=JMP;instruction=JMP 0x004245d5;inputs=;results=;flows=004245d5;fallthrough=
instruction_reference	00424337	FUN_00424337	0042444a	004245d5	UNCONDITIONAL_JUMP	LAB_004245d5	operand_index=0;primary=true;source=DEFAULT
instruction	00424337	FUN_00424337	0042444f	00424454	FALL_THROUGH	FUN_00424337	bytes=A190CF5C00;mnemonic=MOV;instruction=MOV EAX,[0x005ccf90];inputs=005ccf90;results=EAX;flows=;fallthrough=00424454
instruction_reference	00424337	FUN_00424337	0042444f	005ccf90	READ	DAT_005ccf90	operand_index=1;primary=true;source=DEFAULT
instruction	00424337	FUN_00424337	00424454	00424455	FALL_THROUGH	FUN_00424337	bytes=50;mnemonic=PUSH;instruction=PUSH EAX;inputs=EAX,ESP,0x4;results=ESP;flows=;fallthrough=00424455
instruction	00424337	FUN_00424337	00424455	00424458	FALL_THROUGH	FUN_00424337	bytes=8B4DEE;mnemonic=MOV;instruction=MOV ECX,dword ptr [EBP + -0x12];inputs=0xffffffee,EBP;results=ECX;flows=;fallthrough=00424458
instruction_reference	00424337	FUN_00424337	00424455	Stack[-0x16]	READ		operand_index=1;primary=true;source=ANALYSIS
instruction	00424337	FUN_00424337	00424458	0042445e	FALL_THROUGH	FUN_00424337	bytes=81E1FFFF0000;mnemonic=AND;instruction=AND ECX,0xffff;inputs=0x0,0x1,ECX,0xffff,0xff;results=CF,PF,ECX,ZF,SF,OF;flows=;fallthrough=0042445e
instruction	00424337	FUN_00424337	0042445e	0042445f	FALL_THROUGH	FUN_00424337	bytes=51;mnemonic=PUSH;instruction=PUSH ECX;inputs=ESP,ECX,0x4;results=ESP;flows=;fallthrough=0042445f
instruction	00424337	FUN_00424337	0042445f	00424462	FALL_THROUGH	FUN_00424337	bytes=8B55F3;mnemonic=MOV;instruction=MOV EDX,dword ptr [EBP + -0xd];inputs=EBP,0xfffffff3;results=EDX;flows=;fallthrough=00424462
instruction_reference	00424337	FUN_00424337	0042445f	Stack[-0x11]	READ		operand_index=1;primary=true;source=ANALYSIS
instruction	00424337	FUN_00424337	00424462	00424468	FALL_THROUGH	FUN_00424337	bytes=81E2FF000000;mnemonic=AND;instruction=AND EDX,0xff;inputs=0x0,0x1,EDX,0xff;results=CF,PF,ZF,SF,EDX,OF;flows=;fallthrough=00424468
instruction	00424337	FUN_00424337	00424468	00424469	FALL_THROUGH	FUN_00424337	bytes=52;mnemonic=PUSH;instruction=PUSH EDX;inputs=ESP,0x4,EDX;results=ESP;flows=;fallthrough=00424469
instruction	00424337	FUN_00424337	00424469	0042446c	FALL_THROUGH	FUN_00424337	bytes=8B45F2;mnemonic=MOV;instruction=MOV EAX,dword ptr [EBP + -0xe];inputs=EBP,0xfffffff2;results=EAX;flows=;fallthrough=0042446c
instruction_reference	00424337	FUN_00424337	00424469	Stack[-0x12]	READ		operand_index=1;primary=true;source=ANALYSIS
instruction	00424337	FUN_00424337	0042446c	00424471	FALL_THROUGH	FUN_00424337	bytes=25FF000000;mnemonic=AND;instruction=AND EAX,0xff;inputs=0x0,EAX,0x1,0xff;results=CF,EAX,PF,ZF,SF,OF;flows=;fallthrough=00424471
instruction	00424337	FUN_00424337	00424471	00424472	FALL_THROUGH	FUN_00424337	bytes=50;mnemonic=PUSH;instruction=PUSH EAX;inputs=EAX,ESP,0x4;results=ESP;flows=;fallthrough=00424472
instruction	00424337	FUN_00424337	00424472	00424475	FALL_THROUGH	FUN_00424337	bytes=8B4DF1;mnemonic=MOV;instruction=MOV ECX,dword ptr [EBP + -0xf];inputs=EBP,0xfffffff1;results=ECX;flows=;fallthrough=00424475
instruction_reference	00424337	FUN_00424337	00424472	Stack[-0x13]	READ		operand_index=1;primary=true;source=ANALYSIS
instruction	00424337	FUN_00424337	00424475	0042447b	FALL_THROUGH	FUN_00424337	bytes=81E1FF000000;mnemonic=AND;instruction=AND ECX,0xff;inputs=0x0,0x1,ECX,0xff;results=CF,PF,ECX,ZF,SF,OF;flows=;fallthrough=0042447b
instruction	00424337	FUN_00424337	0042447b	0042447c	FALL_THROUGH	FUN_00424337	bytes=51;mnemonic=PUSH;instruction=PUSH ECX;inputs=ESP,ECX,0x4;results=ESP;flows=;fallthrough=0042447c
instruction	00424337	FUN_00424337	0042447c	0042447f	FALL_THROUGH	FUN_00424337	bytes=8B55F0;mnemonic=MOV;instruction=MOV EDX,dword ptr [EBP + -0x10];inputs=EBP,0xfffffff0;results=EDX;flows=;fallthrough=0042447f
instruction_reference	00424337	FUN_00424337	0042447c	Stack[-0x14]	READ		operand_index=1;primary=true;source=ANALYSIS
instruction	00424337	FUN_00424337	0042447f	00424485	FALL_THROUGH	FUN_00424337	bytes=81E2FF000000;mnemonic=AND;instruction=AND EDX,0xff;inputs=0x0,0x1,EDX,0xff;results=CF,PF,ZF,SF,EDX,OF;flows=;fallthrough=00424485
instruction	00424337	FUN_00424337	00424485	00424486	FALL_THROUGH	FUN_00424337	bytes=52;mnemonic=PUSH;instruction=PUSH EDX;inputs=ESP,0x4,EDX;results=ESP;flows=;fallthrough=00424486
instruction	00424337	FUN_00424337	00424486	00424489	FALL_THROUGH	FUN_00424337	bytes=8B45FC;mnemonic=MOV;instruction=MOV EAX,dword ptr [EBP + -0x4];inputs=0xfffffffc,EBP;results=EAX;flows=;fallthrough=00424489
instruction_reference	00424337	FUN_00424337	00424486	Stack[-0x8]	READ		operand_index=1;primary=true;source=ANALYSIS
instruction	00424337	FUN_00424337	00424489	0042448a	FALL_THROUGH	FUN_00424337	bytes=50;mnemonic=PUSH;instruction=PUSH EAX;inputs=EAX,ESP,0x4;results=ESP;flows=;fallthrough=0042448a
instruction	00424337	FUN_00424337	0042448a	0042448f	FALL_THROUGH	FUN_00424337	bytes=680C205B00;mnemonic=PUSH;instruction=PUSH 0x5b200c;inputs=ESP,0x4,0x5b200c;results=ESP;flows=;fallthrough=0042448f
instruction_reference	00424337	FUN_00424337	0042448a	005b200c	DATA	s_sock:%d_ip:%d.%d.%d.%d_port:%d-%_005b200c	operand_index=0;primary=true;source=ANALYSIS
instruction	00424337	FUN_00424337	0042448f	00424495	FALL_THROUGH	FUN_00424337	bytes=8D8DDCFEFFFF;mnemonic=LEA;instruction=LEA ECX,[EBP + 0xfffffedc];inputs=0xfffffedc,EBP;results=ECX;flows=;fallthrough=00424495
instruction_reference	00424337	FUN_00424337	0042448f	Stack[-0x128]	DATA		operand_index=0;primary=true;source=ANALYSIS
instruction	00424337	FUN_00424337	00424495	00424496	FALL_THROUGH	FUN_00424337	bytes=51;mnemonic=PUSH;instruction=PUSH ECX;inputs=ESP,ECX,0x4;results=ESP;flows=;fallthrough=00424496
instruction	00424337	FUN_00424337	00424496	0042449b	UNCONDITIONAL_CALL	FUN_00424337	bytes=E8DDAB1600;mnemonic=CALL;instruction=CALL 0x0058f078;inputs=ESP,0x4,0x42449b;results=ESP;flows=0058f078;fallthrough=0042449b
instruction_reference	00424337	FUN_00424337	00424496	0058f078	UNCONDITIONAL_CALL	FUN_0058f078	operand_index=0;primary=true;source=DEFAULT
instruction	00424337	FUN_00424337	0042449b	0042449e	FALL_THROUGH	FUN_00424337	bytes=83C424;mnemonic=ADD;instruction=ADD ESP,0x24;inputs=ESP,0x0,0x1,0x24,0xff;results=CF,ESP,PF,ZF,SF,OF;flows=;fallthrough=0042449e
instruction	00424337	FUN_00424337	0042449e	004244a4	FALL_THROUGH	FUN_00424337	bytes=8B1590CF5C00;mnemonic=MOV;instruction=MOV EDX,dword ptr [0x005ccf90];inputs=005ccf90;results=EDX;flows=;fallthrough=004244a4
instruction_reference	00424337	FUN_00424337	0042449e	005ccf90	READ	DAT_005ccf90	operand_index=1;primary=true;source=DEFAULT
instruction	00424337	FUN_00424337	004244a4	004244a7	FALL_THROUGH	FUN_00424337	bytes=83C201;mnemonic=ADD;instruction=ADD EDX,0x1;inputs=0x0,0x1,EDX,0xff;results=CF,PF,ZF,SF,EDX,OF;flows=;fallthrough=004244a7
instruction	00424337	FUN_00424337	004244a7	004244ad	FALL_THROUGH	FUN_00424337	bytes=891590CF5C00;mnemonic=MOV;instruction=MOV dword ptr [0x005ccf90],EDX;inputs=EDX;results=005ccf90;flows=;fallthrough=004244ad
instruction_reference	00424337	FUN_00424337	004244a7	005ccf90	WRITE	DAT_005ccf90	operand_index=0;primary=true;source=DEFAULT
instruction	00424337	FUN_00424337	004244ad	004244b0	FALL_THROUGH	FUN_00424337	bytes=8B4508;mnemonic=MOV;instruction=MOV EAX,dword ptr [EBP + 0x8];inputs=EBP,0x8;results=EAX;flows=;fallthrough=004244b0
instruction_reference	00424337	FUN_00424337	004244ad	Stack[0x4]	READ		operand_index=1;primary=true;source=ANALYSIS
instruction	00424337	FUN_00424337	004244b0	004244b1	FALL_THROUGH	FUN_00424337	bytes=50;mnemonic=PUSH;instruction=PUSH EAX;inputs=EAX,ESP,0x4;results=ESP;flows=;fallthrough=004244b1
instruction	00424337	FUN_00424337	004244b1	004244b6	UNCONDITIONAL_CALL	FUN_00424337	bytes=E828A51600;mnemonic=CALL;instruction=CALL 0x0058e9de;inputs=ESP,0x4,0x4244b6;results=ESP;flows=0058e9de;fallthrough=004244b6
instruction_reference	00424337	FUN_00424337	004244b1	0058e9de	UNCONDITIONAL_CALL	inet_addr	operand_index=0;primary=true;source=DEFAULT
instruction	00424337	FUN_00424337	004244b6	004244b9	FALL_THROUGH	FUN_00424337	bytes=8945E0;mnemonic=MOV;instruction=MOV dword ptr [EBP + -0x20],EAX;inputs=EAX,EBP,0xffffffe0;results=;flows=;fallthrough=004244b9
instruction_reference	00424337	FUN_00424337	004244b6	Stack[-0x24]	WRITE		operand_index=0;primary=true;source=ANALYSIS
instruction	00424337	FUN_00424337	004244b9	004244bf	FALL_THROUGH	FUN_00424337	bytes=66C745DC0200;mnemonic=MOV;instruction=MOV word ptr [EBP + -0x24],0x2;inputs=0x2,0xffffffdc,EBP;results=;flows=;fallthrough=004244bf
instruction_reference	00424337	FUN_00424337	004244b9	Stack[-0x28]	WRITE		operand_index=0;primary=true;source=ANALYSIS
instruction	00424337	FUN_00424337	004244bf	004244c3	FALL_THROUGH	FUN_00424337	bytes=668B4D0C;mnemonic=MOV;instruction=MOV CX,word ptr [EBP + 0xc];inputs=EBP,0xc;results=CX;flows=;fallthrough=004244c3
instruction_reference	00424337	FUN_00424337	004244bf	Stack[0x8]	READ		operand_index=1;primary=true;source=ANALYSIS
instruction	00424337	FUN_00424337	004244c3	004244c4	FALL_THROUGH	FUN_00424337	bytes=51;mnemonic=PUSH;instruction=PUSH ECX;inputs=ESP,ECX,0x4;results=ESP;flows=;fallthrough=004244c4
instruction	00424337	FUN_00424337	004244c4	004244c9	UNCONDITIONAL_CALL	FUN_00424337	bytes=E8F1A41600;mnemonic=CALL;instruction=CALL 0x0058e9ba;inputs=ESP,0x4,0x4244c9;results=ESP;flows=0058e9ba;fallthrough=004244c9
instruction_reference	00424337	FUN_00424337	004244c4	0058e9ba	UNCONDITIONAL_CALL	htons	operand_index=0;primary=true;source=DEFAULT
instruction	00424337	FUN_00424337	004244c9	004244cd	FALL_THROUGH	FUN_00424337	bytes=668945DE;mnemonic=MOV;instruction=MOV word ptr [EBP + -0x22],AX;inputs=AX,0xffffffde,EBP;results=;flows=;fallthrough=004244cd
instruction_reference	00424337	FUN_00424337	004244c9	Stack[-0x26]	WRITE		operand_index=0;primary=true;source=ANALYSIS
instruction	00424337	FUN_00424337	004244cd	004244cf	FALL_THROUGH	FUN_00424337	bytes=6A10;mnemonic=PUSH;instruction=PUSH 0x10;inputs=0x10,ESP,0x4;results=ESP;flows=;fallthrough=004244cf
instruction	00424337	FUN_00424337	004244cf	004244d2	FALL_THROUGH	FUN_00424337	bytes=8D55DC;mnemonic=LEA;instruction=LEA EDX,[EBP + -0x24];inputs=0xffffffdc,EBP;results=EDX;flows=;fallthrough=004244d2
instruction_reference	00424337	FUN_00424337	004244cf	Stack[-0x28]	DATA		operand_index=0;primary=true;source=ANALYSIS
instruction	00424337	FUN_00424337	004244d2	004244d3	FALL_THROUGH	FUN_00424337	bytes=52;mnemonic=PUSH;instruction=PUSH EDX;inputs=ESP,0x4,EDX;results=ESP;flows=;fallthrough=004244d3
instruction	00424337	FUN_00424337	004244d3	004244d6	FALL_THROUGH	FUN_00424337	bytes=8B45FC;mnemonic=MOV;instruction=MOV EAX,dword ptr [EBP + -0x4];inputs=0xfffffffc,EBP;results=EAX;flows=;fallthrough=004244d6
instruction_reference	00424337	FUN_00424337	004244d3	Stack[-0x8]	READ		operand_index=1;primary=true;source=ANALYSIS
instruction	00424337	FUN_00424337	004244d6	004244d7	FALL_THROUGH	FUN_00424337	bytes=50;mnemonic=PUSH;instruction=PUSH EAX;inputs=EAX,ESP,0x4;results=ESP;flows=;fallthrough=004244d7
instruction	00424337	FUN_00424337	004244d7	004244dc	UNCONDITIONAL_CALL	FUN_00424337	bytes=E8FCA41600;mnemonic=CALL;instruction=CALL 0x0058e9d8;inputs=ESP,0x4,0x4244dc;results=ESP;flows=0058e9d8;fallthrough=004244dc
instruction_reference	00424337	FUN_00424337	004244d7	0058e9d8	UNCONDITIONAL_CALL	connect	operand_index=0;primary=true;source=DEFAULT
instruction	00424337	FUN_00424337	004244dc	004244de	FALL_THROUGH	FUN_00424337	bytes=85C0;mnemonic=TEST;instruction=TEST EAX,EAX;inputs=0x0,EAX,0x1,0xff;results=CF,PF,ZF,SF,OF;flows=;fallthrough=004244de
instruction	00424337	FUN_00424337	004244de	004244e0	CONDITIONAL_JUMP	FUN_00424337	bytes=7D68;mnemonic=JGE;instruction=JGE 0x00424548;inputs=SF,OF;results=;flows=00424548;fallthrough=004244e0
instruction_reference	00424337	FUN_00424337	004244de	00424548	CONDITIONAL_JUMP	LAB_00424548	operand_index=0;primary=true;source=DEFAULT
instruction	00424337	FUN_00424337	004244e0	004244e3	FALL_THROUGH	FUN_00424337	bytes=8B4D0C;mnemonic=MOV;instruction=MOV ECX,dword ptr [EBP + 0xc];inputs=EBP,0xc;results=ECX;flows=;fallthrough=004244e3
instruction_reference	00424337	FUN_00424337	004244e0	Stack[0x8]	READ		operand_index=1;primary=true;source=ANALYSIS
instruction	00424337	FUN_00424337	004244e3	004244e4	FALL_THROUGH	FUN_00424337	bytes=51;mnemonic=PUSH;instruction=PUSH ECX;inputs=ESP,ECX,0x4;results=ESP;flows=;fallthrough=004244e4
instruction	00424337	FUN_00424337	004244e4	004244e7	FALL_THROUGH	FUN_00424337	bytes=8B55DE;mnemonic=MOV;instruction=MOV EDX,dword ptr [EBP + -0x22];inputs=0xffffffde,EBP;results=EDX;flows=;fallthrough=004244e7
instruction_reference	00424337	FUN_00424337	004244e4	Stack[-0x26]	READ		operand_index=1;primary=true;source=ANALYSIS
instruction	00424337	FUN_00424337	004244e7	004244ed	FALL_THROUGH	FUN_00424337	bytes=81E2FFFF0000;mnemonic=AND;instruction=AND EDX,0xffff;inputs=0x0,0x1,EDX,0xffff,0xff;results=CF,PF,ZF,SF,EDX,OF;flows=;fallthrough=004244ed
instruction	00424337	FUN_00424337	004244ed	004244ee	FALL_THROUGH	FUN_00424337	bytes=52;mnemonic=PUSH;instruction=PUSH EDX;inputs=ESP,0x4,EDX;results=ESP;flows=;fallthrough=004244ee
instruction	00424337	FUN_00424337	004244ee	004244f1	FALL_THROUGH	FUN_00424337	bytes=8B45E3;mnemonic=MOV;instruction=MOV EAX,dword ptr [EBP + -0x1d];inputs=EBP,0xffffffe3;results=EAX;flows=;fallthrough=004244f1
instruction_reference	00424337	FUN_00424337	004244ee	Stack[-0x21]	READ		operand_index=1;primary=true;source=ANALYSIS
instruction	00424337	FUN_00424337	004244f1	004244f6	FALL_THROUGH	FUN_00424337	bytes=25FF000000;mnemonic=AND;instruction=AND EAX,0xff;inputs=0x0,EAX,0x1,0xff;results=CF,EAX,PF,ZF,SF,OF;flows=;fallthrough=004244f6
instruction	00424337	FUN_00424337	004244f6	004244f7	FALL_THROUGH	FUN_00424337	bytes=50;mnemonic=PUSH;instruction=PUSH EAX;inputs=EAX,ESP,0x4;results=ESP;flows=;fallthrough=004244f7
instruction	00424337	FUN_00424337	004244f7	004244fa	FALL_THROUGH	FUN_00424337	bytes=8B4DE2;mnemonic=MOV;instruction=MOV ECX,dword ptr [EBP + -0x1e];inputs=EBP,0xffffffe2;results=ECX;flows=;fallthrough=004244fa
instruction_reference	00424337	FUN_00424337	004244f7	Stack[-0x22]	READ		operand_index=1;primary=true;source=ANALYSIS
instruction	00424337	FUN_00424337	004244fa	00424500	FALL_THROUGH	FUN_00424337	bytes=81E1FF000000;mnemonic=AND;instruction=AND ECX,0xff;inputs=0x0,0x1,ECX,0xff;results=CF,PF,ECX,ZF,SF,OF;flows=;fallthrough=00424500
instruction	00424337	FUN_00424337	00424500	00424501	FALL_THROUGH	FUN_00424337	bytes=51;mnemonic=PUSH;instruction=PUSH ECX;inputs=ESP,ECX,0x4;results=ESP;flows=;fallthrough=00424501
instruction	00424337	FUN_00424337	00424501	00424504	FALL_THROUGH	FUN_00424337	bytes=8B55E1;mnemonic=MOV;instruction=MOV EDX,dword ptr [EBP + -0x1f];inputs=EBP,0xffffffe1;results=EDX;flows=;fallthrough=00424504
instruction_reference	00424337	FUN_00424337	00424501	Stack[-0x23]	READ		operand_index=1;primary=true;source=ANALYSIS
instruction	00424337	FUN_00424337	00424504	0042450a	FALL_THROUGH	FUN_00424337	bytes=81E2FF000000;mnemonic=AND;instruction=AND EDX,0xff;inputs=0x0,0x1,EDX,0xff;results=CF,PF,ZF,SF,EDX,OF;flows=;fallthrough=0042450a
instruction	00424337	FUN_00424337	0042450a	0042450b	FALL_THROUGH	FUN_00424337	bytes=52;mnemonic=PUSH;instruction=PUSH EDX;inputs=ESP,0x4,EDX;results=ESP;flows=;fallthrough=0042450b
instruction	00424337	FUN_00424337	0042450b	0042450e	FALL_THROUGH	FUN_00424337	bytes=8B45E0;mnemonic=MOV;instruction=MOV EAX,dword ptr [EBP + -0x20];inputs=EBP,0xffffffe0;results=EAX;flows=;fallthrough=0042450e
instruction_reference	00424337	FUN_00424337	0042450b	Stack[-0x24]	READ		operand_index=1;primary=true;source=ANALYSIS
instruction	00424337	FUN_00424337	0042450e	00424513	FALL_THROUGH	FUN_00424337	bytes=25FF000000;mnemonic=AND;instruction=AND EAX,0xff;inputs=0x0,EAX,0x1,0xff;results=CF,EAX,PF,ZF,SF,OF;flows=;fallthrough=00424513
instruction	00424337	FUN_00424337	00424513	00424514	FALL_THROUGH	FUN_00424337	bytes=50;mnemonic=PUSH;instruction=PUSH EAX;inputs=EAX,ESP,0x4;results=ESP;flows=;fallthrough=00424514
instruction	00424337	FUN_00424337	00424514	00424517	FALL_THROUGH	FUN_00424337	bytes=8B4DFC;mnemonic=MOV;instruction=MOV ECX,dword ptr [EBP + -0x4];inputs=0xfffffffc,EBP;results=ECX;flows=;fallthrough=00424517
instruction_reference	00424337	FUN_00424337	00424514	Stack[-0x8]	READ		operand_index=1;primary=true;source=ANALYSIS
instruction	00424337	FUN_00424337	00424517	00424518	FALL_THROUGH	FUN_00424337	bytes=51;mnemonic=PUSH;instruction=PUSH ECX;inputs=ESP,ECX,0x4;results=ESP;flows=;fallthrough=00424518
instruction	00424337	FUN_00424337	00424518	0042451d	FALL_THROUGH	FUN_00424337	bytes=6830205B00;mnemonic=PUSH;instruction=PUSH 0x5b2030;inputs=ESP,0x4,0x5b2030;results=ESP;flows=;fallthrough=0042451d
instruction_reference	00424337	FUN_00424337	00424518	005b2030	DATA	s_sock:%d_ip:%d.%d.%d.%d_port:%d-%_005b2030	operand_index=0;primary=true;source=ANALYSIS
instruction	00424337	FUN_00424337	0042451d	00424523	FALL_THROUGH	FUN_00424337	bytes=8D95DCFEFFFF;mnemonic=LEA;instruction=LEA EDX,[EBP + 0xfffffedc];inputs=0xfffffedc,EBP;results=EDX;flows=;fallthrough=00424523
instruction_reference	00424337	FUN_00424337	0042451d	Stack[-0x128]	DATA		operand_index=0;primary=true;source=ANALYSIS
instruction	00424337	FUN_00424337	00424523	00424524	FALL_THROUGH	FUN_00424337	bytes=52;mnemonic=PUSH;instruction=PUSH EDX;inputs=ESP,0x4,EDX;results=ESP;flows=;fallthrough=00424524
instruction	00424337	FUN_00424337	00424524	00424529	UNCONDITIONAL_CALL	FUN_00424337	bytes=E84FAB1600;mnemonic=CALL;instruction=CALL 0x0058f078;inputs=ESP,0x4,0x424529;results=ESP;flows=0058f078;fallthrough=00424529
instruction_reference	00424337	FUN_00424337	00424524	0058f078	UNCONDITIONAL_CALL	FUN_0058f078	operand_index=0;primary=true;source=DEFAULT
instruction	00424337	FUN_00424337	00424529	0042452c	FALL_THROUGH	FUN_00424337	bytes=83C424;mnemonic=ADD;instruction=ADD ESP,0x24;inputs=ESP,0x0,0x1,0x24,0xff;results=CF,ESP,PF,ZF,SF,OF;flows=;fallthrough=0042452c
instruction	00424337	FUN_00424337	0042452c	0042452f	FALL_THROUGH	FUN_00424337	bytes=8B45FC;mnemonic=MOV;instruction=MOV EAX,dword ptr [EBP + -0x4];inputs=0xfffffffc,EBP;results=EAX;flows=;fallthrough=0042452f
instruction_reference	00424337	FUN_00424337	0042452c	Stack[-0x8]	READ		operand_index=1;primary=true;source=ANALYSIS
instruction	00424337	FUN_00424337	0042452f	00424530	FALL_THROUGH	FUN_00424337	bytes=50;mnemonic=PUSH;instruction=PUSH EAX;inputs=EAX,ESP,0x4;results=ESP;flows=;fallthrough=00424530
instruction	00424337	FUN_00424337	00424530	00424535	UNCONDITIONAL_CALL	FUN_00424337	bytes=E867A41600;mnemonic=CALL;instruction=CALL 0x0058e99c;inputs=ESP,0x4,0x424535;results=ESP;flows=0058e99c;fallthrough=00424535
instruction_reference	00424337	FUN_00424337	00424530	0058e99c	UNCONDITIONAL_CALL	closesocket	operand_index=0;primary=true;source=DEFAULT
instruction	00424337	FUN_00424337	00424535	0042453b	FALL_THROUGH	FUN_00424337	bytes=8B8DD8FEFFFF;mnemonic=MOV;instruction=MOV ECX,dword ptr [EBP + 0xfffffed8];inputs=EBP,0xfffffed8;results=ECX;flows=;fallthrough=0042453b
instruction_reference	00424337	FUN_00424337	00424535	Stack[-0x12c]	READ		operand_index=1;primary=true;source=ANALYSIS
instruction	00424337	FUN_00424337	0042453b	00424541	FALL_THROUGH	FUN_00424337	bytes=C70100000000;mnemonic=MOV;instruction=MOV dword ptr [ECX],0x0;inputs=0x0,ECX;results=;flows=;fallthrough=00424541
instruction	00424337	FUN_00424337	00424541	00424543	FALL_THROUGH	FUN_00424337	bytes=33C0;mnemonic=XOR;instruction=XOR EAX,EAX;inputs=0x0,EAX,0x1,0xff;results=CF,EAX,PF,ZF,SF,OF;flows=;fallthrough=00424543
instruction	00424337	FUN_00424337	00424543		UNCONDITIONAL_JUMP	FUN_00424337	bytes=E98D000000;mnemonic=JMP;instruction=JMP 0x004245d5;inputs=;results=;flows=004245d5;fallthrough=
instruction_reference	00424337	FUN_00424337	00424543	004245d5	UNCONDITIONAL_JUMP	LAB_004245d5	operand_index=0;primary=true;source=DEFAULT
instruction	00424337	FUN_00424337	00424548	0042454b	FALL_THROUGH	FUN_00424337	bytes=8B550C;mnemonic=MOV;instruction=MOV EDX,dword ptr [EBP + 0xc];inputs=EBP,0xc;results=EDX;flows=;fallthrough=0042454b
instruction_reference	00424337	FUN_00424337	00424548	Stack[0x8]	READ		operand_index=1;primary=true;source=ANALYSIS
instruction	00424337	FUN_00424337	0042454b	0042454c	FALL_THROUGH	FUN_00424337	bytes=52;mnemonic=PUSH;instruction=PUSH EDX;inputs=ESP,0x4,EDX;results=ESP;flows=;fallthrough=0042454c
instruction	00424337	FUN_00424337	0042454c	0042454f	FALL_THROUGH	FUN_00424337	bytes=8B45DE;mnemonic=MOV;instruction=MOV EAX,dword ptr [EBP + -0x22];inputs=0xffffffde,EBP;results=EAX;flows=;fallthrough=0042454f
instruction_reference	00424337	FUN_00424337	0042454c	Stack[-0x26]	READ		operand_index=1;primary=true;source=ANALYSIS
instruction	00424337	FUN_00424337	0042454f	00424554	FALL_THROUGH	FUN_00424337	bytes=25FFFF0000;mnemonic=AND;instruction=AND EAX,0xffff;inputs=0x0,EAX,0x1,0xffff,0xff;results=CF,EAX,PF,ZF,SF,OF;flows=;fallthrough=00424554
instruction	00424337	FUN_00424337	00424554	00424555	FALL_THROUGH	FUN_00424337	bytes=50;mnemonic=PUSH;instruction=PUSH EAX;inputs=EAX,ESP,0x4;results=ESP;flows=;fallthrough=00424555
instruction	00424337	FUN_00424337	00424555	00424558	FALL_THROUGH	FUN_00424337	bytes=8B4DE3;mnemonic=MOV;instruction=MOV ECX,dword ptr [EBP + -0x1d];inputs=EBP,0xffffffe3;results=ECX;flows=;fallthrough=00424558
instruction_reference	00424337	FUN_00424337	00424555	Stack[-0x21]	READ		operand_index=1;primary=true;source=ANALYSIS
instruction	00424337	FUN_00424337	00424558	0042455e	FALL_THROUGH	FUN_00424337	bytes=81E1FF000000;mnemonic=AND;instruction=AND ECX,0xff;inputs=0x0,0x1,ECX,0xff;results=CF,PF,ECX,ZF,SF,OF;flows=;fallthrough=0042455e
instruction	00424337	FUN_00424337	0042455e	0042455f	FALL_THROUGH	FUN_00424337	bytes=51;mnemonic=PUSH;instruction=PUSH ECX;inputs=ESP,ECX,0x4;results=ESP;flows=;fallthrough=0042455f
instruction	00424337	FUN_00424337	0042455f	00424562	FALL_THROUGH	FUN_00424337	bytes=8B55E2;mnemonic=MOV;instruction=MOV EDX,dword ptr [EBP + -0x1e];inputs=EBP,0xffffffe2;results=EDX;flows=;fallthrough=00424562
instruction_reference	00424337	FUN_00424337	0042455f	Stack[-0x22]	READ		operand_index=1;primary=true;source=ANALYSIS
instruction	00424337	FUN_00424337	00424562	00424568	FALL_THROUGH	FUN_00424337	bytes=81E2FF000000;mnemonic=AND;instruction=AND EDX,0xff;inputs=0x0,0x1,EDX,0xff;results=CF,PF,ZF,SF,EDX,OF;flows=;fallthrough=00424568
instruction	00424337	FUN_00424337	00424568	00424569	FALL_THROUGH	FUN_00424337	bytes=52;mnemonic=PUSH;instruction=PUSH EDX;inputs=ESP,0x4,EDX;results=ESP;flows=;fallthrough=00424569
instruction	00424337	FUN_00424337	00424569	0042456c	FALL_THROUGH	FUN_00424337	bytes=8B45E1;mnemonic=MOV;instruction=MOV EAX,dword ptr [EBP + -0x1f];inputs=EBP,0xffffffe1;results=EAX;flows=;fallthrough=0042456c
instruction_reference	00424337	FUN_00424337	00424569	Stack[-0x23]	READ		operand_index=1;primary=true;source=ANALYSIS
instruction	00424337	FUN_00424337	0042456c	00424571	FALL_THROUGH	FUN_00424337	bytes=25FF000000;mnemonic=AND;instruction=AND EAX,0xff;inputs=0x0,EAX,0x1,0xff;results=CF,EAX,PF,ZF,SF,OF;flows=;fallthrough=00424571
instruction	00424337	FUN_00424337	00424571	00424572	FALL_THROUGH	FUN_00424337	bytes=50;mnemonic=PUSH;instruction=PUSH EAX;inputs=EAX,ESP,0x4;results=ESP;flows=;fallthrough=00424572
instruction	00424337	FUN_00424337	00424572	00424575	FALL_THROUGH	FUN_00424337	bytes=8B4DE0;mnemonic=MOV;instruction=MOV ECX,dword ptr [EBP + -0x20];inputs=EBP,0xffffffe0;results=ECX;flows=;fallthrough=00424575
instruction_reference	00424337	FUN_00424337	00424572	Stack[-0x24]	READ		operand_index=1;primary=true;source=ANALYSIS
instruction	00424337	FUN_00424337	00424575	0042457b	FALL_THROUGH	FUN_00424337	bytes=81E1FF000000;mnemonic=AND;instruction=AND ECX,0xff;inputs=0x0,0x1,ECX,0xff;results=CF,PF,ECX,ZF,SF,OF;flows=;fallthrough=0042457b
instruction	00424337	FUN_00424337	0042457b	0042457c	FALL_THROUGH	FUN_00424337	bytes=51;mnemonic=PUSH;instruction=PUSH ECX;inputs=ESP,ECX,0x4;results=ESP;flows=;fallthrough=0042457c
instruction	00424337	FUN_00424337	0042457c	0042457f	FALL_THROUGH	FUN_00424337	bytes=8B55FC;mnemonic=MOV;instruction=MOV EDX,dword ptr [EBP + -0x4];inputs=0xfffffffc,EBP;results=EDX;flows=;fallthrough=0042457f
instruction_reference	00424337	FUN_00424337	0042457c	Stack[-0x8]	READ		operand_index=1;primary=true;source=ANALYSIS
instruction	00424337	FUN_00424337	0042457f	00424580	FALL_THROUGH	FUN_00424337	bytes=52;mnemonic=PUSH;instruction=PUSH EDX;inputs=ESP,0x4,EDX;results=ESP;flows=;fallthrough=00424580
instruction	00424337	FUN_00424337	00424580	00424585	FALL_THROUGH	FUN_00424337	bytes=6854205B00;mnemonic=PUSH;instruction=PUSH 0x5b2054;inputs=ESP,0x4,0x5b2054;results=ESP;flows=;fallthrough=00424585
instruction_reference	00424337	FUN_00424337	00424580	005b2054	DATA	s_sock:%d_ip:%d.%d.%d.%d_port:%d-%_005b2054	operand_index=0;primary=true;source=ANALYSIS
instruction	00424337	FUN_00424337	00424585	0042458b	FALL_THROUGH	FUN_00424337	bytes=8D85DCFEFFFF;mnemonic=LEA;instruction=LEA EAX,[EBP + 0xfffffedc];inputs=0xfffffedc,EBP;results=EAX;flows=;fallthrough=0042458b
instruction_reference	00424337	FUN_00424337	00424585	Stack[-0x128]	DATA		operand_index=0;primary=true;source=ANALYSIS
instruction	00424337	FUN_00424337	0042458b	0042458c	FALL_THROUGH	FUN_00424337	bytes=50;mnemonic=PUSH;instruction=PUSH EAX;inputs=EAX,ESP,0x4;results=ESP;flows=;fallthrough=0042458c
instruction	00424337	FUN_00424337	0042458c	00424591	UNCONDITIONAL_CALL	FUN_00424337	bytes=E8E7AA1600;mnemonic=CALL;instruction=CALL 0x0058f078;inputs=ESP,0x424591,0x4;results=ESP;flows=0058f078;fallthrough=00424591
instruction_reference	00424337	FUN_00424337	0042458c	0058f078	UNCONDITIONAL_CALL	FUN_0058f078	operand_index=0;primary=true;source=DEFAULT
instruction	00424337	FUN_00424337	00424591	00424594	FALL_THROUGH	FUN_00424337	bytes=83C424;mnemonic=ADD;instruction=ADD ESP,0x24;inputs=ESP,0x0,0x1,0x24,0xff;results=CF,ESP,PF,ZF,SF,OF;flows=;fallthrough=00424594
instruction	00424337	FUN_00424337	00424594	00424596	FALL_THROUGH	FUN_00424337	bytes=6A21;mnemonic=PUSH;instruction=PUSH 0x21;inputs=ESP,0x21,0x4;results=ESP;flows=;fallthrough=00424596
instruction	00424337	FUN_00424337	00424596	00424599	FALL_THROUGH	FUN_00424337	bytes=8B4D14;mnemonic=MOV;instruction=MOV ECX,dword ptr [EBP + 0x14];inputs=EBP,0x14;results=ECX;flows=;fallthrough=00424599
instruction_reference	00424337	FUN_00424337	00424596	Stack[0x10]	READ		operand_index=1;primary=true;source=ANALYSIS
instruction	00424337	FUN_00424337	00424599	0042459a	FALL_THROUGH	FUN_00424337	bytes=51;mnemonic=PUSH;instruction=PUSH ECX;inputs=ESP,ECX,0x4;results=ESP;flows=;fallthrough=0042459a
instruction	00424337	FUN_00424337	0042459a	004245a0	FALL_THROUGH	FUN_00424337	bytes=8B1510723B01;mnemonic=MOV;instruction=MOV EDX,dword ptr [0x013b7210];inputs=013b7210;results=EDX;flows=;fallthrough=004245a0
instruction_reference	00424337	FUN_00424337	0042459a	013b7210	READ	DAT_013b7210	operand_index=1;primary=true;source=DEFAULT
instruction	00424337	FUN_00424337	004245a0	004245a1	FALL_THROUGH	FUN_00424337	bytes=52;mnemonic=PUSH;instruction=PUSH EDX;inputs=ESP,0x4,EDX;results=ESP;flows=;fallthrough=004245a1
instruction	00424337	FUN_00424337	004245a1	004245a4	FALL_THROUGH	FUN_00424337	bytes=8B45FC;mnemonic=MOV;instruction=MOV EAX,dword ptr [EBP + -0x4];inputs=0xfffffffc,EBP;results=EAX;flows=;fallthrough=004245a4
instruction_reference	00424337	FUN_00424337	004245a1	Stack[-0x8]	READ		operand_index=1;primary=true;source=ANALYSIS
instruction	00424337	FUN_00424337	004245a4	004245a5	FALL_THROUGH	FUN_00424337	bytes=50;mnemonic=PUSH;instruction=PUSH EAX;inputs=EAX,ESP,0x4;results=ESP;flows=;fallthrough=004245a5
instruction	00424337	FUN_00424337	004245a5	004245aa	UNCONDITIONAL_CALL	FUN_00424337	bytes=E8FEA31600;mnemonic=CALL;instruction=CALL 0x0058e9a8;inputs=ESP,0x4,0x4245aa;results=ESP;flows=0058e9a8;fallthrough=004245aa
instruction_reference	00424337	FUN_00424337	004245a5	0058e9a8	UNCONDITIONAL_CALL	WSAAsyncSelect	operand_index=0;primary=true;source=DEFAULT
instruction	00424337	FUN_00424337	004245aa	004245ac	FALL_THROUGH	FUN_00424337	bytes=85C0;mnemonic=TEST;instruction=TEST EAX,EAX;inputs=0x0,EAX,0x1,0xff;results=CF,PF,ZF,SF,OF;flows=;fallthrough=004245ac
instruction	00424337	FUN_00424337	004245ac	004245ae	CONDITIONAL_JUMP	FUN_00424337	bytes=7E19;mnemonic=JLE;instruction=JLE 0x004245c7;inputs=ZF,SF,OF;results=;flows=004245c7;fallthrough=004245ae
instruction_reference	00424337	FUN_00424337	004245ac	004245c7	CONDITIONAL_JUMP	LAB_004245c7	operand_index=0;primary=true;source=DEFAULT
instruction	00424337	FUN_00424337	004245ae	004245b1	FALL_THROUGH	FUN_00424337	bytes=8B4DFC;mnemonic=MOV;instruction=MOV ECX,dword ptr [EBP + -0x4];inputs=0xfffffffc,EBP;results=ECX;flows=;fallthrough=004245b1
instruction_reference	00424337	FUN_00424337	004245ae	Stack[-0x8]	READ		operand_index=1;primary=true;source=ANALYSIS
instruction	00424337	FUN_00424337	004245b1	004245b2	FALL_THROUGH	FUN_00424337	bytes=51;mnemonic=PUSH;instruction=PUSH ECX;inputs=ESP,ECX,0x4;results=ESP;flows=;fallthrough=004245b2
instruction	00424337	FUN_00424337	004245b2	004245b7	UNCONDITIONAL_CALL	FUN_00424337	bytes=E8E5A31600;mnemonic=CALL;instruction=CALL 0x0058e99c;inputs=ESP,0x4,0x4245b7;results=ESP;flows=0058e99c;fallthrough=004245b7
instruction_reference	00424337	FUN_00424337	004245b2	0058e99c	UNCONDITIONAL_CALL	closesocket	operand_index=0;primary=true;source=DEFAULT
instruction	00424337	FUN_00424337	004245b7	004245bd	FALL_THROUGH	FUN_00424337	bytes=8B95D8FEFFFF;mnemonic=MOV;instruction=MOV EDX,dword ptr [EBP + 0xfffffed8];inputs=EBP,0xfffffed8;results=EDX;flows=;fallthrough=004245bd
instruction_reference	00424337	FUN_00424337	004245b7	Stack[-0x12c]	READ		operand_index=1;primary=true;source=ANALYSIS
instruction	00424337	FUN_00424337	004245bd	004245c3	FALL_THROUGH	FUN_00424337	bytes=C70200000000;mnemonic=MOV;instruction=MOV dword ptr [EDX],0x0;inputs=0x0,EDX;results=;flows=;fallthrough=004245c3
instruction	00424337	FUN_00424337	004245c3	004245c5	FALL_THROUGH	FUN_00424337	bytes=33C0;mnemonic=XOR;instruction=XOR EAX,EAX;inputs=0x0,EAX,0x1,0xff;results=CF,EAX,PF,ZF,SF,OF;flows=;fallthrough=004245c5
instruction	00424337	FUN_00424337	004245c5		UNCONDITIONAL_JUMP	FUN_00424337	bytes=EB0E;mnemonic=JMP;instruction=JMP 0x004245d5;inputs=;results=;flows=004245d5;fallthrough=
instruction_reference	00424337	FUN_00424337	004245c5	004245d5	UNCONDITIONAL_JUMP	LAB_004245d5	operand_index=0;primary=true;source=DEFAULT
instruction	00424337	FUN_00424337	004245c7	004245cd	FALL_THROUGH	FUN_00424337	bytes=8B85D8FEFFFF;mnemonic=MOV;instruction=MOV EAX,dword ptr [EBP + 0xfffffed8];inputs=EBP,0xfffffed8;results=EAX;flows=;fallthrough=004245cd
instruction_reference	00424337	FUN_00424337	004245c7	Stack[-0x12c]	READ		operand_index=1;primary=true;source=ANALYSIS
instruction	00424337	FUN_00424337	004245cd	004245d0	FALL_THROUGH	FUN_00424337	bytes=8B4DFC;mnemonic=MOV;instruction=MOV ECX,dword ptr [EBP + -0x4];inputs=0xfffffffc,EBP;results=ECX;flows=;fallthrough=004245d0
instruction_reference	00424337	FUN_00424337	004245cd	Stack[-0x8]	READ		operand_index=1;primary=true;source=ANALYSIS
instruction	00424337	FUN_00424337	004245d0	004245d2	FALL_THROUGH	FUN_00424337	bytes=8908;mnemonic=MOV;instruction=MOV dword ptr [EAX],ECX;inputs=EAX,ECX;results=;flows=;fallthrough=004245d2
instruction	00424337	FUN_00424337	004245d2	004245d5	FALL_THROUGH	FUN_00424337	bytes=8B45FC;mnemonic=MOV;instruction=MOV EAX,dword ptr [EBP + -0x4];inputs=0xfffffffc,EBP;results=EAX;flows=;fallthrough=004245d5
instruction_reference	00424337	FUN_00424337	004245d2	Stack[-0x8]	READ		operand_index=1;primary=true;source=ANALYSIS
instruction	00424337	FUN_00424337	004245d5	004245d7	FALL_THROUGH	FUN_00424337	bytes=8BE5;mnemonic=MOV;instruction=MOV ESP,EBP;inputs=EBP;results=ESP;flows=;fallthrough=004245d7
instruction	00424337	FUN_00424337	004245d7	004245d8	FALL_THROUGH	FUN_00424337	bytes=5D;mnemonic=POP;instruction=POP EBP;inputs=0x0,ESP,0x4;results=ESP,EBP;flows=;fallthrough=004245d8
instruction	00424337	FUN_00424337	004245d8		TERMINATOR	FUN_00424337	bytes=C21000;mnemonic=RET;instruction=RET 0x10;inputs=ESP,0x10,0x4;results=ESP,EIP;flows=;fallthrough=
instruction_search	00424337	FUN_00424337	00424337	00424337	instructions	FUN_00424337	instructions=198;references=103;body_min=00424337;body_max=004245da
function	0042553b	FUN_0042553b			unknown		undefined FUN_0042553b(void)
callee	0042553b	FUN_0042553b	0042553b	EXTERNAL:00000071	call	MessageBoxA	
callee	0042553b	FUN_0042553b	0042553b	00423d7a	call	FUN_00423d7a	
callee	0042553b	FUN_0042553b	0042553b	0058e99c	call	closesocket	
callee	0042553b	FUN_0042553b	0042553b	0058e9a8	call	WSAAsyncSelect	
callee	0042553b	FUN_0042553b	0042553b	0058e9b4	call	bind	
callee	0042553b	FUN_0042553b	0042553b	0058e9ba	call	htons	
callee	0042553b	FUN_0042553b	0042553b	0058e9c6	call	socket	
callee	0042553b	FUN_0042553b	0042553b	0058e9d8	call	connect	
callee	0042553b	FUN_0042553b	0042553b	0058e9de	call	inet_addr	
callee	0042553b	FUN_0042553b	0042553b	0058f078	call	FUN_0058f078	
reference	0042553b	FUN_0042553b	004255cc	005ccf90	READ	DAT_005ccf90	0x0
reference	0042553b	FUN_0042553b	004255f6	005ccf90	READ	DAT_005ccf90	0x0
reference	0042553b	FUN_0042553b	004255ff	005ccf90	WRITE	DAT_005ccf90	0x0
reference	0042553b	FUN_0042553b	00425605	005ccf90	READ	DAT_005ccf90	0x0
reference	0042553b	FUN_0042553b	00425631	005b2104	DATA	s_ERROR_005b2104	ERROR
reference	0042553b	FUN_0042553b	00425636	005b210c	DATA	s_Binding_fail_005b210c	Binding fail
reference	0042553b	FUN_0042553b	0042563d	005a3284	READ	PTR_MessageBoxA_005a3284	001b00cc
reference	0042553b	FUN_0042553b	00425653	005ccf90	READ	DAT_005ccf90	0x0
reference	0042553b	FUN_0042553b	0042568e	005b211c	DATA	s_sock:%d_ip:%d.%d.%d.%d_port:%d-%_005b211c	sock:%d ip:%d.%d.%d.%d port:%d-%d
reference	0042553b	FUN_0042553b	004256a2	005ccf90	READ	DAT_005ccf90	0x0
reference	0042553b	FUN_0042553b	004256ab	005ccf90	WRITE	DAT_005ccf90	0x0
reference	0042553b	FUN_0042553b	0042571c	005b2140	DATA	s_sock:%d_ip:%d.%d.%d.%d_port:%d-%_005b2140	sock:%d ip:%d.%d.%d.%d port:%d-%d
reference	0042553b	FUN_0042553b	00425784	005b2164	DATA	s_sock:%d_ip:%d.%d.%d.%d_port:%d-%_005b2164	sock:%d ip:%d.%d.%d.%d port:%d-%d
reference	0042553b	FUN_0042553b	0042579e	013b7210	READ	DAT_013b7210	0x0
instruction	0042553b	FUN_0042553b	0042553b	0042553c	FALL_THROUGH	FUN_0042553b	bytes=55;mnemonic=PUSH;instruction=PUSH EBP;inputs=ESP,EBP,0x4;results=ESP;flows=;fallthrough=0042553c
instruction	0042553b	FUN_0042553b	0042553c	0042553e	FALL_THROUGH	FUN_0042553b	bytes=8BEC;mnemonic=MOV;instruction=MOV EBP,ESP;inputs=ESP;results=EBP;flows=;fallthrough=0042553e
instruction	0042553b	FUN_0042553b	0042553e	00425544	FALL_THROUGH	FUN_0042553b	bytes=81EC28010000;mnemonic=SUB;instruction=SUB ESP,0x128;inputs=ESP,0x0,0x1,0x128,0xff;results=CF,ESP,PF,ZF,SF,OF;flows=;fallthrough=00425544
instruction	0042553b	FUN_0042553b	00425544	0042554a	FALL_THROUGH	FUN_0042553b	bytes=898DD8FEFFFF;mnemonic=MOV;instruction=MOV dword ptr [EBP + 0xfffffed8],ECX;inputs=EBP,ECX,0xfffffed8;results=;flows=;fallthrough=0042554a
instruction_reference	0042553b	FUN_0042553b	00425544	Stack[-0x12c]	WRITE		operand_index=0;primary=true;source=ANALYSIS
instruction	0042553b	FUN_0042553b	0042554a	00425550	FALL_THROUGH	FUN_0042553b	bytes=8B85D8FEFFFF;mnemonic=MOV;instruction=MOV EAX,dword ptr [EBP + 0xfffffed8];inputs=EBP,0xfffffed8;results=EAX;flows=;fallthrough=00425550
instruction_reference	0042553b	FUN_0042553b	0042554a	Stack[-0x12c]	READ		operand_index=1;primary=true;source=ANALYSIS
instruction	0042553b	FUN_0042553b	00425550	00425557	FALL_THROUGH	FUN_0042553b	bytes=C7401000000000;mnemonic=MOV;instruction=MOV dword ptr [EAX + 0x10],0x0;inputs=EAX,0x10,0x0;results=;flows=;fallthrough=00425557
instruction	0042553b	FUN_0042553b	00425557	0042555d	FALL_THROUGH	FUN_0042553b	bytes=8B8DD8FEFFFF;mnemonic=MOV;instruction=MOV ECX,dword ptr [EBP + 0xfffffed8];inputs=EBP,0xfffffed8;results=ECX;flows=;fallthrough=0042555d
instruction_reference	0042553b	FUN_0042553b	00425557	Stack[-0x12c]	READ		operand_index=1;primary=true;source=ANALYSIS
instruction	0042553b	FUN_0042553b	0042555d	00425564	FALL_THROUGH	FUN_0042553b	bytes=C7410C00000000;mnemonic=MOV;instruction=MOV dword ptr [ECX + 0xc],0x0;inputs=0x0,ECX,0xc;results=;flows=;fallthrough=00425564
instruction	0042553b	FUN_0042553b	00425564	0042556a	FALL_THROUGH	FUN_0042553b	bytes=8B95D8FEFFFF;mnemonic=MOV;instruction=MOV EDX,dword ptr [EBP + 0xfffffed8];inputs=EBP,0xfffffed8;results=EDX;flows=;fallthrough=0042556a
instruction_reference	0042553b	FUN_0042553b	00425564	Stack[-0x12c]	READ		operand_index=1;primary=true;source=ANALYSIS
instruction	0042553b	FUN_0042553b	0042556a	00425571	FALL_THROUGH	FUN_0042553b	bytes=C7421400000000;mnemonic=MOV;instruction=MOV dword ptr [EDX + 0x14],0x0;inputs=0x0,0x14,EDX;results=;flows=;fallthrough=00425571
instruction	0042553b	FUN_0042553b	00425571	00425577	FALL_THROUGH	FUN_0042553b	bytes=8B85D8FEFFFF;mnemonic=MOV;instruction=MOV EAX,dword ptr [EBP + 0xfffffed8];inputs=EBP,0xfffffed8;results=EAX;flows=;fallthrough=00425577
instruction_reference	0042553b	FUN_0042553b	00425571	Stack[-0x12c]	READ		operand_index=1;primary=true;source=ANALYSIS
instruction	0042553b	FUN_0042553b	00425577	0042557a	FALL_THROUGH	FUN_0042553b	bytes=833800;mnemonic=CMP;instruction=CMP dword ptr [EAX],0x0;inputs=EAX,0x0,0x1,0xff;results=CF,PF,ZF,SF,OF;flows=;fallthrough=0042557a
instruction	0042553b	FUN_0042553b	0042557a	0042557c	CONDITIONAL_JUMP	FUN_0042553b	bytes=740B;mnemonic=JZ;instruction=JZ 0x00425587;inputs=ZF;results=;flows=00425587;fallthrough=0042557c
instruction_reference	0042553b	FUN_0042553b	0042557a	00425587	CONDITIONAL_JUMP	LAB_00425587	operand_index=0;primary=true;source=DEFAULT
instruction	0042553b	FUN_0042553b	0042557c	00425582	FALL_THROUGH	FUN_0042553b	bytes=8B8DD8FEFFFF;mnemonic=MOV;instruction=MOV ECX,dword ptr [EBP + 0xfffffed8];inputs=EBP,0xfffffed8;results=ECX;flows=;fallthrough=00425582
instruction_reference	0042553b	FUN_0042553b	0042557c	Stack[-0x12c]	READ		operand_index=1;primary=true;source=ANALYSIS
instruction	0042553b	FUN_0042553b	00425582	00425587	UNCONDITIONAL_CALL	FUN_0042553b	bytes=E8F3E7FFFF;mnemonic=CALL;instruction=CALL 0x00423d7a;inputs=ESP,0x4,0x425587;results=ESP;flows=00423d7a;fallthrough=00425587
instruction_reference	0042553b	FUN_0042553b	00425582	00423d7a	UNCONDITIONAL_CALL	FUN_00423d7a	operand_index=0;primary=true;source=DEFAULT
instruction	0042553b	FUN_0042553b	00425587	00425589	FALL_THROUGH	FUN_0042553b	bytes=6A00;mnemonic=PUSH;instruction=PUSH 0x0;inputs=0x0,ESP,0x4;results=ESP;flows=;fallthrough=00425589
instruction	0042553b	FUN_0042553b	00425589	0042558b	FALL_THROUGH	FUN_0042553b	bytes=6A01;mnemonic=PUSH;instruction=PUSH 0x1;inputs=ESP,0x1,0x4;results=ESP;flows=;fallthrough=0042558b
instruction	0042553b	FUN_0042553b	0042558b	0042558d	FALL_THROUGH	FUN_0042553b	bytes=6A02;mnemonic=PUSH;instruction=PUSH 0x2;inputs=ESP,0x2,0x4;results=ESP;flows=;fallthrough=0042558d
instruction	0042553b	FUN_0042553b	0042558d	00425592	UNCONDITIONAL_CALL	FUN_0042553b	bytes=E834941600;mnemonic=CALL;instruction=CALL 0x0058e9c6;inputs=ESP,0x425592,0x4;results=ESP;flows=0058e9c6;fallthrough=00425592
instruction_reference	0042553b	FUN_0042553b	0042558d	0058e9c6	UNCONDITIONAL_CALL	socket	operand_index=0;primary=true;source=DEFAULT
instruction	0042553b	FUN_0042553b	00425592	00425595	FALL_THROUGH	FUN_0042553b	bytes=8945FC;mnemonic=MOV;instruction=MOV dword ptr [EBP + -0x4],EAX;inputs=EAX,0xfffffffc,EBP;results=;flows=;fallthrough=00425595
instruction_reference	0042553b	FUN_0042553b	00425592	Stack[-0x8]	WRITE		operand_index=0;primary=true;source=ANALYSIS
instruction	0042553b	FUN_0042553b	00425595	00425599	FALL_THROUGH	FUN_0042553b	bytes=837DFCFF;mnemonic=CMP;instruction=CMP dword ptr [EBP + -0x4],-0x1;inputs=0xffffffff,0x0,0x1,0xfffffffc,EBP,0xff;results=CF,PF,ZF,SF,OF;flows=;fallthrough=00425599
instruction_reference	0042553b	FUN_0042553b	00425595	Stack[-0x8]	READ		operand_index=0;primary=true;source=ANALYSIS
instruction	0042553b	FUN_0042553b	00425599	0042559b	CONDITIONAL_JUMP	FUN_0042553b	bytes=7507;mnemonic=JNZ;instruction=JNZ 0x004255a2;inputs=ZF;results=;flows=004255a2;fallthrough=0042559b
instruction_reference	0042553b	FUN_0042553b	00425599	004255a2	CONDITIONAL_JUMP	LAB_004255a2	operand_index=0;primary=true;source=DEFAULT
instruction	0042553b	FUN_0042553b	0042559b	0042559d	FALL_THROUGH	FUN_0042553b	bytes=33C0;mnemonic=XOR;instruction=XOR EAX,EAX;inputs=0x0,EAX,0x1,0xff;results=CF,EAX,PF,ZF,SF,OF;flows=;fallthrough=0042559d
instruction	0042553b	FUN_0042553b	0042559d		UNCONDITIONAL_JUMP	FUN_0042553b	bytes=E937020000;mnemonic=JMP;instruction=JMP 0x004257d9;inputs=;results=;flows=004257d9;fallthrough=
instruction_reference	0042553b	FUN_0042553b	0042559d	004257d9	UNCONDITIONAL_JUMP	LAB_004257d9	operand_index=0;primary=true;source=DEFAULT
instruction	0042553b	FUN_0042553b	004255a2	004255a8	FALL_THROUGH	FUN_0042553b	bytes=66C745EC0200;mnemonic=MOV;instruction=MOV word ptr [EBP + -0x14],0x2;inputs=0x2,0xffffffec,EBP;results=;flows=;fallthrough=004255a8
instruction_reference	0042553b	FUN_0042553b	004255a2	Stack[-0x18]	WRITE		operand_index=0;primary=true;source=ANALYSIS
instruction	0042553b	FUN_0042553b	004255a8	004255ab	FALL_THROUGH	FUN_0042553b	bytes=8B4D10;mnemonic=MOV;instruction=MOV ECX,dword ptr [EBP + 0x10];inputs=0x10,EBP;results=ECX;flows=;fallthrough=004255ab
instruction_reference	0042553b	FUN_0042553b	004255a8	Stack[0xc]	READ		operand_index=1;primary=true;source=ANALYSIS
instruction	0042553b	FUN_0042553b	004255ab	004255ae	FALL_THROUGH	FUN_0042553b	bytes=894DF0;mnemonic=MOV;instruction=MOV dword ptr [EBP + -0x10],ECX;inputs=EBP,ECX,0xfffffff0;results=;flows=;fallthrough=004255ae
instruction_reference	0042553b	FUN_0042553b	004255ab	Stack[-0x14]	WRITE		operand_index=0;primary=true;source=ANALYSIS
instruction	0042553b	FUN_0042553b	004255ae	004255b4	FALL_THROUGH	FUN_0042553b	bytes=66C745EE0000;mnemonic=MOV;instruction=MOV word ptr [EBP + -0x12],0x0;inputs=0x0,0xffffffee,EBP;results=;flows=;fallthrough=004255b4
instruction_reference	0042553b	FUN_0042553b	004255ae	Stack[-0x16]	WRITE		operand_index=0;primary=true;source=ANALYSIS
instruction	0042553b	FUN_0042553b	004255b4	004255b6	FALL_THROUGH	FUN_0042553b	bytes=6A10;mnemonic=PUSH;instruction=PUSH 0x10;inputs=0x10,ESP,0x4;results=ESP;flows=;fallthrough=004255b6
instruction	0042553b	FUN_0042553b	004255b6	004255b9	FALL_THROUGH	FUN_0042553b	bytes=8D55EC;mnemonic=LEA;instruction=LEA EDX,[EBP + -0x14];inputs=0xffffffec,EBP;results=EDX;flows=;fallthrough=004255b9
instruction_reference	0042553b	FUN_0042553b	004255b6	Stack[-0x18]	DATA		operand_index=0;primary=true;source=ANALYSIS
instruction	0042553b	FUN_0042553b	004255b9	004255ba	FALL_THROUGH	FUN_0042553b	bytes=52;mnemonic=PUSH;instruction=PUSH EDX;inputs=ESP,0x4,EDX;results=ESP;flows=;fallthrough=004255ba
instruction	0042553b	FUN_0042553b	004255ba	004255bd	FALL_THROUGH	FUN_0042553b	bytes=8B45FC;mnemonic=MOV;instruction=MOV EAX,dword ptr [EBP + -0x4];inputs=0xfffffffc,EBP;results=EAX;flows=;fallthrough=004255bd
instruction_reference	0042553b	FUN_0042553b	004255ba	Stack[-0x8]	READ		operand_index=1;primary=true;source=ANALYSIS
instruction	0042553b	FUN_0042553b	004255bd	004255be	FALL_THROUGH	FUN_0042553b	bytes=50;mnemonic=PUSH;instruction=PUSH EAX;inputs=EAX,ESP,0x4;results=ESP;flows=;fallthrough=004255be
instruction	0042553b	FUN_0042553b	004255be	004255c3	UNCONDITIONAL_CALL	FUN_0042553b	bytes=E8F1931600;mnemonic=CALL;instruction=CALL 0x0058e9b4;inputs=ESP,0x4255c3,0x4;results=ESP;flows=0058e9b4;fallthrough=004255c3
instruction_reference	0042553b	FUN_0042553b	004255be	0058e9b4	UNCONDITIONAL_CALL	bind	operand_index=0;primary=true;source=DEFAULT
instruction	0042553b	FUN_0042553b	004255c3	004255c6	FALL_THROUGH	FUN_0042553b	bytes=83F8FF;mnemonic=CMP;instruction=CMP EAX,-0x1;inputs=EAX,0xffffffff,0x0,0x1,0xff;results=CF,PF,ZF,SF,OF;flows=;fallthrough=004255c6
instruction	0042553b	FUN_0042553b	004255c6	004255cc	CONDITIONAL_JUMP	FUN_0042553b	bytes=0F8587000000;mnemonic=JNZ;instruction=JNZ 0x00425653;inputs=ZF;results=;flows=00425653;fallthrough=004255cc
instruction_reference	0042553b	FUN_0042553b	004255c6	00425653	CONDITIONAL_JUMP	LAB_00425653	operand_index=0;primary=true;source=DEFAULT
instruction	0042553b	FUN_0042553b	004255cc	004255d2	FALL_THROUGH	FUN_0042553b	bytes=8B0D90CF5C00;mnemonic=MOV;instruction=MOV ECX,dword ptr [0x005ccf90];inputs=005ccf90;results=ECX;flows=;fallthrough=004255d2
instruction_reference	0042553b	FUN_0042553b	004255cc	005ccf90	READ	DAT_005ccf90	operand_index=1;primary=true;source=DEFAULT
instruction	0042553b	FUN_0042553b	004255d2	004255d8	FALL_THROUGH	FUN_0042553b	bytes=81C170170000;mnemonic=ADD;instruction=ADD ECX,0x1770;inputs=0x1770,0x0,0x1,ECX,0xff;results=CF,PF,ECX,ZF,SF,OF;flows=;fallthrough=004255d8
instruction	0042553b	FUN_0042553b	004255d8	004255d9	FALL_THROUGH	FUN_0042553b	bytes=51;mnemonic=PUSH;instruction=PUSH ECX;inputs=ESP,ECX,0x4;results=ESP;flows=;fallthrough=004255d9
instruction	0042553b	FUN_0042553b	004255d9	004255de	UNCONDITIONAL_CALL	FUN_0042553b	bytes=E8DC931600;mnemonic=CALL;instruction=CALL 0x0058e9ba;inputs=ESP,0x4,0x4255de;results=ESP;flows=0058e9ba;fallthrough=004255de
instruction_reference	0042553b	FUN_0042553b	004255d9	0058e9ba	UNCONDITIONAL_CALL	htons	operand_index=0;primary=true;source=DEFAULT
instruction	0042553b	FUN_0042553b	004255de	004255e2	FALL_THROUGH	FUN_0042553b	bytes=668945EE;mnemonic=MOV;instruction=MOV word ptr [EBP + -0x12],AX;inputs=AX,0xffffffee,EBP;results=;flows=;fallthrough=004255e2
instruction_reference	0042553b	FUN_0042553b	004255de	Stack[-0x16]	WRITE		operand_index=0;primary=true;source=ANALYSIS
instruction	0042553b	FUN_0042553b	004255e2	004255e4	FALL_THROUGH	FUN_0042553b	bytes=6A10;mnemonic=PUSH;instruction=PUSH 0x10;inputs=0x10,ESP,0x4;results=ESP;flows=;fallthrough=004255e4
instruction	0042553b	FUN_0042553b	004255e4	004255e7	FALL_THROUGH	FUN_0042553b	bytes=8D55EC;mnemonic=LEA;instruction=LEA EDX,[EBP + -0x14];inputs=0xffffffec,EBP;results=EDX;flows=;fallthrough=004255e7
instruction_reference	0042553b	FUN_0042553b	004255e4	Stack[-0x18]	DATA		operand_index=0;primary=true;source=ANALYSIS
instruction	0042553b	FUN_0042553b	004255e7	004255e8	FALL_THROUGH	FUN_0042553b	bytes=52;mnemonic=PUSH;instruction=PUSH EDX;inputs=ESP,0x4,EDX;results=ESP;flows=;fallthrough=004255e8
instruction	0042553b	FUN_0042553b	004255e8	004255eb	FALL_THROUGH	FUN_0042553b	bytes=8B45FC;mnemonic=MOV;instruction=MOV EAX,dword ptr [EBP + -0x4];inputs=0xfffffffc,EBP;results=EAX;flows=;fallthrough=004255eb
instruction_reference	0042553b	FUN_0042553b	004255e8	Stack[-0x8]	READ		operand_index=1;primary=true;source=ANALYSIS
instruction	0042553b	FUN_0042553b	004255eb	004255ec	FALL_THROUGH	FUN_0042553b	bytes=50;mnemonic=PUSH;instruction=PUSH EAX;inputs=EAX,ESP,0x4;results=ESP;flows=;fallthrough=004255ec
instruction	0042553b	FUN_0042553b	004255ec	004255f1	UNCONDITIONAL_CALL	FUN_0042553b	bytes=E8C3931600;mnemonic=CALL;instruction=CALL 0x0058e9b4;inputs=ESP,0x4255f1,0x4;results=ESP;flows=0058e9b4;fallthrough=004255f1
instruction_reference	0042553b	FUN_0042553b	004255ec	0058e9b4	UNCONDITIONAL_CALL	bind	operand_index=0;primary=true;source=DEFAULT
instruction	0042553b	FUN_0042553b	004255f1	004255f4	FALL_THROUGH	FUN_0042553b	bytes=83F8FF;mnemonic=CMP;instruction=CMP EAX,-0x1;inputs=EAX,0xffffffff,0x0,0x1,0xff;results=CF,PF,ZF,SF,OF;flows=;fallthrough=004255f4
instruction	0042553b	FUN_0042553b	004255f4	004255f6	CONDITIONAL_JUMP	FUN_0042553b	bytes=755D;mnemonic=JNZ;instruction=JNZ 0x00425653;inputs=ZF;results=;flows=00425653;fallthrough=004255f6
instruction_reference	0042553b	FUN_0042553b	004255f4	00425653	CONDITIONAL_JUMP	LAB_00425653	operand_index=0;primary=true;source=DEFAULT
instruction	0042553b	FUN_0042553b	004255f6	004255fc	FALL_THROUGH	FUN_0042553b	bytes=8B0D90CF5C00;mnemonic=MOV;instruction=MOV ECX,dword ptr [0x005ccf90];inputs=005ccf90;results=ECX;flows=;fallthrough=004255fc
instruction_reference	0042553b	FUN_0042553b	004255f6	005ccf90	READ	DAT_005ccf90	operand_index=1;primary=true;source=DEFAULT
instruction	0042553b	FUN_0042553b	004255fc	004255ff	FALL_THROUGH	FUN_0042553b	bytes=83C10A;mnemonic=ADD;instruction=ADD ECX,0xa;inputs=0x0,0x1,ECX,0xa,0xff;results=CF,PF,ECX,ZF,SF,OF;flows=;fallthrough=004255ff
instruction	0042553b	FUN_0042553b	004255ff	00425605	FALL_THROUGH	FUN_0042553b	bytes=890D90CF5C00;mnemonic=MOV;instruction=MOV dword ptr [0x005ccf90],ECX;inputs=ECX;results=005ccf90;flows=;fallthrough=00425605
instruction_reference	0042553b	FUN_0042553b	004255ff	005ccf90	WRITE	DAT_005ccf90	operand_index=0;primary=true;source=DEFAULT
instruction	0042553b	FUN_0042553b	00425605	0042560b	FALL_THROUGH	FUN_0042553b	bytes=8B1590CF5C00;mnemonic=MOV;instruction=MOV EDX,dword ptr [0x005ccf90];inputs=005ccf90;results=EDX;flows=;fallthrough=0042560b
instruction_reference	0042553b	FUN_0042553b	00425605	005ccf90	READ	DAT_005ccf90	operand_index=1;primary=true;source=DEFAULT
instruction	0042553b	FUN_0042553b	0042560b	00425611	FALL_THROUGH	FUN_0042553b	bytes=81C270170000;mnemonic=ADD;instruction=ADD EDX,0x1770;inputs=0x1770,0x0,0x1,EDX,0xff;results=CF,PF,ZF,SF,EDX,OF;flows=;fallthrough=00425611
instruction	0042553b	FUN_0042553b	00425611	00425612	FALL_THROUGH	FUN_0042553b	bytes=52;mnemonic=PUSH;instruction=PUSH EDX;inputs=ESP,0x4,EDX;results=ESP;flows=;fallthrough=00425612
instruction	0042553b	FUN_0042553b	00425612	00425617	UNCONDITIONAL_CALL	FUN_0042553b	bytes=E8A3931600;mnemonic=CALL;instruction=CALL 0x0058e9ba;inputs=ESP,0x4,0x425617;results=ESP;flows=0058e9ba;fallthrough=00425617
instruction_reference	0042553b	FUN_0042553b	00425612	0058e9ba	UNCONDITIONAL_CALL	htons	operand_index=0;primary=true;source=DEFAULT
instruction	0042553b	FUN_0042553b	00425617	0042561b	FALL_THROUGH	FUN_0042553b	bytes=668945EE;mnemonic=MOV;instruction=MOV word ptr [EBP + -0x12],AX;inputs=AX,0xffffffee,EBP;results=;flows=;fallthrough=0042561b
instruction_reference	0042553b	FUN_0042553b	00425617	Stack[-0x16]	WRITE		operand_index=0;primary=true;source=ANALYSIS
instruction	0042553b	FUN_0042553b	0042561b	0042561d	FALL_THROUGH	FUN_0042553b	bytes=6A10;mnemonic=PUSH;instruction=PUSH 0x10;inputs=0x10,ESP,0x4;results=ESP;flows=;fallthrough=0042561d
instruction	0042553b	FUN_0042553b	0042561d	00425620	FALL_THROUGH	FUN_0042553b	bytes=8D45EC;mnemonic=LEA;instruction=LEA EAX,[EBP + -0x14];inputs=0xffffffec,EBP;results=EAX;flows=;fallthrough=00425620
instruction_reference	0042553b	FUN_0042553b	0042561d	Stack[-0x18]	DATA		operand_index=0;primary=true;source=ANALYSIS
instruction	0042553b	FUN_0042553b	00425620	00425621	FALL_THROUGH	FUN_0042553b	bytes=50;mnemonic=PUSH;instruction=PUSH EAX;inputs=EAX,ESP,0x4;results=ESP;flows=;fallthrough=00425621
instruction	0042553b	FUN_0042553b	00425621	00425624	FALL_THROUGH	FUN_0042553b	bytes=8B4DFC;mnemonic=MOV;instruction=MOV ECX,dword ptr [EBP + -0x4];inputs=0xfffffffc,EBP;results=ECX;flows=;fallthrough=00425624
instruction_reference	0042553b	FUN_0042553b	00425621	Stack[-0x8]	READ		operand_index=1;primary=true;source=ANALYSIS
instruction	0042553b	FUN_0042553b	00425624	00425625	FALL_THROUGH	FUN_0042553b	bytes=51;mnemonic=PUSH;instruction=PUSH ECX;inputs=ESP,ECX,0x4;results=ESP;flows=;fallthrough=00425625
instruction	0042553b	FUN_0042553b	00425625	0042562a	UNCONDITIONAL_CALL	FUN_0042553b	bytes=E88A931600;mnemonic=CALL;instruction=CALL 0x0058e9b4;inputs=ESP,0x4,0x42562a;results=ESP;flows=0058e9b4;fallthrough=0042562a
instruction_reference	0042553b	FUN_0042553b	00425625	0058e9b4	UNCONDITIONAL_CALL	bind	operand_index=0;primary=true;source=DEFAULT
instruction	0042553b	FUN_0042553b	0042562a	0042562d	FALL_THROUGH	FUN_0042553b	bytes=83F8FF;mnemonic=CMP;instruction=CMP EAX,-0x1;inputs=EAX,0xffffffff,0x0,0x1,0xff;results=CF,PF,ZF,SF,OF;flows=;fallthrough=0042562d
instruction	0042553b	FUN_0042553b	0042562d	0042562f	CONDITIONAL_JUMP	FUN_0042553b	bytes=7524;mnemonic=JNZ;instruction=JNZ 0x00425653;inputs=ZF;results=;flows=00425653;fallthrough=0042562f
instruction_reference	0042553b	FUN_0042553b	0042562d	00425653	CONDITIONAL_JUMP	LAB_00425653	operand_index=0;primary=true;source=DEFAULT
instruction	0042553b	FUN_0042553b	0042562f	00425631	FALL_THROUGH	FUN_0042553b	bytes=6A00;mnemonic=PUSH;instruction=PUSH 0x0;inputs=0x0,ESP,0x4;results=ESP;flows=;fallthrough=00425631
instruction	0042553b	FUN_0042553b	00425631	00425636	FALL_THROUGH	FUN_0042553b	bytes=6804215B00;mnemonic=PUSH;instruction=PUSH 0x5b2104;inputs=ESP,0x4,0x5b2104;results=ESP;flows=;fallthrough=00425636
instruction_reference	0042553b	FUN_0042553b	00425631	005b2104	DATA	s_ERROR_005b2104	operand_index=0;primary=true;source=ANALYSIS
instruction	0042553b	FUN_0042553b	00425636	0042563b	FALL_THROUGH	FUN_0042553b	bytes=680C215B00;mnemonic=PUSH;instruction=PUSH 0x5b210c;inputs=ESP,0x4,0x5b210c;results=ESP;flows=;fallthrough=0042563b
instruction_reference	0042553b	FUN_0042553b	00425636	005b210c	DATA	s_Binding_fail_005b210c	operand_index=0;primary=true;source=ANALYSIS
instruction	0042553b	FUN_0042553b	0042563b	0042563d	FALL_THROUGH	FUN_0042553b	bytes=6A00;mnemonic=PUSH;instruction=PUSH 0x0;inputs=0x0,ESP,0x4;results=ESP;flows=;fallthrough=0042563d
instruction	0042553b	FUN_0042553b	0042563d	00425643	COMPUTED_CALL	FUN_0042553b	bytes=FF1584325A00;mnemonic=CALL;instruction=CALL dword ptr [0x005a3284];inputs=ESP,005a3284,0x425643,0x4;results=ESP;flows=EXTERNAL:00000071;fallthrough=00425643
instruction_reference	0042553b	FUN_0042553b	0042563d	005a3284	READ	PTR_MessageBoxA_005a3284	operand_index=0;primary=true;source=DEFAULT
instruction_reference	0042553b	FUN_0042553b	0042563d	EXTERNAL:00000071	COMPUTED_CALL	MessageBoxA	operand_index=-1;primary=true;source=ANALYSIS
instruction	0042553b	FUN_0042553b	00425643	00425646	FALL_THROUGH	FUN_0042553b	bytes=8B55FC;mnemonic=MOV;instruction=MOV EDX,dword ptr [EBP + -0x4];inputs=0xfffffffc,EBP;results=EDX;flows=;fallthrough=00425646
instruction_reference	0042553b	FUN_0042553b	00425643	Stack[-0x8]	READ		operand_index=1;primary=true;source=ANALYSIS
instruction	0042553b	FUN_0042553b	00425646	00425647	FALL_THROUGH	FUN_0042553b	bytes=52;mnemonic=PUSH;instruction=PUSH EDX;inputs=ESP,0x4,EDX;results=ESP;flows=;fallthrough=00425647
instruction	0042553b	FUN_0042553b	00425647	0042564c	UNCONDITIONAL_CALL	FUN_0042553b	bytes=E850931600;mnemonic=CALL;instruction=CALL 0x0058e99c;inputs=ESP,0x4,0x42564c;results=ESP;flows=0058e99c;fallthrough=0042564c
instruction_reference	0042553b	FUN_0042553b	00425647	0058e99c	UNCONDITIONAL_CALL	closesocket	operand_index=0;primary=true;source=DEFAULT
instruction	0042553b	FUN_0042553b	0042564c	0042564e	FALL_THROUGH	FUN_0042553b	bytes=33C0;mnemonic=XOR;instruction=XOR EAX,EAX;inputs=0x0,EAX,0x1,0xff;results=CF,EAX,PF,ZF,SF,OF;flows=;fallthrough=0042564e
instruction	0042553b	FUN_0042553b	0042564e		UNCONDITIONAL_JUMP	FUN_0042553b	bytes=E986010000;mnemonic=JMP;instruction=JMP 0x004257d9;inputs=;results=;flows=004257d9;fallthrough=
instruction_reference	0042553b	FUN_0042553b	0042564e	004257d9	UNCONDITIONAL_JUMP	LAB_004257d9	operand_index=0;primary=true;source=DEFAULT
instruction	0042553b	FUN_0042553b	00425653	00425658	FALL_THROUGH	FUN_0042553b	bytes=A190CF5C00;mnemonic=MOV;instruction=MOV EAX,[0x005ccf90];inputs=005ccf90;results=EAX;flows=;fallthrough=00425658
instruction_reference	0042553b	FUN_0042553b	00425653	005ccf90	READ	DAT_005ccf90	operand_index=1;primary=true;source=DEFAULT
instruction	0042553b	FUN_0042553b	00425658	00425659	FALL_THROUGH	FUN_0042553b	bytes=50;mnemonic=PUSH;instruction=PUSH EAX;inputs=EAX,ESP,0x4;results=ESP;flows=;fallthrough=00425659
instruction	0042553b	FUN_0042553b	00425659	0042565c	FALL_THROUGH	FUN_0042553b	bytes=8B4DEE;mnemonic=MOV;instruction=MOV ECX,dword ptr [EBP + -0x12];inputs=0xffffffee,EBP;results=ECX;flows=;fallthrough=0042565c
instruction_reference	0042553b	FUN_0042553b	00425659	Stack[-0x16]	READ		operand_index=1;primary=true;source=ANALYSIS
instruction	0042553b	FUN_0042553b	0042565c	00425662	FALL_THROUGH	FUN_0042553b	bytes=81E1FFFF0000;mnemonic=AND;instruction=AND ECX,0xffff;inputs=0x0,0x1,ECX,0xffff,0xff;results=CF,PF,ECX,ZF,SF,OF;flows=;fallthrough=00425662
instruction	0042553b	FUN_0042553b	00425662	00425663	FALL_THROUGH	FUN_0042553b	bytes=51;mnemonic=PUSH;instruction=PUSH ECX;inputs=ESP,ECX,0x4;results=ESP;flows=;fallthrough=00425663
instruction	0042553b	FUN_0042553b	00425663	00425666	FALL_THROUGH	FUN_0042553b	bytes=8B55F3;mnemonic=MOV;instruction=MOV EDX,dword ptr [EBP + -0xd];inputs=EBP,0xfffffff3;results=EDX;flows=;fallthrough=00425666
instruction_reference	0042553b	FUN_0042553b	00425663	Stack[-0x11]	READ		operand_index=1;primary=true;source=ANALYSIS
instruction	0042553b	FUN_0042553b	00425666	0042566c	FALL_THROUGH	FUN_0042553b	bytes=81E2FF000000;mnemonic=AND;instruction=AND EDX,0xff;inputs=0x0,0x1,EDX,0xff;results=CF,PF,ZF,SF,EDX,OF;flows=;fallthrough=0042566c
instruction	0042553b	FUN_0042553b	0042566c	0042566d	FALL_THROUGH	FUN_0042553b	bytes=52;mnemonic=PUSH;instruction=PUSH EDX;inputs=ESP,0x4,EDX;results=ESP;flows=;fallthrough=0042566d
instruction	0042553b	FUN_0042553b	0042566d	00425670	FALL_THROUGH	FUN_0042553b	bytes=8B45F2;mnemonic=MOV;instruction=MOV EAX,dword ptr [EBP + -0xe];inputs=EBP,0xfffffff2;results=EAX;flows=;fallthrough=00425670
instruction_reference	0042553b	FUN_0042553b	0042566d	Stack[-0x12]	READ		operand_index=1;primary=true;source=ANALYSIS
instruction	0042553b	FUN_0042553b	00425670	00425675	FALL_THROUGH	FUN_0042553b	bytes=25FF000000;mnemonic=AND;instruction=AND EAX,0xff;inputs=0x0,EAX,0x1,0xff;results=CF,EAX,PF,ZF,SF,OF;flows=;fallthrough=00425675
instruction	0042553b	FUN_0042553b	00425675	00425676	FALL_THROUGH	FUN_0042553b	bytes=50;mnemonic=PUSH;instruction=PUSH EAX;inputs=EAX,ESP,0x4;results=ESP;flows=;fallthrough=00425676
instruction	0042553b	FUN_0042553b	00425676	00425679	FALL_THROUGH	FUN_0042553b	bytes=8B4DF1;mnemonic=MOV;instruction=MOV ECX,dword ptr [EBP + -0xf];inputs=EBP,0xfffffff1;results=ECX;flows=;fallthrough=00425679
instruction_reference	0042553b	FUN_0042553b	00425676	Stack[-0x13]	READ		operand_index=1;primary=true;source=ANALYSIS
instruction	0042553b	FUN_0042553b	00425679	0042567f	FALL_THROUGH	FUN_0042553b	bytes=81E1FF000000;mnemonic=AND;instruction=AND ECX,0xff;inputs=0x0,0x1,ECX,0xff;results=CF,PF,ECX,ZF,SF,OF;flows=;fallthrough=0042567f
instruction	0042553b	FUN_0042553b	0042567f	00425680	FALL_THROUGH	FUN_0042553b	bytes=51;mnemonic=PUSH;instruction=PUSH ECX;inputs=ESP,ECX,0x4;results=ESP;flows=;fallthrough=00425680
instruction	0042553b	FUN_0042553b	00425680	00425683	FALL_THROUGH	FUN_0042553b	bytes=8B55F0;mnemonic=MOV;instruction=MOV EDX,dword ptr [EBP + -0x10];inputs=EBP,0xfffffff0;results=EDX;flows=;fallthrough=00425683
instruction_reference	0042553b	FUN_0042553b	00425680	Stack[-0x14]	READ		operand_index=1;primary=true;source=ANALYSIS
instruction	0042553b	FUN_0042553b	00425683	00425689	FALL_THROUGH	FUN_0042553b	bytes=81E2FF000000;mnemonic=AND;instruction=AND EDX,0xff;inputs=0x0,0x1,EDX,0xff;results=CF,PF,ZF,SF,EDX,OF;flows=;fallthrough=00425689
instruction	0042553b	FUN_0042553b	00425689	0042568a	FALL_THROUGH	FUN_0042553b	bytes=52;mnemonic=PUSH;instruction=PUSH EDX;inputs=ESP,0x4,EDX;results=ESP;flows=;fallthrough=0042568a
instruction	0042553b	FUN_0042553b	0042568a	0042568d	FALL_THROUGH	FUN_0042553b	bytes=8B45FC;mnemonic=MOV;instruction=MOV EAX,dword ptr [EBP + -0x4];inputs=0xfffffffc,EBP;results=EAX;flows=;fallthrough=0042568d
instruction_reference	0042553b	FUN_0042553b	0042568a	Stack[-0x8]	READ		operand_index=1;primary=true;source=ANALYSIS
instruction	0042553b	FUN_0042553b	0042568d	0042568e	FALL_THROUGH	FUN_0042553b	bytes=50;mnemonic=PUSH;instruction=PUSH EAX;inputs=EAX,ESP,0x4;results=ESP;flows=;fallthrough=0042568e
instruction	0042553b	FUN_0042553b	0042568e	00425693	FALL_THROUGH	FUN_0042553b	bytes=681C215B00;mnemonic=PUSH;instruction=PUSH 0x5b211c;inputs=ESP,0x4,0x5b211c;results=ESP;flows=;fallthrough=00425693
instruction_reference	0042553b	FUN_0042553b	0042568e	005b211c	DATA	s_sock:%d_ip:%d.%d.%d.%d_port:%d-%_005b211c	operand_index=0;primary=true;source=ANALYSIS
instruction	0042553b	FUN_0042553b	00425693	00425699	FALL_THROUGH	FUN_0042553b	bytes=8D8DDCFEFFFF;mnemonic=LEA;instruction=LEA ECX,[EBP + 0xfffffedc];inputs=0xfffffedc,EBP;results=ECX;flows=;fallthrough=00425699
instruction_reference	0042553b	FUN_0042553b	00425693	Stack[-0x128]	DATA		operand_index=0;primary=true;source=ANALYSIS
instruction	0042553b	FUN_0042553b	00425699	0042569a	FALL_THROUGH	FUN_0042553b	bytes=51;mnemonic=PUSH;instruction=PUSH ECX;inputs=ESP,ECX,0x4;results=ESP;flows=;fallthrough=0042569a
instruction	0042553b	FUN_0042553b	0042569a	0042569f	UNCONDITIONAL_CALL	FUN_0042553b	bytes=E8D9991600;mnemonic=CALL;instruction=CALL 0x0058f078;inputs=ESP,0x4,0x42569f;results=ESP;flows=0058f078;fallthrough=0042569f
instruction_reference	0042553b	FUN_0042553b	0042569a	0058f078	UNCONDITIONAL_CALL	FUN_0058f078	operand_index=0;primary=true;source=DEFAULT
instruction	0042553b	FUN_0042553b	0042569f	004256a2	FALL_THROUGH	FUN_0042553b	bytes=83C424;mnemonic=ADD;instruction=ADD ESP,0x24;inputs=ESP,0x0,0x1,0x24,0xff;results=CF,ESP,PF,ZF,SF,OF;flows=;fallthrough=004256a2
instruction	0042553b	FUN_0042553b	004256a2	004256a8	FALL_THROUGH	FUN_0042553b	bytes=8B1590CF5C00;mnemonic=MOV;instruction=MOV EDX,dword ptr [0x005ccf90];inputs=005ccf90;results=EDX;flows=;fallthrough=004256a8
instruction_reference	0042553b	FUN_0042553b	004256a2	005ccf90	READ	DAT_005ccf90	operand_index=1;primary=true;source=DEFAULT
instruction	0042553b	FUN_0042553b	004256a8	004256ab	FALL_THROUGH	FUN_0042553b	bytes=83C201;mnemonic=ADD;instruction=ADD EDX,0x1;inputs=0x0,0x1,EDX,0xff;results=CF,PF,ZF,SF,EDX,OF;flows=;fallthrough=004256ab
instruction	0042553b	FUN_0042553b	004256ab	004256b1	FALL_THROUGH	FUN_0042553b	bytes=891590CF5C00;mnemonic=MOV;instruction=MOV dword ptr [0x005ccf90],EDX;inputs=EDX;results=005ccf90;flows=;fallthrough=004256b1
instruction_reference	0042553b	FUN_0042553b	004256ab	005ccf90	WRITE	DAT_005ccf90	operand_index=0;primary=true;source=DEFAULT
instruction	0042553b	FUN_0042553b	004256b1	004256b4	FALL_THROUGH	FUN_0042553b	bytes=8B4508;mnemonic=MOV;instruction=MOV EAX,dword ptr [EBP + 0x8];inputs=EBP,0x8;results=EAX;flows=;fallthrough=004256b4
instruction_reference	0042553b	FUN_0042553b	004256b1	Stack[0x4]	READ		operand_index=1;primary=true;source=ANALYSIS
instruction	0042553b	FUN_0042553b	004256b4	004256b5	FALL_THROUGH	FUN_0042553b	bytes=50;mnemonic=PUSH;instruction=PUSH EAX;inputs=EAX,ESP,0x4;results=ESP;flows=;fallthrough=004256b5
instruction	0042553b	FUN_0042553b	004256b5	004256ba	UNCONDITIONAL_CALL	FUN_0042553b	bytes=E824931600;mnemonic=CALL;instruction=CALL 0x0058e9de;inputs=ESP,0x4,0x4256ba;results=ESP;flows=0058e9de;fallthrough=004256ba
instruction_reference	0042553b	FUN_0042553b	004256b5	0058e9de	UNCONDITIONAL_CALL	inet_addr	operand_index=0;primary=true;source=DEFAULT
instruction	0042553b	FUN_0042553b	004256ba	004256bd	FALL_THROUGH	FUN_0042553b	bytes=8945E0;mnemonic=MOV;instruction=MOV dword ptr [EBP + -0x20],EAX;inputs=EAX,EBP,0xffffffe0;results=;flows=;fallthrough=004256bd
instruction_reference	0042553b	FUN_0042553b	004256ba	Stack[-0x24]	WRITE		operand_index=0;primary=true;source=ANALYSIS
instruction	0042553b	FUN_0042553b	004256bd	004256c3	FALL_THROUGH	FUN_0042553b	bytes=66C745DC0200;mnemonic=MOV;instruction=MOV word ptr [EBP + -0x24],0x2;inputs=0x2,0xffffffdc,EBP;results=;flows=;fallthrough=004256c3
instruction_reference	0042553b	FUN_0042553b	004256bd	Stack[-0x28]	WRITE		operand_index=0;primary=true;source=ANALYSIS
instruction	0042553b	FUN_0042553b	004256c3	004256c7	FALL_THROUGH	FUN_0042553b	bytes=668B4D0C;mnemonic=MOV;instruction=MOV CX,word ptr [EBP + 0xc];inputs=EBP,0xc;results=CX;flows=;fallthrough=004256c7
instruction_reference	0042553b	FUN_0042553b	004256c3	Stack[0x8]	READ		operand_index=1;primary=true;source=ANALYSIS
instruction	0042553b	FUN_0042553b	004256c7	004256c8	FALL_THROUGH	FUN_0042553b	bytes=51;mnemonic=PUSH;instruction=PUSH ECX;inputs=ESP,ECX,0x4;results=ESP;flows=;fallthrough=004256c8
instruction	0042553b	FUN_0042553b	004256c8	004256cd	UNCONDITIONAL_CALL	FUN_0042553b	bytes=E8ED921600;mnemonic=CALL;instruction=CALL 0x0058e9ba;inputs=ESP,0x4,0x4256cd;results=ESP;flows=0058e9ba;fallthrough=004256cd
instruction_reference	0042553b	FUN_0042553b	004256c8	0058e9ba	UNCONDITIONAL_CALL	htons	operand_index=0;primary=true;source=DEFAULT
instruction	0042553b	FUN_0042553b	004256cd	004256d1	FALL_THROUGH	FUN_0042553b	bytes=668945DE;mnemonic=MOV;instruction=MOV word ptr [EBP + -0x22],AX;inputs=AX,0xffffffde,EBP;results=;flows=;fallthrough=004256d1
instruction_reference	0042553b	FUN_0042553b	004256cd	Stack[-0x26]	WRITE		operand_index=0;primary=true;source=ANALYSIS
instruction	0042553b	FUN_0042553b	004256d1	004256d3	FALL_THROUGH	FUN_0042553b	bytes=6A10;mnemonic=PUSH;instruction=PUSH 0x10;inputs=0x10,ESP,0x4;results=ESP;flows=;fallthrough=004256d3
instruction	0042553b	FUN_0042553b	004256d3	004256d6	FALL_THROUGH	FUN_0042553b	bytes=8D55DC;mnemonic=LEA;instruction=LEA EDX,[EBP + -0x24];inputs=0xffffffdc,EBP;results=EDX;flows=;fallthrough=004256d6
instruction_reference	0042553b	FUN_0042553b	004256d3	Stack[-0x28]	DATA		operand_index=0;primary=true;source=ANALYSIS
instruction	0042553b	FUN_0042553b	004256d6	004256d7	FALL_THROUGH	FUN_0042553b	bytes=52;mnemonic=PUSH;instruction=PUSH EDX;inputs=ESP,0x4,EDX;results=ESP;flows=;fallthrough=004256d7
instruction	0042553b	FUN_0042553b	004256d7	004256da	FALL_THROUGH	FUN_0042553b	bytes=8B45FC;mnemonic=MOV;instruction=MOV EAX,dword ptr [EBP + -0x4];inputs=0xfffffffc,EBP;results=EAX;flows=;fallthrough=004256da
instruction_reference	0042553b	FUN_0042553b	004256d7	Stack[-0x8]	READ		operand_index=1;primary=true;source=ANALYSIS
instruction	0042553b	FUN_0042553b	004256da	004256db	FALL_THROUGH	FUN_0042553b	bytes=50;mnemonic=PUSH;instruction=PUSH EAX;inputs=EAX,ESP,0x4;results=ESP;flows=;fallthrough=004256db
instruction	0042553b	FUN_0042553b	004256db	004256e0	UNCONDITIONAL_CALL	FUN_0042553b	bytes=E8F8921600;mnemonic=CALL;instruction=CALL 0x0058e9d8;inputs=ESP,0x4256e0,0x4;results=ESP;flows=0058e9d8;fallthrough=004256e0
instruction_reference	0042553b	FUN_0042553b	004256db	0058e9d8	UNCONDITIONAL_CALL	connect	operand_index=0;primary=true;source=DEFAULT
instruction	0042553b	FUN_0042553b	004256e0	004256e2	FALL_THROUGH	FUN_0042553b	bytes=85C0;mnemonic=TEST;instruction=TEST EAX,EAX;inputs=0x0,EAX,0x1,0xff;results=CF,PF,ZF,SF,OF;flows=;fallthrough=004256e2
instruction	0042553b	FUN_0042553b	004256e2	004256e4	CONDITIONAL_JUMP	FUN_0042553b	bytes=7D68;mnemonic=JGE;instruction=JGE 0x0042574c;inputs=SF,OF;results=;flows=0042574c;fallthrough=004256e4
instruction_reference	0042553b	FUN_0042553b	004256e2	0042574c	CONDITIONAL_JUMP	LAB_0042574c	operand_index=0;primary=true;source=DEFAULT
instruction	0042553b	FUN_0042553b	004256e4	004256e7	FALL_THROUGH	FUN_0042553b	bytes=8B4D0C;mnemonic=MOV;instruction=MOV ECX,dword ptr [EBP + 0xc];inputs=EBP,0xc;results=ECX;flows=;fallthrough=004256e7
instruction_reference	0042553b	FUN_0042553b	004256e4	Stack[0x8]	READ		operand_index=1;primary=true;source=ANALYSIS
instruction	0042553b	FUN_0042553b	004256e7	004256e8	FALL_THROUGH	FUN_0042553b	bytes=51;mnemonic=PUSH;instruction=PUSH ECX;inputs=ESP,ECX,0x4;results=ESP;flows=;fallthrough=004256e8
instruction	0042553b	FUN_0042553b	004256e8	004256eb	FALL_THROUGH	FUN_0042553b	bytes=8B55DE;mnemonic=MOV;instruction=MOV EDX,dword ptr [EBP + -0x22];inputs=0xffffffde,EBP;results=EDX;flows=;fallthrough=004256eb
instruction_reference	0042553b	FUN_0042553b	004256e8	Stack[-0x26]	READ		operand_index=1;primary=true;source=ANALYSIS
instruction	0042553b	FUN_0042553b	004256eb	004256f1	FALL_THROUGH	FUN_0042553b	bytes=81E2FFFF0000;mnemonic=AND;instruction=AND EDX,0xffff;inputs=0x0,0x1,EDX,0xffff,0xff;results=CF,PF,ZF,SF,EDX,OF;flows=;fallthrough=004256f1
instruction	0042553b	FUN_0042553b	004256f1	004256f2	FALL_THROUGH	FUN_0042553b	bytes=52;mnemonic=PUSH;instruction=PUSH EDX;inputs=ESP,0x4,EDX;results=ESP;flows=;fallthrough=004256f2
instruction	0042553b	FUN_0042553b	004256f2	004256f5	FALL_THROUGH	FUN_0042553b	bytes=8B45E3;mnemonic=MOV;instruction=MOV EAX,dword ptr [EBP + -0x1d];inputs=EBP,0xffffffe3;results=EAX;flows=;fallthrough=004256f5
instruction_reference	0042553b	FUN_0042553b	004256f2	Stack[-0x21]	READ		operand_index=1;primary=true;source=ANALYSIS
instruction	0042553b	FUN_0042553b	004256f5	004256fa	FALL_THROUGH	FUN_0042553b	bytes=25FF000000;mnemonic=AND;instruction=AND EAX,0xff;inputs=0x0,EAX,0x1,0xff;results=CF,EAX,PF,ZF,SF,OF;flows=;fallthrough=004256fa
instruction	0042553b	FUN_0042553b	004256fa	004256fb	FALL_THROUGH	FUN_0042553b	bytes=50;mnemonic=PUSH;instruction=PUSH EAX;inputs=EAX,ESP,0x4;results=ESP;flows=;fallthrough=004256fb
instruction	0042553b	FUN_0042553b	004256fb	004256fe	FALL_THROUGH	FUN_0042553b	bytes=8B4DE2;mnemonic=MOV;instruction=MOV ECX,dword ptr [EBP + -0x1e];inputs=EBP,0xffffffe2;results=ECX;flows=;fallthrough=004256fe
instruction_reference	0042553b	FUN_0042553b	004256fb	Stack[-0x22]	READ		operand_index=1;primary=true;source=ANALYSIS
instruction	0042553b	FUN_0042553b	004256fe	00425704	FALL_THROUGH	FUN_0042553b	bytes=81E1FF000000;mnemonic=AND;instruction=AND ECX,0xff;inputs=0x0,0x1,ECX,0xff;results=CF,PF,ECX,ZF,SF,OF;flows=;fallthrough=00425704
instruction	0042553b	FUN_0042553b	00425704	00425705	FALL_THROUGH	FUN_0042553b	bytes=51;mnemonic=PUSH;instruction=PUSH ECX;inputs=ESP,ECX,0x4;results=ESP;flows=;fallthrough=00425705
instruction	0042553b	FUN_0042553b	00425705	00425708	FALL_THROUGH	FUN_0042553b	bytes=8B55E1;mnemonic=MOV;instruction=MOV EDX,dword ptr [EBP + -0x1f];inputs=EBP,0xffffffe1;results=EDX;flows=;fallthrough=00425708
instruction_reference	0042553b	FUN_0042553b	00425705	Stack[-0x23]	READ		operand_index=1;primary=true;source=ANALYSIS
instruction	0042553b	FUN_0042553b	00425708	0042570e	FALL_THROUGH	FUN_0042553b	bytes=81E2FF000000;mnemonic=AND;instruction=AND EDX,0xff;inputs=0x0,0x1,EDX,0xff;results=CF,PF,ZF,SF,EDX,OF;flows=;fallthrough=0042570e
instruction	0042553b	FUN_0042553b	0042570e	0042570f	FALL_THROUGH	FUN_0042553b	bytes=52;mnemonic=PUSH;instruction=PUSH EDX;inputs=ESP,0x4,EDX;results=ESP;flows=;fallthrough=0042570f
instruction	0042553b	FUN_0042553b	0042570f	00425712	FALL_THROUGH	FUN_0042553b	bytes=8B45E0;mnemonic=MOV;instruction=MOV EAX,dword ptr [EBP + -0x20];inputs=EBP,0xffffffe0;results=EAX;flows=;fallthrough=00425712
instruction_reference	0042553b	FUN_0042553b	0042570f	Stack[-0x24]	READ		operand_index=1;primary=true;source=ANALYSIS
instruction	0042553b	FUN_0042553b	00425712	00425717	FALL_THROUGH	FUN_0042553b	bytes=25FF000000;mnemonic=AND;instruction=AND EAX,0xff;inputs=0x0,EAX,0x1,0xff;results=CF,EAX,PF,ZF,SF,OF;flows=;fallthrough=00425717
instruction	0042553b	FUN_0042553b	00425717	00425718	FALL_THROUGH	FUN_0042553b	bytes=50;mnemonic=PUSH;instruction=PUSH EAX;inputs=EAX,ESP,0x4;results=ESP;flows=;fallthrough=00425718
instruction	0042553b	FUN_0042553b	00425718	0042571b	FALL_THROUGH	FUN_0042553b	bytes=8B4DFC;mnemonic=MOV;instruction=MOV ECX,dword ptr [EBP + -0x4];inputs=0xfffffffc,EBP;results=ECX;flows=;fallthrough=0042571b
instruction_reference	0042553b	FUN_0042553b	00425718	Stack[-0x8]	READ		operand_index=1;primary=true;source=ANALYSIS
instruction	0042553b	FUN_0042553b	0042571b	0042571c	FALL_THROUGH	FUN_0042553b	bytes=51;mnemonic=PUSH;instruction=PUSH ECX;inputs=ESP,ECX,0x4;results=ESP;flows=;fallthrough=0042571c
instruction	0042553b	FUN_0042553b	0042571c	00425721	FALL_THROUGH	FUN_0042553b	bytes=6840215B00;mnemonic=PUSH;instruction=PUSH 0x5b2140;inputs=ESP,0x4,0x5b2140;results=ESP;flows=;fallthrough=00425721
instruction_reference	0042553b	FUN_0042553b	0042571c	005b2140	DATA	s_sock:%d_ip:%d.%d.%d.%d_port:%d-%_005b2140	operand_index=0;primary=true;source=ANALYSIS
instruction	0042553b	FUN_0042553b	00425721	00425727	FALL_THROUGH	FUN_0042553b	bytes=8D95DCFEFFFF;mnemonic=LEA;instruction=LEA EDX,[EBP + 0xfffffedc];inputs=0xfffffedc,EBP;results=EDX;flows=;fallthrough=00425727
instruction_reference	0042553b	FUN_0042553b	00425721	Stack[-0x128]	DATA		operand_index=0;primary=true;source=ANALYSIS
instruction	0042553b	FUN_0042553b	00425727	00425728	FALL_THROUGH	FUN_0042553b	bytes=52;mnemonic=PUSH;instruction=PUSH EDX;inputs=ESP,0x4,EDX;results=ESP;flows=;fallthrough=00425728
instruction	0042553b	FUN_0042553b	00425728	0042572d	UNCONDITIONAL_CALL	FUN_0042553b	bytes=E84B991600;mnemonic=CALL;instruction=CALL 0x0058f078;inputs=ESP,0x4,0x42572d;results=ESP;flows=0058f078;fallthrough=0042572d
instruction_reference	0042553b	FUN_0042553b	00425728	0058f078	UNCONDITIONAL_CALL	FUN_0058f078	operand_index=0;primary=true;source=DEFAULT
instruction	0042553b	FUN_0042553b	0042572d	00425730	FALL_THROUGH	FUN_0042553b	bytes=83C424;mnemonic=ADD;instruction=ADD ESP,0x24;inputs=ESP,0x0,0x1,0x24,0xff;results=CF,ESP,PF,ZF,SF,OF;flows=;fallthrough=00425730
instruction	0042553b	FUN_0042553b	00425730	00425733	FALL_THROUGH	FUN_0042553b	bytes=8B45FC;mnemonic=MOV;instruction=MOV EAX,dword ptr [EBP + -0x4];inputs=0xfffffffc,EBP;results=EAX;flows=;fallthrough=00425733
instruction_reference	0042553b	FUN_0042553b	00425730	Stack[-0x8]	READ		operand_index=1;primary=true;source=ANALYSIS
instruction	0042553b	FUN_0042553b	00425733	00425734	FALL_THROUGH	FUN_0042553b	bytes=50;mnemonic=PUSH;instruction=PUSH EAX;inputs=EAX,ESP,0x4;results=ESP;flows=;fallthrough=00425734
instruction	0042553b	FUN_0042553b	00425734	00425739	UNCONDITIONAL_CALL	FUN_0042553b	bytes=E863921600;mnemonic=CALL;instruction=CALL 0x0058e99c;inputs=ESP,0x4,0x425739;results=ESP;flows=0058e99c;fallthrough=00425739
instruction_reference	0042553b	FUN_0042553b	00425734	0058e99c	UNCONDITIONAL_CALL	closesocket	operand_index=0;primary=true;source=DEFAULT
instruction	0042553b	FUN_0042553b	00425739	0042573f	FALL_THROUGH	FUN_0042553b	bytes=8B8DD8FEFFFF;mnemonic=MOV;instruction=MOV ECX,dword ptr [EBP + 0xfffffed8];inputs=EBP,0xfffffed8;results=ECX;flows=;fallthrough=0042573f
instruction_reference	0042553b	FUN_0042553b	00425739	Stack[-0x12c]	READ		operand_index=1;primary=true;source=ANALYSIS
instruction	0042553b	FUN_0042553b	0042573f	00425745	FALL_THROUGH	FUN_0042553b	bytes=C70100000000;mnemonic=MOV;instruction=MOV dword ptr [ECX],0x0;inputs=0x0,ECX;results=;flows=;fallthrough=00425745
instruction	0042553b	FUN_0042553b	00425745	00425747	FALL_THROUGH	FUN_0042553b	bytes=33C0;mnemonic=XOR;instruction=XOR EAX,EAX;inputs=0x0,EAX,0x1,0xff;results=CF,EAX,PF,ZF,SF,OF;flows=;fallthrough=00425747
instruction	0042553b	FUN_0042553b	00425747		UNCONDITIONAL_JUMP	FUN_0042553b	bytes=E98D000000;mnemonic=JMP;instruction=JMP 0x004257d9;inputs=;results=;flows=004257d9;fallthrough=
instruction_reference	0042553b	FUN_0042553b	00425747	004257d9	UNCONDITIONAL_JUMP	LAB_004257d9	operand_index=0;primary=true;source=DEFAULT
instruction	0042553b	FUN_0042553b	0042574c	0042574f	FALL_THROUGH	FUN_0042553b	bytes=8B550C;mnemonic=MOV;instruction=MOV EDX,dword ptr [EBP + 0xc];inputs=EBP,0xc;results=EDX;flows=;fallthrough=0042574f
instruction_reference	0042553b	FUN_0042553b	0042574c	Stack[0x8]	READ		operand_index=1;primary=true;source=ANALYSIS
instruction	0042553b	FUN_0042553b	0042574f	00425750	FALL_THROUGH	FUN_0042553b	bytes=52;mnemonic=PUSH;instruction=PUSH EDX;inputs=ESP,0x4,EDX;results=ESP;flows=;fallthrough=00425750
instruction	0042553b	FUN_0042553b	00425750	00425753	FALL_THROUGH	FUN_0042553b	bytes=8B45DE;mnemonic=MOV;instruction=MOV EAX,dword ptr [EBP + -0x22];inputs=0xffffffde,EBP;results=EAX;flows=;fallthrough=00425753
instruction_reference	0042553b	FUN_0042553b	00425750	Stack[-0x26]	READ		operand_index=1;primary=true;source=ANALYSIS
instruction	0042553b	FUN_0042553b	00425753	00425758	FALL_THROUGH	FUN_0042553b	bytes=25FFFF0000;mnemonic=AND;instruction=AND EAX,0xffff;inputs=0x0,EAX,0x1,0xffff,0xff;results=CF,EAX,PF,ZF,SF,OF;flows=;fallthrough=00425758
instruction	0042553b	FUN_0042553b	00425758	00425759	FALL_THROUGH	FUN_0042553b	bytes=50;mnemonic=PUSH;instruction=PUSH EAX;inputs=EAX,ESP,0x4;results=ESP;flows=;fallthrough=00425759
instruction	0042553b	FUN_0042553b	00425759	0042575c	FALL_THROUGH	FUN_0042553b	bytes=8B4DE3;mnemonic=MOV;instruction=MOV ECX,dword ptr [EBP + -0x1d];inputs=EBP,0xffffffe3;results=ECX;flows=;fallthrough=0042575c
instruction_reference	0042553b	FUN_0042553b	00425759	Stack[-0x21]	READ		operand_index=1;primary=true;source=ANALYSIS
instruction	0042553b	FUN_0042553b	0042575c	00425762	FALL_THROUGH	FUN_0042553b	bytes=81E1FF000000;mnemonic=AND;instruction=AND ECX,0xff;inputs=0x0,0x1,ECX,0xff;results=CF,PF,ECX,ZF,SF,OF;flows=;fallthrough=00425762
instruction	0042553b	FUN_0042553b	00425762	00425763	FALL_THROUGH	FUN_0042553b	bytes=51;mnemonic=PUSH;instruction=PUSH ECX;inputs=ESP,ECX,0x4;results=ESP;flows=;fallthrough=00425763
instruction	0042553b	FUN_0042553b	00425763	00425766	FALL_THROUGH	FUN_0042553b	bytes=8B55E2;mnemonic=MOV;instruction=MOV EDX,dword ptr [EBP + -0x1e];inputs=EBP,0xffffffe2;results=EDX;flows=;fallthrough=00425766
instruction_reference	0042553b	FUN_0042553b	00425763	Stack[-0x22]	READ		operand_index=1;primary=true;source=ANALYSIS
instruction	0042553b	FUN_0042553b	00425766	0042576c	FALL_THROUGH	FUN_0042553b	bytes=81E2FF000000;mnemonic=AND;instruction=AND EDX,0xff;inputs=0x0,0x1,EDX,0xff;results=CF,PF,ZF,SF,EDX,OF;flows=;fallthrough=0042576c
instruction	0042553b	FUN_0042553b	0042576c	0042576d	FALL_THROUGH	FUN_0042553b	bytes=52;mnemonic=PUSH;instruction=PUSH EDX;inputs=ESP,0x4,EDX;results=ESP;flows=;fallthrough=0042576d
instruction	0042553b	FUN_0042553b	0042576d	00425770	FALL_THROUGH	FUN_0042553b	bytes=8B45E1;mnemonic=MOV;instruction=MOV EAX,dword ptr [EBP + -0x1f];inputs=EBP,0xffffffe1;results=EAX;flows=;fallthrough=00425770
instruction_reference	0042553b	FUN_0042553b	0042576d	Stack[-0x23]	READ		operand_index=1;primary=true;source=ANALYSIS
instruction	0042553b	FUN_0042553b	00425770	00425775	FALL_THROUGH	FUN_0042553b	bytes=25FF000000;mnemonic=AND;instruction=AND EAX,0xff;inputs=0x0,EAX,0x1,0xff;results=CF,EAX,PF,ZF,SF,OF;flows=;fallthrough=00425775
instruction	0042553b	FUN_0042553b	00425775	00425776	FALL_THROUGH	FUN_0042553b	bytes=50;mnemonic=PUSH;instruction=PUSH EAX;inputs=EAX,ESP,0x4;results=ESP;flows=;fallthrough=00425776
instruction	0042553b	FUN_0042553b	00425776	00425779	FALL_THROUGH	FUN_0042553b	bytes=8B4DE0;mnemonic=MOV;instruction=MOV ECX,dword ptr [EBP + -0x20];inputs=EBP,0xffffffe0;results=ECX;flows=;fallthrough=00425779
instruction_reference	0042553b	FUN_0042553b	00425776	Stack[-0x24]	READ		operand_index=1;primary=true;source=ANALYSIS
instruction	0042553b	FUN_0042553b	00425779	0042577f	FALL_THROUGH	FUN_0042553b	bytes=81E1FF000000;mnemonic=AND;instruction=AND ECX,0xff;inputs=0x0,0x1,ECX,0xff;results=CF,PF,ECX,ZF,SF,OF;flows=;fallthrough=0042577f
instruction	0042553b	FUN_0042553b	0042577f	00425780	FALL_THROUGH	FUN_0042553b	bytes=51;mnemonic=PUSH;instruction=PUSH ECX;inputs=ESP,ECX,0x4;results=ESP;flows=;fallthrough=00425780
instruction	0042553b	FUN_0042553b	00425780	00425783	FALL_THROUGH	FUN_0042553b	bytes=8B55FC;mnemonic=MOV;instruction=MOV EDX,dword ptr [EBP + -0x4];inputs=0xfffffffc,EBP;results=EDX;flows=;fallthrough=00425783
instruction_reference	0042553b	FUN_0042553b	00425780	Stack[-0x8]	READ		operand_index=1;primary=true;source=ANALYSIS
instruction	0042553b	FUN_0042553b	00425783	00425784	FALL_THROUGH	FUN_0042553b	bytes=52;mnemonic=PUSH;instruction=PUSH EDX;inputs=ESP,0x4,EDX;results=ESP;flows=;fallthrough=00425784
instruction	0042553b	FUN_0042553b	00425784	00425789	FALL_THROUGH	FUN_0042553b	bytes=6864215B00;mnemonic=PUSH;instruction=PUSH 0x5b2164;inputs=ESP,0x4,0x5b2164;results=ESP;flows=;fallthrough=00425789
instruction_reference	0042553b	FUN_0042553b	00425784	005b2164	DATA	s_sock:%d_ip:%d.%d.%d.%d_port:%d-%_005b2164	operand_index=0;primary=true;source=ANALYSIS
instruction	0042553b	FUN_0042553b	00425789	0042578f	FALL_THROUGH	FUN_0042553b	bytes=8D85DCFEFFFF;mnemonic=LEA;instruction=LEA EAX,[EBP + 0xfffffedc];inputs=0xfffffedc,EBP;results=EAX;flows=;fallthrough=0042578f
instruction_reference	0042553b	FUN_0042553b	00425789	Stack[-0x128]	DATA		operand_index=0;primary=true;source=ANALYSIS
instruction	0042553b	FUN_0042553b	0042578f	00425790	FALL_THROUGH	FUN_0042553b	bytes=50;mnemonic=PUSH;instruction=PUSH EAX;inputs=EAX,ESP,0x4;results=ESP;flows=;fallthrough=00425790
instruction	0042553b	FUN_0042553b	00425790	00425795	UNCONDITIONAL_CALL	FUN_0042553b	bytes=E8E3981600;mnemonic=CALL;instruction=CALL 0x0058f078;inputs=ESP,0x4,0x425795;results=ESP;flows=0058f078;fallthrough=00425795
instruction_reference	0042553b	FUN_0042553b	00425790	0058f078	UNCONDITIONAL_CALL	FUN_0058f078	operand_index=0;primary=true;source=DEFAULT
instruction	0042553b	FUN_0042553b	00425795	00425798	FALL_THROUGH	FUN_0042553b	bytes=83C424;mnemonic=ADD;instruction=ADD ESP,0x24;inputs=ESP,0x0,0x1,0x24,0xff;results=CF,ESP,PF,ZF,SF,OF;flows=;fallthrough=00425798
instruction	0042553b	FUN_0042553b	00425798	0042579a	FALL_THROUGH	FUN_0042553b	bytes=6A21;mnemonic=PUSH;instruction=PUSH 0x21;inputs=ESP,0x21,0x4;results=ESP;flows=;fallthrough=0042579a
instruction	0042553b	FUN_0042553b	0042579a	0042579d	FALL_THROUGH	FUN_0042553b	bytes=8B4D14;mnemonic=MOV;instruction=MOV ECX,dword ptr [EBP + 0x14];inputs=EBP,0x14;results=ECX;flows=;fallthrough=0042579d
instruction_reference	0042553b	FUN_0042553b	0042579a	Stack[0x10]	READ		operand_index=1;primary=true;source=ANALYSIS
instruction	0042553b	FUN_0042553b	0042579d	0042579e	FALL_THROUGH	FUN_0042553b	bytes=51;mnemonic=PUSH;instruction=PUSH ECX;inputs=ESP,ECX,0x4;results=ESP;flows=;fallthrough=0042579e
instruction	0042553b	FUN_0042553b	0042579e	004257a4	FALL_THROUGH	FUN_0042553b	bytes=8B1510723B01;mnemonic=MOV;instruction=MOV EDX,dword ptr [0x013b7210];inputs=013b7210;results=EDX;flows=;fallthrough=004257a4
instruction_reference	0042553b	FUN_0042553b	0042579e	013b7210	READ	DAT_013b7210	operand_index=1;primary=true;source=DEFAULT
instruction	0042553b	FUN_0042553b	004257a4	004257a5	FALL_THROUGH	FUN_0042553b	bytes=52;mnemonic=PUSH;instruction=PUSH EDX;inputs=ESP,0x4,EDX;results=ESP;flows=;fallthrough=004257a5
instruction	0042553b	FUN_0042553b	004257a5	004257a8	FALL_THROUGH	FUN_0042553b	bytes=8B45FC;mnemonic=MOV;instruction=MOV EAX,dword ptr [EBP + -0x4];inputs=0xfffffffc,EBP;results=EAX;flows=;fallthrough=004257a8
instruction_reference	0042553b	FUN_0042553b	004257a5	Stack[-0x8]	READ		operand_index=1;primary=true;source=ANALYSIS
instruction	0042553b	FUN_0042553b	004257a8	004257a9	FALL_THROUGH	FUN_0042553b	bytes=50;mnemonic=PUSH;instruction=PUSH EAX;inputs=EAX,ESP,0x4;results=ESP;flows=;fallthrough=004257a9
instruction	0042553b	FUN_0042553b	004257a9	004257ae	UNCONDITIONAL_CALL	FUN_0042553b	bytes=E8FA911600;mnemonic=CALL;instruction=CALL 0x0058e9a8;inputs=ESP,0x4,0x4257ae;results=ESP;flows=0058e9a8;fallthrough=004257ae
instruction_reference	0042553b	FUN_0042553b	004257a9	0058e9a8	UNCONDITIONAL_CALL	WSAAsyncSelect	operand_index=0;primary=true;source=DEFAULT
instruction	0042553b	FUN_0042553b	004257ae	004257b0	FALL_THROUGH	FUN_0042553b	bytes=85C0;mnemonic=TEST;instruction=TEST EAX,EAX;inputs=0x0,EAX,0x1,0xff;results=CF,PF,ZF,SF,OF;flows=;fallthrough=004257b0
instruction	0042553b	FUN_0042553b	004257b0	004257b2	CONDITIONAL_JUMP	FUN_0042553b	bytes=7E19;mnemonic=JLE;instruction=JLE 0x004257cb;inputs=ZF,SF,OF;results=;flows=004257cb;fallthrough=004257b2
instruction_reference	0042553b	FUN_0042553b	004257b0	004257cb	CONDITIONAL_JUMP	LAB_004257cb	operand_index=0;primary=true;source=DEFAULT
instruction	0042553b	FUN_0042553b	004257b2	004257b5	FALL_THROUGH	FUN_0042553b	bytes=8B4DFC;mnemonic=MOV;instruction=MOV ECX,dword ptr [EBP + -0x4];inputs=0xfffffffc,EBP;results=ECX;flows=;fallthrough=004257b5
instruction_reference	0042553b	FUN_0042553b	004257b2	Stack[-0x8]	READ		operand_index=1;primary=true;source=ANALYSIS
instruction	0042553b	FUN_0042553b	004257b5	004257b6	FALL_THROUGH	FUN_0042553b	bytes=51;mnemonic=PUSH;instruction=PUSH ECX;inputs=ESP,ECX,0x4;results=ESP;flows=;fallthrough=004257b6
instruction	0042553b	FUN_0042553b	004257b6	004257bb	UNCONDITIONAL_CALL	FUN_0042553b	bytes=E8E1911600;mnemonic=CALL;instruction=CALL 0x0058e99c;inputs=ESP,0x4,0x4257bb;results=ESP;flows=0058e99c;fallthrough=004257bb
instruction_reference	0042553b	FUN_0042553b	004257b6	0058e99c	UNCONDITIONAL_CALL	closesocket	operand_index=0;primary=true;source=DEFAULT
instruction	0042553b	FUN_0042553b	004257bb	004257c1	FALL_THROUGH	FUN_0042553b	bytes=8B95D8FEFFFF;mnemonic=MOV;instruction=MOV EDX,dword ptr [EBP + 0xfffffed8];inputs=EBP,0xfffffed8;results=EDX;flows=;fallthrough=004257c1
instruction_reference	0042553b	FUN_0042553b	004257bb	Stack[-0x12c]	READ		operand_index=1;primary=true;source=ANALYSIS
instruction	0042553b	FUN_0042553b	004257c1	004257c7	FALL_THROUGH	FUN_0042553b	bytes=C70200000000;mnemonic=MOV;instruction=MOV dword ptr [EDX],0x0;inputs=0x0,EDX;results=;flows=;fallthrough=004257c7
instruction	0042553b	FUN_0042553b	004257c7	004257c9	FALL_THROUGH	FUN_0042553b	bytes=33C0;mnemonic=XOR;instruction=XOR EAX,EAX;inputs=0x0,EAX,0x1,0xff;results=CF,EAX,PF,ZF,SF,OF;flows=;fallthrough=004257c9
instruction	0042553b	FUN_0042553b	004257c9		UNCONDITIONAL_JUMP	FUN_0042553b	bytes=EB0E;mnemonic=JMP;instruction=JMP 0x004257d9;inputs=;results=;flows=004257d9;fallthrough=
instruction_reference	0042553b	FUN_0042553b	004257c9	004257d9	UNCONDITIONAL_JUMP	LAB_004257d9	operand_index=0;primary=true;source=DEFAULT
instruction	0042553b	FUN_0042553b	004257cb	004257d1	FALL_THROUGH	FUN_0042553b	bytes=8B85D8FEFFFF;mnemonic=MOV;instruction=MOV EAX,dword ptr [EBP + 0xfffffed8];inputs=EBP,0xfffffed8;results=EAX;flows=;fallthrough=004257d1
instruction_reference	0042553b	FUN_0042553b	004257cb	Stack[-0x12c]	READ		operand_index=1;primary=true;source=ANALYSIS
instruction	0042553b	FUN_0042553b	004257d1	004257d4	FALL_THROUGH	FUN_0042553b	bytes=8B4DFC;mnemonic=MOV;instruction=MOV ECX,dword ptr [EBP + -0x4];inputs=0xfffffffc,EBP;results=ECX;flows=;fallthrough=004257d4
instruction_reference	0042553b	FUN_0042553b	004257d1	Stack[-0x8]	READ		operand_index=1;primary=true;source=ANALYSIS
instruction	0042553b	FUN_0042553b	004257d4	004257d6	FALL_THROUGH	FUN_0042553b	bytes=8908;mnemonic=MOV;instruction=MOV dword ptr [EAX],ECX;inputs=EAX,ECX;results=;flows=;fallthrough=004257d6
instruction	0042553b	FUN_0042553b	004257d6	004257d9	FALL_THROUGH	FUN_0042553b	bytes=8B45FC;mnemonic=MOV;instruction=MOV EAX,dword ptr [EBP + -0x4];inputs=0xfffffffc,EBP;results=EAX;flows=;fallthrough=004257d9
instruction_reference	0042553b	FUN_0042553b	004257d6	Stack[-0x8]	READ		operand_index=1;primary=true;source=ANALYSIS
instruction	0042553b	FUN_0042553b	004257d9	004257db	FALL_THROUGH	FUN_0042553b	bytes=8BE5;mnemonic=MOV;instruction=MOV ESP,EBP;inputs=EBP;results=ESP;flows=;fallthrough=004257db
instruction	0042553b	FUN_0042553b	004257db	004257dc	FALL_THROUGH	FUN_0042553b	bytes=5D;mnemonic=POP;instruction=POP EBP;inputs=0x0,ESP,0x4;results=ESP,EBP;flows=;fallthrough=004257dc
instruction	0042553b	FUN_0042553b	004257dc		TERMINATOR	FUN_0042553b	bytes=C21000;mnemonic=RET;instruction=RET 0x10;inputs=ESP,0x10,0x4;results=ESP,EIP;flows=;fallthrough=
instruction_search	0042553b	FUN_0042553b	0042553b	0042553b	instructions	FUN_0042553b	instructions=198;references=103;body_min=0042553b;body_max=004257de
function	00423d7a	FUN_00423d7a			unknown		undefined FUN_00423d7a(void)
incoming	00423d7a	FUN_00423d7a	00423f93	00423d7a	UNCONDITIONAL_CALL	FUN_00423f37	
incoming	00423d7a	FUN_00423d7a	0042437e	00423d7a	UNCONDITIONAL_CALL	FUN_00424337	
incoming	00423d7a	FUN_00423d7a	00425582	00423d7a	UNCONDITIONAL_CALL	FUN_0042553b	
incoming	00423d7a	FUN_00423d7a	004aa14e	00423d7a	UNCONDITIONAL_CALL	FUN_004a8f14	
incoming	00423d7a	FUN_00423d7a	0055e7ea	00423d7a	UNCONDITIONAL_CALL	FUN_0055dab8	
incoming	00423d7a	FUN_00423d7a	0055e836	00423d7a	UNCONDITIONAL_CALL	FUN_0055dab8	
caller	00423d7a	FUN_00423d7a	00423f37	00423d7a	call	FUN_00423f37	
caller	00423d7a	FUN_00423d7a	00424337	00423d7a	call	FUN_00424337	
caller	00423d7a	FUN_00423d7a	0042553b	00423d7a	call	FUN_0042553b	
caller	00423d7a	FUN_00423d7a	004a8f14	00423d7a	call	FUN_004a8f14	
caller	00423d7a	FUN_00423d7a	0055dab8	00423d7a	call	FUN_0055dab8	
callee	00423d7a	FUN_00423d7a	00423d7a	0058e99c	call	closesocket	
instruction	00423d7a	FUN_00423d7a	00423d7a	00423d7b	FALL_THROUGH	FUN_00423d7a	bytes=55;mnemonic=PUSH;instruction=PUSH EBP;inputs=ESP,EBP,0x4;results=ESP;flows=;fallthrough=00423d7b
instruction	00423d7a	FUN_00423d7a	00423d7b	00423d7d	FALL_THROUGH	FUN_00423d7a	bytes=8BEC;mnemonic=MOV;instruction=MOV EBP,ESP;inputs=ESP;results=EBP;flows=;fallthrough=00423d7d
instruction	00423d7a	FUN_00423d7a	00423d7d	00423d7e	FALL_THROUGH	FUN_00423d7a	bytes=51;mnemonic=PUSH;instruction=PUSH ECX;inputs=ESP,ECX,0x4;results=ESP;flows=;fallthrough=00423d7e
instruction	00423d7a	FUN_00423d7a	00423d7e	00423d81	FALL_THROUGH	FUN_00423d7a	bytes=894DFC;mnemonic=MOV;instruction=MOV dword ptr [EBP + -0x4],ECX;inputs=0xfffffffc,EBP,ECX;results=;flows=;fallthrough=00423d81
instruction_reference	00423d7a	FUN_00423d7a	00423d7e	Stack[-0x8]	WRITE		operand_index=0;primary=true;source=ANALYSIS
instruction	00423d7a	FUN_00423d7a	00423d81	00423d84	FALL_THROUGH	FUN_00423d7a	bytes=8B45FC;mnemonic=MOV;instruction=MOV EAX,dword ptr [EBP + -0x4];inputs=0xfffffffc,EBP;results=EAX;flows=;fallthrough=00423d84
instruction_reference	00423d7a	FUN_00423d7a	00423d81	Stack[-0x8]	READ		operand_index=1;primary=true;source=ANALYSIS
instruction	00423d7a	FUN_00423d7a	00423d84	00423d8b	FALL_THROUGH	FUN_00423d7a	bytes=C7400C00000000;mnemonic=MOV;instruction=MOV dword ptr [EAX + 0xc],0x0;inputs=EAX,0x0,0xc;results=;flows=;fallthrough=00423d8b
instruction	00423d7a	FUN_00423d7a	00423d8b	00423d8e	FALL_THROUGH	FUN_00423d7a	bytes=8B4DFC;mnemonic=MOV;instruction=MOV ECX,dword ptr [EBP + -0x4];inputs=0xfffffffc,EBP;results=ECX;flows=;fallthrough=00423d8e
instruction_reference	00423d7a	FUN_00423d7a	00423d8b	Stack[-0x8]	READ		operand_index=1;primary=true;source=ANALYSIS
instruction	00423d7a	FUN_00423d7a	00423d8e	00423d95	FALL_THROUGH	FUN_00423d7a	bytes=C7411800000000;mnemonic=MOV;instruction=MOV dword ptr [ECX + 0x18],0x0;inputs=0x0,ECX,0x18;results=;flows=;fallthrough=00423d95
instruction	00423d7a	FUN_00423d7a	00423d95	00423d98	FALL_THROUGH	FUN_00423d7a	bytes=8B55FC;mnemonic=MOV;instruction=MOV EDX,dword ptr [EBP + -0x4];inputs=0xfffffffc,EBP;results=EDX;flows=;fallthrough=00423d98
instruction_reference	00423d7a	FUN_00423d7a	00423d95	Stack[-0x8]	READ		operand_index=1;primary=true;source=ANALYSIS
instruction	00423d7a	FUN_00423d7a	00423d98	00423d9f	FALL_THROUGH	FUN_00423d7a	bytes=C7421000000000;mnemonic=MOV;instruction=MOV dword ptr [EDX + 0x10],0x0;inputs=0x10,0x0,EDX;results=;flows=;fallthrough=00423d9f
instruction	00423d7a	FUN_00423d7a	00423d9f	00423da2	FALL_THROUGH	FUN_00423d7a	bytes=8B45FC;mnemonic=MOV;instruction=MOV EAX,dword ptr [EBP + -0x4];inputs=0xfffffffc,EBP;results=EAX;flows=;fallthrough=00423da2
instruction_reference	00423d7a	FUN_00423d7a	00423d9f	Stack[-0x8]	READ		operand_index=1;primary=true;source=ANALYSIS
instruction	00423d7a	FUN_00423d7a	00423da2	00423da9	FALL_THROUGH	FUN_00423d7a	bytes=C7401400000000;mnemonic=MOV;instruction=MOV dword ptr [EAX + 0x14],0x0;inputs=EAX,0x0,0x14;results=;flows=;fallthrough=00423da9
instruction	00423d7a	FUN_00423d7a	00423da9	00423dac	FALL_THROUGH	FUN_00423d7a	bytes=8B4DFC;mnemonic=MOV;instruction=MOV ECX,dword ptr [EBP + -0x4];inputs=0xfffffffc,EBP;results=ECX;flows=;fallthrough=00423dac
instruction_reference	00423d7a	FUN_00423d7a	00423da9	Stack[-0x8]	READ		operand_index=1;primary=true;source=ANALYSIS
instruction	00423d7a	FUN_00423d7a	00423dac	00423db3	FALL_THROUGH	FUN_00423d7a	bytes=C7411C00000000;mnemonic=MOV;instruction=MOV dword ptr [ECX + 0x1c],0x0;inputs=0x0,ECX,0x1c;results=;flows=;fallthrough=00423db3
instruction	00423d7a	FUN_00423d7a	00423db3	00423db6	FALL_THROUGH	FUN_00423d7a	bytes=8B55FC;mnemonic=MOV;instruction=MOV EDX,dword ptr [EBP + -0x4];inputs=0xfffffffc,EBP;results=EDX;flows=;fallthrough=00423db6
instruction_reference	00423d7a	FUN_00423d7a	00423db3	Stack[-0x8]	READ		operand_index=1;primary=true;source=ANALYSIS
instruction	00423d7a	FUN_00423d7a	00423db6	00423db9	FALL_THROUGH	FUN_00423d7a	bytes=833A00;mnemonic=CMP;instruction=CMP dword ptr [EDX],0x0;inputs=0x0,0x1,EDX,0xff;results=CF,PF,ZF,SF,OF;flows=;fallthrough=00423db9
instruction	00423d7a	FUN_00423d7a	00423db9	00423dbb	CONDITIONAL_JUMP	FUN_00423d7a	bytes=740B;mnemonic=JZ;instruction=JZ 0x00423dc6;inputs=ZF;results=;flows=00423dc6;fallthrough=00423dbb
instruction_reference	00423d7a	FUN_00423d7a	00423db9	00423dc6	CONDITIONAL_JUMP	LAB_00423dc6	operand_index=0;primary=true;source=DEFAULT
instruction	00423d7a	FUN_00423d7a	00423dbb	00423dbe	FALL_THROUGH	FUN_00423d7a	bytes=8B45FC;mnemonic=MOV;instruction=MOV EAX,dword ptr [EBP + -0x4];inputs=0xfffffffc,EBP;results=EAX;flows=;fallthrough=00423dbe
instruction_reference	00423d7a	FUN_00423d7a	00423dbb	Stack[-0x8]	READ		operand_index=1;primary=true;source=ANALYSIS
instruction	00423d7a	FUN_00423d7a	00423dbe	00423dc0	FALL_THROUGH	FUN_00423d7a	bytes=8B08;mnemonic=MOV;instruction=MOV ECX,dword ptr [EAX];inputs=EAX;results=ECX;flows=;fallthrough=00423dc0
instruction	00423d7a	FUN_00423d7a	00423dc0	00423dc1	FALL_THROUGH	FUN_00423d7a	bytes=51;mnemonic=PUSH;instruction=PUSH ECX;inputs=ESP,ECX,0x4;results=ESP;flows=;fallthrough=00423dc1
instruction	00423d7a	FUN_00423d7a	00423dc1	00423dc6	UNCONDITIONAL_CALL	FUN_00423d7a	bytes=E8D6AB1600;mnemonic=CALL;instruction=CALL 0x0058e99c;inputs=ESP,0x4,0x423dc6;results=ESP;flows=0058e99c;fallthrough=00423dc6
instruction_reference	00423d7a	FUN_00423d7a	00423dc1	0058e99c	UNCONDITIONAL_CALL	closesocket	operand_index=0;primary=true;source=DEFAULT
instruction	00423d7a	FUN_00423d7a	00423dc6	00423dc9	FALL_THROUGH	FUN_00423d7a	bytes=8B55FC;mnemonic=MOV;instruction=MOV EDX,dword ptr [EBP + -0x4];inputs=0xfffffffc,EBP;results=EDX;flows=;fallthrough=00423dc9
instruction_reference	00423d7a	FUN_00423d7a	00423dc6	Stack[-0x8]	READ		operand_index=1;primary=true;source=ANALYSIS
instruction	00423d7a	FUN_00423d7a	00423dc9	00423dcf	FALL_THROUGH	FUN_00423d7a	bytes=C70200000000;mnemonic=MOV;instruction=MOV dword ptr [EDX],0x0;inputs=0x0,EDX;results=;flows=;fallthrough=00423dcf
instruction	00423d7a	FUN_00423d7a	00423dcf	00423dd4	FALL_THROUGH	FUN_00423d7a	bytes=B801000000;mnemonic=MOV;instruction=MOV EAX,0x1;inputs=0x1;results=EAX;flows=;fallthrough=00423dd4
instruction	00423d7a	FUN_00423d7a	00423dd4	00423dd6	FALL_THROUGH	FUN_00423d7a	bytes=8BE5;mnemonic=MOV;instruction=MOV ESP,EBP;inputs=EBP;results=ESP;flows=;fallthrough=00423dd6
instruction	00423d7a	FUN_00423d7a	00423dd6	00423dd7	FALL_THROUGH	FUN_00423d7a	bytes=5D;mnemonic=POP;instruction=POP EBP;inputs=0x0,ESP,0x4;results=ESP,EBP;flows=;fallthrough=00423dd7
instruction	00423d7a	FUN_00423d7a	00423dd7		TERMINATOR	FUN_00423d7a	bytes=C3;mnemonic=RET;instruction=RET;inputs=ESP,0x4;results=ESP,EIP;flows=;fallthrough=
instruction_search	00423d7a	FUN_00423d7a	00423d7a	00423d7a	instructions	FUN_00423d7a	instructions=27;references=11;body_min=00423d7a;body_max=00423dd7
function	004245db	FUN_004245db			unknown		undefined FUN_004245db(void)
incoming	004245db	FUN_004245db	0055e821	004245db	UNCONDITIONAL_CALL	FUN_0055dab8	
caller	004245db	FUN_004245db	0055dab8	004245db	call	FUN_0055dab8	
callee	004245db	FUN_004245db	004245db	0058e9e4	call	recv	
instruction	004245db	FUN_004245db	004245db	004245dc	FALL_THROUGH	FUN_004245db	bytes=55;mnemonic=PUSH;instruction=PUSH EBP;inputs=ESP,EBP,0x4;results=ESP;flows=;fallthrough=004245dc
instruction	004245db	FUN_004245db	004245dc	004245de	FALL_THROUGH	FUN_004245db	bytes=8BEC;mnemonic=MOV;instruction=MOV EBP,ESP;inputs=ESP;results=EBP;flows=;fallthrough=004245de
instruction	004245db	FUN_004245db	004245de	004245e1	FALL_THROUGH	FUN_004245db	bytes=83EC0C;mnemonic=SUB;instruction=SUB ESP,0xc;inputs=ESP,0x0,0x1,0xc,0xff;results=CF,ESP,PF,ZF,SF,OF;flows=;fallthrough=004245e1
instruction	004245db	FUN_004245db	004245e1	004245e4	FALL_THROUGH	FUN_004245db	bytes=894DF4;mnemonic=MOV;instruction=MOV dword ptr [EBP + -0xc],ECX;inputs=EBP,ECX,0xfffffff4;results=;flows=;fallthrough=004245e4
instruction_reference	004245db	FUN_004245db	004245e1	Stack[-0x10]	WRITE		operand_index=0;primary=true;source=ANALYSIS
instruction	004245db	FUN_004245db	004245e4	004245e7	FALL_THROUGH	FUN_004245db	bytes=8B45F4;mnemonic=MOV;instruction=MOV EAX,dword ptr [EBP + -0xc];inputs=EBP,0xfffffff4;results=EAX;flows=;fallthrough=004245e7
instruction_reference	004245db	FUN_004245db	004245e4	Stack[-0x10]	READ		operand_index=1;primary=true;source=ANALYSIS
instruction	004245db	FUN_004245db	004245e7	004245ec	FALL_THROUGH	FUN_004245db	bytes=B900000200;mnemonic=MOV;instruction=MOV ECX,0x20000;inputs=0x20000;results=ECX;flows=;fallthrough=004245ec
instruction	004245db	FUN_004245db	004245ec	004245ef	FALL_THROUGH	FUN_004245db	bytes=2B4810;mnemonic=SUB;instruction=SUB ECX,dword ptr [EAX + 0x10];inputs=EAX,0x10,0x0,0x1,ECX,0xff;results=CF,PF,ECX,ZF,SF,OF;flows=;fallthrough=004245ef
instruction	004245db	FUN_004245db	004245ef	004245f2	FALL_THROUGH	FUN_004245db	bytes=894DFC;mnemonic=MOV;instruction=MOV dword ptr [EBP + -0x4],ECX;inputs=0xfffffffc,EBP,ECX;results=;flows=;fallthrough=004245f2
instruction_reference	004245db	FUN_004245db	004245ef	Stack[-0x8]	WRITE		operand_index=0;primary=true;source=ANALYSIS
instruction	004245db	FUN_004245db	004245f2	004245f4	FALL_THROUGH	FUN_004245db	bytes=6A00;mnemonic=PUSH;instruction=PUSH 0x0;inputs=0x0,ESP,0x4;results=ESP;flows=;fallthrough=004245f4
instruction	004245db	FUN_004245db	004245f4	004245f7	FALL_THROUGH	FUN_004245db	bytes=8B55FC;mnemonic=MOV;instruction=MOV EDX,dword ptr [EBP + -0x4];inputs=0xfffffffc,EBP;results=EDX;flows=;fallthrough=004245f7
instruction_reference	004245db	FUN_004245db	004245f4	Stack[-0x8]	READ		operand_index=1;primary=true;source=ANALYSIS
instruction	004245db	FUN_004245db	004245f7	004245f8	FALL_THROUGH	FUN_004245db	bytes=52;mnemonic=PUSH;instruction=PUSH EDX;inputs=ESP,0x4,EDX;results=ESP;flows=;fallthrough=004245f8
instruction	004245db	FUN_004245db	004245f8	004245fb	FALL_THROUGH	FUN_004245db	bytes=8B45F4;mnemonic=MOV;instruction=MOV EAX,dword ptr [EBP + -0xc];inputs=EBP,0xfffffff4;results=EAX;flows=;fallthrough=004245fb
instruction_reference	004245db	FUN_004245db	004245f8	Stack[-0x10]	READ		operand_index=1;primary=true;source=ANALYSIS
instruction	004245db	FUN_004245db	004245fb	004245fe	FALL_THROUGH	FUN_004245db	bytes=8B4808;mnemonic=MOV;instruction=MOV ECX,dword ptr [EAX + 0x8];inputs=EAX,0x8;results=ECX;flows=;fallthrough=004245fe
instruction	004245db	FUN_004245db	004245fe	00424601	FALL_THROUGH	FUN_004245db	bytes=8B55F4;mnemonic=MOV;instruction=MOV EDX,dword ptr [EBP + -0xc];inputs=EBP,0xfffffff4;results=EDX;flows=;fallthrough=00424601
instruction_reference	004245db	FUN_004245db	004245fe	Stack[-0x10]	READ		operand_index=1;primary=true;source=ANALYSIS
instruction	004245db	FUN_004245db	00424601	00424604	FALL_THROUGH	FUN_004245db	bytes=034A10;mnemonic=ADD;instruction=ADD ECX,dword ptr [EDX + 0x10];inputs=0x10,0x0,0x1,ECX,EDX,0xff;results=CF,PF,ECX,ZF,SF,OF;flows=;fallthrough=00424604
instruction	004245db	FUN_004245db	00424604	00424605	FALL_THROUGH	FUN_004245db	bytes=51;mnemonic=PUSH;instruction=PUSH ECX;inputs=ESP,ECX,0x4;results=ESP;flows=;fallthrough=00424605
instruction	004245db	FUN_004245db	00424605	00424608	FALL_THROUGH	FUN_004245db	bytes=8B45F4;mnemonic=MOV;instruction=MOV EAX,dword ptr [EBP + -0xc];inputs=EBP,0xfffffff4;results=EAX;flows=;fallthrough=00424608
instruction_reference	004245db	FUN_004245db	00424605	Stack[-0x10]	READ		operand_index=1;primary=true;source=ANALYSIS
instruction	004245db	FUN_004245db	00424608	0042460a	FALL_THROUGH	FUN_004245db	bytes=8B08;mnemonic=MOV;instruction=MOV ECX,dword ptr [EAX];inputs=EAX;results=ECX;flows=;fallthrough=0042460a
instruction	004245db	FUN_004245db	0042460a	0042460b	FALL_THROUGH	FUN_004245db	bytes=51;mnemonic=PUSH;instruction=PUSH ECX;inputs=ESP,ECX,0x4;results=ESP;flows=;fallthrough=0042460b
instruction	004245db	FUN_004245db	0042460b	00424610	UNCONDITIONAL_CALL	FUN_004245db	bytes=E8D4A31600;mnemonic=CALL;instruction=CALL 0x0058e9e4;inputs=ESP,0x424610,0x4;results=ESP;flows=0058e9e4;fallthrough=00424610
instruction_reference	004245db	FUN_004245db	0042460b	0058e9e4	UNCONDITIONAL_CALL	recv	operand_index=0;primary=true;source=DEFAULT
instruction	004245db	FUN_004245db	00424610	00424613	FALL_THROUGH	FUN_004245db	bytes=8945F8;mnemonic=MOV;instruction=MOV dword ptr [EBP + -0x8],EAX;inputs=EAX,EBP,0xfffffff8;results=;flows=;fallthrough=00424613
instruction_reference	004245db	FUN_004245db	00424610	Stack[-0xc]	WRITE		operand_index=0;primary=true;source=ANALYSIS
instruction	004245db	FUN_004245db	00424613	00424617	FALL_THROUGH	FUN_004245db	bytes=837DF8FF;mnemonic=CMP;instruction=CMP dword ptr [EBP + -0x8],-0x1;inputs=0xffffffff,0x0,0x1,EBP,0xfffffff8,0xff;results=CF,PF,ZF,SF,OF;flows=;fallthrough=00424617
instruction_reference	004245db	FUN_004245db	00424613	Stack[-0xc]	READ		operand_index=0;primary=true;source=ANALYSIS
instruction	004245db	FUN_004245db	00424617	00424619	CONDITIONAL_JUMP	FUN_004245db	bytes=7504;mnemonic=JNZ;instruction=JNZ 0x0042461d;inputs=ZF;results=;flows=0042461d;fallthrough=00424619
instruction_reference	004245db	FUN_004245db	00424617	0042461d	CONDITIONAL_JUMP	LAB_0042461d	operand_index=0;primary=true;source=DEFAULT
instruction	004245db	FUN_004245db	00424619	0042461b	FALL_THROUGH	FUN_004245db	bytes=33C0;mnemonic=XOR;instruction=XOR EAX,EAX;inputs=0x0,EAX,0x1,0xff;results=CF,EAX,PF,ZF,SF,OF;flows=;fallthrough=0042461b
instruction	004245db	FUN_004245db	0042461b		UNCONDITIONAL_JUMP	FUN_004245db	bytes=EB21;mnemonic=JMP;instruction=JMP 0x0042463e;inputs=;results=;flows=0042463e;fallthrough=
instruction_reference	004245db	FUN_004245db	0042461b	0042463e	UNCONDITIONAL_JUMP	LAB_0042463e	operand_index=0;primary=true;source=DEFAULT
instruction	004245db	FUN_004245db	0042461d	00424620	FALL_THROUGH	FUN_004245db	bytes=8B55F8;mnemonic=MOV;instruction=MOV EDX,dword ptr [EBP + -0x8];inputs=EBP,0xfffffff8;results=EDX;flows=;fallthrough=00424620
instruction_reference	004245db	FUN_004245db	0042461d	Stack[-0xc]	READ		operand_index=1;primary=true;source=ANALYSIS
instruction	004245db	FUN_004245db	00424620	00424623	FALL_THROUGH	FUN_004245db	bytes=3B55FC;mnemonic=CMP;instruction=CMP EDX,dword ptr [EBP + -0x4];inputs=0x0,0x1,0xfffffffc,EBP,EDX,0xff;results=CF,PF,ZF,SF,OF;flows=;fallthrough=00424623
instruction_reference	004245db	FUN_004245db	00424620	Stack[-0x8]	READ		operand_index=1;primary=true;source=ANALYSIS
instruction	004245db	FUN_004245db	00424623	00424625	CONDITIONAL_JUMP	FUN_004245db	bytes=7505;mnemonic=JNZ;instruction=JNZ 0x0042462a;inputs=ZF;results=;flows=0042462a;fallthrough=00424625
instruction_reference	004245db	FUN_004245db	00424623	0042462a	CONDITIONAL_JUMP	LAB_0042462a	operand_index=0;primary=true;source=DEFAULT
instruction	004245db	FUN_004245db	00424625	00424628	FALL_THROUGH	FUN_004245db	bytes=83C8FF;mnemonic=OR;instruction=OR EAX,0xffffffff;inputs=0x0,EAX,0xffffffff,0x1,0xff;results=CF,EAX,PF,ZF,SF,OF;flows=;fallthrough=00424628
instruction	004245db	FUN_004245db	00424628		UNCONDITIONAL_JUMP	FUN_004245db	bytes=EB14;mnemonic=JMP;instruction=JMP 0x0042463e;inputs=;results=;flows=0042463e;fallthrough=
instruction_reference	004245db	FUN_004245db	00424628	0042463e	UNCONDITIONAL_JUMP	LAB_0042463e	operand_index=0;primary=true;source=DEFAULT
instruction	004245db	FUN_004245db	0042462a	0042462d	FALL_THROUGH	FUN_004245db	bytes=8B45F4;mnemonic=MOV;instruction=MOV EAX,dword ptr [EBP + -0xc];inputs=EBP,0xfffffff4;results=EAX;flows=;fallthrough=0042462d
instruction_reference	004245db	FUN_004245db	0042462a	Stack[-0x10]	READ		operand_index=1;primary=true;source=ANALYSIS
instruction	004245db	FUN_004245db	0042462d	00424630	FALL_THROUGH	FUN_004245db	bytes=8B4810;mnemonic=MOV;instruction=MOV ECX,dword ptr [EAX + 0x10];inputs=EAX,0x10;results=ECX;flows=;fallthrough=00424630
instruction	004245db	FUN_004245db	00424630	00424633	FALL_THROUGH	FUN_004245db	bytes=034DF8;mnemonic=ADD;instruction=ADD ECX,dword ptr [EBP + -0x8];inputs=0x0,0x1,EBP,ECX,0xfffffff8,0xff;results=CF,PF,ECX,ZF,SF,OF;flows=;fallthrough=00424633
instruction_reference	004245db	FUN_004245db	00424630	Stack[-0xc]	READ		operand_index=1;primary=true;source=ANALYSIS
instruction	004245db	FUN_004245db	00424633	00424636	FALL_THROUGH	FUN_004245db	bytes=8B55F4;mnemonic=MOV;instruction=MOV EDX,dword ptr [EBP + -0xc];inputs=EBP,0xfffffff4;results=EDX;flows=;fallthrough=00424636
instruction_reference	004245db	FUN_004245db	00424633	Stack[-0x10]	READ		operand_index=1;primary=true;source=ANALYSIS
instruction	004245db	FUN_004245db	00424636	00424639	FALL_THROUGH	FUN_004245db	bytes=894A10;mnemonic=MOV;instruction=MOV dword ptr [EDX + 0x10],ECX;inputs=0x10,ECX,EDX;results=;flows=;fallthrough=00424639
instruction	004245db	FUN_004245db	00424639	0042463e	FALL_THROUGH	FUN_004245db	bytes=B801000000;mnemonic=MOV;instruction=MOV EAX,0x1;inputs=0x1;results=EAX;flows=;fallthrough=0042463e
instruction	004245db	FUN_004245db	0042463e	00424640	FALL_THROUGH	FUN_004245db	bytes=8BE5;mnemonic=MOV;instruction=MOV ESP,EBP;inputs=EBP;results=ESP;flows=;fallthrough=00424640
instruction	004245db	FUN_004245db	00424640	00424641	FALL_THROUGH	FUN_004245db	bytes=5D;mnemonic=POP;instruction=POP EBP;inputs=0x0,ESP,0x4;results=ESP,EBP;flows=;fallthrough=00424641
instruction	004245db	FUN_004245db	00424641		TERMINATOR	FUN_004245db	bytes=C3;mnemonic=RET;instruction=RET;inputs=ESP,0x4;results=ESP,EIP;flows=;fallthrough=
instruction_search	004245db	FUN_004245db	004245db	004245db	instructions	FUN_004245db	instructions=39;references=19;body_min=004245db;body_max=00424641
function	00424642	FUN_00424642			unknown		undefined FUN_00424642(void)
incoming	00424642	FUN_00424642	0055e86e	00424642	UNCONDITIONAL_CALL	FUN_0055dab8	
caller	00424642	FUN_00424642	0055dab8	00424642	call	FUN_0055dab8	
reference	00424642	FUN_00424642	00424732	005b1d10	DATA	DAT_005b1d10	
reference	00424642	FUN_00424642	0042479b	005ccf88	READ	DAT_005ccf88	0x0
reference	00424642	FUN_00424642	004247ab	005ccf88	DATA	DAT_005ccf88	0x0
reference	00424642	FUN_00424642	004247b5	005ccf88	READ	DAT_005ccf88	0x0
reference	00424642	FUN_00424642	004247c5	005ccf8b	READ	DAT_005ccf8b	0x0
reference	00424642	FUN_00424642	004247da	005ccf8a	READ	DAT_005ccf8a	0x0
reference	00424642	FUN_00424642	004247e1	005ccf8b	READ	DAT_005ccf8b	0x0
reference	00424642	FUN_00424642	004247ea	005ccf89	READ	DAT_005ccf89	0x0
reference	00424642	FUN_00424642	00424803	005ccf88	READ	DAT_005ccf88	0x0
reference	00424642	FUN_00424642	004249ff	005b1d11	DATA	DAT_005b1d11	
instruction	00424642	FUN_00424642	00424642	00424643	FALL_THROUGH	FUN_00424642	bytes=55;mnemonic=PUSH;instruction=PUSH EBP;inputs=ESP,EBP,0x4;results=ESP;flows=;fallthrough=00424643
instruction	00424642	FUN_00424642	00424643	00424645	FALL_THROUGH	FUN_00424642	bytes=8BEC;mnemonic=MOV;instruction=MOV EBP,ESP;inputs=ESP;results=EBP;flows=;fallthrough=00424645
instruction	00424642	FUN_00424642	00424645	00424648	FALL_THROUGH	FUN_00424642	bytes=83EC58;mnemonic=SUB;instruction=SUB ESP,0x58;inputs=ESP,0x0,0x1,0x58,0xff;results=CF,ESP,PF,ZF,SF,OF;flows=;fallthrough=00424648
instruction	00424642	FUN_00424642	00424648	0042464b	FALL_THROUGH	FUN_00424642	bytes=894DA8;mnemonic=MOV;instruction=MOV dword ptr [EBP + -0x58],ECX;inputs=EBP,ECX,0xffffffa8;results=;flows=;fallthrough=0042464b
instruction_reference	00424642	FUN_00424642	00424648	Stack[-0x5c]	WRITE		operand_index=0;primary=true;source=ANALYSIS
instruction	00424642	FUN_00424642	0042464b	0042464e	FALL_THROUGH	FUN_00424642	bytes=8B4508;mnemonic=MOV;instruction=MOV EAX,dword ptr [EBP + 0x8];inputs=EBP,0x8;results=EAX;flows=;fallthrough=0042464e
instruction_reference	00424642	FUN_00424642	0042464b	Stack[0x4]	READ		operand_index=1;primary=true;source=ANALYSIS
instruction	00424642	FUN_00424642	0042464e	00424654	FALL_THROUGH	FUN_00424642	bytes=C70000000000;mnemonic=MOV;instruction=MOV dword ptr [EAX],0x0;inputs=0x0,EAX;results=;flows=;fallthrough=00424654
instruction	00424642	FUN_00424642	00424654	00424657	FALL_THROUGH	FUN_00424642	bytes=8B4DA8;mnemonic=MOV;instruction=MOV ECX,dword ptr [EBP + -0x58];inputs=EBP,0xffffffa8;results=ECX;flows=;fallthrough=00424657
instruction_reference	00424642	FUN_00424642	00424654	Stack[-0x5c]	READ		operand_index=1;primary=true;source=ANALYSIS
instruction	00424642	FUN_00424642	00424657	0042465a	FALL_THROUGH	FUN_00424642	bytes=8B55A8;mnemonic=MOV;instruction=MOV EDX,dword ptr [EBP + -0x58];inputs=EBP,0xffffffa8;results=EDX;flows=;fallthrough=0042465a
instruction_reference	00424642	FUN_00424642	00424657	Stack[-0x5c]	READ		operand_index=1;primary=true;source=ANALYSIS
instruction	00424642	FUN_00424642	0042465a	0042465d	FALL_THROUGH	FUN_00424642	bytes=8B4114;mnemonic=MOV;instruction=MOV EAX,dword ptr [ECX + 0x14];inputs=ECX,0x14;results=EAX;flows=;fallthrough=0042465d
instruction	00424642	FUN_00424642	0042465d	00424660	FALL_THROUGH	FUN_00424642	bytes=3B4210;mnemonic=CMP;instruction=CMP EAX,dword ptr [EDX + 0x10];inputs=0x10,EAX,0x0,0x1,EDX,0xff;results=CF,PF,ZF,SF,OF;flows=;fallthrough=00424660
instruction	00424642	FUN_00424642	00424660	00424662	CONDITIONAL_JUMP	FUN_00424642	bytes=7C1B;mnemonic=JL;instruction=JL 0x0042467d;inputs=SF,OF;results=;flows=0042467d;fallthrough=00424662
instruction_reference	00424642	FUN_00424642	00424660	0042467d	CONDITIONAL_JUMP	LAB_0042467d	operand_index=0;primary=true;source=DEFAULT
instruction	00424642	FUN_00424642	00424662	00424665	FALL_THROUGH	FUN_00424642	bytes=8B4DA8;mnemonic=MOV;instruction=MOV ECX,dword ptr [EBP + -0x58];inputs=EBP,0xffffffa8;results=ECX;flows=;fallthrough=00424665
instruction_reference	00424642	FUN_00424642	00424662	Stack[-0x5c]	READ		operand_index=1;primary=true;source=ANALYSIS
instruction	00424642	FUN_00424642	00424665	0042466c	FALL_THROUGH	FUN_00424642	bytes=C7411000000000;mnemonic=MOV;instruction=MOV dword ptr [ECX + 0x10],0x0;inputs=0x10,0x0,ECX;results=;flows=;fallthrough=0042466c
instruction	00424642	FUN_00424642	0042466c	0042466f	FALL_THROUGH	FUN_00424642	bytes=8B55A8;mnemonic=MOV;instruction=MOV EDX,dword ptr [EBP + -0x58];inputs=EBP,0xffffffa8;results=EDX;flows=;fallthrough=0042466f
instruction_reference	00424642	FUN_00424642	0042466c	Stack[-0x5c]	READ		operand_index=1;primary=true;source=ANALYSIS
instruction	00424642	FUN_00424642	0042466f	00424676	FALL_THROUGH	FUN_00424642	bytes=C7421400000000;mnemonic=MOV;instruction=MOV dword ptr [EDX + 0x14],0x0;inputs=0x0,0x14,EDX;results=;flows=;fallthrough=00424676
instruction	00424642	FUN_00424642	00424676	00424678	FALL_THROUGH	FUN_00424642	bytes=33C0;mnemonic=XOR;instruction=XOR EAX,EAX;inputs=0x0,EAX,0x1,0xff;results=CF,EAX,PF,ZF,SF,OF;flows=;fallthrough=00424678
instruction	00424642	FUN_00424642	00424678		UNCONDITIONAL_JUMP	FUN_00424642	bytes=E987040000;mnemonic=JMP;instruction=JMP 0x00424b04;inputs=;results=;flows=00424b04;fallthrough=
instruction_reference	00424642	FUN_00424642	00424678	00424b04	UNCONDITIONAL_JUMP	LAB_00424b04	operand_index=0;primary=true;source=DEFAULT
instruction	00424642	FUN_00424642	0042467d	00424680	FALL_THROUGH	FUN_00424642	bytes=8B45A8;mnemonic=MOV;instruction=MOV EAX,dword ptr [EBP + -0x58];inputs=EBP,0xffffffa8;results=EAX;flows=;fallthrough=00424680
instruction_reference	00424642	FUN_00424642	0042467d	Stack[-0x5c]	READ		operand_index=1;primary=true;source=ANALYSIS
instruction	00424642	FUN_00424642	00424680	00424684	FALL_THROUGH	FUN_00424642	bytes=83781C00;mnemonic=CMP;instruction=CMP dword ptr [EAX + 0x1c],0x0;inputs=EAX,0x0,0x1,0x1c,0xff;results=CF,PF,ZF,SF,OF;flows=;fallthrough=00424684
instruction	00424642	FUN_00424642	00424684	00424686	CONDITIONAL_JUMP	FUN_00424642	bytes=7564;mnemonic=JNZ;instruction=JNZ 0x004246ea;inputs=ZF;results=;flows=004246ea;fallthrough=00424686
instruction_reference	00424642	FUN_00424642	00424684	004246ea	CONDITIONAL_JUMP	LAB_004246ea	operand_index=0;primary=true;source=DEFAULT
instruction	00424642	FUN_00424642	00424686	00424689	FALL_THROUGH	FUN_00424642	bytes=8B4DA8;mnemonic=MOV;instruction=MOV ECX,dword ptr [EBP + -0x58];inputs=EBP,0xffffffa8;results=ECX;flows=;fallthrough=00424689
instruction_reference	00424642	FUN_00424642	00424686	Stack[-0x5c]	READ		operand_index=1;primary=true;source=ANALYSIS
instruction	00424642	FUN_00424642	00424689	0042468c	FALL_THROUGH	FUN_00424642	bytes=8B55A8;mnemonic=MOV;instruction=MOV EDX,dword ptr [EBP + -0x58];inputs=EBP,0xffffffa8;results=EDX;flows=;fallthrough=0042468c
instruction_reference	00424642	FUN_00424642	00424689	Stack[-0x5c]	READ		operand_index=1;primary=true;source=ANALYSIS
instruction	00424642	FUN_00424642	0042468c	0042468f	FALL_THROUGH	FUN_00424642	bytes=8B4110;mnemonic=MOV;instruction=MOV EAX,dword ptr [ECX + 0x10];inputs=0x10,ECX;results=EAX;flows=;fallthrough=0042468f
instruction	00424642	FUN_00424642	0042468f	00424692	FALL_THROUGH	FUN_00424642	bytes=2B4214;mnemonic=SUB;instruction=SUB EAX,dword ptr [EDX + 0x14];inputs=EAX,0x0,0x1,0x14,EDX,0xff;results=CF,EAX,PF,ZF,SF,OF;flows=;fallthrough=00424692
instruction	00424642	FUN_00424642	00424692	00424695	FALL_THROUGH	FUN_00424642	bytes=83F804;mnemonic=CMP;instruction=CMP EAX,0x4;inputs=EAX,0x0,0x1,0x4,0xff;results=CF,PF,ZF,SF,OF;flows=;fallthrough=00424695
instruction	00424642	FUN_00424642	00424695	00424697	CONDITIONAL_JUMP	FUN_00424642	bytes=7D07;mnemonic=JGE;instruction=JGE 0x0042469e;inputs=SF,OF;results=;flows=0042469e;fallthrough=00424697
instruction_reference	00424642	FUN_00424642	00424695	0042469e	CONDITIONAL_JUMP	LAB_0042469e	operand_index=0;primary=true;source=DEFAULT
instruction	00424642	FUN_00424642	00424697	00424699	FALL_THROUGH	FUN_00424642	bytes=33C0;mnemonic=XOR;instruction=XOR EAX,EAX;inputs=0x0,EAX,0x1,0xff;results=CF,EAX,PF,ZF,SF,OF;flows=;fallthrough=00424699
instruction	00424642	FUN_00424642	00424699		UNCONDITIONAL_JUMP	FUN_00424642	bytes=E966040000;mnemonic=JMP;instruction=JMP 0x00424b04;inputs=;results=;flows=00424b04;fallthrough=
instruction_reference	00424642	FUN_00424642	00424699	00424b04	UNCONDITIONAL_JUMP	LAB_00424b04	operand_index=0;primary=true;source=DEFAULT
instruction	00424642	FUN_00424642	0042469e	004246a1	FALL_THROUGH	FUN_00424642	bytes=8B4DA8;mnemonic=MOV;instruction=MOV ECX,dword ptr [EBP + -0x58];inputs=EBP,0xffffffa8;results=ECX;flows=;fallthrough=004246a1
instruction_reference	00424642	FUN_00424642	0042469e	Stack[-0x5c]	READ		operand_index=1;primary=true;source=ANALYSIS
instruction	00424642	FUN_00424642	004246a1	004246a4	FALL_THROUGH	FUN_00424642	bytes=8B5108;mnemonic=MOV;instruction=MOV EDX,dword ptr [ECX + 0x8];inputs=ECX,0x8;results=EDX;flows=;fallthrough=004246a4
instruction	00424642	FUN_00424642	004246a4	004246a7	FALL_THROUGH	FUN_00424642	bytes=8B45A8;mnemonic=MOV;instruction=MOV EAX,dword ptr [EBP + -0x58];inputs=EBP,0xffffffa8;results=EAX;flows=;fallthrough=004246a7
instruction_reference	00424642	FUN_00424642	004246a4	Stack[-0x5c]	READ		operand_index=1;primary=true;source=ANALYSIS
instruction	00424642	FUN_00424642	004246a7	004246aa	FALL_THROUGH	FUN_00424642	bytes=8B4814;mnemonic=MOV;instruction=MOV ECX,dword ptr [EAX + 0x14];inputs=EAX,0x14;results=ECX;flows=;fallthrough=004246aa
instruction	00424642	FUN_00424642	004246aa	004246ad	FALL_THROUGH	FUN_00424642	bytes=8B140A;mnemonic=MOV;instruction=MOV EDX,dword ptr [EDX + ECX*0x1];inputs=0x1,ECX,EDX;results=EDX;flows=;fallthrough=004246ad
instruction	00424642	FUN_00424642	004246ad	004246b0	FALL_THROUGH	FUN_00424642	bytes=8955C8;mnemonic=MOV;instruction=MOV dword ptr [EBP + -0x38],EDX;inputs=EBP,0xffffffc8,EDX;results=;flows=;fallthrough=004246b0
instruction_reference	00424642	FUN_00424642	004246ad	Stack[-0x3c]	WRITE		operand_index=0;primary=true;source=ANALYSIS
instruction	00424642	FUN_00424642	004246b0	004246b7	FALL_THROUGH	FUN_00424642	bytes=817DC811F3111F;mnemonic=CMP;instruction=CMP dword ptr [EBP + -0x38],0x1f11f311;inputs=0x1f11f311,0x0,0x1,EBP,0xffffffc8,0xff;results=CF,PF,ZF,SF,OF;flows=;fallthrough=004246b7
instruction_reference	00424642	FUN_00424642	004246b0	Stack[-0x3c]	READ		operand_index=0;primary=true;source=ANALYSIS
instruction	00424642	FUN_00424642	004246b7	004246b9	CONDITIONAL_JUMP	FUN_00424642	bytes=7418;mnemonic=JZ;instruction=JZ 0x004246d1;inputs=ZF;results=;flows=004246d1;fallthrough=004246b9
instruction_reference	00424642	FUN_00424642	004246b7	004246d1	CONDITIONAL_JUMP	LAB_004246d1	operand_index=0;primary=true;source=DEFAULT
instruction	00424642	FUN_00424642	004246b9	004246bc	FALL_THROUGH	FUN_00424642	bytes=8B4508;mnemonic=MOV;instruction=MOV EAX,dword ptr [EBP + 0x8];inputs=EBP,0x8;results=EAX;flows=;fallthrough=004246bc
instruction_reference	00424642	FUN_00424642	004246b9	Stack[0x4]	READ		operand_index=1;primary=true;source=ANALYSIS
instruction	00424642	FUN_00424642	004246bc	004246c2	FALL_THROUGH	FUN_00424642	bytes=C70002000000;mnemonic=MOV;instruction=MOV dword ptr [EAX],0x2;inputs=EAX,0x2;results=;flows=;fallthrough=004246c2
instruction	00424642	FUN_00424642	004246c2	004246c5	FALL_THROUGH	FUN_00424642	bytes=8B4D0C;mnemonic=MOV;instruction=MOV ECX,dword ptr [EBP + 0xc];inputs=EBP,0xc;results=ECX;flows=;fallthrough=004246c5
instruction_reference	00424642	FUN_00424642	004246c2	Stack[0x8]	READ		operand_index=1;primary=true;source=ANALYSIS
instruction	00424642	FUN_00424642	004246c5	004246c8	FALL_THROUGH	FUN_00424642	bytes=8B55C8;mnemonic=MOV;instruction=MOV EDX,dword ptr [EBP + -0x38];inputs=EBP,0xffffffc8;results=EDX;flows=;fallthrough=004246c8
instruction_reference	00424642	FUN_00424642	004246c5	Stack[-0x3c]	READ		operand_index=1;primary=true;source=ANALYSIS
instruction	00424642	FUN_00424642	004246c8	004246ca	FALL_THROUGH	FUN_00424642	bytes=8911;mnemonic=MOV;instruction=MOV dword ptr [ECX],EDX;inputs=ECX,EDX;results=;flows=;fallthrough=004246ca
instruction	00424642	FUN_00424642	004246ca	004246cc	FALL_THROUGH	FUN_00424642	bytes=33C0;mnemonic=XOR;instruction=XOR EAX,EAX;inputs=0x0,EAX,0x1,0xff;results=CF,EAX,PF,ZF,SF,OF;flows=;fallthrough=004246cc
instruction	00424642	FUN_00424642	004246cc		UNCONDITIONAL_JUMP	FUN_00424642	bytes=E933040000;mnemonic=JMP;instruction=JMP 0x00424b04;inputs=;results=;flows=00424b04;fallthrough=
instruction_reference	00424642	FUN_00424642	004246cc	00424b04	UNCONDITIONAL_JUMP	LAB_00424b04	operand_index=0;primary=true;source=DEFAULT
instruction	00424642	FUN_00424642	004246d1	004246d4	FALL_THROUGH	FUN_00424642	bytes=8B45A8;mnemonic=MOV;instruction=MOV EAX,dword ptr [EBP + -0x58];inputs=EBP,0xffffffa8;results=EAX;flows=;fallthrough=004246d4
instruction_reference	00424642	FUN_00424642	004246d1	Stack[-0x5c]	READ		operand_index=1;primary=true;source=ANALYSIS
instruction	00424642	FUN_00424642	004246d4	004246db	FALL_THROUGH	FUN_00424642	bytes=C7401C01000000;mnemonic=MOV;instruction=MOV dword ptr [EAX + 0x1c],0x1;inputs=EAX,0x1,0x1c;results=;flows=;fallthrough=004246db
instruction	00424642	FUN_00424642	004246db	004246de	FALL_THROUGH	FUN_00424642	bytes=8B4DA8;mnemonic=MOV;instruction=MOV ECX,dword ptr [EBP + -0x58];inputs=EBP,0xffffffa8;results=ECX;flows=;fallthrough=004246de
instruction_reference	00424642	FUN_00424642	004246db	Stack[-0x5c]	READ		operand_index=1;primary=true;source=ANALYSIS
instruction	00424642	FUN_00424642	004246de	004246e1	FALL_THROUGH	FUN_00424642	bytes=8B5114;mnemonic=MOV;instruction=MOV EDX,dword ptr [ECX + 0x14];inputs=ECX,0x14;results=EDX;flows=;fallthrough=004246e1
instruction	00424642	FUN_00424642	004246e1	004246e4	FALL_THROUGH	FUN_00424642	bytes=83C204;mnemonic=ADD;instruction=ADD EDX,0x4;inputs=0x0,0x1,0x4,EDX,0xff;results=CF,PF,ZF,SF,EDX,OF;flows=;fallthrough=004246e4
instruction	00424642	FUN_00424642	004246e4	004246e7	FALL_THROUGH	FUN_00424642	bytes=8B45A8;mnemonic=MOV;instruction=MOV EAX,dword ptr [EBP + -0x58];inputs=EBP,0xffffffa8;results=EAX;flows=;fallthrough=004246e7
instruction_reference	00424642	FUN_00424642	004246e4	Stack[-0x5c]	READ		operand_index=1;primary=true;source=ANALYSIS
instruction	00424642	FUN_00424642	004246e7	004246ea	FALL_THROUGH	FUN_00424642	bytes=895014;mnemonic=MOV;instruction=MOV dword ptr [EAX + 0x14],EDX;inputs=EAX,0x14,EDX;results=;flows=;fallthrough=004246ea
instruction	00424642	FUN_00424642	004246ea	004246ed	FALL_THROUGH	FUN_00424642	bytes=8B4DA8;mnemonic=MOV;instruction=MOV ECX,dword ptr [EBP + -0x58];inputs=EBP,0xffffffa8;results=ECX;flows=;fallthrough=004246ed
instruction_reference	00424642	FUN_00424642	004246ea	Stack[-0x5c]	READ		operand_index=1;primary=true;source=ANALYSIS
instruction	00424642	FUN_00424642	004246ed	004246f0	FALL_THROUGH	FUN_00424642	bytes=8B55A8;mnemonic=MOV;instruction=MOV EDX,dword ptr [EBP + -0x58];inputs=EBP,0xffffffa8;results=EDX;flows=;fallthrough=004246f0
instruction_reference	00424642	FUN_00424642	004246ed	Stack[-0x5c]	READ		operand_index=1;primary=true;source=ANALYSIS
instruction	00424642	FUN_00424642	004246f0	004246f3	FALL_THROUGH	FUN_00424642	bytes=8B4110;mnemonic=MOV;instruction=MOV EAX,dword ptr [ECX + 0x10];inputs=0x10,ECX;results=EAX;flows=;fallthrough=004246f3
instruction	00424642	FUN_00424642	004246f3	004246f6	FALL_THROUGH	FUN_00424642	bytes=2B4214;mnemonic=SUB;instruction=SUB EAX,dword ptr [EDX + 0x14];inputs=EAX,0x0,0x1,0x14,EDX,0xff;results=CF,EAX,PF,ZF,SF,OF;flows=;fallthrough=004246f6
instruction	00424642	FUN_00424642	004246f6	004246f9	FALL_THROUGH	FUN_00424642	bytes=83F80C;mnemonic=CMP;instruction=CMP EAX,0xc;inputs=EAX,0x0,0x1,0xc,0xff;results=CF,PF,ZF,SF,OF;flows=;fallthrough=004246f9
instruction	00424642	FUN_00424642	004246f9	004246fb	CONDITIONAL_JUMP	FUN_00424642	bytes=7307;mnemonic=JNC;instruction=JNC 0x00424702;inputs=CF;results=;flows=00424702;fallthrough=004246fb
instruction_reference	00424642	FUN_00424642	004246f9	00424702	CONDITIONAL_JUMP	LAB_00424702	operand_index=0;primary=true;source=DEFAULT
instruction	00424642	FUN_00424642	004246fb	004246fd	FALL_THROUGH	FUN_00424642	bytes=33C0;mnemonic=XOR;instruction=XOR EAX,EAX;inputs=0x0,EAX,0x1,0xff;results=CF,EAX,PF,ZF,SF,OF;flows=;fallthrough=004246fd
instruction	00424642	FUN_00424642	004246fd		UNCONDITIONAL_JUMP	FUN_00424642	bytes=E902040000;mnemonic=JMP;instruction=JMP 0x00424b04;inputs=;results=;flows=00424b04;fallthrough=
instruction_reference	00424642	FUN_00424642	004246fd	00424b04	UNCONDITIONAL_JUMP	LAB_00424b04	operand_index=0;primary=true;source=DEFAULT
instruction	00424642	FUN_00424642	00424702	00424705	FALL_THROUGH	FUN_00424642	bytes=8B4DA8;mnemonic=MOV;instruction=MOV ECX,dword ptr [EBP + -0x58];inputs=EBP,0xffffffa8;results=ECX;flows=;fallthrough=00424705
instruction_reference	00424642	FUN_00424642	00424702	Stack[-0x5c]	READ		operand_index=1;primary=true;source=ANALYSIS
instruction	00424642	FUN_00424642	00424705	00424708	FALL_THROUGH	FUN_00424642	bytes=8B5108;mnemonic=MOV;instruction=MOV EDX,dword ptr [ECX + 0x8];inputs=ECX,0x8;results=EDX;flows=;fallthrough=00424708
instruction	00424642	FUN_00424642	00424708	0042470b	FALL_THROUGH	FUN_00424642	bytes=8B45A8;mnemonic=MOV;instruction=MOV EAX,dword ptr [EBP + -0x58];inputs=EBP,0xffffffa8;results=EAX;flows=;fallthrough=0042470b
instruction_reference	00424642	FUN_00424642	00424708	Stack[-0x5c]	READ		operand_index=1;primary=true;source=ANALYSIS
instruction	00424642	FUN_00424642	0042470b	0042470e	FALL_THROUGH	FUN_00424642	bytes=8B4814;mnemonic=MOV;instruction=MOV ECX,dword ptr [EAX + 0x14];inputs=EAX,0x14;results=ECX;flows=;fallthrough=0042470e
instruction	00424642	FUN_00424642	0042470e	00424712	FALL_THROUGH	FUN_00424642	bytes=668B140A;mnemonic=MOV;instruction=MOV DX,word ptr [EDX + ECX*0x1];inputs=0x1,ECX,EDX;results=DX;flows=;fallthrough=00424712
instruction	00424642	FUN_00424642	00424712	00424716	FALL_THROUGH	FUN_00424642	bytes=668955F8;mnemonic=MOV;instruction=MOV word ptr [EBP + -0x8],DX;inputs=EBP,0xfffffff8,DX;results=;flows=;fallthrough=00424716
instruction_reference	00424642	FUN_00424642	00424712	Stack[-0xc]	WRITE		operand_index=0;primary=true;source=ANALYSIS
instruction	00424642	FUN_00424642	00424716	00424719	FALL_THROUGH	FUN_00424642	bytes=8B45A8;mnemonic=MOV;instruction=MOV EAX,dword ptr [EBP + -0x58];inputs=EBP,0xffffffa8;results=EAX;flows=;fallthrough=00424719
instruction_reference	00424642	FUN_00424642	00424716	Stack[-0x5c]	READ		operand_index=1;primary=true;source=ANALYSIS
instruction	00424642	FUN_00424642	00424719	0042471c	FALL_THROUGH	FUN_00424642	bytes=8B4808;mnemonic=MOV;instruction=MOV ECX,dword ptr [EAX + 0x8];inputs=EAX,0x8;results=ECX;flows=;fallthrough=0042471c
instruction	00424642	FUN_00424642	0042471c	0042471f	FALL_THROUGH	FUN_00424642	bytes=8B55A8;mnemonic=MOV;instruction=MOV EDX,dword ptr [EBP + -0x58];inputs=EBP,0xffffffa8;results=EDX;flows=;fallthrough=0042471f
instruction_reference	00424642	FUN_00424642	0042471c	Stack[-0x5c]	READ		operand_index=1;primary=true;source=ANALYSIS
instruction	00424642	FUN_00424642	0042471f	00424722	FALL_THROUGH	FUN_00424642	bytes=8B4214;mnemonic=MOV;instruction=MOV EAX,dword ptr [EDX + 0x14];inputs=0x14,EDX;results=EAX;flows=;fallthrough=00424722
instruction	00424642	FUN_00424642	00424722	00424726	FALL_THROUGH	FUN_00424642	bytes=8A4C0102;mnemonic=MOV;instruction=MOV CL,byte ptr [ECX + EAX*0x1 + 0x2];inputs=EAX,0x1,0x2,ECX;results=CL;flows=;fallthrough=00424726
instruction	00424642	FUN_00424642	00424726	00424729	FALL_THROUGH	FUN_00424642	bytes=884DEC;mnemonic=MOV;instruction=MOV byte ptr [EBP + -0x14],CL;inputs=0xffffffec,EBP,CL;results=;flows=;fallthrough=00424729
instruction_reference	00424642	FUN_00424642	00424726	Stack[-0x18]	WRITE		operand_index=0;primary=true;source=ANALYSIS
instruction	00424642	FUN_00424642	00424729	0042472c	FALL_THROUGH	FUN_00424642	bytes=8B55EC;mnemonic=MOV;instruction=MOV EDX,dword ptr [EBP + -0x14];inputs=0xffffffec,EBP;results=EDX;flows=;fallthrough=0042472c
instruction_reference	00424642	FUN_00424642	00424729	Stack[-0x18]	READ		operand_index=1;primary=true;source=ANALYSIS
instruction	00424642	FUN_00424642	0042472c	00424732	FALL_THROUGH	FUN_00424642	bytes=81E2FF000000;mnemonic=AND;instruction=AND EDX,0xff;inputs=0x0,0x1,EDX,0xff;results=CF,PF,ZF,SF,EDX,OF;flows=;fallthrough=00424732
instruction	00424642	FUN_00424642	00424732	00424739	FALL_THROUGH	FUN_00424642	bytes=8A0455101D5B00;mnemonic=MOV;instruction=MOV AL,byte ptr [EDX*0x2 + 0x5b1d10];inputs=0x2,EDX,0x5b1d10;results=AL;flows=;fallthrough=00424739
instruction_reference	00424642	FUN_00424642	00424732	005b1d10	DATA	DAT_005b1d10	operand_index=1;primary=true;source=ANALYSIS
instruction	00424642	FUN_00424642	00424739	0042473c	FALL_THROUGH	FUN_00424642	bytes=8845CC;mnemonic=MOV;instruction=MOV byte ptr [EBP + -0x34],AL;inputs=AL,0xffffffcc,EBP;results=;flows=;fallthrough=0042473c
instruction_reference	00424642	FUN_00424642	00424739	Stack[-0x38]	WRITE		operand_index=0;primary=true;source=ANALYSIS
instruction	00424642	FUN_00424642	0042473c	0042473f	FALL_THROUGH	FUN_00424642	bytes=8B4DA8;mnemonic=MOV;instruction=MOV ECX,dword ptr [EBP + -0x58];inputs=EBP,0xffffffa8;results=ECX;flows=;fallthrough=0042473f
instruction_reference	00424642	FUN_00424642	0042473c	Stack[-0x5c]	READ		operand_index=1;primary=true;source=ANALYSIS
instruction	00424642	FUN_00424642	0042473f	00424742	FALL_THROUGH	FUN_00424642	bytes=8B5108;mnemonic=MOV;instruction=MOV EDX,dword ptr [ECX + 0x8];inputs=ECX,0x8;results=EDX;flows=;fallthrough=00424742
instruction	00424642	FUN_00424642	00424742	00424745	FALL_THROUGH	FUN_00424642	bytes=8B45A8;mnemonic=MOV;instruction=MOV EAX,dword ptr [EBP + -0x58];inputs=EBP,0xffffffa8;results=EAX;flows=;fallthrough=00424745
instruction_reference	00424642	FUN_00424642	00424742	Stack[-0x5c]	READ		operand_index=1;primary=true;source=ANALYSIS
instruction	00424642	FUN_00424642	00424745	00424748	FALL_THROUGH	FUN_00424642	bytes=8B4814;mnemonic=MOV;instruction=MOV ECX,dword ptr [EAX + 0x14];inputs=EAX,0x14;results=ECX;flows=;fallthrough=00424748
instruction	00424642	FUN_00424642	00424748	0042474c	FALL_THROUGH	FUN_00424642	bytes=8A540A03;mnemonic=MOV;instruction=MOV DL,byte ptr [EDX + ECX*0x1 + 0x3];inputs=0x1,0x3,ECX,EDX;results=DL;flows=;fallthrough=0042474c
instruction	00424642	FUN_00424642	0042474c	0042474f	FALL_THROUGH	FUN_00424642	bytes=8855D8;mnemonic=MOV;instruction=MOV byte ptr [EBP + -0x28],DL;inputs=EBP,0xffffffd8,DL;results=;flows=;fallthrough=0042474f
instruction_reference	00424642	FUN_00424642	0042474c	Stack[-0x2c]	WRITE		operand_index=0;primary=true;source=ANALYSIS
instruction	00424642	FUN_00424642	0042474f	00424752	FALL_THROUGH	FUN_00424642	bytes=8B45A8;mnemonic=MOV;instruction=MOV EAX,dword ptr [EBP + -0x58];inputs=EBP,0xffffffa8;results=EAX;flows=;fallthrough=00424752
instruction_reference	00424642	FUN_00424642	0042474f	Stack[-0x5c]	READ		operand_index=1;primary=true;source=ANALYSIS
instruction	00424642	FUN_00424642	00424752	00424755	FALL_THROUGH	FUN_00424642	bytes=8B4808;mnemonic=MOV;instruction=MOV ECX,dword ptr [EAX + 0x8];inputs=EAX,0x8;results=ECX;flows=;fallthrough=00424755
instruction	00424642	FUN_00424642	00424755	00424758	FALL_THROUGH	FUN_00424642	bytes=8B55A8;mnemonic=MOV;instruction=MOV EDX,dword ptr [EBP + -0x58];inputs=EBP,0xffffffa8;results=EDX;flows=;fallthrough=00424758
instruction_reference	00424642	FUN_00424642	00424755	Stack[-0x5c]	READ		operand_index=1;primary=true;source=ANALYSIS
instruction	00424642	FUN_00424642	00424758	0042475b	FALL_THROUGH	FUN_00424642	bytes=8B4214;mnemonic=MOV;instruction=MOV EAX,dword ptr [EDX + 0x14];inputs=0x14,EDX;results=EAX;flows=;fallthrough=0042475b
instruction	00424642	FUN_00424642	0042475b	0042475d	FALL_THROUGH	FUN_00424642	bytes=33D2;mnemonic=XOR;instruction=XOR EDX,EDX;inputs=0x0,0x1,EDX,0xff;results=CF,PF,ZF,SF,EDX,OF;flows=;fallthrough=0042475d
instruction	00424642	FUN_00424642	0042475d	00424762	FALL_THROUGH	FUN_00424642	bytes=668B540104;mnemonic=MOV;instruction=MOV DX,word ptr [ECX + EAX*0x1 + 0x4];inputs=EAX,0x1,0x4,ECX;results=DX;flows=;fallthrough=00424762
instruction	00424642	FUN_00424642	00424762	00424765	FALL_THROUGH	FUN_00424642	bytes=8955E4;mnemonic=MOV;instruction=MOV dword ptr [EBP + -0x1c],EDX;inputs=EBP,EDX,0xffffffe4;results=;flows=;fallthrough=00424765
instruction_reference	00424642	FUN_00424642	00424762	Stack[-0x20]	WRITE		operand_index=0;primary=true;source=ANALYSIS
instruction	00424642	FUN_00424642	00424765	00424768	FALL_THROUGH	FUN_00424642	bytes=8B45A8;mnemonic=MOV;instruction=MOV EAX,dword ptr [EBP + -0x58];inputs=EBP,0xffffffa8;results=EAX;flows=;fallthrough=00424768
instruction_reference	00424642	FUN_00424642	00424765	Stack[-0x5c]	READ		operand_index=1;primary=true;source=ANALYSIS
instruction	00424642	FUN_00424642	00424768	0042476b	FALL_THROUGH	FUN_00424642	bytes=8B4808;mnemonic=MOV;instruction=MOV ECX,dword ptr [EAX + 0x8];inputs=EAX,0x8;results=ECX;flows=;fallthrough=0042476b
instruction	00424642	FUN_00424642	0042476b	0042476e	FALL_THROUGH	FUN_00424642	bytes=8B55A8;mnemonic=MOV;instruction=MOV EDX,dword ptr [EBP + -0x58];inputs=EBP,0xffffffa8;results=EDX;flows=;fallthrough=0042476e
instruction_reference	00424642	FUN_00424642	0042476b	Stack[-0x5c]	READ		operand_index=1;primary=true;source=ANALYSIS
instruction	00424642	FUN_00424642	0042476e	00424771	FALL_THROUGH	FUN_00424642	bytes=8B4214;mnemonic=MOV;instruction=MOV EAX,dword ptr [EDX + 0x14];inputs=0x14,EDX;results=EAX;flows=;fallthrough=00424771
instruction	00424642	FUN_00424642	00424771	00424773	FALL_THROUGH	FUN_00424642	bytes=33D2;mnemonic=XOR;instruction=XOR EDX,EDX;inputs=0x0,0x1,EDX,0xff;results=CF,PF,ZF,SF,EDX,OF;flows=;fallthrough=00424773
instruction	00424642	FUN_00424642	00424773	00424778	FALL_THROUGH	FUN_00424642	bytes=668B540106;mnemonic=MOV;instruction=MOV DX,word ptr [ECX + EAX*0x1 + 0x6];inputs=EAX,0x1,ECX,0x6;results=DX;flows=;fallthrough=00424778
instruction	00424642	FUN_00424642	00424778	0042477b	FALL_THROUGH	FUN_00424642	bytes=8955E0;mnemonic=MOV;instruction=MOV dword ptr [EBP + -0x20],EDX;inputs=EBP,EDX,0xffffffe0;results=;flows=;fallthrough=0042477b
instruction_reference	00424642	FUN_00424642	00424778	Stack[-0x24]	WRITE		operand_index=0;primary=true;source=ANALYSIS
instruction	00424642	FUN_00424642	0042477b	0042477e	FALL_THROUGH	FUN_00424642	bytes=8B45A8;mnemonic=MOV;instruction=MOV EAX,dword ptr [EBP + -0x58];inputs=EBP,0xffffffa8;results=EAX;flows=;fallthrough=0042477e
instruction_reference	00424642	FUN_00424642	0042477b	Stack[-0x5c]	READ		operand_index=1;primary=true;source=ANALYSIS
instruction	00424642	FUN_00424642	0042477e	00424782	FALL_THROUGH	FUN_00424642	bytes=0FBE4830;mnemonic=MOVSX;instruction=MOVSX ECX,byte ptr [EAX + 0x30];inputs=EAX,0x30;results=ECX;flows=;fallthrough=00424782
instruction	00424642	FUN_00424642	00424782	00424784	FALL_THROUGH	FUN_00424642	bytes=85C9;mnemonic=TEST;instruction=TEST ECX,ECX;inputs=0x0,0x1,ECX,0xff;results=CF,PF,ZF,SF,OF;flows=;fallthrough=00424784
instruction	00424642	FUN_00424642	00424784	0042478a	CONDITIONAL_JUMP	FUN_00424642	bytes=0F8443010000;mnemonic=JZ;instruction=JZ 0x004248cd;inputs=ZF;results=;flows=004248cd;fallthrough=0042478a
instruction_reference	00424642	FUN_00424642	00424784	004248cd	CONDITIONAL_JUMP	LAB_004248cd	operand_index=0;primary=true;source=DEFAULT
instruction	00424642	FUN_00424642	0042478a	0042478e	FALL_THROUGH	FUN_00424642	bytes=C645C400;mnemonic=MOV;instruction=MOV byte ptr [EBP + -0x3c],0x0;inputs=0x0,EBP,0xffffffc4;results=;flows=;fallthrough=0042478e
instruction_reference	00424642	FUN_00424642	0042478a	Stack[-0x40]	WRITE		operand_index=0;primary=true;source=ANALYSIS
instruction	00424642	FUN_00424642	0042478e	00424791	FALL_THROUGH	FUN_00424642	bytes=8B55A8;mnemonic=MOV;instruction=MOV EDX,dword ptr [EBP + -0x58];inputs=EBP,0xffffffa8;results=EDX;flows=;fallthrough=00424791
instruction_reference	00424642	FUN_00424642	0042478e	Stack[-0x5c]	READ		operand_index=1;primary=true;source=ANALYSIS
instruction	00424642	FUN_00424642	00424791	00424795	FALL_THROUGH	FUN_00424642	bytes=837A440F;mnemonic=CMP;instruction=CMP dword ptr [EDX + 0x44],0xf;inputs=0x0,0x1,0x44,EDX,0xf,0xff;results=CF,PF,ZF,SF,OF;flows=;fallthrough=00424795
instruction	00424642	FUN_00424642	00424795	0042479b	CONDITIONAL_JUMP	FUN_00424642	bytes=0F8ECF000000;mnemonic=JLE;instruction=JLE 0x0042486a;inputs=ZF,SF,OF;results=;flows=0042486a;fallthrough=0042479b
instruction_reference	00424642	FUN_00424642	00424795	0042486a	CONDITIONAL_JUMP	LAB_0042486a	operand_index=0;primary=true;source=DEFAULT
instruction	00424642	FUN_00424642	0042479b	004247a2	FALL_THROUGH	FUN_00424642	bytes=833D88CF5C0000;mnemonic=CMP;instruction=CMP dword ptr [0x005ccf88],0x0;inputs=0x0,0x1,005ccf88,0xff;results=CF,PF,ZF,SF,OF;flows=;fallthrough=004247a2
instruction_reference	00424642	FUN_00424642	0042479b	005ccf88	READ	DAT_005ccf88	operand_index=0;primary=true;source=DEFAULT
instruction	00424642	FUN_00424642	004247a2	004247a4	CONDITIONAL_JUMP	FUN_00424642	bytes=746D;mnemonic=JZ;instruction=JZ 0x00424811;inputs=ZF;results=;flows=00424811;fallthrough=004247a4
instruction_reference	00424642	FUN_00424642	004247a2	00424811	CONDITIONAL_JUMP	LAB_00424811	operand_index=0;primary=true;source=DEFAULT
instruction	00424642	FUN_00424642	004247a4	004247ab	FALL_THROUGH	FUN_00424642	bytes=C745B800000000;mnemonic=MOV;instruction=MOV dword ptr [EBP + -0x48],0x0;inputs=0x0,EBP,0xffffffb8;results=;flows=;fallthrough=004247ab
instruction_reference	00424642	FUN_00424642	004247a4	Stack[-0x4c]	WRITE		operand_index=0;primary=true;source=ANALYSIS
instruction	00424642	FUN_00424642	004247ab	004247b2	FALL_THROUGH	FUN_00424642	bytes=C745C088CF5C00;mnemonic=MOV;instruction=MOV dword ptr [EBP + -0x40],0x5ccf88;inputs=EBP,0x5ccf88,0xffffffc0;results=;flows=;fallthrough=004247b2
instruction_reference	00424642	FUN_00424642	004247ab	005ccf88	DATA	DAT_005ccf88	operand_index=1;primary=true;source=ANALYSIS
instruction_reference	00424642	FUN_00424642	004247ab	Stack[-0x44]	WRITE		operand_index=0;primary=true;source=ANALYSIS
instruction	00424642	FUN_00424642	004247b2	004247b5	FALL_THROUGH	FUN_00424642	bytes=8B45C0;mnemonic=MOV;instruction=MOV EAX,dword ptr [EBP + -0x40];inputs=EBP,0xffffffc0;results=EAX;flows=;fallthrough=004247b5
instruction_reference	00424642	FUN_00424642	004247b2	Stack[-0x44]	READ		operand_index=1;primary=true;source=ANALYSIS
instruction	00424642	FUN_00424642	004247b5	004247b7	FALL_THROUGH	FUN_00424642	bytes=8A08;mnemonic=MOV;instruction=MOV CL,byte ptr [EAX];inputs=EAX;results=CL;flows=;fallthrough=004247b7
instruction_reference	00424642	FUN_00424642	004247b5	005ccf88	READ	DAT_005ccf88	operand_index=1;primary=true;source=ANALYSIS
instruction	00424642	FUN_00424642	004247b7	004247ba	FALL_THROUGH	FUN_00424642	bytes=884DBC;mnemonic=MOV;instruction=MOV byte ptr [EBP + -0x44],CL;inputs=0xffffffbc,EBP,CL;results=;flows=;fallthrough=004247ba
instruction_reference	00424642	FUN_00424642	004247b7	Stack[-0x48]	WRITE		operand_index=0;primary=true;source=ANALYSIS
instruction	00424642	FUN_00424642	004247ba	004247be	FALL_THROUGH	FUN_00424642	bytes=0FBE55BC;mnemonic=MOVSX;instruction=MOVSX EDX,byte ptr [EBP + -0x44];inputs=0xffffffbc,EBP;results=EDX;flows=;fallthrough=004247be
instruction_reference	00424642	FUN_00424642	004247ba	Stack[-0x48]	READ		operand_index=1;primary=true;source=ANALYSIS
instruction	00424642	FUN_00424642	004247be	004247c0	FALL_THROUGH	FUN_00424642	bytes=85D2;mnemonic=TEST;instruction=TEST EDX,EDX;inputs=0x0,0x1,EDX,0xff;results=CF,PF,ZF,SF,OF;flows=;fallthrough=004247c0
instruction	00424642	FUN_00424642	004247c0	004247c2	CONDITIONAL_JUMP	FUN_00424642	bytes=7509;mnemonic=JNZ;instruction=JNZ 0x004247cb;inputs=ZF;results=;flows=004247cb;fallthrough=004247c2
instruction_reference	00424642	FUN_00424642	004247c0	004247cb	CONDITIONAL_JUMP	LAB_004247cb	operand_index=0;primary=true;source=DEFAULT
instruction	00424642	FUN_00424642	004247c2	004247c5	FALL_THROUGH	FUN_00424642	bytes=8B45C0;mnemonic=MOV;instruction=MOV EAX,dword ptr [EBP + -0x40];inputs=EBP,0xffffffc0;results=EAX;flows=;fallthrough=004247c5
instruction_reference	00424642	FUN_00424642	004247c2	Stack[-0x44]	READ		operand_index=1;primary=true;source=ANALYSIS
instruction	00424642	FUN_00424642	004247c5	004247c8	FALL_THROUGH	FUN_00424642	bytes=8A4803;mnemonic=MOV;instruction=MOV CL,byte ptr [EAX + 0x3];inputs=EAX,0x3;results=CL;flows=;fallthrough=004247c8
instruction_reference	00424642	FUN_00424642	004247c5	005ccf8b	READ	DAT_005ccf8b	operand_index=1;primary=true;source=ANALYSIS
instruction	00424642	FUN_00424642	004247c8	004247cb	FALL_THROUGH	FUN_00424642	bytes=884DBC;mnemonic=MOV;instruction=MOV byte ptr [EBP + -0x44],CL;inputs=0xffffffbc,EBP,CL;results=;flows=;fallthrough=004247cb
instruction_reference	00424642	FUN_00424642	004247c8	Stack[-0x48]	WRITE		operand_index=0;primary=true;source=ANALYSIS
instruction	00424642	FUN_00424642	004247cb	004247cf	FALL_THROUGH	FUN_00424642	bytes=0FBE55BC;mnemonic=MOVSX;instruction=MOVSX EDX,byte ptr [EBP + -0x44];inputs=0xffffffbc,EBP;results=EDX;flows=;fallthrough=004247cf
instruction_reference	00424642	FUN_00424642	004247cb	Stack[-0x48]	READ		operand_index=1;primary=true;source=ANALYSIS
instruction	00424642	FUN_00424642	004247cf	004247d1	FALL_THROUGH	FUN_00424642	bytes=85D2;mnemonic=TEST;instruction=TEST EDX,EDX;inputs=0x0,0x1,EDX,0xff;results=CF,PF,ZF,SF,OF;flows=;fallthrough=004247d1
instruction	00424642	FUN_00424642	004247d1	004247d3	CONDITIONAL_JUMP	FUN_00424642	bytes=7504;mnemonic=JNZ;instruction=JNZ 0x004247d7;inputs=ZF;results=;flows=004247d7;fallthrough=004247d3
instruction_reference	00424642	FUN_00424642	004247d1	004247d7	CONDITIONAL_JUMP	LAB_004247d7	operand_index=0;primary=true;source=DEFAULT
instruction	00424642	FUN_00424642	004247d3	004247d7	FALL_THROUGH	FUN_00424642	bytes=C645BC0D;mnemonic=MOV;instruction=MOV byte ptr [EBP + -0x44],0xd;inputs=0xffffffbc,EBP,0xd;results=;flows=;fallthrough=004247d7
instruction_reference	00424642	FUN_00424642	004247d3	Stack[-0x48]	WRITE		operand_index=0;primary=true;source=ANALYSIS
instruction	00424642	FUN_00424642	004247d7	004247da	FALL_THROUGH	FUN_00424642	bytes=8B45C0;mnemonic=MOV;instruction=MOV EAX,dword ptr [EBP + -0x40];inputs=EBP,0xffffffc0;results=EAX;flows=;fallthrough=004247da
instruction_reference	00424642	FUN_00424642	004247d7	Stack[-0x44]	READ		operand_index=1;primary=true;source=ANALYSIS
instruction	00424642	FUN_00424642	004247da	004247de	FALL_THROUGH	FUN_00424642	bytes=0FBE4802;mnemonic=MOVSX;instruction=MOVSX ECX,byte ptr [EAX + 0x2];inputs=EAX,0x2;results=ECX;flows=;fallthrough=004247de
instruction_reference	00424642	FUN_00424642	004247da	005ccf8a	READ	DAT_005ccf8a	operand_index=1;primary=true;source=ANALYSIS
instruction	00424642	FUN_00424642	004247de	004247e1	FALL_THROUGH	FUN_00424642	bytes=8B55C0;mnemonic=MOV;instruction=MOV EDX,dword ptr [EBP + -0x40];inputs=EBP,0xffffffc0;results=EDX;flows=;fallthrough=004247e1
instruction_reference	00424642	FUN_00424642	004247de	Stack[-0x44]	READ		operand_index=1;primary=true;source=ANALYSIS
instruction	00424642	FUN_00424642	004247e1	004247e5	FALL_THROUGH	FUN_00424642	bytes=0FBE4203;mnemonic=MOVSX;instruction=MOVSX EAX,byte ptr [EDX + 0x3];inputs=0x3,EDX;results=EAX;flows=;fallthrough=004247e5
instruction_reference	00424642	FUN_00424642	004247e1	005ccf8b	READ	DAT_005ccf8b	operand_index=1;primary=true;source=ANALYSIS
instruction	00424642	FUN_00424642	004247e5	004247e7	FALL_THROUGH	FUN_00424642	bytes=03C8;mnemonic=ADD;instruction=ADD ECX,EAX;inputs=EAX,0x0,0x1,ECX,0xff;results=CF,PF,ECX,ZF,SF,OF;flows=;fallthrough=004247e7
instruction	00424642	FUN_00424642	004247e7	004247ea	FALL_THROUGH	FUN_00424642	bytes=8B55C0;mnemonic=MOV;instruction=MOV EDX,dword ptr [EBP + -0x40];inputs=EBP,0xffffffc0;results=EDX;flows=;fallthrough=004247ea
instruction_reference	00424642	FUN_00424642	004247e7	Stack[-0x44]	READ		operand_index=1;primary=true;source=ANALYSIS
instruction	00424642	FUN_00424642	004247ea	004247ee	FALL_THROUGH	FUN_00424642	bytes=0FBE4201;mnemonic=MOVSX;instruction=MOVSX EAX,byte ptr [EDX + 0x1];inputs=0x1,EDX;results=EAX;flows=;fallthrough=004247ee
instruction_reference	00424642	FUN_00424642	004247ea	005ccf89	READ	DAT_005ccf89	operand_index=1;primary=true;source=ANALYSIS
instruction	00424642	FUN_00424642	004247ee	004247f2	FALL_THROUGH	FUN_00424642	bytes=0FBE55BC;mnemonic=MOVSX;instruction=MOVSX EDX,byte ptr [EBP + -0x44];inputs=0xffffffbc,EBP;results=EDX;flows=;fallthrough=004247f2
instruction_reference	00424642	FUN_00424642	004247ee	Stack[-0x48]	READ		operand_index=1;primary=true;source=ANALYSIS
instruction	00424642	FUN_00424642	004247f2	004247f5	FALL_THROUGH	FUN_00424642	bytes=0FAFC2;mnemonic=IMUL;instruction=IMUL EAX,EDX;inputs=EAX,0x0,0x4,EDX;results=EAX,CF,OF;flows=;fallthrough=004247f5
instruction	00424642	FUN_00424642	004247f5	004247f7	FALL_THROUGH	FUN_00424642	bytes=2BC8;mnemonic=SUB;instruction=SUB ECX,EAX;inputs=EAX,0x0,0x1,ECX,0xff;results=CF,PF,ECX,ZF,SF,OF;flows=;fallthrough=004247f7
instruction	00424642	FUN_00424642	004247f7	004247fa	FALL_THROUGH	FUN_00424642	bytes=894DB8;mnemonic=MOV;instruction=MOV dword ptr [EBP + -0x48],ECX;inputs=EBP,ECX,0xffffffb8;results=;flows=;fallthrough=004247fa
instruction_reference	00424642	FUN_00424642	004247f7	Stack[-0x4c]	WRITE		operand_index=0;primary=true;source=ANALYSIS
instruction	00424642	FUN_00424642	004247fa	004247fe	FALL_THROUGH	FUN_00424642	bytes=837DB800;mnemonic=CMP;instruction=CMP dword ptr [EBP + -0x48],0x0;inputs=0x0,0x1,EBP,0xffffffb8,0xff;results=CF,PF,ZF,SF,OF;flows=;fallthrough=004247fe
instruction_reference	00424642	FUN_00424642	004247fa	Stack[-0x4c]	READ		operand_index=0;primary=true;source=ANALYSIS
instruction	00424642	FUN_00424642	004247fe	00424800	CONDITIONAL_JUMP	FUN_00424642	bytes=7509;mnemonic=JNZ;instruction=JNZ 0x00424809;inputs=ZF;results=;flows=00424809;fallthrough=00424800
instruction_reference	00424642	FUN_00424642	004247fe	00424809	CONDITIONAL_JUMP	LAB_00424809	operand_index=0;primary=true;source=DEFAULT
instruction	00424642	FUN_00424642	00424800	00424803	FALL_THROUGH	FUN_00424642	bytes=8B45C0;mnemonic=MOV;instruction=MOV EAX,dword ptr [EBP + -0x40];inputs=EBP,0xffffffc0;results=EAX;flows=;fallthrough=00424803
instruction_reference	00424642	FUN_00424642	00424800	Stack[-0x44]	READ		operand_index=1;primary=true;source=ANALYSIS
instruction	00424642	FUN_00424642	00424803	00424806	FALL_THROUGH	FUN_00424642	bytes=0FBE08;mnemonic=MOVSX;instruction=MOVSX ECX,byte ptr [EAX];inputs=EAX;results=ECX;flows=;fallthrough=00424806
instruction_reference	00424642	FUN_00424642	00424803	005ccf88	READ	DAT_005ccf88	operand_index=1;primary=true;source=ANALYSIS
instruction	00424642	FUN_00424642	00424806	00424809	FALL_THROUGH	FUN_00424642	bytes=894DB8;mnemonic=MOV;instruction=MOV dword ptr [EBP + -0x48],ECX;inputs=EBP,ECX,0xffffffb8;results=;flows=;fallthrough=00424809
instruction_reference	00424642	FUN_00424642	00424806	Stack[-0x4c]	WRITE		operand_index=0;primary=true;source=ANALYSIS
instruction	00424642	FUN_00424642	00424809	0042480c	FALL_THROUGH	FUN_00424642	bytes=8A55B8;mnemonic=MOV;instruction=MOV DL,byte ptr [EBP + -0x48];inputs=EBP,0xffffffb8;results=DL;flows=;fallthrough=0042480c
instruction_reference	00424642	FUN_00424642	00424809	Stack[-0x4c]	READ		operand_index=1;primary=true;source=ANALYSIS
instruction	00424642	FUN_00424642	0042480c	0042480f	FALL_THROUGH	FUN_00424642	bytes=8855C4;mnemonic=MOV;instruction=MOV byte ptr [EBP + -0x3c],DL;inputs=EBP,DL,0xffffffc4;results=;flows=;fallthrough=0042480f
instruction_reference	00424642	FUN_00424642	0042480c	Stack[-0x40]	WRITE		operand_index=0;primary=true;source=ANALYSIS
instruction	00424642	FUN_00424642	0042480f		UNCONDITIONAL_JUMP	FUN_00424642	bytes=EB57;mnemonic=JMP;instruction=JMP 0x00424868;inputs=;results=;flows=00424868;fallthrough=
instruction_reference	00424642	FUN_00424642	0042480f	00424868	UNCONDITIONAL_JUMP	LAB_00424868	operand_index=0;primary=true;source=DEFAULT
instruction	00424642	FUN_00424642	00424811	00424814	FALL_THROUGH	FUN_00424642	bytes=8B45A8;mnemonic=MOV;instruction=MOV EAX,dword ptr [EBP + -0x58];inputs=EBP,0xffffffa8;results=EAX;flows=;fallthrough=00424814
instruction_reference	00424642	FUN_00424642	00424811	Stack[-0x5c]	READ		operand_index=1;primary=true;source=ANALYSIS
instruction	00424642	FUN_00424642	00424814	00424818	FALL_THROUGH	FUN_00424642	bytes=0FBE483F;mnemonic=MOVSX;instruction=MOVSX ECX,byte ptr [EAX + 0x3f];inputs=EAX,0x3f;results=ECX;flows=;fallthrough=00424818
instruction	00424642	FUN_00424642	00424818	0042481e	FALL_THROUGH	FUN_00424642	bytes=81E101000080;mnemonic=AND;instruction=AND ECX,0x80000001;inputs=0x0,0x80000001,0x1,ECX,0xff;results=CF,PF,ECX,ZF,SF,OF;flows=;fallthrough=0042481e
instruction	00424642	FUN_00424642	0042481e	00424820	CONDITIONAL_JUMP	FUN_00424642	bytes=7905;mnemonic=JNS;instruction=JNS 0x00424825;inputs=SF;results=;flows=00424825;fallthrough=00424820
instruction_reference	00424642	FUN_00424642	0042481e	00424825	CONDITIONAL_JUMP	LAB_00424825	operand_index=0;primary=true;source=DEFAULT
instruction	00424642	FUN_00424642	00424820	00424821	FALL_THROUGH	FUN_00424642	bytes=49;mnemonic=DEC;instruction=DEC ECX;inputs=0x0,0x1,ECX,0xff;results=PF,ECX,ZF,SF,OF;flows=;fallthrough=00424821
instruction	00424642	FUN_00424642	00424821	00424824	FALL_THROUGH	FUN_00424642	bytes=83C9FE;mnemonic=OR;instruction=OR ECX,0xfffffffe;inputs=0x0,0xfffffffe,0x1,ECX,0xff;results=CF,PF,ECX,ZF,SF,OF;flows=;fallthrough=00424824
instruction	00424642	FUN_00424642	00424824	00424825	FALL_THROUGH	FUN_00424642	bytes=41;mnemonic=INC;instruction=INC ECX;inputs=0x0,0x1,ECX,0xff;results=PF,ECX,ZF,SF,OF;flows=;fallthrough=00424825
instruction	00424642	FUN_00424642	00424825	00424827	FALL_THROUGH	FUN_00424642	bytes=85C9;mnemonic=TEST;instruction=TEST ECX,ECX;inputs=0x0,0x1,ECX,0xff;results=CF,PF,ZF,SF,OF;flows=;fallthrough=00424827
instruction	00424642	FUN_00424642	00424827	00424829	CONDITIONAL_JUMP	FUN_00424642	bytes=7421;mnemonic=JZ;instruction=JZ 0x0042484a;inputs=ZF;results=;flows=0042484a;fallthrough=00424829
instruction_reference	00424642	FUN_00424642	00424827	0042484a	CONDITIONAL_JUMP	LAB_0042484a	operand_index=0;primary=true;source=DEFAULT
instruction	00424642	FUN_00424642	00424829	0042482c	FALL_THROUGH	FUN_00424642	bytes=8B55A8;mnemonic=MOV;instruction=MOV EDX,dword ptr [EBP + -0x58];inputs=EBP,0xffffffa8;results=EDX;flows=;fallthrough=0042482c
instruction_reference	00424642	FUN_00424642	00424829	Stack[-0x5c]	READ		operand_index=1;primary=true;source=ANALYSIS
instruction	00424642	FUN_00424642	0042482c	00424830	FALL_THROUGH	FUN_00424642	bytes=0FBE423D;mnemonic=MOVSX;instruction=MOVSX EAX,byte ptr [EDX + 0x3d];inputs=EDX,0x3d;results=EAX;flows=;fallthrough=00424830
instruction	00424642	FUN_00424642	00424830	00424833	FALL_THROUGH	FUN_00424642	bytes=8B4DA8;mnemonic=MOV;instruction=MOV ECX,dword ptr [EBP + -0x58];inputs=EBP,0xffffffa8;results=ECX;flows=;fallthrough=00424833
instruction_reference	00424642	FUN_00424642	00424830	Stack[-0x5c]	READ		operand_index=1;primary=true;source=ANALYSIS
instruction	00424642	FUN_00424642	00424833	00424837	FALL_THROUGH	FUN_00424642	bytes=0FBE513B;mnemonic=MOVSX;instruction=MOVSX EDX,byte ptr [ECX + 0x3b];inputs=ECX,0x3b;results=EDX;flows=;fallthrough=00424837
instruction	00424642	FUN_00424642	00424837	00424839	FALL_THROUGH	FUN_00424642	bytes=03C2;mnemonic=ADD;instruction=ADD EAX,EDX;inputs=EAX,0x0,0x1,EDX,0xff;results=CF,EAX,PF,ZF,SF,OF;flows=;fallthrough=00424839
instruction	00424642	FUN_00424642	00424839	0042483c	FALL_THROUGH	FUN_00424642	bytes=8B4DA8;mnemonic=MOV;instruction=MOV ECX,dword ptr [EBP + -0x58];inputs=EBP,0xffffffa8;results=ECX;flows=;fallthrough=0042483c
instruction_reference	00424642	FUN_00424642	00424839	Stack[-0x5c]	READ		operand_index=1;primary=true;source=ANALYSIS
instruction	00424642	FUN_00424642	0042483c	00424840	FALL_THROUGH	FUN_00424642	bytes=0FBE5139;mnemonic=MOVSX;instruction=MOVSX EDX,byte ptr [ECX + 0x39];inputs=ECX,0x39;results=EDX;flows=;fallthrough=00424840
instruction	00424642	FUN_00424642	00424840	00424842	FALL_THROUGH	FUN_00424642	bytes=2BC2;mnemonic=SUB;instruction=SUB EAX,EDX;inputs=EAX,0x0,0x1,EDX,0xff;results=CF,EAX,PF,ZF,SF,OF;flows=;fallthrough=00424842
instruction	00424642	FUN_00424642	00424842	00424845	FALL_THROUGH	FUN_00424642	bytes=83C004;mnemonic=ADD;instruction=ADD EAX,0x4;inputs=EAX,0x0,0x1,0x4,0xff;results=CF,EAX,PF,ZF,SF,OF;flows=;fallthrough=00424845
instruction	00424642	FUN_00424642	00424845	00424848	FALL_THROUGH	FUN_00424642	bytes=8845C4;mnemonic=MOV;instruction=MOV byte ptr [EBP + -0x3c],AL;inputs=AL,EBP,0xffffffc4;results=;flows=;fallthrough=00424848
instruction_reference	00424642	FUN_00424642	00424845	Stack[-0x40]	WRITE		operand_index=0;primary=true;source=ANALYSIS
instruction	00424642	FUN_00424642	00424848		UNCONDITIONAL_JUMP	FUN_00424642	bytes=EB1E;mnemonic=JMP;instruction=JMP 0x00424868;inputs=;results=;flows=00424868;fallthrough=
instruction_reference	00424642	FUN_00424642	00424848	00424868	UNCONDITIONAL_JUMP	LAB_00424868	operand_index=0;primary=true;source=DEFAULT
instruction	00424642	FUN_00424642	0042484a	0042484d	FALL_THROUGH	FUN_00424642	bytes=8B45A8;mnemonic=MOV;instruction=MOV EAX,dword ptr [EBP + -0x58];inputs=EBP,0xffffffa8;results=EAX;flows=;fallthrough=0042484d
instruction_reference	00424642	FUN_00424642	0042484a	Stack[-0x5c]	READ		operand_index=1;primary=true;source=ANALYSIS
instruction	00424642	FUN_00424642	0042484d	00424851	FALL_THROUGH	FUN_00424642	bytes=0FBE4831;mnemonic=MOVSX;instruction=MOVSX ECX,byte ptr [EAX + 0x31];inputs=EAX,0x31;results=ECX;flows=;fallthrough=00424851
instruction	00424642	FUN_00424642	00424851	00424854	FALL_THROUGH	FUN_00424642	bytes=8B55A8;mnemonic=MOV;instruction=MOV EDX,dword ptr [EBP + -0x58];inputs=EBP,0xffffffa8;results=EDX;flows=;fallthrough=00424854
instruction_reference	00424642	FUN_00424642	00424851	Stack[-0x5c]	READ		operand_index=1;primary=true;source=ANALYSIS
instruction	00424642	FUN_00424642	00424854	00424858	FALL_THROUGH	FUN_00424642	bytes=0FBE4233;mnemonic=MOVSX;instruction=MOVSX EAX,byte ptr [EDX + 0x33];inputs=0x33,EDX;results=EAX;flows=;fallthrough=00424858
instruction	00424642	FUN_00424642	00424858	0042485a	FALL_THROUGH	FUN_00424642	bytes=03C8;mnemonic=ADD;instruction=ADD ECX,EAX;inputs=EAX,0x0,0x1,ECX,0xff;results=CF,PF,ECX,ZF,SF,OF;flows=;fallthrough=0042485a
instruction	00424642	FUN_00424642	0042485a	0042485d	FALL_THROUGH	FUN_00424642	bytes=8B55A8;mnemonic=MOV;instruction=MOV EDX,dword ptr [EBP + -0x58];inputs=EBP,0xffffffa8;results=EDX;flows=;fallthrough=0042485d
instruction_reference	00424642	FUN_00424642	0042485a	Stack[-0x5c]	READ		operand_index=1;primary=true;source=ANALYSIS
instruction	00424642	FUN_00424642	0042485d	00424861	FALL_THROUGH	FUN_00424642	bytes=0FBE4235;mnemonic=MOVSX;instruction=MOVSX EAX,byte ptr [EDX + 0x35];inputs=0x35,EDX;results=EAX;flows=;fallthrough=00424861
instruction	00424642	FUN_00424642	00424861	00424865	FALL_THROUGH	FUN_00424642	bytes=8D4C01A9;mnemonic=LEA;instruction=LEA ECX,[ECX + EAX*0x1 + -0x57];inputs=EAX,0x1,ECX,0xffffffa9;results=ECX;flows=;fallthrough=00424865
instruction	00424642	FUN_00424642	00424865	00424868	FALL_THROUGH	FUN_00424642	bytes=884DC4;mnemonic=MOV;instruction=MOV byte ptr [EBP + -0x3c],CL;inputs=EBP,CL,0xffffffc4;results=;flows=;fallthrough=00424868
instruction_reference	00424642	FUN_00424642	00424865	Stack[-0x40]	WRITE		operand_index=0;primary=true;source=ANALYSIS
instruction	00424642	FUN_00424642	00424868		UNCONDITIONAL_JUMP	FUN_00424642	bytes=EB1F;mnemonic=JMP;instruction=JMP 0x00424889;inputs=;results=;flows=00424889;fallthrough=
instruction_reference	00424642	FUN_00424642	00424868	00424889	UNCONDITIONAL_JUMP	LAB_00424889	operand_index=0;primary=true;source=DEFAULT
instruction	00424642	FUN_00424642	0042486a	0042486d	FALL_THROUGH	FUN_00424642	bytes=8B55A8;mnemonic=MOV;instruction=MOV EDX,dword ptr [EBP + -0x58];inputs=EBP,0xffffffa8;results=EDX;flows=;fallthrough=0042486d
instruction_reference	00424642	FUN_00424642	0042486a	Stack[-0x5c]	READ		operand_index=1;primary=true;source=ANALYSIS
instruction	00424642	FUN_00424642	0042486d	00424870	FALL_THROUGH	FUN_00424642	bytes=8B4244;mnemonic=MOV;instruction=MOV EAX,dword ptr [EDX + 0x44];inputs=0x44,EDX;results=EAX;flows=;fallthrough=00424870
instruction	00424642	FUN_00424642	00424870	00424873	FALL_THROUGH	FUN_00424642	bytes=8B4DA8;mnemonic=MOV;instruction=MOV ECX,dword ptr [EBP + -0x58];inputs=EBP,0xffffffa8;results=ECX;flows=;fallthrough=00424873
instruction_reference	00424642	FUN_00424642	00424870	Stack[-0x5c]	READ		operand_index=1;primary=true;source=ANALYSIS
instruction	00424642	FUN_00424642	00424873	00424877	FALL_THROUGH	FUN_00424642	bytes=8A540130;mnemonic=MOV;instruction=MOV DL,byte ptr [ECX + EAX*0x1 + 0x30];inputs=0x30,EAX,0x1,ECX;results=DL;flows=;fallthrough=00424877
instruction	00424642	FUN_00424642	00424877	0042487a	FALL_THROUGH	FUN_00424642	bytes=8855C4;mnemonic=MOV;instruction=MOV byte ptr [EBP + -0x3c],DL;inputs=EBP,DL,0xffffffc4;results=;flows=;fallthrough=0042487a
instruction_reference	00424642	FUN_00424642	00424877	Stack[-0x40]	WRITE		operand_index=0;primary=true;source=ANALYSIS
instruction	00424642	FUN_00424642	0042487a	0042487d	FALL_THROUGH	FUN_00424642	bytes=8B45A8;mnemonic=MOV;instruction=MOV EAX,dword ptr [EBP + -0x58];inputs=EBP,0xffffffa8;results=EAX;flows=;fallthrough=0042487d
instruction_reference	00424642	FUN_00424642	0042487a	Stack[-0x5c]	READ		operand_index=1;primary=true;source=ANALYSIS
instruction	00424642	FUN_00424642	0042487d	00424880	FALL_THROUGH	FUN_00424642	bytes=8B4844;mnemonic=MOV;instruction=MOV ECX,dword ptr [EAX + 0x44];inputs=EAX,0x44;results=ECX;flows=;fallthrough=00424880
instruction	00424642	FUN_00424642	00424880	00424883	FALL_THROUGH	FUN_00424642	bytes=83C101;mnemonic=ADD;instruction=ADD ECX,0x1;inputs=0x0,0x1,ECX,0xff;results=CF,PF,ECX,ZF,SF,OF;flows=;fallthrough=00424883
instruction	00424642	FUN_00424642	00424883	00424886	FALL_THROUGH	FUN_00424642	bytes=8B55A8;mnemonic=MOV;instruction=MOV EDX,dword ptr [EBP + -0x58];inputs=EBP,0xffffffa8;results=EDX;flows=;fallthrough=00424886
instruction_reference	00424642	FUN_00424642	00424883	Stack[-0x5c]	READ		operand_index=1;primary=true;source=ANALYSIS
instruction	00424642	FUN_00424642	00424886	00424889	FALL_THROUGH	FUN_00424642	bytes=894A44;mnemonic=MOV;instruction=MOV dword ptr [EDX + 0x44],ECX;inputs=0x44,ECX,EDX;results=;flows=;fallthrough=00424889
instruction	00424642	FUN_00424642	00424889	0042488c	FALL_THROUGH	FUN_00424642	bytes=8B45C4;mnemonic=MOV;instruction=MOV EAX,dword ptr [EBP + -0x3c];inputs=EBP,0xffffffc4;results=EAX;flows=;fallthrough=0042488c
instruction_reference	00424642	FUN_00424642	00424889	Stack[-0x40]	READ		operand_index=1;primary=true;source=ANALYSIS
instruction	00424642	FUN_00424642	0042488c	00424891	FALL_THROUGH	FUN_00424642	bytes=25FF000000;mnemonic=AND;instruction=AND EAX,0xff;inputs=0x0,EAX,0x1,0xff;results=CF,EAX,PF,ZF,SF,OF;flows=;fallthrough=00424891
instruction	00424642	FUN_00424642	00424891	00424896	FALL_THROUGH	FUN_00424642	bytes=35FF000000;mnemonic=XOR;instruction=XOR EAX,0xff;inputs=0x0,EAX,0x1,0xff;results=CF,EAX,PF,ZF,SF,OF;flows=;fallthrough=00424896
instruction	00424642	FUN_00424642	00424896	00424899	FALL_THROUGH	FUN_00424642	bytes=8845C4;mnemonic=MOV;instruction=MOV byte ptr [EBP + -0x3c],AL;inputs=AL,EBP,0xffffffc4;results=;flows=;fallthrough=00424899
instruction_reference	00424642	FUN_00424642	00424896	Stack[-0x40]	WRITE		operand_index=0;primary=true;source=ANALYSIS
instruction	00424642	FUN_00424642	00424899	0042489c	FALL_THROUGH	FUN_00424642	bytes=8B4DC4;mnemonic=MOV;instruction=MOV ECX,dword ptr [EBP + -0x3c];inputs=EBP,0xffffffc4;results=ECX;flows=;fallthrough=0042489c
instruction_reference	00424642	FUN_00424642	00424899	Stack[-0x40]	READ		operand_index=1;primary=true;source=ANALYSIS
instruction	00424642	FUN_00424642	0042489c	004248a2	FALL_THROUGH	FUN_00424642	bytes=81E1FF000000;mnemonic=AND;instruction=AND ECX,0xff;inputs=0x0,0x1,ECX,0xff;results=CF,PF,ECX,ZF,SF,OF;flows=;fallthrough=004248a2
instruction	00424642	FUN_00424642	004248a2	004248a5	FALL_THROUGH	FUN_00424642	bytes=8B55EC;mnemonic=MOV;instruction=MOV EDX,dword ptr [EBP + -0x14];inputs=0xffffffec,EBP;results=EDX;flows=;fallthrough=004248a5
instruction_reference	00424642	FUN_00424642	004248a2	Stack[-0x18]	READ		operand_index=1;primary=true;source=ANALYSIS
instruction	00424642	FUN_00424642	004248a5	004248ab	FALL_THROUGH	FUN_00424642	bytes=81E2FF000000;mnemonic=AND;instruction=AND EDX,0xff;inputs=0x0,0x1,EDX,0xff;results=CF,PF,ZF,SF,EDX,OF;flows=;fallthrough=004248ab
instruction	00424642	FUN_00424642	004248ab	004248ad	FALL_THROUGH	FUN_00424642	bytes=3BCA;mnemonic=CMP;instruction=CMP ECX,EDX;inputs=0x0,0x1,ECX,EDX,0xff;results=CF,PF,ZF,SF,OF;flows=;fallthrough=004248ad
instruction	00424642	FUN_00424642	004248ad	004248af	CONDITIONAL_JUMP	FUN_00424642	bytes=741E;mnemonic=JZ;instruction=JZ 0x004248cd;inputs=ZF;results=;flows=004248cd;fallthrough=004248af
instruction_reference	00424642	FUN_00424642	004248ad	004248cd	CONDITIONAL_JUMP	LAB_004248cd	operand_index=0;primary=true;source=DEFAULT
instruction	00424642	FUN_00424642	004248af	004248b2	FALL_THROUGH	FUN_00424642	bytes=8B4508;mnemonic=MOV;instruction=MOV EAX,dword ptr [EBP + 0x8];inputs=EBP,0x8;results=EAX;flows=;fallthrough=004248b2
instruction_reference	00424642	FUN_00424642	004248af	Stack[0x4]	READ		operand_index=1;primary=true;source=ANALYSIS
instruction	00424642	FUN_00424642	004248b2	004248b8	FALL_THROUGH	FUN_00424642	bytes=C70003000000;mnemonic=MOV;instruction=MOV dword ptr [EAX],0x3;inputs=EAX,0x3;results=;flows=;fallthrough=004248b8
instruction	00424642	FUN_00424642	004248b8	004248bb	FALL_THROUGH	FUN_00424642	bytes=8B4DF8;mnemonic=MOV;instruction=MOV ECX,dword ptr [EBP + -0x8];inputs=EBP,0xfffffff8;results=ECX;flows=;fallthrough=004248bb
instruction_reference	00424642	FUN_00424642	004248b8	Stack[-0xc]	READ		operand_index=1;primary=true;source=ANALYSIS
instruction	00424642	FUN_00424642	004248bb	004248c1	FALL_THROUGH	FUN_00424642	bytes=81E1FFFF0000;mnemonic=AND;instruction=AND ECX,0xffff;inputs=0x0,0x1,ECX,0xffff,0xff;results=CF,PF,ECX,ZF,SF,OF;flows=;fallthrough=004248c1
instruction	00424642	FUN_00424642	004248c1	004248c4	FALL_THROUGH	FUN_00424642	bytes=8B550C;mnemonic=MOV;instruction=MOV EDX,dword ptr [EBP + 0xc];inputs=EBP,0xc;results=EDX;flows=;fallthrough=004248c4
instruction_reference	00424642	FUN_00424642	004248c1	Stack[0x8]	READ		operand_index=1;primary=true;source=ANALYSIS
instruction	00424642	FUN_00424642	004248c4	004248c6	FALL_THROUGH	FUN_00424642	bytes=890A;mnemonic=MOV;instruction=MOV dword ptr [EDX],ECX;inputs=ECX,EDX;results=;flows=;fallthrough=004248c6
instruction	00424642	FUN_00424642	004248c6	004248c8	FALL_THROUGH	FUN_00424642	bytes=33C0;mnemonic=XOR;instruction=XOR EAX,EAX;inputs=0x0,EAX,0x1,0xff;results=CF,EAX,PF,ZF,SF,OF;flows=;fallthrough=004248c8
instruction	00424642	FUN_00424642	004248c8		UNCONDITIONAL_JUMP	FUN_00424642	bytes=E937020000;mnemonic=JMP;instruction=JMP 0x00424b04;inputs=;results=;flows=00424b04;fallthrough=
instruction_reference	00424642	FUN_00424642	004248c8	00424b04	UNCONDITIONAL_JUMP	LAB_00424b04	operand_index=0;primary=true;source=DEFAULT
instruction	00424642	FUN_00424642	004248cd	004248d0	FALL_THROUGH	FUN_00424642	bytes=8B45F8;mnemonic=MOV;instruction=MOV EAX,dword ptr [EBP + -0x8];inputs=EBP,0xfffffff8;results=EAX;flows=;fallthrough=004248d0
instruction_reference	00424642	FUN_00424642	004248cd	Stack[-0xc]	READ		operand_index=1;primary=true;source=ANALYSIS
instruction	00424642	FUN_00424642	004248d0	004248d5	FALL_THROUGH	FUN_00424642	bytes=25FFFF0000;mnemonic=AND;instruction=AND EAX,0xffff;inputs=0x0,EAX,0x1,0xffff,0xff;results=CF,EAX,PF,ZF,SF,OF;flows=;fallthrough=004248d5
instruction	00424642	FUN_00424642	004248d5	004248da	FALL_THROUGH	FUN_00424642	bytes=3D581B0000;mnemonic=CMP;instruction=CMP EAX,0x1b58;inputs=EAX,0x0,0x1,0x1b58,0xff;results=CF,PF,ZF,SF,OF;flows=;fallthrough=004248da
instruction	00424642	FUN_00424642	004248da	004248dc	CONDITIONAL_JUMP	FUN_00424642	bytes=7F0E;mnemonic=JG;instruction=JG 0x004248ea;inputs=ZF,SF,OF;results=;flows=004248ea;fallthrough=004248dc
instruction_reference	00424642	FUN_00424642	004248da	004248ea	CONDITIONAL_JUMP	LAB_004248ea	operand_index=0;primary=true;source=DEFAULT
instruction	00424642	FUN_00424642	004248dc	004248df	FALL_THROUGH	FUN_00424642	bytes=8B4DF8;mnemonic=MOV;instruction=MOV ECX,dword ptr [EBP + -0x8];inputs=EBP,0xfffffff8;results=ECX;flows=;fallthrough=004248df
instruction_reference	00424642	FUN_00424642	004248dc	Stack[-0xc]	READ		operand_index=1;primary=true;source=ANALYSIS
instruction	00424642	FUN_00424642	004248df	004248e5	FALL_THROUGH	FUN_00424642	bytes=81E1FFFF0000;mnemonic=AND;instruction=AND ECX,0xffff;inputs=0x0,0x1,ECX,0xffff,0xff;results=CF,PF,ECX,ZF,SF,OF;flows=;fallthrough=004248e5
instruction	00424642	FUN_00424642	004248e5	004248e8	FALL_THROUGH	FUN_00424642	bytes=83F90C;mnemonic=CMP;instruction=CMP ECX,0xc;inputs=0x0,0x1,ECX,0xc,0xff;results=CF,PF,ZF,SF,OF;flows=;fallthrough=004248e8
instruction	00424642	FUN_00424642	004248e8	004248ea	CONDITIONAL_JUMP	FUN_00424642	bytes=7332;mnemonic=JNC;instruction=JNC 0x0042491c;inputs=CF;results=;flows=0042491c;fallthrough=004248ea
instruction_reference	00424642	FUN_00424642	004248e8	0042491c	CONDITIONAL_JUMP	LAB_0042491c	operand_index=0;primary=true;source=DEFAULT
instruction	00424642	FUN_00424642	004248ea	004248ed	FALL_THROUGH	FUN_00424642	bytes=8B55A8;mnemonic=MOV;instruction=MOV EDX,dword ptr [EBP + -0x58];inputs=EBP,0xffffffa8;results=EDX;flows=;fallthrough=004248ed
instruction_reference	00424642	FUN_00424642	004248ea	Stack[-0x5c]	READ		operand_index=1;primary=true;source=ANALYSIS
instruction	00424642	FUN_00424642	004248ed	004248f4	FALL_THROUGH	FUN_00424642	bytes=C7421000000000;mnemonic=MOV;instruction=MOV dword ptr [EDX + 0x10],0x0;inputs=0x10,0x0,EDX;results=;flows=;fallthrough=004248f4
instruction	00424642	FUN_00424642	004248f4	004248f7	FALL_THROUGH	FUN_00424642	bytes=8B45A8;mnemonic=MOV;instruction=MOV EAX,dword ptr [EBP + -0x58];inputs=EBP,0xffffffa8;results=EAX;flows=;fallthrough=004248f7
instruction_reference	00424642	FUN_00424642	004248f4	Stack[-0x5c]	READ		operand_index=1;primary=true;source=ANALYSIS
instruction	00424642	FUN_00424642	004248f7	004248fe	FALL_THROUGH	FUN_00424642	bytes=C7401400000000;mnemonic=MOV;instruction=MOV dword ptr [EAX + 0x14],0x0;inputs=EAX,0x0,0x14;results=;flows=;fallthrough=004248fe
instruction	00424642	FUN_00424642	004248fe	00424901	FALL_THROUGH	FUN_00424642	bytes=8B4D08;mnemonic=MOV;instruction=MOV ECX,dword ptr [EBP + 0x8];inputs=EBP,0x8;results=ECX;flows=;fallthrough=00424901
instruction_reference	00424642	FUN_00424642	004248fe	Stack[0x4]	READ		operand_index=1;primary=true;source=ANALYSIS
instruction	00424642	FUN_00424642	00424901	00424907	FALL_THROUGH	FUN_00424642	bytes=C70102000000;mnemonic=MOV;instruction=MOV dword ptr [ECX],0x2;inputs=0x2,ECX;results=;flows=;fallthrough=00424907
instruction	00424642	FUN_00424642	00424907	0042490a	FALL_THROUGH	FUN_00424642	bytes=8B55F8;mnemonic=MOV;instruction=MOV EDX,dword ptr [EBP + -0x8];inputs=EBP,0xfffffff8;results=EDX;flows=;fallthrough=0042490a
instruction_reference	00424642	FUN_00424642	00424907	Stack[-0xc]	READ		operand_index=1;primary=true;source=ANALYSIS
instruction	00424642	FUN_00424642	0042490a	00424910	FALL_THROUGH	FUN_00424642	bytes=81E2FFFF0000;mnemonic=AND;instruction=AND EDX,0xffff;inputs=0x0,0x1,EDX,0xffff,0xff;results=CF,PF,ZF,SF,EDX,OF;flows=;fallthrough=00424910
instruction	00424642	FUN_00424642	00424910	00424913	FALL_THROUGH	FUN_00424642	bytes=8B450C;mnemonic=MOV;instruction=MOV EAX,dword ptr [EBP + 0xc];inputs=EBP,0xc;results=EAX;flows=;fallthrough=00424913
instruction_reference	00424642	FUN_00424642	00424910	Stack[0x8]	READ		operand_index=1;primary=true;source=ANALYSIS
instruction	00424642	FUN_00424642	00424913	00424915	FALL_THROUGH	FUN_00424642	bytes=8910;mnemonic=MOV;instruction=MOV dword ptr [EAX],EDX;inputs=EAX,EDX;results=;flows=;fallthrough=00424915
instruction	00424642	FUN_00424642	00424915	00424917	FALL_THROUGH	FUN_00424642	bytes=33C0;mnemonic=XOR;instruction=XOR EAX,EAX;inputs=0x0,EAX,0x1,0xff;results=CF,EAX,PF,ZF,SF,OF;flows=;fallthrough=00424917
instruction	00424642	FUN_00424642	00424917		UNCONDITIONAL_JUMP	FUN_00424642	bytes=E9E8010000;mnemonic=JMP;instruction=JMP 0x00424b04;inputs=;results=;flows=00424b04;fallthrough=
instruction_reference	00424642	FUN_00424642	00424917	00424b04	UNCONDITIONAL_JUMP	LAB_00424b04	operand_index=0;primary=true;source=DEFAULT
instruction	00424642	FUN_00424642	0042491c	0042491f	FALL_THROUGH	FUN_00424642	bytes=8B4DA8;mnemonic=MOV;instruction=MOV ECX,dword ptr [EBP + -0x58];inputs=EBP,0xffffffa8;results=ECX;flows=;fallthrough=0042491f
instruction_reference	00424642	FUN_00424642	0042491c	Stack[-0x5c]	READ		operand_index=1;primary=true;source=ANALYSIS
instruction	00424642	FUN_00424642	0042491f	00424922	FALL_THROUGH	FUN_00424642	bytes=8B55A8;mnemonic=MOV;instruction=MOV EDX,dword ptr [EBP + -0x58];inputs=EBP,0xffffffa8;results=EDX;flows=;fallthrough=00424922
instruction_reference	00424642	FUN_00424642	0042491f	Stack[-0x5c]	READ		operand_index=1;primary=true;source=ANALYSIS
instruction	00424642	FUN_00424642	00424922	00424925	FALL_THROUGH	FUN_00424642	bytes=8B4110;mnemonic=MOV;instruction=MOV EAX,dword ptr [ECX + 0x10];inputs=0x10,ECX;results=EAX;flows=;fallthrough=00424925
instruction	00424642	FUN_00424642	00424925	00424928	FALL_THROUGH	FUN_00424642	bytes=2B4214;mnemonic=SUB;instruction=SUB EAX,dword ptr [EDX + 0x14];inputs=EAX,0x0,0x1,0x14,EDX,0xff;results=CF,EAX,PF,ZF,SF,OF;flows=;fallthrough=00424928
instruction	00424642	FUN_00424642	00424928	0042492c	FALL_THROUGH	FUN_00424642	bytes=668945F0;mnemonic=MOV;instruction=MOV word ptr [EBP + -0x10],AX;inputs=AX,EBP,0xfffffff0;results=;flows=;fallthrough=0042492c
instruction_reference	00424642	FUN_00424642	00424928	Stack[-0x14]	WRITE		operand_index=0;primary=true;source=ANALYSIS
instruction	00424642	FUN_00424642	0042492c	0042492f	FALL_THROUGH	FUN_00424642	bytes=8B4DF8;mnemonic=MOV;instruction=MOV ECX,dword ptr [EBP + -0x8];inputs=EBP,0xfffffff8;results=ECX;flows=;fallthrough=0042492f
instruction_reference	00424642	FUN_00424642	0042492c	Stack[-0xc]	READ		operand_index=1;primary=true;source=ANALYSIS
instruction	00424642	FUN_00424642	0042492f	00424935	FALL_THROUGH	FUN_00424642	bytes=81E1FFFF0000;mnemonic=AND;instruction=AND ECX,0xffff;inputs=0x0,0x1,ECX,0xffff,0xff;results=CF,PF,ECX,ZF,SF,OF;flows=;fallthrough=00424935
instruction	00424642	FUN_00424642	00424935	00424938	FALL_THROUGH	FUN_00424642	bytes=8B55F0;mnemonic=MOV;instruction=MOV EDX,dword ptr [EBP + -0x10];inputs=EBP,0xfffffff0;results=EDX;flows=;fallthrough=00424938
instruction_reference	00424642	FUN_00424642	00424935	Stack[-0x14]	READ		operand_index=1;primary=true;source=ANALYSIS
instruction	00424642	FUN_00424642	00424938	0042493e	FALL_THROUGH	FUN_00424642	bytes=81E2FFFF0000;mnemonic=AND;instruction=AND EDX,0xffff;inputs=0x0,0x1,EDX,0xffff,0xff;results=CF,PF,ZF,SF,EDX,OF;flows=;fallthrough=0042493e
instruction	00424642	FUN_00424642	0042493e	00424940	FALL_THROUGH	FUN_00424642	bytes=3BCA;mnemonic=CMP;instruction=CMP ECX,EDX;inputs=0x0,0x1,ECX,EDX,0xff;results=CF,PF,ZF,SF,OF;flows=;fallthrough=00424940
instruction	00424642	FUN_00424642	00424940	00424942	CONDITIONAL_JUMP	FUN_00424642	bytes=7E07;mnemonic=JLE;instruction=JLE 0x00424949;inputs=ZF,SF,OF;results=;flows=00424949;fallthrough=00424942
instruction_reference	00424642	FUN_00424642	00424940	00424949	CONDITIONAL_JUMP	LAB_00424949	operand_index=0;primary=true;source=DEFAULT
instruction	00424642	FUN_00424642	00424942	00424944	FALL_THROUGH	FUN_00424642	bytes=33C0;mnemonic=XOR;instruction=XOR EAX,EAX;inputs=0x0,EAX,0x1,0xff;results=CF,EAX,PF,ZF,SF,OF;flows=;fallthrough=00424944
instruction	00424642	FUN_00424642	00424944		UNCONDITIONAL_JUMP	FUN_00424642	bytes=E9BB010000;mnemonic=JMP;instruction=JMP 0x00424b04;inputs=;results=;flows=00424b04;fallthrough=
instruction_reference	00424642	FUN_00424642	00424944	00424b04	UNCONDITIONAL_JUMP	LAB_00424b04	operand_index=0;primary=true;source=DEFAULT
instruction	00424642	FUN_00424642	00424949	0042494c	FALL_THROUGH	FUN_00424642	bytes=8B45A8;mnemonic=MOV;instruction=MOV EAX,dword ptr [EBP + -0x58];inputs=EBP,0xffffffa8;results=EAX;flows=;fallthrough=0042494c
instruction_reference	00424642	FUN_00424642	00424949	Stack[-0x5c]	READ		operand_index=1;primary=true;source=ANALYSIS
instruction	00424642	FUN_00424642	0042494c	0042494f	FALL_THROUGH	FUN_00424642	bytes=8B4808;mnemonic=MOV;instruction=MOV ECX,dword ptr [EAX + 0x8];inputs=EAX,0x8;results=ECX;flows=;fallthrough=0042494f
instruction	00424642	FUN_00424642	0042494f	00424952	FALL_THROUGH	FUN_00424642	bytes=8B55A8;mnemonic=MOV;instruction=MOV EDX,dword ptr [EBP + -0x58];inputs=EBP,0xffffffa8;results=EDX;flows=;fallthrough=00424952
instruction_reference	00424642	FUN_00424642	0042494f	Stack[-0x5c]	READ		operand_index=1;primary=true;source=ANALYSIS
instruction	00424642	FUN_00424642	00424952	00424955	FALL_THROUGH	FUN_00424642	bytes=034A14;mnemonic=ADD;instruction=ADD ECX,dword ptr [EDX + 0x14];inputs=0x0,0x1,0x14,ECX,EDX,0xff;results=CF,PF,ECX,ZF,SF,OF;flows=;fallthrough=00424955
instruction	00424642	FUN_00424642	00424955	00424958	FALL_THROUGH	FUN_00424642	bytes=894DE8;mnemonic=MOV;instruction=MOV dword ptr [EBP + -0x18],ECX;inputs=EBP,ECX,0xffffffe8;results=;flows=;fallthrough=00424958
instruction_reference	00424642	FUN_00424642	00424955	Stack[-0x1c]	WRITE		operand_index=0;primary=true;source=ANALYSIS
instruction	00424642	FUN_00424642	00424958	0042495b	FALL_THROUGH	FUN_00424642	bytes=8B45F8;mnemonic=MOV;instruction=MOV EAX,dword ptr [EBP + -0x8];inputs=EBP,0xfffffff8;results=EAX;flows=;fallthrough=0042495b
instruction_reference	00424642	FUN_00424642	00424958	Stack[-0xc]	READ		operand_index=1;primary=true;source=ANALYSIS
instruction	00424642	FUN_00424642	0042495b	00424960	FALL_THROUGH	FUN_00424642	bytes=25FFFF0000;mnemonic=AND;instruction=AND EAX,0xffff;inputs=0x0,EAX,0x1,0xffff,0xff;results=CF,EAX,PF,ZF,SF,OF;flows=;fallthrough=00424960
instruction	00424642	FUN_00424642	00424960	00424963	FALL_THROUGH	FUN_00424642	bytes=8B4DA8;mnemonic=MOV;instruction=MOV ECX,dword ptr [EBP + -0x58];inputs=EBP,0xffffffa8;results=ECX;flows=;fallthrough=00424963
instruction_reference	00424642	FUN_00424642	00424960	Stack[-0x5c]	READ		operand_index=1;primary=true;source=ANALYSIS
instruction	00424642	FUN_00424642	00424963	00424966	FALL_THROUGH	FUN_00424642	bytes=8B5114;mnemonic=MOV;instruction=MOV EDX,dword ptr [ECX + 0x14];inputs=ECX,0x14;results=EDX;flows=;fallthrough=00424966
instruction	00424642	FUN_00424642	00424966	00424968	FALL_THROUGH	FUN_00424642	bytes=03D0;mnemonic=ADD;instruction=ADD EDX,EAX;inputs=EAX,0x0,0x1,EDX,0xff;results=CF,PF,ZF,SF,EDX,OF;flows=;fallthrough=00424968
instruction	00424642	FUN_00424642	00424968	0042496b	FALL_THROUGH	FUN_00424642	bytes=8B45A8;mnemonic=MOV;instruction=MOV EAX,dword ptr [EBP + -0x58];inputs=EBP,0xffffffa8;results=EAX;flows=;fallthrough=0042496b
instruction_reference	00424642	FUN_00424642	00424968	Stack[-0x5c]	READ		operand_index=1;primary=true;source=ANALYSIS
instruction	00424642	FUN_00424642	0042496b	0042496e	FALL_THROUGH	FUN_00424642	bytes=895014;mnemonic=MOV;instruction=MOV dword ptr [EAX + 0x14],EDX;inputs=EAX,0x14,EDX;results=;flows=;fallthrough=0042496e
instruction	00424642	FUN_00424642	0042496e	00424971	FALL_THROUGH	FUN_00424642	bytes=8B4DA8;mnemonic=MOV;instruction=MOV ECX,dword ptr [EBP + -0x58];inputs=EBP,0xffffffa8;results=ECX;flows=;fallthrough=00424971
instruction_reference	00424642	FUN_00424642	0042496e	Stack[-0x5c]	READ		operand_index=1;primary=true;source=ANALYSIS
instruction	00424642	FUN_00424642	00424971	00424974	FALL_THROUGH	FUN_00424642	bytes=8B55A8;mnemonic=MOV;instruction=MOV EDX,dword ptr [EBP + -0x58];inputs=EBP,0xffffffa8;results=EDX;flows=;fallthrough=00424974
instruction_reference	00424642	FUN_00424642	00424971	Stack[-0x5c]	READ		operand_index=1;primary=true;source=ANALYSIS
instruction	00424642	FUN_00424642	00424974	00424977	FALL_THROUGH	FUN_00424642	bytes=8B4110;mnemonic=MOV;instruction=MOV EAX,dword ptr [ECX + 0x10];inputs=0x10,ECX;results=EAX;flows=;fallthrough=00424977
instruction	00424642	FUN_00424642	00424977	0042497a	FALL_THROUGH	FUN_00424642	bytes=3B4214;mnemonic=CMP;instruction=CMP EAX,dword ptr [EDX + 0x14];inputs=EAX,0x0,0x1,0x14,EDX,0xff;results=CF,PF,ZF,SF,OF;flows=;fallthrough=0042497a
instruction	00424642	FUN_00424642	0042497a	0042497c	CONDITIONAL_JUMP	FUN_00424642	bytes=7F14;mnemonic=JG;instruction=JG 0x00424990;inputs=ZF,SF,OF;results=;flows=00424990;fallthrough=0042497c
instruction_reference	00424642	FUN_00424642	0042497a	00424990	CONDITIONAL_JUMP	LAB_00424990	operand_index=0;primary=true;source=DEFAULT
instruction	00424642	FUN_00424642	0042497c	0042497f	FALL_THROUGH	FUN_00424642	bytes=8B4DA8;mnemonic=MOV;instruction=MOV ECX,dword ptr [EBP + -0x58];inputs=EBP,0xffffffa8;results=ECX;flows=;fallthrough=0042497f
instruction_reference	00424642	FUN_00424642	0042497c	Stack[-0x5c]	READ		operand_index=1;primary=true;source=ANALYSIS
instruction	00424642	FUN_00424642	0042497f	00424986	FALL_THROUGH	FUN_00424642	bytes=C7411000000000;mnemonic=MOV;instruction=MOV dword ptr [ECX + 0x10],0x0;inputs=0x10,0x0,ECX;results=;flows=;fallthrough=00424986
instruction	00424642	FUN_00424642	00424986	00424989	FALL_THROUGH	FUN_00424642	bytes=8B55A8;mnemonic=MOV;instruction=MOV EDX,dword ptr [EBP + -0x58];inputs=EBP,0xffffffa8;results=EDX;flows=;fallthrough=00424989
instruction_reference	00424642	FUN_00424642	00424986	Stack[-0x5c]	READ		operand_index=1;primary=true;source=ANALYSIS
instruction	00424642	FUN_00424642	00424989	00424990	FALL_THROUGH	FUN_00424642	bytes=C7421400000000;mnemonic=MOV;instruction=MOV dword ptr [EDX + 0x14],0x0;inputs=0x0,0x14,EDX;results=;flows=;fallthrough=00424990
instruction	00424642	FUN_00424642	00424990	00424994	FALL_THROUGH	FUN_00424642	bytes=C645D000;mnemonic=MOV;instruction=MOV byte ptr [EBP + -0x30],0x0;inputs=0x0,EBP,0xffffffd0;results=;flows=;fallthrough=00424994
instruction_reference	00424642	FUN_00424642	00424990	Stack[-0x34]	WRITE		operand_index=0;primary=true;source=ANALYSIS
instruction	00424642	FUN_00424642	00424994	00424998	FALL_THROUGH	FUN_00424642	bytes=C645FC00;mnemonic=MOV;instruction=MOV byte ptr [EBP + -0x4],0x0;inputs=0x0,0xfffffffc,EBP;results=;flows=;fallthrough=00424998
instruction_reference	00424642	FUN_00424642	00424994	Stack[-0x8]	WRITE		operand_index=0;primary=true;source=ANALYSIS
instruction	00424642	FUN_00424642	00424998	0042499b	FALL_THROUGH	FUN_00424642	bytes=8B45CC;mnemonic=MOV;instruction=MOV EAX,dword ptr [EBP + -0x34];inputs=0xffffffcc,EBP;results=EAX;flows=;fallthrough=0042499b
instruction_reference	00424642	FUN_00424642	00424998	Stack[-0x38]	READ		operand_index=1;primary=true;source=ANALYSIS
instruction	00424642	FUN_00424642	0042499b	004249a0	FALL_THROUGH	FUN_00424642	bytes=25FF000000;mnemonic=AND;instruction=AND EAX,0xff;inputs=0x0,EAX,0x1,0xff;results=CF,EAX,PF,ZF,SF,OF;flows=;fallthrough=004249a0
instruction	00424642	FUN_00424642	004249a0	004249a3	FALL_THROUGH	FUN_00424642	bytes=8945D4;mnemonic=MOV;instruction=MOV dword ptr [EBP + -0x2c],EAX;inputs=EAX,EBP,0xffffffd4;results=;flows=;fallthrough=004249a3
instruction_reference	00424642	FUN_00424642	004249a0	Stack[-0x30]	WRITE		operand_index=0;primary=true;source=ANALYSIS
instruction	00424642	FUN_00424642	004249a3	004249aa	FALL_THROUGH	FUN_00424642	bytes=C745DC04000000;mnemonic=MOV;instruction=MOV dword ptr [EBP + -0x24],0x4;inputs=0xffffffdc,EBP,0x4;results=;flows=;fallthrough=004249aa
instruction_reference	00424642	FUN_00424642	004249a3	Stack[-0x28]	WRITE		operand_index=0;primary=true;source=ANALYSIS
instruction	00424642	FUN_00424642	004249aa		UNCONDITIONAL_JUMP	FUN_00424642	bytes=EB12;mnemonic=JMP;instruction=JMP 0x004249be;inputs=;results=;flows=004249be;fallthrough=
instruction_reference	00424642	FUN_00424642	004249aa	004249be	UNCONDITIONAL_JUMP	LAB_004249be	operand_index=0;primary=true;source=DEFAULT
instruction	00424642	FUN_00424642	004249ac	004249af	FALL_THROUGH	FUN_00424642	bytes=8B4DDC;mnemonic=MOV;instruction=MOV ECX,dword ptr [EBP + -0x24];inputs=0xffffffdc,EBP;results=ECX;flows=;fallthrough=004249af
instruction_reference	00424642	FUN_00424642	004249ac	Stack[-0x28]	READ		operand_index=1;primary=true;source=ANALYSIS
instruction	00424642	FUN_00424642	004249af	004249b2	FALL_THROUGH	FUN_00424642	bytes=83C101;mnemonic=ADD;instruction=ADD ECX,0x1;inputs=0x0,0x1,ECX,0xff;results=CF,PF,ECX,ZF,SF,OF;flows=;fallthrough=004249b2
instruction	00424642	FUN_00424642	004249b2	004249b5	FALL_THROUGH	FUN_00424642	bytes=894DDC;mnemonic=MOV;instruction=MOV dword ptr [EBP + -0x24],ECX;inputs=0xffffffdc,EBP,ECX;results=;flows=;fallthrough=004249b5
instruction_reference	00424642	FUN_00424642	004249b2	Stack[-0x28]	WRITE		operand_index=0;primary=true;source=ANALYSIS
instruction	00424642	FUN_00424642	004249b5	004249b8	FALL_THROUGH	FUN_00424642	bytes=8B55D4;mnemonic=MOV;instruction=MOV EDX,dword ptr [EBP + -0x2c];inputs=EBP,0xffffffd4;results=EDX;flows=;fallthrough=004249b8
instruction_reference	00424642	FUN_00424642	004249b5	Stack[-0x30]	READ		operand_index=1;primary=true;source=ANALYSIS
instruction	00424642	FUN_00424642	004249b8	004249bb	FALL_THROUGH	FUN_00424642	bytes=83C201;mnemonic=ADD;instruction=ADD EDX,0x1;inputs=0x0,0x1,EDX,0xff;results=CF,PF,ZF,SF,EDX,OF;flows=;fallthrough=004249bb
instruction	00424642	FUN_00424642	004249bb	004249be	FALL_THROUGH	FUN_00424642	bytes=8955D4;mnemonic=MOV;instruction=MOV dword ptr [EBP + -0x2c],EDX;inputs=EBP,EDX,0xffffffd4;results=;flows=;fallthrough=004249be
instruction_reference	00424642	FUN_00424642	004249bb	Stack[-0x30]	WRITE		operand_index=0;primary=true;source=ANALYSIS
instruction	00424642	FUN_00424642	004249be	004249c1	FALL_THROUGH	FUN_00424642	bytes=8B45F8;mnemonic=MOV;instruction=MOV EAX,dword ptr [EBP + -0x8];inputs=EBP,0xfffffff8;results=EAX;flows=;fallthrough=004249c1
instruction_reference	00424642	FUN_00424642	004249be	Stack[-0xc]	READ		operand_index=1;primary=true;source=ANALYSIS
instruction	00424642	FUN_00424642	004249c1	004249c6	FALL_THROUGH	FUN_00424642	bytes=25FFFF0000;mnemonic=AND;instruction=AND EAX,0xffff;inputs=0x0,EAX,0x1,0xffff,0xff;results=CF,EAX,PF,ZF,SF,OF;flows=;fallthrough=004249c6
instruction	00424642	FUN_00424642	004249c6	004249c9	FALL_THROUGH	FUN_00424642	bytes=3945DC;mnemonic=CMP;instruction=CMP dword ptr [EBP + -0x24],EAX;inputs=EAX,0x0,0x1,0xffffffdc,EBP,0xff;results=CF,PF,ZF,SF,OF;flows=;fallthrough=004249c9
instruction_reference	00424642	FUN_00424642	004249c6	Stack[-0x28]	READ		operand_index=0;primary=true;source=ANALYSIS
instruction	00424642	FUN_00424642	004249c9	004249cf	CONDITIONAL_JUMP	FUN_00424642	bytes=0F8DF0000000;mnemonic=JGE;instruction=JGE 0x00424abf;inputs=SF,OF;results=;flows=00424abf;fallthrough=004249cf
instruction_reference	00424642	FUN_00424642	004249c9	00424abf	CONDITIONAL_JUMP	LAB_00424abf	operand_index=0;primary=true;source=DEFAULT
instruction	00424642	FUN_00424642	004249cf	004249d2	FALL_THROUGH	FUN_00424642	bytes=8B4DD4;mnemonic=MOV;instruction=MOV ECX,dword ptr [EBP + -0x2c];inputs=EBP,0xffffffd4;results=ECX;flows=;fallthrough=004249d2
instruction_reference	00424642	FUN_00424642	004249cf	Stack[-0x30]	READ		operand_index=1;primary=true;source=ANALYSIS
instruction	00424642	FUN_00424642	004249d2	004249d8	FALL_THROUGH	FUN_00424642	bytes=81E1FF000080;mnemonic=AND;instruction=AND ECX,0x800000ff;inputs=0x0,0x1,ECX,0x800000ff,0xff;results=CF,PF,ECX,ZF,SF,OF;flows=;fallthrough=004249d8
instruction	00424642	FUN_00424642	004249d8	004249da	CONDITIONAL_JUMP	FUN_00424642	bytes=7908;mnemonic=JNS;instruction=JNS 0x004249e2;inputs=SF;results=;flows=004249e2;fallthrough=004249da
instruction_reference	00424642	FUN_00424642	004249d8	004249e2	CONDITIONAL_JUMP	LAB_004249e2	operand_index=0;primary=true;source=DEFAULT
instruction	00424642	FUN_00424642	004249da	004249db	FALL_THROUGH	FUN_00424642	bytes=49;mnemonic=DEC;instruction=DEC ECX;inputs=0x0,0x1,ECX,0xff;results=PF,ECX,ZF,SF,OF;flows=;fallthrough=004249db
instruction	00424642	FUN_00424642	004249db	004249e1	FALL_THROUGH	FUN_00424642	bytes=81C900FFFFFF;mnemonic=OR;instruction=OR ECX,0xffffff00;inputs=0x0,0x1,ECX,0xffffff00,0xff;results=CF,PF,ECX,ZF,SF,OF;flows=;fallthrough=004249e1
instruction	00424642	FUN_00424642	004249e1	004249e2	FALL_THROUGH	FUN_00424642	bytes=41;mnemonic=INC;instruction=INC ECX;inputs=0x0,0x1,ECX,0xff;results=PF,ECX,ZF,SF,OF;flows=;fallthrough=004249e2
instruction	00424642	FUN_00424642	004249e2	004249e5	FALL_THROUGH	FUN_00424642	bytes=894DB4;mnemonic=MOV;instruction=MOV dword ptr [EBP + -0x4c],ECX;inputs=EBP,ECX,0xffffffb4;results=;flows=;fallthrough=004249e5
instruction_reference	00424642	FUN_00424642	004249e2	Stack[-0x50]	WRITE		operand_index=0;primary=true;source=ANALYSIS
instruction	00424642	FUN_00424642	004249e5	004249e8	FALL_THROUGH	FUN_00424642	bytes=8B55FC;mnemonic=MOV;instruction=MOV EDX,dword ptr [EBP + -0x4];inputs=0xfffffffc,EBP;results=EDX;flows=;fallthrough=004249e8
instruction_reference	00424642	FUN_00424642	004249e5	Stack[-0x8]	READ		operand_index=1;primary=true;source=ANALYSIS
instruction	00424642	FUN_00424642	004249e8	004249ee	FALL_THROUGH	FUN_00424642	bytes=81E2FF000000;mnemonic=AND;instruction=AND EDX,0xff;inputs=0x0,0x1,EDX,0xff;results=CF,PF,ZF,SF,EDX,OF;flows=;fallthrough=004249ee
instruction	00424642	FUN_00424642	004249ee	004249f1	FALL_THROUGH	FUN_00424642	bytes=8B45E8;mnemonic=MOV;instruction=MOV EAX,dword ptr [EBP + -0x18];inputs=EBP,0xffffffe8;results=EAX;flows=;fallthrough=004249f1
instruction_reference	00424642	FUN_00424642	004249ee	Stack[-0x1c]	READ		operand_index=1;primary=true;source=ANALYSIS
instruction	00424642	FUN_00424642	004249f1	004249f4	FALL_THROUGH	FUN_00424642	bytes=0345DC;mnemonic=ADD;instruction=ADD EAX,dword ptr [EBP + -0x24];inputs=EAX,0x0,0x1,0xffffffdc,EBP,0xff;results=CF,EAX,PF,ZF,SF,OF;flows=;fallthrough=004249f4
instruction_reference	00424642	FUN_00424642	004249f1	Stack[-0x28]	READ		operand_index=1;primary=true;source=ANALYSIS
instruction	00424642	FUN_00424642	004249f4	004249f7	FALL_THROUGH	FUN_00424642	bytes=0FBE08;mnemonic=MOVSX;instruction=MOVSX ECX,byte ptr [EAX];inputs=EAX;results=ECX;flows=;fallthrough=004249f7
instruction	00424642	FUN_00424642	004249f7	004249f9	FALL_THROUGH	FUN_00424642	bytes=03D1;mnemonic=ADD;instruction=ADD EDX,ECX;inputs=0x0,0x1,ECX,EDX,0xff;results=CF,PF,ZF,SF,EDX,OF;flows=;fallthrough=004249f9
instruction	00424642	FUN_00424642	004249f9	004249fc	FALL_THROUGH	FUN_00424642	bytes=8855FC;mnemonic=MOV;instruction=MOV byte ptr [EBP + -0x4],DL;inputs=0xfffffffc,EBP,DL;results=;flows=;fallthrough=004249fc
instruction_reference	00424642	FUN_00424642	004249f9	Stack[-0x8]	WRITE		operand_index=0;primary=true;source=ANALYSIS
instruction	00424642	FUN_00424642	004249fc	004249ff	FALL_THROUGH	FUN_00424642	bytes=8B55B4;mnemonic=MOV;instruction=MOV EDX,dword ptr [EBP + -0x4c];inputs=EBP,0xffffffb4;results=EDX;flows=;fallthrough=004249ff
instruction_reference	00424642	FUN_00424642	004249fc	Stack[-0x50]	READ		operand_index=1;primary=true;source=ANALYSIS
instruction	00424642	FUN_00424642	004249ff	00424a06	FALL_THROUGH	FUN_00424642	bytes=8A0455111D5B00;mnemonic=MOV;instruction=MOV AL,byte ptr [EDX*0x2 + 0x5b1d11];inputs=0x2,EDX,0x5b1d11;results=AL;flows=;fallthrough=00424a06
instruction_reference	00424642	FUN_00424642	004249ff	005b1d11	DATA	DAT_005b1d11	operand_index=1;primary=true;source=ANALYSIS
instruction	00424642	FUN_00424642	00424a06	00424a09	FALL_THROUGH	FUN_00424642	bytes=8845B0;mnemonic=MOV;instruction=MOV byte ptr [EBP + -0x50],AL;inputs=AL,EBP,0xffffffb0;results=;flows=;fallthrough=00424a09
instruction_reference	00424642	FUN_00424642	00424a06	Stack[-0x54]	WRITE		operand_index=0;primary=true;source=ANALYSIS
instruction	00424642	FUN_00424642	00424a09	00424a0c	FALL_THROUGH	FUN_00424642	bytes=8B4DDC;mnemonic=MOV;instruction=MOV ECX,dword ptr [EBP + -0x24];inputs=0xffffffdc,EBP;results=ECX;flows=;fallthrough=00424a0c
instruction_reference	00424642	FUN_00424642	00424a09	Stack[-0x28]	READ		operand_index=1;primary=true;source=ANALYSIS
instruction	00424642	FUN_00424642	00424a0c	00424a0f	FALL_THROUGH	FUN_00424642	bytes=83E103;mnemonic=AND;instruction=AND ECX,0x3;inputs=0x0,0x1,0x3,ECX,0xff;results=CF,PF,ECX,ZF,SF,OF;flows=;fallthrough=00424a0f
instruction	00424642	FUN_00424642	00424a0f	00424a12	FALL_THROUGH	FUN_00424642	bytes=894DAC;mnemonic=MOV;instruction=MOV dword ptr [EBP + -0x54],ECX;inputs=0xffffffac,EBP,ECX;results=;flows=;fallthrough=00424a12
instruction_reference	00424642	FUN_00424642	00424a0f	Stack[-0x58]	WRITE		operand_index=0;primary=true;source=ANALYSIS
instruction	00424642	FUN_00424642	00424a12	00424a16	FALL_THROUGH	FUN_00424642	bytes=837DAC00;mnemonic=CMP;instruction=CMP dword ptr [EBP + -0x54],0x0;inputs=0x0,0x1,0xffffffac,EBP,0xff;results=CF,PF,ZF,SF,OF;flows=;fallthrough=00424a16
instruction_reference	00424642	FUN_00424642	00424a12	Stack[-0x58]	READ		operand_index=0;primary=true;source=ANALYSIS
instruction	00424642	FUN_00424642	00424a16	00424a18	CONDITIONAL_JUMP	FUN_00424642	bytes=751E;mnemonic=JNZ;instruction=JNZ 0x00424a36;inputs=ZF;results=;flows=00424a36;fallthrough=00424a18
instruction_reference	00424642	FUN_00424642	00424a16	00424a36	CONDITIONAL_JUMP	LAB_00424a36	operand_index=0;primary=true;source=DEFAULT
instruction	00424642	FUN_00424642	00424a18	00424a1b	FALL_THROUGH	FUN_00424642	bytes=8B55E8;mnemonic=MOV;instruction=MOV EDX,dword ptr [EBP + -0x18];inputs=EBP,0xffffffe8;results=EDX;flows=;fallthrough=00424a1b
instruction_reference	00424642	FUN_00424642	00424a18	Stack[-0x1c]	READ		operand_index=1;primary=true;source=ANALYSIS
instruction	00424642	FUN_00424642	00424a1b	00424a1e	FALL_THROUGH	FUN_00424642	bytes=0355DC;mnemonic=ADD;instruction=ADD EDX,dword ptr [EBP + -0x24];inputs=0x0,0x1,0xffffffdc,EBP,EDX,0xff;results=CF,PF,ZF,SF,EDX,OF;flows=;fallthrough=00424a1e
instruction_reference	00424642	FUN_00424642	00424a1b	Stack[-0x28]	READ		operand_index=1;primary=true;source=ANALYSIS
instruction	00424642	FUN_00424642	00424a1e	00424a21	FALL_THROUGH	FUN_00424642	bytes=0FBE02;mnemonic=MOVSX;instruction=MOVSX EAX,byte ptr [EDX];inputs=EDX;results=EAX;flows=;fallthrough=00424a21
instruction	00424642	FUN_00424642	00424a21	00424a24	FALL_THROUGH	FUN_00424642	bytes=8B4DB0;mnemonic=MOV;instruction=MOV ECX,dword ptr [EBP + -0x50];inputs=EBP,0xffffffb0;results=ECX;flows=;fallthrough=00424a24
instruction_reference	00424642	FUN_00424642	00424a21	Stack[-0x54]	READ		operand_index=1;primary=true;source=ANALYSIS
instruction	00424642	FUN_00424642	00424a24	00424a2a	FALL_THROUGH	FUN_00424642	bytes=81E1FF000000;mnemonic=AND;instruction=AND ECX,0xff;inputs=0x0,0x1,ECX,0xff;results=CF,PF,ECX,ZF,SF,OF;flows=;fallthrough=00424a2a
instruction	00424642	FUN_00424642	00424a2a	00424a2c	FALL_THROUGH	FUN_00424642	bytes=D1E1;mnemonic=SHL;instruction=SHL ECX,0x1;inputs=0x0,0x1,ECX,0xff;results=CF,PF,ECX,ZF,SF,OF;flows=;fallthrough=00424a2c
instruction	00424642	FUN_00424642	00424a2c	00424a2e	FALL_THROUGH	FUN_00424642	bytes=2BC1;mnemonic=SUB;instruction=SUB EAX,ECX;inputs=EAX,0x0,0x1,ECX,0xff;results=CF,EAX,PF,ZF,SF,OF;flows=;fallthrough=00424a2e
instruction	00424642	FUN_00424642	00424a2e	00424a31	FALL_THROUGH	FUN_00424642	bytes=8B55E8;mnemonic=MOV;instruction=MOV EDX,dword ptr [EBP + -0x18];inputs=EBP,0xffffffe8;results=EDX;flows=;fallthrough=00424a31
instruction_reference	00424642	FUN_00424642	00424a2e	Stack[-0x1c]	READ		operand_index=1;primary=true;source=ANALYSIS
instruction	00424642	FUN_00424642	00424a31	00424a34	FALL_THROUGH	FUN_00424642	bytes=0355DC;mnemonic=ADD;instruction=ADD EDX,dword ptr [EBP + -0x24];inputs=0x0,0x1,0xffffffdc,EBP,EDX,0xff;results=CF,PF,ZF,SF,EDX,OF;flows=;fallthrough=00424a34
instruction_reference	00424642	FUN_00424642	00424a31	Stack[-0x28]	READ		operand_index=1;primary=true;source=ANALYSIS
instruction	00424642	FUN_00424642	00424a34	00424a36	FALL_THROUGH	FUN_00424642	bytes=8802;mnemonic=MOV;instruction=MOV byte ptr [EDX],AL;inputs=AL,EDX;results=;flows=;fallthrough=00424a36
instruction	00424642	FUN_00424642	00424a36	00424a3a	FALL_THROUGH	FUN_00424642	bytes=837DAC01;mnemonic=CMP;instruction=CMP dword ptr [EBP + -0x54],0x1;inputs=0x0,0x1,0xffffffac,EBP,0xff;results=CF,PF,ZF,SF,OF;flows=;fallthrough=00424a3a
instruction_reference	00424642	FUN_00424642	00424a36	Stack[-0x58]	READ		operand_index=0;primary=true;source=ANALYSIS
instruction	00424642	FUN_00424642	00424a3a	00424a3c	CONDITIONAL_JUMP	FUN_00424642	bytes=751F;mnemonic=JNZ;instruction=JNZ 0x00424a5b;inputs=ZF;results=;flows=00424a5b;fallthrough=00424a3c
instruction_reference	00424642	FUN_00424642	00424a3a	00424a5b	CONDITIONAL_JUMP	LAB_00424a5b	operand_index=0;primary=true;source=DEFAULT
instruction	00424642	FUN_00424642	00424a3c	00424a3f	FALL_THROUGH	FUN_00424642	bytes=8B45E8;mnemonic=MOV;instruction=MOV EAX,dword ptr [EBP + -0x18];inputs=EBP,0xffffffe8;results=EAX;flows=;fallthrough=00424a3f
instruction_reference	00424642	FUN_00424642	00424a3c	Stack[-0x1c]	READ		operand_index=1;primary=true;source=ANALYSIS
instruction	00424642	FUN_00424642	00424a3f	00424a42	FALL_THROUGH	FUN_00424642	bytes=0345DC;mnemonic=ADD;instruction=ADD EAX,dword ptr [EBP + -0x24];inputs=EAX,0x0,0x1,0xffffffdc,EBP,0xff;results=CF,EAX,PF,ZF,SF,OF;flows=;fallthrough=00424a42
instruction_reference	00424642	FUN_00424642	00424a3f	Stack[-0x28]	READ		operand_index=1;primary=true;source=ANALYSIS
instruction	00424642	FUN_00424642	00424a42	00424a45	FALL_THROUGH	FUN_00424642	bytes=0FBE08;mnemonic=MOVSX;instruction=MOVSX ECX,byte ptr [EAX];inputs=EAX;results=ECX;flows=;fallthrough=00424a45
instruction	00424642	FUN_00424642	00424a45	00424a48	FALL_THROUGH	FUN_00424642	bytes=8B55B0;mnemonic=MOV;instruction=MOV EDX,dword ptr [EBP + -0x50];inputs=EBP,0xffffffb0;results=EDX;flows=;fallthrough=00424a48
instruction_reference	00424642	FUN_00424642	00424a45	Stack[-0x54]	READ		operand_index=1;primary=true;source=ANALYSIS
instruction	00424642	FUN_00424642	00424a48	00424a4e	FALL_THROUGH	FUN_00424642	bytes=81E2FF000000;mnemonic=AND;instruction=AND EDX,0xff;inputs=0x0,0x1,EDX,0xff;results=CF,PF,ZF,SF,EDX,OF;flows=;fallthrough=00424a4e
instruction	00424642	FUN_00424642	00424a4e	00424a51	FALL_THROUGH	FUN_00424642	bytes=C1FA03;mnemonic=SAR;instruction=SAR EDX,0x3;inputs=0x0,CF,0x1,PF,0x3,ZF,SF,EDX,OF,0x1f,0xff;results=CF,PF,ZF,SF,EDX,OF;flows=;fallthrough=00424a51
instruction	00424642	FUN_00424642	00424a51	00424a53	FALL_THROUGH	FUN_00424642	bytes=03CA;mnemonic=ADD;instruction=ADD ECX,EDX;inputs=0x0,0x1,ECX,EDX,0xff;results=CF,PF,ECX,ZF,SF,OF;flows=;fallthrough=00424a53
instruction	00424642	FUN_00424642	00424a53	00424a56	FALL_THROUGH	FUN_00424642	bytes=8B45E8;mnemonic=MOV;instruction=MOV EAX,dword ptr [EBP + -0x18];inputs=EBP,0xffffffe8;results=EAX;flows=;fallthrough=00424a56
instruction_reference	00424642	FUN_00424642	00424a53	Stack[-0x1c]	READ		operand_index=1;primary=true;source=ANALYSIS
instruction	00424642	FUN_00424642	00424a56	00424a59	FALL_THROUGH	FUN_00424642	bytes=0345DC;mnemonic=ADD;instruction=ADD EAX,dword ptr [EBP + -0x24];inputs=EAX,0x0,0x1,0xffffffdc,EBP,0xff;results=CF,EAX,PF,ZF,SF,OF;flows=;fallthrough=00424a59
instruction_reference	00424642	FUN_00424642	00424a56	Stack[-0x28]	READ		operand_index=1;primary=true;source=ANALYSIS
instruction	00424642	FUN_00424642	00424a59	00424a5b	FALL_THROUGH	FUN_00424642	bytes=8808;mnemonic=MOV;instruction=MOV byte ptr [EAX],CL;inputs=EAX,CL;results=;flows=;fallthrough=00424a5b
instruction	00424642	FUN_00424642	00424a5b	00424a5f	FALL_THROUGH	FUN_00424642	bytes=837DAC02;mnemonic=CMP;instruction=CMP dword ptr [EBP + -0x54],0x2;inputs=0x0,0x1,0x2,0xffffffac,EBP,0xff;results=CF,PF,ZF,SF,OF;flows=;fallthrough=00424a5f
instruction_reference	00424642	FUN_00424642	00424a5b	Stack[-0x58]	READ		operand_index=0;primary=true;source=ANALYSIS
instruction	00424642	FUN_00424642	00424a5f	00424a61	CONDITIONAL_JUMP	FUN_00424642	bytes=751E;mnemonic=JNZ;instruction=JNZ 0x00424a7f;inputs=ZF;results=;flows=00424a7f;fallthrough=00424a61
instruction_reference	00424642	FUN_00424642	00424a5f	00424a7f	CONDITIONAL_JUMP	LAB_00424a7f	operand_index=0;primary=true;source=DEFAULT
instruction	00424642	FUN_00424642	00424a61	00424a64	FALL_THROUGH	FUN_00424642	bytes=8B4DE8;mnemonic=MOV;instruction=MOV ECX,dword ptr [EBP + -0x18];inputs=EBP,0xffffffe8;results=ECX;flows=;fallthrough=00424a64
instruction_reference	00424642	FUN_00424642	00424a61	Stack[-0x1c]	READ		operand_index=1;primary=true;source=ANALYSIS
instruction	00424642	FUN_00424642	00424a64	00424a67	FALL_THROUGH	FUN_00424642	bytes=034DDC;mnemonic=ADD;instruction=ADD ECX,dword ptr [EBP + -0x24];inputs=0x0,0x1,0xffffffdc,EBP,ECX,0xff;results=CF,PF,ECX,ZF,SF,OF;flows=;fallthrough=00424a67
instruction_reference	00424642	FUN_00424642	00424a64	Stack[-0x28]	READ		operand_index=1;primary=true;source=ANALYSIS
instruction	00424642	FUN_00424642	00424a67	00424a6a	FALL_THROUGH	FUN_00424642	bytes=0FBE11;mnemonic=MOVSX;instruction=MOVSX EDX,byte ptr [ECX];inputs=ECX;results=EDX;flows=;fallthrough=00424a6a
instruction	00424642	FUN_00424642	00424a6a	00424a6d	FALL_THROUGH	FUN_00424642	bytes=8B45B0;mnemonic=MOV;instruction=MOV EAX,dword ptr [EBP + -0x50];inputs=EBP,0xffffffb0;results=EAX;flows=;fallthrough=00424a6d
instruction_reference	00424642	FUN_00424642	00424a6a	Stack[-0x54]	READ		operand_index=1;primary=true;source=ANALYSIS
instruction	00424642	FUN_00424642	00424a6d	00424a72	FALL_THROUGH	FUN_00424642	bytes=25FF000000;mnemonic=AND;instruction=AND EAX,0xff;inputs=0x0,EAX,0x1,0xff;results=CF,EAX,PF,ZF,SF,OF;flows=;fallthrough=00424a72
instruction	00424642	FUN_00424642	00424a72	00424a75	FALL_THROUGH	FUN_00424642	bytes=C1E002;mnemonic=SHL;instruction=SHL EAX,0x2;inputs=EAX,0x0,CF,0x1,0x2,PF,ZF,SF,OF,0x1f,0xff;results=EAX,CF,PF,ZF,SF,OF;flows=;fallthrough=00424a75
instruction	00424642	FUN_00424642	00424a75	00424a77	FALL_THROUGH	FUN_00424642	bytes=2BD0;mnemonic=SUB;instruction=SUB EDX,EAX;inputs=EAX,0x0,0x1,EDX,0xff;results=CF,PF,ZF,SF,EDX,OF;flows=;fallthrough=00424a77
instruction	00424642	FUN_00424642	00424a77	00424a7a	FALL_THROUGH	FUN_00424642	bytes=8B4DE8;mnemonic=MOV;instruction=MOV ECX,dword ptr [EBP + -0x18];inputs=EBP,0xffffffe8;results=ECX;flows=;fallthrough=00424a7a
instruction_reference	00424642	FUN_00424642	00424a77	Stack[-0x1c]	READ		operand_index=1;primary=true;source=ANALYSIS
instruction	00424642	FUN_00424642	00424a7a	00424a7d	FALL_THROUGH	FUN_00424642	bytes=034DDC;mnemonic=ADD;instruction=ADD ECX,dword ptr [EBP + -0x24];inputs=0x0,0x1,0xffffffdc,EBP,ECX,0xff;results=CF,PF,ECX,ZF,SF,OF;flows=;fallthrough=00424a7d
instruction_reference	00424642	FUN_00424642	00424a7a	Stack[-0x28]	READ		operand_index=1;primary=true;source=ANALYSIS
instruction	00424642	FUN_00424642	00424a7d	00424a7f	FALL_THROUGH	FUN_00424642	bytes=8811;mnemonic=MOV;instruction=MOV byte ptr [ECX],DL;inputs=ECX,DL;results=;flows=;fallthrough=00424a7f
instruction	00424642	FUN_00424642	00424a7f	00424a83	FALL_THROUGH	FUN_00424642	bytes=837DAC03;mnemonic=CMP;instruction=CMP dword ptr [EBP + -0x54],0x3;inputs=0x0,0x1,0xffffffac,0x3,EBP,0xff;results=CF,PF,ZF,SF,OF;flows=;fallthrough=00424a83
instruction_reference	00424642	FUN_00424642	00424a7f	Stack[-0x58]	READ		operand_index=0;primary=true;source=ANALYSIS
instruction	00424642	FUN_00424642	00424a83	00424a85	CONDITIONAL_JUMP	FUN_00424642	bytes=751F;mnemonic=JNZ;instruction=JNZ 0x00424aa4;inputs=ZF;results=;flows=00424aa4;fallthrough=00424a85
instruction_reference	00424642	FUN_00424642	00424a83	00424aa4	CONDITIONAL_JUMP	LAB_00424aa4	operand_index=0;primary=true;source=DEFAULT
instruction	00424642	FUN_00424642	00424a85	00424a88	FALL_THROUGH	FUN_00424642	bytes=8B55E8;mnemonic=MOV;instruction=MOV EDX,dword ptr [EBP + -0x18];inputs=EBP,0xffffffe8;results=EDX;flows=;fallthrough=00424a88
instruction_reference	00424642	FUN_00424642	00424a85	Stack[-0x1c]	READ		operand_index=1;primary=true;source=ANALYSIS
instruction	00424642	FUN_00424642	00424a88	00424a8b	FALL_THROUGH	FUN_00424642	bytes=0355DC;mnemonic=ADD;instruction=ADD EDX,dword ptr [EBP + -0x24];inputs=0x0,0x1,0xffffffdc,EBP,EDX,0xff;results=CF,PF,ZF,SF,EDX,OF;flows=;fallthrough=00424a8b
instruction_reference	00424642	FUN_00424642	00424a88	Stack[-0x28]	READ		operand_index=1;primary=true;source=ANALYSIS
instruction	00424642	FUN_00424642	00424a8b	00424a8e	FALL_THROUGH	FUN_00424642	bytes=0FBE02;mnemonic=MOVSX;instruction=MOVSX EAX,byte ptr [EDX];inputs=EDX;results=EAX;flows=;fallthrough=00424a8e
instruction	00424642	FUN_00424642	00424a8e	00424a91	FALL_THROUGH	FUN_00424642	bytes=8B4DB0;mnemonic=MOV;instruction=MOV ECX,dword ptr [EBP + -0x50];inputs=EBP,0xffffffb0;results=ECX;flows=;fallthrough=00424a91
instruction_reference	00424642	FUN_00424642	00424a8e	Stack[-0x54]	READ		operand_index=1;primary=true;source=ANALYSIS
instruction	00424642	FUN_00424642	00424a91	00424a97	FALL_THROUGH	FUN_00424642	bytes=81E1FF000000;mnemonic=AND;instruction=AND ECX,0xff;inputs=0x0,0x1,ECX,0xff;results=CF,PF,ECX,ZF,SF,OF;flows=;fallthrough=00424a97
instruction	00424642	FUN_00424642	00424a97	00424a9a	FALL_THROUGH	FUN_00424642	bytes=C1F905;mnemonic=SAR;instruction=SAR ECX,0x5;inputs=0x0,CF,0x1,PF,ECX,0x5,ZF,SF,OF,0x1f,0xff;results=CF,PF,ECX,ZF,SF,OF;flows=;fallthrough=00424a9a
instruction	00424642	FUN_00424642	00424a9a	00424a9c	FALL_THROUGH	FUN_00424642	bytes=03C1;mnemonic=ADD;instruction=ADD EAX,ECX;inputs=EAX,0x0,0x1,ECX,0xff;results=CF,EAX,PF,ZF,SF,OF;flows=;fallthrough=00424a9c
instruction	00424642	FUN_00424642	00424a9c	00424a9f	FALL_THROUGH	FUN_00424642	bytes=8B55E8;mnemonic=MOV;instruction=MOV EDX,dword ptr [EBP + -0x18];inputs=EBP,0xffffffe8;results=EDX;flows=;fallthrough=00424a9f
instruction_reference	00424642	FUN_00424642	00424a9c	Stack[-0x1c]	READ		operand_index=1;primary=true;source=ANALYSIS
instruction	00424642	FUN_00424642	00424a9f	00424aa2	FALL_THROUGH	FUN_00424642	bytes=0355DC;mnemonic=ADD;instruction=ADD EDX,dword ptr [EBP + -0x24];inputs=0x0,0x1,0xffffffdc,EBP,EDX,0xff;results=CF,PF,ZF,SF,EDX,OF;flows=;fallthrough=00424aa2
instruction_reference	00424642	FUN_00424642	00424a9f	Stack[-0x28]	READ		operand_index=1;primary=true;source=ANALYSIS
instruction	00424642	FUN_00424642	00424aa2	00424aa4	FALL_THROUGH	FUN_00424642	bytes=8802;mnemonic=MOV;instruction=MOV byte ptr [EDX],AL;inputs=AL,EDX;results=;flows=;fallthrough=00424aa4
instruction	00424642	FUN_00424642	00424aa4	00424aa7	FALL_THROUGH	FUN_00424642	bytes=8B45D0;mnemonic=MOV;instruction=MOV EAX,dword ptr [EBP + -0x30];inputs=EBP,0xffffffd0;results=EAX;flows=;fallthrough=00424aa7
instruction_reference	00424642	FUN_00424642	00424aa4	Stack[-0x34]	READ		operand_index=1;primary=true;source=ANALYSIS
instruction	00424642	FUN_00424642	00424aa7	00424aac	FALL_THROUGH	FUN_00424642	bytes=25FF000000;mnemonic=AND;instruction=AND EAX,0xff;inputs=0x0,EAX,0x1,0xff;results=CF,EAX,PF,ZF,SF,OF;flows=;fallthrough=00424aac
instruction	00424642	FUN_00424642	00424aac	00424aaf	FALL_THROUGH	FUN_00424642	bytes=8B4DE8;mnemonic=MOV;instruction=MOV ECX,dword ptr [EBP + -0x18];inputs=EBP,0xffffffe8;results=ECX;flows=;fallthrough=00424aaf
instruction_reference	00424642	FUN_00424642	00424aac	Stack[-0x1c]	READ		operand_index=1;primary=true;source=ANALYSIS
instruction	00424642	FUN_00424642	00424aaf	00424ab2	FALL_THROUGH	FUN_00424642	bytes=034DDC;mnemonic=ADD;instruction=ADD ECX,dword ptr [EBP + -0x24];inputs=0x0,0x1,0xffffffdc,EBP,ECX,0xff;results=CF,PF,ECX,ZF,SF,OF;flows=;fallthrough=00424ab2
instruction_reference	00424642	FUN_00424642	00424aaf	Stack[-0x28]	READ		operand_index=1;primary=true;source=ANALYSIS
instruction	00424642	FUN_00424642	00424ab2	00424ab5	FALL_THROUGH	FUN_00424642	bytes=0FBE11;mnemonic=MOVSX;instruction=MOVSX EDX,byte ptr [ECX];inputs=ECX;results=EDX;flows=;fallthrough=00424ab5
instruction	00424642	FUN_00424642	00424ab5	00424ab7	FALL_THROUGH	FUN_00424642	bytes=03C2;mnemonic=ADD;instruction=ADD EAX,EDX;inputs=EAX,0x0,0x1,EDX,0xff;results=CF,EAX,PF,ZF,SF,OF;flows=;fallthrough=00424ab7
instruction	00424642	FUN_00424642	00424ab7	00424aba	FALL_THROUGH	FUN_00424642	bytes=8845D0;mnemonic=MOV;instruction=MOV byte ptr [EBP + -0x30],AL;inputs=AL,EBP,0xffffffd0;results=;flows=;fallthrough=00424aba
instruction_reference	00424642	FUN_00424642	00424ab7	Stack[-0x34]	WRITE		operand_index=0;primary=true;source=ANALYSIS
instruction	00424642	FUN_00424642	00424aba		UNCONDITIONAL_JUMP	FUN_00424642	bytes=E9EDFEFFFF;mnemonic=JMP;instruction=JMP 0x004249ac;inputs=;results=;flows=004249ac;fallthrough=
instruction_reference	00424642	FUN_00424642	00424aba	004249ac	UNCONDITIONAL_JUMP	LAB_004249ac	operand_index=0;primary=true;source=DEFAULT
instruction	00424642	FUN_00424642	00424abf	00424ac2	FALL_THROUGH	FUN_00424642	bytes=8B45FC;mnemonic=MOV;instruction=MOV EAX,dword ptr [EBP + -0x4];inputs=0xfffffffc,EBP;results=EAX;flows=;fallthrough=00424ac2
instruction_reference	00424642	FUN_00424642	00424abf	Stack[-0x8]	READ		operand_index=1;primary=true;source=ANALYSIS
instruction	00424642	FUN_00424642	00424ac2	00424ac7	FALL_THROUGH	FUN_00424642	bytes=25FF000000;mnemonic=AND;instruction=AND EAX,0xff;inputs=0x0,EAX,0x1,0xff;results=CF,EAX,PF,ZF,SF,OF;flows=;fallthrough=00424ac7
instruction	00424642	FUN_00424642	00424ac7	00424aca	FALL_THROUGH	FUN_00424642	bytes=8B4DD0;mnemonic=MOV;instruction=MOV ECX,dword ptr [EBP + -0x30];inputs=EBP,0xffffffd0;results=ECX;flows=;fallthrough=00424aca
instruction_reference	00424642	FUN_00424642	00424ac7	Stack[-0x34]	READ		operand_index=1;primary=true;source=ANALYSIS
instruction	00424642	FUN_00424642	00424aca	00424ad0	FALL_THROUGH	FUN_00424642	bytes=81E1FF000000;mnemonic=AND;instruction=AND ECX,0xff;inputs=0x0,0x1,ECX,0xff;results=CF,PF,ECX,ZF,SF,OF;flows=;fallthrough=00424ad0
instruction	00424642	FUN_00424642	00424ad0	00424ad2	FALL_THROUGH	FUN_00424642	bytes=2BC1;mnemonic=SUB;instruction=SUB EAX,ECX;inputs=EAX,0x0,0x1,ECX,0xff;results=CF,EAX,PF,ZF,SF,OF;flows=;fallthrough=00424ad2
instruction	00424642	FUN_00424642	00424ad2	00424ad5	FALL_THROUGH	FUN_00424642	bytes=8845F4;mnemonic=MOV;instruction=MOV byte ptr [EBP + -0xc],AL;inputs=AL,EBP,0xfffffff4;results=;flows=;fallthrough=00424ad5
instruction_reference	00424642	FUN_00424642	00424ad2	Stack[-0x10]	WRITE		operand_index=0;primary=true;source=ANALYSIS
instruction	00424642	FUN_00424642	00424ad5	00424ad8	FALL_THROUGH	FUN_00424642	bytes=8B55F4;mnemonic=MOV;instruction=MOV EDX,dword ptr [EBP + -0xc];inputs=EBP,0xfffffff4;results=EDX;flows=;fallthrough=00424ad8
instruction_reference	00424642	FUN_00424642	00424ad5	Stack[-0x10]	READ		operand_index=1;primary=true;source=ANALYSIS
instruction	00424642	FUN_00424642	00424ad8	00424ade	FALL_THROUGH	FUN_00424642	bytes=81E2FF000000;mnemonic=AND;instruction=AND EDX,0xff;inputs=0x0,0x1,EDX,0xff;results=CF,PF,ZF,SF,EDX,OF;flows=;fallthrough=00424ade
instruction	00424642	FUN_00424642	00424ade	00424ae1	FALL_THROUGH	FUN_00424642	bytes=8B45D8;mnemonic=MOV;instruction=MOV EAX,dword ptr [EBP + -0x28];inputs=EBP,0xffffffd8;results=EAX;flows=;fallthrough=00424ae1
instruction_reference	00424642	FUN_00424642	00424ade	Stack[-0x2c]	READ		operand_index=1;primary=true;source=ANALYSIS
instruction	00424642	FUN_00424642	00424ae1	00424ae6	FALL_THROUGH	FUN_00424642	bytes=25FF000000;mnemonic=AND;instruction=AND EAX,0xff;inputs=0x0,EAX,0x1,0xff;results=CF,EAX,PF,ZF,SF,OF;flows=;fallthrough=00424ae6
instruction	00424642	FUN_00424642	00424ae6	00424ae8	FALL_THROUGH	FUN_00424642	bytes=3BD0;mnemonic=CMP;instruction=CMP EDX,EAX;inputs=EAX,0x0,0x1,EDX,0xff;results=CF,PF,ZF,SF,OF;flows=;fallthrough=00424ae8
instruction	00424642	FUN_00424642	00424ae8	00424aea	CONDITIONAL_JUMP	FUN_00424642	bytes=7417;mnemonic=JZ;instruction=JZ 0x00424b01;inputs=ZF;results=;flows=00424b01;fallthrough=00424aea
instruction_reference	00424642	FUN_00424642	00424ae8	00424b01	CONDITIONAL_JUMP	LAB_00424b01	operand_index=0;primary=true;source=DEFAULT
instruction	00424642	FUN_00424642	00424aea	00424aed	FALL_THROUGH	FUN_00424642	bytes=8B4D08;mnemonic=MOV;instruction=MOV ECX,dword ptr [EBP + 0x8];inputs=EBP,0x8;results=ECX;flows=;fallthrough=00424aed
instruction_reference	00424642	FUN_00424642	00424aea	Stack[0x4]	READ		operand_index=1;primary=true;source=ANALYSIS
instruction	00424642	FUN_00424642	00424aed	00424af3	FALL_THROUGH	FUN_00424642	bytes=C70101000000;mnemonic=MOV;instruction=MOV dword ptr [ECX],0x1;inputs=0x1,ECX;results=;flows=;fallthrough=00424af3
instruction	00424642	FUN_00424642	00424af3	00424af6	FALL_THROUGH	FUN_00424642	bytes=8B55F8;mnemonic=MOV;instruction=MOV EDX,dword ptr [EBP + -0x8];inputs=EBP,0xfffffff8;results=EDX;flows=;fallthrough=00424af6
instruction_reference	00424642	FUN_00424642	00424af3	Stack[-0xc]	READ		operand_index=1;primary=true;source=ANALYSIS
instruction	00424642	FUN_00424642	00424af6	00424afc	FALL_THROUGH	FUN_00424642	bytes=81E2FFFF0000;mnemonic=AND;instruction=AND EDX,0xffff;inputs=0x0,0x1,EDX,0xffff,0xff;results=CF,PF,ZF,SF,EDX,OF;flows=;fallthrough=00424afc
instruction	00424642	FUN_00424642	00424afc	00424aff	FALL_THROUGH	FUN_00424642	bytes=8B450C;mnemonic=MOV;instruction=MOV EAX,dword ptr [EBP + 0xc];inputs=EBP,0xc;results=EAX;flows=;fallthrough=00424aff
instruction_reference	00424642	FUN_00424642	00424afc	Stack[0x8]	READ		operand_index=1;primary=true;source=ANALYSIS
instruction	00424642	FUN_00424642	00424aff	00424b01	FALL_THROUGH	FUN_00424642	bytes=8910;mnemonic=MOV;instruction=MOV dword ptr [EAX],EDX;inputs=EAX,EDX;results=;flows=;fallthrough=00424b01
instruction	00424642	FUN_00424642	00424b01	00424b04	FALL_THROUGH	FUN_00424642	bytes=8B45E8;mnemonic=MOV;instruction=MOV EAX,dword ptr [EBP + -0x18];inputs=EBP,0xffffffe8;results=EAX;flows=;fallthrough=00424b04
instruction_reference	00424642	FUN_00424642	00424b01	Stack[-0x1c]	READ		operand_index=1;primary=true;source=ANALYSIS
instruction	00424642	FUN_00424642	00424b04	00424b06	FALL_THROUGH	FUN_00424642	bytes=8BE5;mnemonic=MOV;instruction=MOV ESP,EBP;inputs=EBP;results=ESP;flows=;fallthrough=00424b06
instruction	00424642	FUN_00424642	00424b06	00424b07	FALL_THROUGH	FUN_00424642	bytes=5D;mnemonic=POP;instruction=POP EBP;inputs=0x0,ESP,0x4;results=ESP,EBP;flows=;fallthrough=00424b07
instruction	00424642	FUN_00424642	00424b07		TERMINATOR	FUN_00424642	bytes=C20800;mnemonic=RET;instruction=RET 0x8;inputs=ESP,0x4,0x8;results=ESP,EIP;flows=;fallthrough=
instruction_search	00424642	FUN_00424642	00424642	00424642	instructions	FUN_00424642	instructions=365;references=208;body_min=00424642;body_max=00424b09
function	00428747	FUN_00428747			unknown		undefined FUN_00428747(void)
incoming	00428747	FUN_00428747	00428fce	00428747	UNCONDITIONAL_CALL	FUN_00428fc1	
caller	00428747	FUN_00428747	00428fc1	00428747	call	FUN_00428fc1	
callee	00428747	FUN_00428747	00428747	00429390	call	FUN_00429390	
callee	00428747	FUN_00428747	00428747	004293c0	call	FUN_004293c0	
callee	00428747	FUN_00428747	00428747	00429420	call	FUN_00429420	
instruction	00428747	FUN_00428747	00428747	00428748	FALL_THROUGH	FUN_00428747	bytes=55;mnemonic=PUSH;instruction=PUSH EBP;inputs=ESP,EBP,0x4;results=ESP;flows=;fallthrough=00428748
instruction	00428747	FUN_00428747	00428748	0042874a	FALL_THROUGH	FUN_00428747	bytes=8BEC;mnemonic=MOV;instruction=MOV EBP,ESP;inputs=ESP;results=EBP;flows=;fallthrough=0042874a
instruction	00428747	FUN_00428747	0042874a	0042874d	FALL_THROUGH	FUN_00428747	bytes=83EC10;mnemonic=SUB;instruction=SUB ESP,0x10;inputs=ESP,0x10,0x0,0x1,0xff;results=CF,ESP,PF,ZF,SF,OF;flows=;fallthrough=0042874d
instruction	00428747	FUN_00428747	0042874d	00428750	FALL_THROUGH	FUN_00428747	bytes=894DF0;mnemonic=MOV;instruction=MOV dword ptr [EBP + -0x10],ECX;inputs=EBP,ECX,0xfffffff0;results=;flows=;fallthrough=00428750
instruction_reference	00428747	FUN_00428747	0042874d	Stack[-0x14]	WRITE		operand_index=0;primary=true;source=ANALYSIS
instruction	00428747	FUN_00428747	00428750	00428752	FALL_THROUGH	FUN_00428747	bytes=6A00;mnemonic=PUSH;instruction=PUSH 0x0;inputs=0x0,ESP,0x4;results=ESP;flows=;fallthrough=00428752
instruction	00428747	FUN_00428747	00428752	00428755	FALL_THROUGH	FUN_00428747	bytes=8D45F8;mnemonic=LEA;instruction=LEA EAX,[EBP + -0x8];inputs=EBP,0xfffffff8;results=EAX;flows=;fallthrough=00428755
instruction_reference	00428747	FUN_00428747	00428752	Stack[-0xc]	DATA		operand_index=0;primary=true;source=ANALYSIS
instruction	00428747	FUN_00428747	00428755	00428756	FALL_THROUGH	FUN_00428747	bytes=50;mnemonic=PUSH;instruction=PUSH EAX;inputs=EAX,ESP,0x4;results=ESP;flows=;fallthrough=00428756
instruction	00428747	FUN_00428747	00428756	00428759	FALL_THROUGH	FUN_00428747	bytes=8D4DF4;mnemonic=LEA;instruction=LEA ECX,[EBP + -0xc];inputs=EBP,0xfffffff4;results=ECX;flows=;fallthrough=00428759
instruction_reference	00428747	FUN_00428747	00428756	Stack[-0x10]	DATA		operand_index=0;primary=true;source=ANALYSIS
instruction	00428747	FUN_00428747	00428759	0042875a	FALL_THROUGH	FUN_00428747	bytes=51;mnemonic=PUSH;instruction=PUSH ECX;inputs=ESP,ECX,0x4;results=ESP;flows=;fallthrough=0042875a
instruction	00428747	FUN_00428747	0042875a	0042875d	FALL_THROUGH	FUN_00428747	bytes=8D55FC;mnemonic=LEA;instruction=LEA EDX,[EBP + -0x4];inputs=0xfffffffc,EBP;results=EDX;flows=;fallthrough=0042875d
instruction_reference	00428747	FUN_00428747	0042875a	Stack[-0x8]	DATA		operand_index=0;primary=true;source=ANALYSIS
instruction	00428747	FUN_00428747	0042875d	0042875e	FALL_THROUGH	FUN_00428747	bytes=52;mnemonic=PUSH;instruction=PUSH EDX;inputs=ESP,0x4,EDX;results=ESP;flows=;fallthrough=0042875e
instruction	00428747	FUN_00428747	0042875e	00428761	FALL_THROUGH	FUN_00428747	bytes=8B45F0;mnemonic=MOV;instruction=MOV EAX,dword ptr [EBP + -0x10];inputs=EBP,0xfffffff0;results=EAX;flows=;fallthrough=00428761
instruction_reference	00428747	FUN_00428747	0042875e	Stack[-0x14]	READ		operand_index=1;primary=true;source=ANALYSIS
instruction	00428747	FUN_00428747	00428761	00428764	FALL_THROUGH	FUN_00428747	bytes=8B4810;mnemonic=MOV;instruction=MOV ECX,dword ptr [EAX + 0x10];inputs=EAX,0x10;results=ECX;flows=;fallthrough=00428764
instruction	00428747	FUN_00428747	00428764	00428767	FALL_THROUGH	FUN_00428747	bytes=8B55F0;mnemonic=MOV;instruction=MOV EDX,dword ptr [EBP + -0x10];inputs=EBP,0xfffffff0;results=EDX;flows=;fallthrough=00428767
instruction_reference	00428747	FUN_00428747	00428764	Stack[-0x14]	READ		operand_index=1;primary=true;source=ANALYSIS
instruction	00428747	FUN_00428747	00428767	0042876a	FALL_THROUGH	FUN_00428747	bytes=8B4210;mnemonic=MOV;instruction=MOV EAX,dword ptr [EDX + 0x10];inputs=0x10,EDX;results=EAX;flows=;fallthrough=0042876a
instruction	00428747	FUN_00428747	0042876a	0042876c	FALL_THROUGH	FUN_00428747	bytes=8B10;mnemonic=MOV;instruction=MOV EDX,dword ptr [EAX];inputs=EAX;results=EDX;flows=;fallthrough=0042876c
instruction	00428747	FUN_00428747	0042876c	0042876d	FALL_THROUGH	FUN_00428747	bytes=51;mnemonic=PUSH;instruction=PUSH ECX;inputs=ESP,ECX,0x4;results=ESP;flows=;fallthrough=0042876d
instruction	00428747	FUN_00428747	0042876d	00428770	COMPUTED_CALL	FUN_00428747	bytes=FF5220;mnemonic=CALL;instruction=CALL dword ptr [EDX + 0x20];inputs=0x20,ESP,0x428770,0x4,EDX;results=ESP;flows=;fallthrough=00428770
instruction	00428747	FUN_00428747	00428770	00428772	FALL_THROUGH	FUN_00428747	bytes=85C0;mnemonic=TEST;instruction=TEST EAX,EAX;inputs=0x0,EAX,0x1,0xff;results=CF,PF,ZF,SF,OF;flows=;fallthrough=00428772
instruction	00428747	FUN_00428747	00428772	00428774	CONDITIONAL_JUMP	FUN_00428747	bytes=7522;mnemonic=JNZ;instruction=JNZ 0x00428796;inputs=ZF;results=;flows=00428796;fallthrough=00428774
instruction_reference	00428747	FUN_00428747	00428772	00428796	CONDITIONAL_JUMP	LAB_00428796	operand_index=0;primary=true;source=DEFAULT
instruction	00428747	FUN_00428747	00428774	00428778	FALL_THROUGH	FUN_00428747	bytes=837DFC01;mnemonic=CMP;instruction=CMP dword ptr [EBP + -0x4],0x1;inputs=0x0,0x1,0xfffffffc,EBP,0xff;results=CF,PF,ZF,SF,OF;flows=;fallthrough=00428778
instruction_reference	00428747	FUN_00428747	00428774	Stack[-0x8]	READ		operand_index=0;primary=true;source=ANALYSIS
instruction	00428747	FUN_00428747	00428778	0042877a	CONDITIONAL_JUMP	FUN_00428747	bytes=751C;mnemonic=JNZ;instruction=JNZ 0x00428796;inputs=ZF;results=;flows=00428796;fallthrough=0042877a
instruction_reference	00428747	FUN_00428747	00428778	00428796	CONDITIONAL_JUMP	LAB_00428796	operand_index=0;primary=true;source=DEFAULT
instruction	00428747	FUN_00428747	0042877a	0042877d	FALL_THROUGH	FUN_00428747	bytes=8B4DF0;mnemonic=MOV;instruction=MOV ECX,dword ptr [EBP + -0x10];inputs=EBP,0xfffffff0;results=ECX;flows=;fallthrough=0042877d
instruction_reference	00428747	FUN_00428747	0042877a	Stack[-0x14]	READ		operand_index=1;primary=true;source=ANALYSIS
instruction	00428747	FUN_00428747	0042877d	00428782	UNCONDITIONAL_CALL	FUN_00428747	bytes=E83E0C0000;mnemonic=CALL;instruction=CALL 0x004293c0;inputs=ESP,0x428782,0x4;results=ESP;flows=004293c0;fallthrough=00428782
instruction_reference	00428747	FUN_00428747	0042877d	004293c0	UNCONDITIONAL_CALL	FUN_004293c0	operand_index=0;primary=true;source=DEFAULT
instruction	00428747	FUN_00428747	00428782	00428784	FALL_THROUGH	FUN_00428747	bytes=6A00;mnemonic=PUSH;instruction=PUSH 0x0;inputs=0x0,ESP,0x4;results=ESP;flows=;fallthrough=00428784
instruction	00428747	FUN_00428747	00428784	00428786	FALL_THROUGH	FUN_00428747	bytes=6A00;mnemonic=PUSH;instruction=PUSH 0x0;inputs=0x0,ESP,0x4;results=ESP;flows=;fallthrough=00428786
instruction	00428747	FUN_00428747	00428786	00428789	FALL_THROUGH	FUN_00428747	bytes=8B4DF0;mnemonic=MOV;instruction=MOV ECX,dword ptr [EBP + -0x10];inputs=EBP,0xfffffff0;results=ECX;flows=;fallthrough=00428789
instruction_reference	00428747	FUN_00428747	00428786	Stack[-0x14]	READ		operand_index=1;primary=true;source=ANALYSIS
instruction	00428747	FUN_00428747	00428789	0042878e	UNCONDITIONAL_CALL	FUN_00428747	bytes=E8920C0000;mnemonic=CALL;instruction=CALL 0x00429420;inputs=ESP,0x4,0x42878e;results=ESP;flows=00429420;fallthrough=0042878e
instruction_reference	00428747	FUN_00428747	00428789	00429420	UNCONDITIONAL_CALL	FUN_00429420	operand_index=0;primary=true;source=DEFAULT
instruction	00428747	FUN_00428747	0042878e	00428791	FALL_THROUGH	FUN_00428747	bytes=8B4DF0;mnemonic=MOV;instruction=MOV ECX,dword ptr [EBP + -0x10];inputs=EBP,0xfffffff0;results=ECX;flows=;fallthrough=00428791
instruction_reference	00428747	FUN_00428747	0042878e	Stack[-0x14]	READ		operand_index=1;primary=true;source=ANALYSIS
instruction	00428747	FUN_00428747	00428791	00428796	UNCONDITIONAL_CALL	FUN_00428747	bytes=E8FA0B0000;mnemonic=CALL;instruction=CALL 0x00429390;inputs=ESP,0x4,0x428796;results=ESP;flows=00429390;fallthrough=00428796
instruction_reference	00428747	FUN_00428747	00428791	00429390	UNCONDITIONAL_CALL	FUN_00429390	operand_index=0;primary=true;source=DEFAULT
instruction	00428747	FUN_00428747	00428796	00428798	FALL_THROUGH	FUN_00428747	bytes=8BE5;mnemonic=MOV;instruction=MOV ESP,EBP;inputs=EBP;results=ESP;flows=;fallthrough=00428798
instruction	00428747	FUN_00428747	00428798	00428799	FALL_THROUGH	FUN_00428747	bytes=5D;mnemonic=POP;instruction=POP EBP;inputs=0x0,ESP,0x4;results=ESP,EBP;flows=;fallthrough=00428799
instruction	00428747	FUN_00428747	00428799		TERMINATOR	FUN_00428747	bytes=C3;mnemonic=RET;instruction=RET;inputs=ESP,0x4;results=ESP,EIP;flows=;fallthrough=
instruction_search	00428747	FUN_00428747	00428747	00428747	instructions	FUN_00428747	instructions=33;references=15;body_min=00428747;body_max=00428799
function	00428fc1	FUN_00428fc1			unknown		undefined FUN_00428fc1(void)
incoming	00428fc1	FUN_00428fc1	0055eab7	00428fc1	UNCONDITIONAL_CALL	FUN_0055dab8	
caller	00428fc1	FUN_00428fc1	0055dab8	00428fc1	call	FUN_0055dab8	
callee	00428fc1	FUN_00428fc1	00428fc1	00428747	call	FUN_00428747	
instruction	00428fc1	FUN_00428fc1	00428fc1	00428fc2	FALL_THROUGH	FUN_00428fc1	bytes=55;mnemonic=PUSH;instruction=PUSH EBP;inputs=ESP,EBP,0x4;results=ESP;flows=;fallthrough=00428fc2
instruction	00428fc1	FUN_00428fc1	00428fc2	00428fc4	FALL_THROUGH	FUN_00428fc1	bytes=8BEC;mnemonic=MOV;instruction=MOV EBP,ESP;inputs=ESP;results=EBP;flows=;fallthrough=00428fc4
instruction	00428fc1	FUN_00428fc1	00428fc4	00428fc5	FALL_THROUGH	FUN_00428fc1	bytes=51;mnemonic=PUSH;instruction=PUSH ECX;inputs=ESP,ECX,0x4;results=ESP;flows=;fallthrough=00428fc5
instruction	00428fc1	FUN_00428fc1	00428fc5	00428fc8	FALL_THROUGH	FUN_00428fc1	bytes=894DFC;mnemonic=MOV;instruction=MOV dword ptr [EBP + -0x4],ECX;inputs=0xfffffffc,EBP,ECX;results=;flows=;fallthrough=00428fc8
instruction_reference	00428fc1	FUN_00428fc1	00428fc5	Stack[-0x8]	WRITE		operand_index=0;primary=true;source=ANALYSIS
instruction	00428fc1	FUN_00428fc1	00428fc8	00428fcb	FALL_THROUGH	FUN_00428fc1	bytes=8B45FC;mnemonic=MOV;instruction=MOV EAX,dword ptr [EBP + -0x4];inputs=0xfffffffc,EBP;results=EAX;flows=;fallthrough=00428fcb
instruction_reference	00428fc1	FUN_00428fc1	00428fc8	Stack[-0x8]	READ		operand_index=1;primary=true;source=ANALYSIS
instruction	00428fc1	FUN_00428fc1	00428fcb	00428fce	FALL_THROUGH	FUN_00428fc1	bytes=8B4804;mnemonic=MOV;instruction=MOV ECX,dword ptr [EAX + 0x4];inputs=EAX,0x4;results=ECX;flows=;fallthrough=00428fce
instruction	00428fc1	FUN_00428fc1	00428fce	00428fd3	UNCONDITIONAL_CALL	FUN_00428fc1	bytes=E874F7FFFF;mnemonic=CALL;instruction=CALL 0x00428747;inputs=ESP,0x428fd3,0x4;results=ESP;flows=00428747;fallthrough=00428fd3
instruction_reference	00428fc1	FUN_00428fc1	00428fce	00428747	UNCONDITIONAL_CALL	FUN_00428747	operand_index=0;primary=true;source=DEFAULT
instruction	00428fc1	FUN_00428fc1	00428fd3	00428fd5	FALL_THROUGH	FUN_00428fc1	bytes=8BE5;mnemonic=MOV;instruction=MOV ESP,EBP;inputs=EBP;results=ESP;flows=;fallthrough=00428fd5
instruction	00428fc1	FUN_00428fc1	00428fd5	00428fd6	FALL_THROUGH	FUN_00428fc1	bytes=5D;mnemonic=POP;instruction=POP EBP;inputs=0x0,ESP,0x4;results=ESP,EBP;flows=;fallthrough=00428fd6
instruction	00428fc1	FUN_00428fc1	00428fd6		TERMINATOR	FUN_00428fc1	bytes=C3;mnemonic=RET;instruction=RET;inputs=ESP,0x4;results=ESP,EIP;flows=;fallthrough=
instruction_search	00428fc1	FUN_00428fc1	00428fc1	00428fc1	instructions	FUN_00428fc1	instructions=10;references=3;body_min=00428fc1;body_max=00428fd6
function	00423c61	FUN_00423c61			unknown		undefined FUN_00423c61(void)
incoming	00423c61	FUN_00423c61	0055ebcb	00423c61	UNCONDITIONAL_CALL	FUN_0055dab8	
caller	00423c61	FUN_00423c61	0055dab8	00423c61	call	FUN_0055dab8	
callee	00423c61	FUN_00423c61	00423c61	EXTERNAL:00000070	call	UnhookWindowsHookEx	
callee	00423c61	FUN_00423c61	00423c61	00423b25	call	FUN_00423b25	
reference	00423c61	FUN_00423c61	00423c66	005ccf84	READ	DAT_005ccf84	0x0
reference	00423c61	FUN_00423c61	00423c81	005ccf80	READ	DAT_005ccf80	0x0
reference	00423c61	FUN_00423c61	00423c88	005a3280	READ	PTR_UnhookWindowsHookEx_005a3280	001b00b6
reference	00423c61	FUN_00423c61	00423c8e	005ccf84	WRITE	DAT_005ccf84	0x0
instruction	00423c61	FUN_00423c61	00423c61	00423c62	FALL_THROUGH	FUN_00423c61	bytes=55;mnemonic=PUSH;instruction=PUSH EBP;inputs=ESP,EBP,0x4;results=ESP;flows=;fallthrough=00423c62
instruction	00423c61	FUN_00423c61	00423c62	00423c64	FALL_THROUGH	FUN_00423c61	bytes=8BEC;mnemonic=MOV;instruction=MOV EBP,ESP;inputs=ESP;results=EBP;flows=;fallthrough=00423c64
instruction	00423c61	FUN_00423c61	00423c64	00423c66	FALL_THROUGH	FUN_00423c61	bytes=33C0;mnemonic=XOR;instruction=XOR EAX,EAX;inputs=0x0,EAX,0x1,0xff;results=CF,EAX,PF,ZF,SF,OF;flows=;fallthrough=00423c66
instruction	00423c61	FUN_00423c61	00423c66	00423c6b	FALL_THROUGH	FUN_00423c61	bytes=A084CF5C00;mnemonic=MOV;instruction=MOV AL,[0x005ccf84];inputs=005ccf84;results=AL;flows=;fallthrough=00423c6b
instruction_reference	00423c61	FUN_00423c61	00423c66	005ccf84	READ	DAT_005ccf84	operand_index=1;primary=true;source=DEFAULT
instruction	00423c61	FUN_00423c61	00423c6b	00423c6d	FALL_THROUGH	FUN_00423c61	bytes=85C0;mnemonic=TEST;instruction=TEST EAX,EAX;inputs=0x0,EAX,0x1,0xff;results=CF,PF,ZF,SF,OF;flows=;fallthrough=00423c6d
instruction	00423c61	FUN_00423c61	00423c6d	00423c6f	CONDITIONAL_JUMP	FUN_00423c61	bytes=7502;mnemonic=JNZ;instruction=JNZ 0x00423c71;inputs=ZF;results=;flows=00423c71;fallthrough=00423c6f
instruction_reference	00423c61	FUN_00423c61	00423c6d	00423c71	CONDITIONAL_JUMP	LAB_00423c71	operand_index=0;primary=true;source=DEFAULT
instruction	00423c61	FUN_00423c61	00423c6f		UNCONDITIONAL_JUMP	FUN_00423c61	bytes=EB24;mnemonic=JMP;instruction=JMP 0x00423c95;inputs=;results=;flows=00423c95;fallthrough=
instruction_reference	00423c61	FUN_00423c61	00423c6f	00423c95	UNCONDITIONAL_JUMP	LAB_00423c95	operand_index=0;primary=true;source=DEFAULT
instruction	00423c61	FUN_00423c61	00423c71	00423c76	UNCONDITIONAL_CALL	FUN_00423c61	bytes=E8AFFEFFFF;mnemonic=CALL;instruction=CALL 0x00423b25;inputs=ESP,0x4,0x423c76;results=ESP;flows=00423b25;fallthrough=00423c76
instruction_reference	00423c61	FUN_00423c61	00423c71	00423b25	UNCONDITIONAL_CALL	FUN_00423b25	operand_index=0;primary=true;source=DEFAULT
instruction	00423c61	FUN_00423c61	00423c76	00423c7b	FALL_THROUGH	FUN_00423c61	bytes=25FF000000;mnemonic=AND;instruction=AND EAX,0xff;inputs=0x0,EAX,0x1,0xff;results=CF,EAX,PF,ZF,SF,OF;flows=;fallthrough=00423c7b
instruction	00423c61	FUN_00423c61	00423c7b	00423c7d	FALL_THROUGH	FUN_00423c61	bytes=85C0;mnemonic=TEST;instruction=TEST EAX,EAX;inputs=0x0,EAX,0x1,0xff;results=CF,PF,ZF,SF,OF;flows=;fallthrough=00423c7d
instruction	00423c61	FUN_00423c61	00423c7d	00423c7f	CONDITIONAL_JUMP	FUN_00423c61	bytes=7402;mnemonic=JZ;instruction=JZ 0x00423c81;inputs=ZF;results=;flows=00423c81;fallthrough=00423c7f
instruction_reference	00423c61	FUN_00423c61	00423c7d	00423c81	CONDITIONAL_JUMP	LAB_00423c81	operand_index=0;primary=true;source=DEFAULT
instruction	00423c61	FUN_00423c61	00423c7f		UNCONDITIONAL_JUMP	FUN_00423c61	bytes=EB0D;mnemonic=JMP;instruction=JMP 0x00423c8e;inputs=;results=;flows=00423c8e;fallthrough=
instruction_reference	00423c61	FUN_00423c61	00423c7f	00423c8e	UNCONDITIONAL_JUMP	LAB_00423c8e	operand_index=0;primary=true;source=DEFAULT
instruction	00423c61	FUN_00423c61	00423c81	00423c87	FALL_THROUGH	FUN_00423c61	bytes=8B0D80CF5C00;mnemonic=MOV;instruction=MOV ECX,dword ptr [0x005ccf80];inputs=005ccf80;results=ECX;flows=;fallthrough=00423c87
instruction_reference	00423c61	FUN_00423c61	00423c81	005ccf80	READ	DAT_005ccf80	operand_index=1;primary=true;source=DEFAULT
instruction	00423c61	FUN_00423c61	00423c87	00423c88	FALL_THROUGH	FUN_00423c61	bytes=51;mnemonic=PUSH;instruction=PUSH ECX;inputs=ESP,ECX,0x4;results=ESP;flows=;fallthrough=00423c88
instruction	00423c61	FUN_00423c61	00423c88	00423c8e	COMPUTED_CALL	FUN_00423c61	bytes=FF1580325A00;mnemonic=CALL;instruction=CALL dword ptr [0x005a3280];inputs=ESP,0x4,005a3280,0x423c8e;results=ESP;flows=EXTERNAL:00000070;fallthrough=00423c8e
instruction_reference	00423c61	FUN_00423c61	00423c88	005a3280	READ	PTR_UnhookWindowsHookEx_005a3280	operand_index=0;primary=true;source=DEFAULT
instruction_reference	00423c61	FUN_00423c61	00423c88	EXTERNAL:00000070	COMPUTED_CALL	UnhookWindowsHookEx	operand_index=-1;primary=true;source=ANALYSIS
instruction	00423c61	FUN_00423c61	00423c8e	00423c95	FALL_THROUGH	FUN_00423c61	bytes=C60584CF5C0000;mnemonic=MOV;instruction=MOV byte ptr [0x005ccf84],0x0;inputs=0x0;results=005ccf84;flows=;fallthrough=00423c95
instruction_reference	00423c61	FUN_00423c61	00423c8e	005ccf84	WRITE	DAT_005ccf84	operand_index=0;primary=true;source=DEFAULT
instruction	00423c61	FUN_00423c61	00423c95	00423c96	FALL_THROUGH	FUN_00423c61	bytes=5D;mnemonic=POP;instruction=POP EBP;inputs=0x0,ESP,0x4;results=ESP,EBP;flows=;fallthrough=00423c96
instruction	00423c61	FUN_00423c61	00423c96		TERMINATOR	FUN_00423c61	bytes=C3;mnemonic=RET;instruction=RET;inputs=ESP,0x4;results=ESP,EIP;flows=;fallthrough=
instruction_search	00423c61	FUN_00423c61	00423c61	00423c61	instructions	FUN_00423c61	instructions=18;references=10;body_min=00423c61;body_max=00423c96
function	0055d066	FUN_0055d066			unknown		undefined FUN_0055d066(void)
incoming	0055d066	FUN_0055d066	005a610c	0055d066	DATA		
callee	0055d066	FUN_0055d066	0055d066	EXTERNAL:000000ab	call	DeleteObject	
callee	0055d066	FUN_0055d066	0055d066	00493cf0	call	FUN_00493cf0	
callee	0055d066	FUN_0055d066	0055d066	0055f410	call	FUN_0055f410	
callee	0055d066	FUN_0055d066	0055d066	0055f440	call	FUN_0055f440	
callee	0055d066	FUN_0055d066	0055d066	0058ffd8	call	FUN_0058ffd8	
callee	0055d066	FUN_0055d066	0055d066	0059dfe0	call	FUN_0059dfe0	
reference	0055d066	FUN_0055d066	0055d090	0065a4a0	DATA	DAT_0065a4a0	
reference	0055d066	FUN_0055d066	0055d0a8	0065a794	DATA	DAT_0065a794	
reference	0055d066	FUN_0055d066	0055d0c0	0065a798	DATA	DAT_0065a798	
reference	0055d066	FUN_0055d066	0055d0d1	013b71e8	READ	DAT_013b71e8	0x0
reference	0055d066	FUN_0055d066	0055d0da	013b71e8	READ	DAT_013b71e8	0x0
reference	0055d066	FUN_0055d066	0055d107	013b71e8	WRITE	DAT_013b71e8	0x0
reference	0055d066	FUN_0055d066	0055d30a	013b71e4	WRITE	DAT_013b71e4	0x0
reference	0055d066	FUN_0055d066	0055d31e	005a3048	READ	PTR_DeleteObject_005a3048	001b04a2
reference	0055d066	FUN_0055d066	0055d324	013b736c	READ	DAT_013b736c	0x0
reference	0055d066	FUN_0055d066	0055d32d	013b7364	READ	DAT_013b7364	0x0
instruction	0055d066	FUN_0055d066	0055d066	0055d067	FALL_THROUGH	FUN_0055d066	bytes=55;mnemonic=PUSH;instruction=PUSH EBP;inputs=ESP,EBP,0x4;results=ESP;flows=;fallthrough=0055d067
instruction	0055d066	FUN_0055d066	0055d067	0055d069	FALL_THROUGH	FUN_0055d066	bytes=8BEC;mnemonic=MOV;instruction=MOV EBP,ESP;inputs=ESP;results=EBP;flows=;fallthrough=0055d069
instruction	0055d066	FUN_0055d066	0055d069	0055d06c	FALL_THROUGH	FUN_0055d066	bytes=83EC68;mnemonic=SUB;instruction=SUB ESP,0x68;inputs=ESP,0x0,0x1,0x68,0xff;results=CF,ESP,PF,ZF,SF,OF;flows=;fallthrough=0055d06c
instruction	0055d066	FUN_0055d066	0055d06c	0055d06f	FALL_THROUGH	FUN_0055d066	bytes=894DB8;mnemonic=MOV;instruction=MOV dword ptr [EBP + -0x48],ECX;inputs=EBP,ECX,0xffffffb8;results=;flows=;fallthrough=0055d06f
instruction_reference	0055d066	FUN_0055d066	0055d06c	Stack[-0x4c]	WRITE		operand_index=0;primary=true;source=ANALYSIS
instruction	0055d066	FUN_0055d066	0055d06f	0055d076	FALL_THROUGH	FUN_0055d066	bytes=C745FC00000000;mnemonic=MOV;instruction=MOV dword ptr [EBP + -0x4],0x0;inputs=0x0,0xfffffffc,EBP;results=;flows=;fallthrough=0055d076
instruction_reference	0055d066	FUN_0055d066	0055d06f	Stack[-0x8]	WRITE		operand_index=0;primary=true;source=ANALYSIS
instruction	0055d066	FUN_0055d066	0055d076		UNCONDITIONAL_JUMP	FUN_0055d066	bytes=EB09;mnemonic=JMP;instruction=JMP 0x0055d081;inputs=;results=;flows=0055d081;fallthrough=
instruction_reference	0055d066	FUN_0055d066	0055d076	0055d081	UNCONDITIONAL_JUMP	LAB_0055d081	operand_index=0;primary=true;source=DEFAULT
instruction	0055d066	FUN_0055d066	0055d078	0055d07b	FALL_THROUGH	FUN_0055d066	bytes=8B45FC;mnemonic=MOV;instruction=MOV EAX,dword ptr [EBP + -0x4];inputs=0xfffffffc,EBP;results=EAX;flows=;fallthrough=0055d07b
instruction_reference	0055d066	FUN_0055d066	0055d078	Stack[-0x8]	READ		operand_index=1;primary=true;source=ANALYSIS
instruction	0055d066	FUN_0055d066	0055d07b	0055d07e	FALL_THROUGH	FUN_0055d066	bytes=83C001;mnemonic=ADD;instruction=ADD EAX,0x1;inputs=EAX,0x0,0x1,0xff;results=CF,EAX,PF,ZF,SF,OF;flows=;fallthrough=0055d07e
instruction	0055d066	FUN_0055d066	0055d07e	0055d081	FALL_THROUGH	FUN_0055d066	bytes=8945FC;mnemonic=MOV;instruction=MOV dword ptr [EBP + -0x4],EAX;inputs=EAX,0xfffffffc,EBP;results=;flows=;fallthrough=0055d081
instruction_reference	0055d066	FUN_0055d066	0055d07e	Stack[-0x8]	WRITE		operand_index=0;primary=true;source=ANALYSIS
instruction	0055d066	FUN_0055d066	0055d081	0055d085	FALL_THROUGH	FUN_0055d066	bytes=837DFC64;mnemonic=CMP;instruction=CMP dword ptr [EBP + -0x4],0x64;inputs=0x0,0x1,0xfffffffc,EBP,0x64,0xff;results=CF,PF,ZF,SF,OF;flows=;fallthrough=0055d085
instruction_reference	0055d066	FUN_0055d066	0055d081	Stack[-0x8]	READ		operand_index=0;primary=true;source=ANALYSIS
instruction	0055d066	FUN_0055d066	0055d085	0055d087	CONDITIONAL_JUMP	FUN_0055d066	bytes=7D4A;mnemonic=JGE;instruction=JGE 0x0055d0d1;inputs=SF,OF;results=;flows=0055d0d1;fallthrough=0055d087
instruction_reference	0055d066	FUN_0055d066	0055d085	0055d0d1	CONDITIONAL_JUMP	LAB_0055d0d1	operand_index=0;primary=true;source=DEFAULT
instruction	0055d066	FUN_0055d066	0055d087	0055d08a	FALL_THROUGH	FUN_0055d066	bytes=8B4DFC;mnemonic=MOV;instruction=MOV ECX,dword ptr [EBP + -0x4];inputs=0xfffffffc,EBP;results=ECX;flows=;fallthrough=0055d08a
instruction_reference	0055d066	FUN_0055d066	0055d087	Stack[-0x8]	READ		operand_index=1;primary=true;source=ANALYSIS
instruction	0055d066	FUN_0055d066	0055d08a	0055d090	FALL_THROUGH	FUN_0055d066	bytes=69C984030000;mnemonic=IMUL;instruction=IMUL ECX,ECX,0x384;inputs=0x0,ECX,0x384,0x4;results=CF,ECX,OF;flows=;fallthrough=0055d090
instruction	0055d066	FUN_0055d066	0055d090	0055d096	FALL_THROUGH	FUN_0055d066	bytes=8B91A0A46500;mnemonic=MOV;instruction=MOV EDX,dword ptr [ECX + 0x65a4a0];inputs=ECX,0x65a4a0;results=EDX;flows=;fallthrough=0055d096
instruction_reference	0055d066	FUN_0055d066	0055d090	0065a4a0	DATA	DAT_0065a4a0	operand_index=1;primary=true;source=ANALYSIS
instruction	0055d066	FUN_0055d066	0055d096	0055d097	FALL_THROUGH	FUN_0055d066	bytes=52;mnemonic=PUSH;instruction=PUSH EDX;inputs=ESP,0x4,EDX;results=ESP;flows=;fallthrough=0055d097
instruction	0055d066	FUN_0055d066	0055d097	0055d09c	UNCONDITIONAL_CALL	FUN_0055d066	bytes=E83C2F0300;mnemonic=CALL;instruction=CALL 0x0058ffd8;inputs=ESP,0x4,0x55d09c;results=ESP;flows=0058ffd8;fallthrough=0055d09c
instruction_reference	0055d066	FUN_0055d066	0055d097	0058ffd8	UNCONDITIONAL_CALL	FUN_0058ffd8	operand_index=0;primary=true;source=DEFAULT
instruction	0055d066	FUN_0055d066	0055d09c	0055d09f	FALL_THROUGH	FUN_0055d066	bytes=83C404;mnemonic=ADD;instruction=ADD ESP,0x4;inputs=ESP,0x0,0x1,0x4,0xff;results=CF,ESP,PF,ZF,SF,OF;flows=;fallthrough=0055d09f
instruction	0055d066	FUN_0055d066	0055d09f	0055d0a2	FALL_THROUGH	FUN_0055d066	bytes=8B45FC;mnemonic=MOV;instruction=MOV EAX,dword ptr [EBP + -0x4];inputs=0xfffffffc,EBP;results=EAX;flows=;fallthrough=0055d0a2
instruction_reference	0055d066	FUN_0055d066	0055d09f	Stack[-0x8]	READ		operand_index=1;primary=true;source=ANALYSIS
instruction	0055d066	FUN_0055d066	0055d0a2	0055d0a8	FALL_THROUGH	FUN_0055d066	bytes=69C084030000;mnemonic=IMUL;instruction=IMUL EAX,EAX,0x384;inputs=EAX,0x0,0x384,0x4;results=EAX,CF,OF;flows=;fallthrough=0055d0a8
instruction	0055d066	FUN_0055d066	0055d0a8	0055d0ae	FALL_THROUGH	FUN_0055d066	bytes=8B8894A76500;mnemonic=MOV;instruction=MOV ECX,dword ptr [EAX + 0x65a794];inputs=EAX,0x65a794;results=ECX;flows=;fallthrough=0055d0ae
instruction_reference	0055d066	FUN_0055d066	0055d0a8	0065a794	DATA	DAT_0065a794	operand_index=1;primary=true;source=ANALYSIS
instruction	0055d066	FUN_0055d066	0055d0ae	0055d0af	FALL_THROUGH	FUN_0055d066	bytes=51;mnemonic=PUSH;instruction=PUSH ECX;inputs=ESP,ECX,0x4;results=ESP;flows=;fallthrough=0055d0af
instruction	0055d066	FUN_0055d066	0055d0af	0055d0b4	UNCONDITIONAL_CALL	FUN_0055d066	bytes=E8242F0300;mnemonic=CALL;instruction=CALL 0x0058ffd8;inputs=ESP,0x55d0b4,0x4;results=ESP;flows=0058ffd8;fallthrough=0055d0b4
instruction_reference	0055d066	FUN_0055d066	0055d0af	0058ffd8	UNCONDITIONAL_CALL	FUN_0058ffd8	operand_index=0;primary=true;source=DEFAULT
instruction	0055d066	FUN_0055d066	0055d0b4	0055d0b7	FALL_THROUGH	FUN_0055d066	bytes=83C404;mnemonic=ADD;instruction=ADD ESP,0x4;inputs=ESP,0x0,0x1,0x4,0xff;results=CF,ESP,PF,ZF,SF,OF;flows=;fallthrough=0055d0b7
instruction	0055d066	FUN_0055d066	0055d0b7	0055d0ba	FALL_THROUGH	FUN_0055d066	bytes=8B55FC;mnemonic=MOV;instruction=MOV EDX,dword ptr [EBP + -0x4];inputs=0xfffffffc,EBP;results=EDX;flows=;fallthrough=0055d0ba
instruction_reference	0055d066	FUN_0055d066	0055d0b7	Stack[-0x8]	READ		operand_index=1;primary=true;source=ANALYSIS
instruction	0055d066	FUN_0055d066	0055d0ba	0055d0c0	FALL_THROUGH	FUN_0055d066	bytes=69D284030000;mnemonic=IMUL;instruction=IMUL EDX,EDX,0x384;inputs=0x0,0x384,0x4,EDX;results=CF,EDX,OF;flows=;fallthrough=0055d0c0
instruction	0055d066	FUN_0055d066	0055d0c0	0055d0c6	FALL_THROUGH	FUN_0055d066	bytes=8B8298A76500;mnemonic=MOV;instruction=MOV EAX,dword ptr [EDX + 0x65a798];inputs=EDX,0x65a798;results=EAX;flows=;fallthrough=0055d0c6
instruction_reference	0055d066	FUN_0055d066	0055d0c0	0065a798	DATA	DAT_0065a798	operand_index=1;primary=true;source=ANALYSIS
instruction	0055d066	FUN_0055d066	0055d0c6	0055d0c7	FALL_THROUGH	FUN_0055d066	bytes=50;mnemonic=PUSH;instruction=PUSH EAX;inputs=EAX,ESP,0x4;results=ESP;flows=;fallthrough=0055d0c7
instruction	0055d066	FUN_0055d066	0055d0c7	0055d0cc	UNCONDITIONAL_CALL	FUN_0055d066	bytes=E80C2F0300;mnemonic=CALL;instruction=CALL 0x0058ffd8;inputs=ESP,0x4,0x55d0cc;results=ESP;flows=0058ffd8;fallthrough=0055d0cc
instruction_reference	0055d066	FUN_0055d066	0055d0c7	0058ffd8	UNCONDITIONAL_CALL	FUN_0058ffd8	operand_index=0;primary=true;source=DEFAULT
instruction	0055d066	FUN_0055d066	0055d0cc	0055d0cf	FALL_THROUGH	FUN_0055d066	bytes=83C404;mnemonic=ADD;instruction=ADD ESP,0x4;inputs=ESP,0x0,0x1,0x4,0xff;results=CF,ESP,PF,ZF,SF,OF;flows=;fallthrough=0055d0cf
instruction	0055d066	FUN_0055d066	0055d0cf		UNCONDITIONAL_JUMP	FUN_0055d066	bytes=EBA7;mnemonic=JMP;instruction=JMP 0x0055d078;inputs=;results=;flows=0055d078;fallthrough=
instruction_reference	0055d066	FUN_0055d066	0055d0cf	0055d078	UNCONDITIONAL_JUMP	LAB_0055d078	operand_index=0;primary=true;source=DEFAULT
instruction	0055d066	FUN_0055d066	0055d0d1	0055d0d8	FALL_THROUGH	FUN_0055d066	bytes=833DE8713B0100;mnemonic=CMP;instruction=CMP dword ptr [0x013b71e8],0x0;inputs=0x0,0x1,013b71e8,0xff;results=CF,PF,ZF,SF,OF;flows=;fallthrough=0055d0d8
instruction_reference	0055d066	FUN_0055d066	0055d0d1	013b71e8	READ	DAT_013b71e8	operand_index=0;primary=true;source=DEFAULT
instruction	0055d066	FUN_0055d066	0055d0d8	0055d0da	CONDITIONAL_JUMP	FUN_0055d066	bytes=7437;mnemonic=JZ;instruction=JZ 0x0055d111;inputs=ZF;results=;flows=0055d111;fallthrough=0055d0da
instruction_reference	0055d066	FUN_0055d066	0055d0d8	0055d111	CONDITIONAL_JUMP	LAB_0055d111	operand_index=0;primary=true;source=DEFAULT
instruction	0055d066	FUN_0055d066	0055d0da	0055d0e0	FALL_THROUGH	FUN_0055d066	bytes=8B0DE8713B01;mnemonic=MOV;instruction=MOV ECX,dword ptr [0x013b71e8];inputs=013b71e8;results=ECX;flows=;fallthrough=0055d0e0
instruction_reference	0055d066	FUN_0055d066	0055d0da	013b71e8	READ	DAT_013b71e8	operand_index=1;primary=true;source=DEFAULT
instruction	0055d066	FUN_0055d066	0055d0e0	0055d0e3	FALL_THROUGH	FUN_0055d066	bytes=894DF4;mnemonic=MOV;instruction=MOV dword ptr [EBP + -0xc],ECX;inputs=EBP,ECX,0xfffffff4;results=;flows=;fallthrough=0055d0e3
instruction_reference	0055d066	FUN_0055d066	0055d0e0	Stack[-0x10]	WRITE		operand_index=0;primary=true;source=ANALYSIS
instruction	0055d066	FUN_0055d066	0055d0e3	0055d0e6	FALL_THROUGH	FUN_0055d066	bytes=8B55F4;mnemonic=MOV;instruction=MOV EDX,dword ptr [EBP + -0xc];inputs=EBP,0xfffffff4;results=EDX;flows=;fallthrough=0055d0e6
instruction_reference	0055d066	FUN_0055d066	0055d0e3	Stack[-0x10]	READ		operand_index=1;primary=true;source=ANALYSIS
instruction	0055d066	FUN_0055d066	0055d0e6	0055d0e9	FALL_THROUGH	FUN_0055d066	bytes=8955F8;mnemonic=MOV;instruction=MOV dword ptr [EBP + -0x8],EDX;inputs=EBP,0xfffffff8,EDX;results=;flows=;fallthrough=0055d0e9
instruction_reference	0055d066	FUN_0055d066	0055d0e6	Stack[-0xc]	WRITE		operand_index=0;primary=true;source=ANALYSIS
instruction	0055d066	FUN_0055d066	0055d0e9	0055d0ed	FALL_THROUGH	FUN_0055d066	bytes=837DF800;mnemonic=CMP;instruction=CMP dword ptr [EBP + -0x8],0x0;inputs=0x0,0x1,EBP,0xfffffff8,0xff;results=CF,PF,ZF,SF,OF;flows=;fallthrough=0055d0ed
instruction_reference	0055d066	FUN_0055d066	0055d0e9	Stack[-0xc]	READ		operand_index=0;primary=true;source=ANALYSIS
instruction	0055d066	FUN_0055d066	0055d0ed	0055d0ef	CONDITIONAL_JUMP	FUN_0055d066	bytes=7411;mnemonic=JZ;instruction=JZ 0x0055d100;inputs=ZF;results=;flows=0055d100;fallthrough=0055d0ef
instruction_reference	0055d066	FUN_0055d066	0055d0ed	0055d100	CONDITIONAL_JUMP	LAB_0055d100	operand_index=0;primary=true;source=DEFAULT
instruction	0055d066	FUN_0055d066	0055d0ef	0055d0f1	FALL_THROUGH	FUN_0055d066	bytes=6A01;mnemonic=PUSH;instruction=PUSH 0x1;inputs=ESP,0x1,0x4;results=ESP;flows=;fallthrough=0055d0f1
instruction	0055d066	FUN_0055d066	0055d0f1	0055d0f4	FALL_THROUGH	FUN_0055d066	bytes=8B45F8;mnemonic=MOV;instruction=MOV EAX,dword ptr [EBP + -0x8];inputs=EBP,0xfffffff8;results=EAX;flows=;fallthrough=0055d0f4
instruction_reference	0055d066	FUN_0055d066	0055d0f1	Stack[-0xc]	READ		operand_index=1;primary=true;source=ANALYSIS
instruction	0055d066	FUN_0055d066	0055d0f4	0055d0f6	FALL_THROUGH	FUN_0055d066	bytes=8B10;mnemonic=MOV;instruction=MOV EDX,dword ptr [EAX];inputs=EAX;results=EDX;flows=;fallthrough=0055d0f6
instruction	0055d066	FUN_0055d066	0055d0f6	0055d0f9	FALL_THROUGH	FUN_0055d066	bytes=8B4DF8;mnemonic=MOV;instruction=MOV ECX,dword ptr [EBP + -0x8];inputs=EBP,0xfffffff8;results=ECX;flows=;fallthrough=0055d0f9
instruction_reference	0055d066	FUN_0055d066	0055d0f6	Stack[-0xc]	READ		operand_index=1;primary=true;source=ANALYSIS
instruction	0055d066	FUN_0055d066	0055d0f9	0055d0fb	COMPUTED_CALL	FUN_0055d066	bytes=FF12;mnemonic=CALL;instruction=CALL dword ptr [EDX];inputs=ESP,0x4,EDX,0x55d0fb;results=ESP;flows=;fallthrough=0055d0fb
instruction	0055d066	FUN_0055d066	0055d0fb	0055d0fe	FALL_THROUGH	FUN_0055d066	bytes=8945B4;mnemonic=MOV;instruction=MOV dword ptr [EBP + -0x4c],EAX;inputs=EAX,EBP,0xffffffb4;results=;flows=;fallthrough=0055d0fe
instruction_reference	0055d066	FUN_0055d066	0055d0fb	Stack[-0x50]	WRITE		operand_index=0;primary=true;source=ANALYSIS
instruction	0055d066	FUN_0055d066	0055d0fe		UNCONDITIONAL_JUMP	FUN_0055d066	bytes=EB07;mnemonic=JMP;instruction=JMP 0x0055d107;inputs=;results=;flows=0055d107;fallthrough=
instruction_reference	0055d066	FUN_0055d066	0055d0fe	0055d107	UNCONDITIONAL_JUMP	LAB_0055d107	operand_index=0;primary=true;source=DEFAULT
instruction	0055d066	FUN_0055d066	0055d100	0055d107	FALL_THROUGH	FUN_0055d066	bytes=C745B400000000;mnemonic=MOV;instruction=MOV dword ptr [EBP + -0x4c],0x0;inputs=0x0,EBP,0xffffffb4;results=;flows=;fallthrough=0055d107
instruction_reference	0055d066	FUN_0055d066	0055d100	Stack[-0x50]	WRITE		operand_index=0;primary=true;source=ANALYSIS
instruction	0055d066	FUN_0055d066	0055d107	0055d111	FALL_THROUGH	FUN_0055d066	bytes=C705E8713B0100000000;mnemonic=MOV;instruction=MOV dword ptr [0x013b71e8],0x0;inputs=0x0;results=013b71e8;flows=;fallthrough=0055d111
instruction_reference	0055d066	FUN_0055d066	0055d107	013b71e8	WRITE	DAT_013b71e8	operand_index=0;primary=true;source=DEFAULT
instruction	0055d066	FUN_0055d066	0055d111	0055d114	FALL_THROUGH	FUN_0055d066	bytes=8B45B8;mnemonic=MOV;instruction=MOV EAX,dword ptr [EBP + -0x48];inputs=EBP,0xffffffb8;results=EAX;flows=;fallthrough=0055d114
instruction_reference	0055d066	FUN_0055d066	0055d111	Stack[-0x4c]	READ		operand_index=1;primary=true;source=ANALYSIS
instruction	0055d066	FUN_0055d066	0055d114	0055d11b	FALL_THROUGH	FUN_0055d066	bytes=83B8F400000000;mnemonic=CMP;instruction=CMP dword ptr [EAX + 0xf4],0x0;inputs=EAX,0x0,0x1,0xf4,0xff;results=CF,PF,ZF,SF,OF;flows=;fallthrough=0055d11b
instruction	0055d066	FUN_0055d066	0055d11b	0055d11d	CONDITIONAL_JUMP	FUN_0055d066	bytes=743D;mnemonic=JZ;instruction=JZ 0x0055d15a;inputs=ZF;results=;flows=0055d15a;fallthrough=0055d11d
instruction_reference	0055d066	FUN_0055d066	0055d11b	0055d15a	CONDITIONAL_JUMP	LAB_0055d15a	operand_index=0;primary=true;source=DEFAULT
instruction	0055d066	FUN_0055d066	0055d11d	0055d120	FALL_THROUGH	FUN_0055d066	bytes=8B4DB8;mnemonic=MOV;instruction=MOV ECX,dword ptr [EBP + -0x48];inputs=EBP,0xffffffb8;results=ECX;flows=;fallthrough=0055d120
instruction_reference	0055d066	FUN_0055d066	0055d11d	Stack[-0x4c]	READ		operand_index=1;primary=true;source=ANALYSIS
instruction	0055d066	FUN_0055d066	0055d120	0055d126	FALL_THROUGH	FUN_0055d066	bytes=8B91F4000000;mnemonic=MOV;instruction=MOV EDX,dword ptr [ECX + 0xf4];inputs=ECX,0xf4;results=EDX;flows=;fallthrough=0055d126
instruction	0055d066	FUN_0055d066	0055d126	0055d129	FALL_THROUGH	FUN_0055d066	bytes=8955EC;mnemonic=MOV;instruction=MOV dword ptr [EBP + -0x14],EDX;inputs=0xffffffec,EBP,EDX;results=;flows=;fallthrough=0055d129
instruction_reference	0055d066	FUN_0055d066	0055d126	Stack[-0x18]	WRITE		operand_index=0;primary=true;source=ANALYSIS
instruction	0055d066	FUN_0055d066	0055d129	0055d12c	FALL_THROUGH	FUN_0055d066	bytes=8B45EC;mnemonic=MOV;instruction=MOV EAX,dword ptr [EBP + -0x14];inputs=0xffffffec,EBP;results=EAX;flows=;fallthrough=0055d12c
instruction_reference	0055d066	FUN_0055d066	0055d129	Stack[-0x18]	READ		operand_index=1;primary=true;source=ANALYSIS
instruction	0055d066	FUN_0055d066	0055d12c	0055d12f	FALL_THROUGH	FUN_0055d066	bytes=8945F0;mnemonic=MOV;instruction=MOV dword ptr [EBP + -0x10],EAX;inputs=EAX,EBP,0xfffffff0;results=;flows=;fallthrough=0055d12f
instruction_reference	0055d066	FUN_0055d066	0055d12c	Stack[-0x14]	WRITE		operand_index=0;primary=true;source=ANALYSIS
instruction	0055d066	FUN_0055d066	0055d12f	0055d133	FALL_THROUGH	FUN_0055d066	bytes=837DF000;mnemonic=CMP;instruction=CMP dword ptr [EBP + -0x10],0x0;inputs=0x0,0x1,EBP,0xfffffff0,0xff;results=CF,PF,ZF,SF,OF;flows=;fallthrough=0055d133
instruction_reference	0055d066	FUN_0055d066	0055d12f	Stack[-0x14]	READ		operand_index=0;primary=true;source=ANALYSIS
instruction	0055d066	FUN_0055d066	0055d133	0055d135	CONDITIONAL_JUMP	FUN_0055d066	bytes=7411;mnemonic=JZ;instruction=JZ 0x0055d146;inputs=ZF;results=;flows=0055d146;fallthrough=0055d135
instruction_reference	0055d066	FUN_0055d066	0055d133	0055d146	CONDITIONAL_JUMP	LAB_0055d146	operand_index=0;primary=true;source=DEFAULT
instruction	0055d066	FUN_0055d066	0055d135	0055d137	FALL_THROUGH	FUN_0055d066	bytes=6A01;mnemonic=PUSH;instruction=PUSH 0x1;inputs=ESP,0x1,0x4;results=ESP;flows=;fallthrough=0055d137
instruction	0055d066	FUN_0055d066	0055d137	0055d13a	FALL_THROUGH	FUN_0055d066	bytes=8B4DF0;mnemonic=MOV;instruction=MOV ECX,dword ptr [EBP + -0x10];inputs=EBP,0xfffffff0;results=ECX;flows=;fallthrough=0055d13a
instruction_reference	0055d066	FUN_0055d066	0055d137	Stack[-0x14]	READ		operand_index=1;primary=true;source=ANALYSIS
instruction	0055d066	FUN_0055d066	0055d13a	0055d13c	FALL_THROUGH	FUN_0055d066	bytes=8B11;mnemonic=MOV;instruction=MOV EDX,dword ptr [ECX];inputs=ECX;results=EDX;flows=;fallthrough=0055d13c
instruction	0055d066	FUN_0055d066	0055d13c	0055d13f	FALL_THROUGH	FUN_0055d066	bytes=8B4DF0;mnemonic=MOV;instruction=MOV ECX,dword ptr [EBP + -0x10];inputs=EBP,0xfffffff0;results=ECX;flows=;fallthrough=0055d13f
instruction_reference	0055d066	FUN_0055d066	0055d13c	Stack[-0x14]	READ		operand_index=1;primary=true;source=ANALYSIS
instruction	0055d066	FUN_0055d066	0055d13f	0055d141	COMPUTED_CALL	FUN_0055d066	bytes=FF12;mnemonic=CALL;instruction=CALL dword ptr [EDX];inputs=ESP,0x4,0x55d141,EDX;results=ESP;flows=;fallthrough=0055d141
instruction	0055d066	FUN_0055d066	0055d141	0055d144	FALL_THROUGH	FUN_0055d066	bytes=8945B0;mnemonic=MOV;instruction=MOV dword ptr [EBP + -0x50],EAX;inputs=EAX,EBP,0xffffffb0;results=;flows=;fallthrough=0055d144
instruction_reference	0055d066	FUN_0055d066	0055d141	Stack[-0x54]	WRITE		operand_index=0;primary=true;source=ANALYSIS
instruction	0055d066	FUN_0055d066	0055d144		UNCONDITIONAL_JUMP	FUN_0055d066	bytes=EB07;mnemonic=JMP;instruction=JMP 0x0055d14d;inputs=;results=;flows=0055d14d;fallthrough=
instruction_reference	0055d066	FUN_0055d066	0055d144	0055d14d	UNCONDITIONAL_JUMP	LAB_0055d14d	operand_index=0;primary=true;source=DEFAULT
instruction	0055d066	FUN_0055d066	0055d146	0055d14d	FALL_THROUGH	FUN_0055d066	bytes=C745B000000000;mnemonic=MOV;instruction=MOV dword ptr [EBP + -0x50],0x0;inputs=0x0,EBP,0xffffffb0;results=;flows=;fallthrough=0055d14d
instruction_reference	0055d066	FUN_0055d066	0055d146	Stack[-0x54]	WRITE		operand_index=0;primary=true;source=ANALYSIS
instruction	0055d066	FUN_0055d066	0055d14d	0055d150	FALL_THROUGH	FUN_0055d066	bytes=8B45B8;mnemonic=MOV;instruction=MOV EAX,dword ptr [EBP + -0x48];inputs=EBP,0xffffffb8;results=EAX;flows=;fallthrough=0055d150
instruction_reference	0055d066	FUN_0055d066	0055d14d	Stack[-0x4c]	READ		operand_index=1;primary=true;source=ANALYSIS
instruction	0055d066	FUN_0055d066	0055d150	0055d15a	FALL_THROUGH	FUN_0055d066	bytes=C780F400000000000000;mnemonic=MOV;instruction=MOV dword ptr [EAX + 0xf4],0x0;inputs=EAX,0x0,0xf4;results=;flows=;fallthrough=0055d15a
instruction	0055d066	FUN_0055d066	0055d15a	0055d15d	FALL_THROUGH	FUN_0055d066	bytes=8B4DB8;mnemonic=MOV;instruction=MOV ECX,dword ptr [EBP + -0x48];inputs=EBP,0xffffffb8;results=ECX;flows=;fallthrough=0055d15d
instruction_reference	0055d066	FUN_0055d066	0055d15a	Stack[-0x4c]	READ		operand_index=1;primary=true;source=ANALYSIS
instruction	0055d066	FUN_0055d066	0055d15d	0055d164	FALL_THROUGH	FUN_0055d066	bytes=83B9E000000000;mnemonic=CMP;instruction=CMP dword ptr [ECX + 0xe0],0x0;inputs=0xe0,0x0,0x1,ECX,0xff;results=CF,PF,ZF,SF,OF;flows=;fallthrough=0055d164
instruction	0055d066	FUN_0055d066	0055d164	0055d166	CONDITIONAL_JUMP	FUN_0055d066	bytes=743D;mnemonic=JZ;instruction=JZ 0x0055d1a3;inputs=ZF;results=;flows=0055d1a3;fallthrough=0055d166
instruction_reference	0055d066	FUN_0055d066	0055d164	0055d1a3	CONDITIONAL_JUMP	LAB_0055d1a3	operand_index=0;primary=true;source=DEFAULT
instruction	0055d066	FUN_0055d066	0055d166	0055d169	FALL_THROUGH	FUN_0055d066	bytes=8B55B8;mnemonic=MOV;instruction=MOV EDX,dword ptr [EBP + -0x48];inputs=EBP,0xffffffb8;results=EDX;flows=;fallthrough=0055d169
instruction_reference	0055d066	FUN_0055d066	0055d166	Stack[-0x4c]	READ		operand_index=1;primary=true;source=ANALYSIS
instruction	0055d066	FUN_0055d066	0055d169	0055d16f	FALL_THROUGH	FUN_0055d066	bytes=8B82E0000000;mnemonic=MOV;instruction=MOV EAX,dword ptr [EDX + 0xe0];inputs=0xe0,EDX;results=EAX;flows=;fallthrough=0055d16f
instruction	0055d066	FUN_0055d066	0055d16f	0055d172	FALL_THROUGH	FUN_0055d066	bytes=8945E4;mnemonic=MOV;instruction=MOV dword ptr [EBP + -0x1c],EAX;inputs=EAX,EBP,0xffffffe4;results=;flows=;fallthrough=0055d172
instruction_reference	0055d066	FUN_0055d066	0055d16f	Stack[-0x20]	WRITE		operand_index=0;primary=true;source=ANALYSIS
instruction	0055d066	FUN_0055d066	0055d172	0055d175	FALL_THROUGH	FUN_0055d066	bytes=8B4DE4;mnemonic=MOV;instruction=MOV ECX,dword ptr [EBP + -0x1c];inputs=EBP,0xffffffe4;results=ECX;flows=;fallthrough=0055d175
instruction_reference	0055d066	FUN_0055d066	0055d172	Stack[-0x20]	READ		operand_index=1;primary=true;source=ANALYSIS
instruction	0055d066	FUN_0055d066	0055d175	0055d178	FALL_THROUGH	FUN_0055d066	bytes=894DE8;mnemonic=MOV;instruction=MOV dword ptr [EBP + -0x18],ECX;inputs=EBP,ECX,0xffffffe8;results=;flows=;fallthrough=0055d178
instruction_reference	0055d066	FUN_0055d066	0055d175	Stack[-0x1c]	WRITE		operand_index=0;primary=true;source=ANALYSIS
instruction	0055d066	FUN_0055d066	0055d178	0055d17c	FALL_THROUGH	FUN_0055d066	bytes=837DE800;mnemonic=CMP;instruction=CMP dword ptr [EBP + -0x18],0x0;inputs=0x0,0x1,EBP,0xffffffe8,0xff;results=CF,PF,ZF,SF,OF;flows=;fallthrough=0055d17c
instruction_reference	0055d066	FUN_0055d066	0055d178	Stack[-0x1c]	READ		operand_index=0;primary=true;source=ANALYSIS
instruction	0055d066	FUN_0055d066	0055d17c	0055d17e	CONDITIONAL_JUMP	FUN_0055d066	bytes=7411;mnemonic=JZ;instruction=JZ 0x0055d18f;inputs=ZF;results=;flows=0055d18f;fallthrough=0055d17e
instruction_reference	0055d066	FUN_0055d066	0055d17c	0055d18f	CONDITIONAL_JUMP	LAB_0055d18f	operand_index=0;primary=true;source=DEFAULT
instruction	0055d066	FUN_0055d066	0055d17e	0055d180	FALL_THROUGH	FUN_0055d066	bytes=6A01;mnemonic=PUSH;instruction=PUSH 0x1;inputs=ESP,0x1,0x4;results=ESP;flows=;fallthrough=0055d180
instruction	0055d066	FUN_0055d066	0055d180	0055d183	FALL_THROUGH	FUN_0055d066	bytes=8B55E8;mnemonic=MOV;instruction=MOV EDX,dword ptr [EBP + -0x18];inputs=EBP,0xffffffe8;results=EDX;flows=;fallthrough=0055d183
instruction_reference	0055d066	FUN_0055d066	0055d180	Stack[-0x1c]	READ		operand_index=1;primary=true;source=ANALYSIS
instruction	0055d066	FUN_0055d066	0055d183	0055d185	FALL_THROUGH	FUN_0055d066	bytes=8B02;mnemonic=MOV;instruction=MOV EAX,dword ptr [EDX];inputs=EDX;results=EAX;flows=;fallthrough=0055d185
instruction	0055d066	FUN_0055d066	0055d185	0055d188	FALL_THROUGH	FUN_0055d066	bytes=8B4DE8;mnemonic=MOV;instruction=MOV ECX,dword ptr [EBP + -0x18];inputs=EBP,0xffffffe8;results=ECX;flows=;fallthrough=0055d188
instruction_reference	0055d066	FUN_0055d066	0055d185	Stack[-0x1c]	READ		operand_index=1;primary=true;source=ANALYSIS
instruction	0055d066	FUN_0055d066	0055d188	0055d18a	COMPUTED_CALL	FUN_0055d066	bytes=FF10;mnemonic=CALL;instruction=CALL dword ptr [EAX];inputs=EAX,ESP,0x4,0x55d18a;results=ESP;flows=;fallthrough=0055d18a
instruction	0055d066	FUN_0055d066	0055d18a	0055d18d	FALL_THROUGH	FUN_0055d066	bytes=8945AC;mnemonic=MOV;instruction=MOV dword ptr [EBP + -0x54],EAX;inputs=EAX,0xffffffac,EBP;results=;flows=;fallthrough=0055d18d
instruction_reference	0055d066	FUN_0055d066	0055d18a	Stack[-0x58]	WRITE		operand_index=0;primary=true;source=ANALYSIS
instruction	0055d066	FUN_0055d066	0055d18d		UNCONDITIONAL_JUMP	FUN_0055d066	bytes=EB07;mnemonic=JMP;instruction=JMP 0x0055d196;inputs=;results=;flows=0055d196;fallthrough=
instruction_reference	0055d066	FUN_0055d066	0055d18d	0055d196	UNCONDITIONAL_JUMP	LAB_0055d196	operand_index=0;primary=true;source=DEFAULT
instruction	0055d066	FUN_0055d066	0055d18f	0055d196	FALL_THROUGH	FUN_0055d066	bytes=C745AC00000000;mnemonic=MOV;instruction=MOV dword ptr [EBP + -0x54],0x0;inputs=0x0,0xffffffac,EBP;results=;flows=;fallthrough=0055d196
instruction_reference	0055d066	FUN_0055d066	0055d18f	Stack[-0x58]	WRITE		operand_index=0;primary=true;source=ANALYSIS
instruction	0055d066	FUN_0055d066	0055d196	0055d199	FALL_THROUGH	FUN_0055d066	bytes=8B4DB8;mnemonic=MOV;instruction=MOV ECX,dword ptr [EBP + -0x48];inputs=EBP,0xffffffb8;results=ECX;flows=;fallthrough=0055d199
instruction_reference	0055d066	FUN_0055d066	0055d196	Stack[-0x4c]	READ		operand_index=1;primary=true;source=ANALYSIS
instruction	0055d066	FUN_0055d066	0055d199	0055d1a3	FALL_THROUGH	FUN_0055d066	bytes=C781E000000000000000;mnemonic=MOV;instruction=MOV dword ptr [ECX + 0xe0],0x0;inputs=0xe0,0x0,ECX;results=;flows=;fallthrough=0055d1a3
instruction	0055d066	FUN_0055d066	0055d1a3	0055d1a6	FALL_THROUGH	FUN_0055d066	bytes=8B55B8;mnemonic=MOV;instruction=MOV EDX,dword ptr [EBP + -0x48];inputs=EBP,0xffffffb8;results=EDX;flows=;fallthrough=0055d1a6
instruction_reference	0055d066	FUN_0055d066	0055d1a3	Stack[-0x4c]	READ		operand_index=1;primary=true;source=ANALYSIS
instruction	0055d066	FUN_0055d066	0055d1a6	0055d1ad	FALL_THROUGH	FUN_0055d066	bytes=83BAE400000000;mnemonic=CMP;instruction=CMP dword ptr [EDX + 0xe4],0x0;inputs=0x0,0x1,0xe4,EDX,0xff;results=CF,PF,ZF,SF,OF;flows=;fallthrough=0055d1ad
instruction	0055d066	FUN_0055d066	0055d1ad	0055d1af	CONDITIONAL_JUMP	FUN_0055d066	bytes=743B;mnemonic=JZ;instruction=JZ 0x0055d1ea;inputs=ZF;results=;flows=0055d1ea;fallthrough=0055d1af
instruction_reference	0055d066	FUN_0055d066	0055d1ad	0055d1ea	CONDITIONAL_JUMP	LAB_0055d1ea	operand_index=0;primary=true;source=DEFAULT
instruction	0055d066	FUN_0055d066	0055d1af	0055d1b2	FALL_THROUGH	FUN_0055d066	bytes=8B45B8;mnemonic=MOV;instruction=MOV EAX,dword ptr [EBP + -0x48];inputs=EBP,0xffffffb8;results=EAX;flows=;fallthrough=0055d1b2
instruction_reference	0055d066	FUN_0055d066	0055d1af	Stack[-0x4c]	READ		operand_index=1;primary=true;source=ANALYSIS
instruction	0055d066	FUN_0055d066	0055d1b2	0055d1b8	FALL_THROUGH	FUN_0055d066	bytes=8B88E4000000;mnemonic=MOV;instruction=MOV ECX,dword ptr [EAX + 0xe4];inputs=EAX,0xe4;results=ECX;flows=;fallthrough=0055d1b8
instruction	0055d066	FUN_0055d066	0055d1b8	0055d1bb	FALL_THROUGH	FUN_0055d066	bytes=894DDC;mnemonic=MOV;instruction=MOV dword ptr [EBP + -0x24],ECX;inputs=0xffffffdc,EBP,ECX;results=;flows=;fallthrough=0055d1bb
instruction_reference	0055d066	FUN_0055d066	0055d1b8	Stack[-0x28]	WRITE		operand_index=0;primary=true;source=ANALYSIS
instruction	0055d066	FUN_0055d066	0055d1bb	0055d1be	FALL_THROUGH	FUN_0055d066	bytes=8B55DC;mnemonic=MOV;instruction=MOV EDX,dword ptr [EBP + -0x24];inputs=0xffffffdc,EBP;results=EDX;flows=;fallthrough=0055d1be
instruction_reference	0055d066	FUN_0055d066	0055d1bb	Stack[-0x28]	READ		operand_index=1;primary=true;source=ANALYSIS
instruction	0055d066	FUN_0055d066	0055d1be	0055d1c1	FALL_THROUGH	FUN_0055d066	bytes=8955E0;mnemonic=MOV;instruction=MOV dword ptr [EBP + -0x20],EDX;inputs=EBP,EDX,0xffffffe0;results=;flows=;fallthrough=0055d1c1
instruction_reference	0055d066	FUN_0055d066	0055d1be	Stack[-0x24]	WRITE		operand_index=0;primary=true;source=ANALYSIS
instruction	0055d066	FUN_0055d066	0055d1c1	0055d1c5	FALL_THROUGH	FUN_0055d066	bytes=837DE000;mnemonic=CMP;instruction=CMP dword ptr [EBP + -0x20],0x0;inputs=0x0,0x1,EBP,0xffffffe0,0xff;results=CF,PF,ZF,SF,OF;flows=;fallthrough=0055d1c5
instruction_reference	0055d066	FUN_0055d066	0055d1c1	Stack[-0x24]	READ		operand_index=0;primary=true;source=ANALYSIS
instruction	0055d066	FUN_0055d066	0055d1c5	0055d1c7	CONDITIONAL_JUMP	FUN_0055d066	bytes=740F;mnemonic=JZ;instruction=JZ 0x0055d1d6;inputs=ZF;results=;flows=0055d1d6;fallthrough=0055d1c7
instruction_reference	0055d066	FUN_0055d066	0055d1c5	0055d1d6	CONDITIONAL_JUMP	LAB_0055d1d6	operand_index=0;primary=true;source=DEFAULT
instruction	0055d066	FUN_0055d066	0055d1c7	0055d1c9	FALL_THROUGH	FUN_0055d066	bytes=6A01;mnemonic=PUSH;instruction=PUSH 0x1;inputs=ESP,0x1,0x4;results=ESP;flows=;fallthrough=0055d1c9
instruction	0055d066	FUN_0055d066	0055d1c9	0055d1cc	FALL_THROUGH	FUN_0055d066	bytes=8B4DE0;mnemonic=MOV;instruction=MOV ECX,dword ptr [EBP + -0x20];inputs=EBP,0xffffffe0;results=ECX;flows=;fallthrough=0055d1cc
instruction_reference	0055d066	FUN_0055d066	0055d1c9	Stack[-0x24]	READ		operand_index=1;primary=true;source=ANALYSIS
instruction	0055d066	FUN_0055d066	0055d1cc	0055d1d1	UNCONDITIONAL_CALL	FUN_0055d066	bytes=E83F220000;mnemonic=CALL;instruction=CALL 0x0055f410;inputs=ESP,0x4,0x55d1d1;results=ESP;flows=0055f410;fallthrough=0055d1d1
instruction_reference	0055d066	FUN_0055d066	0055d1cc	0055f410	UNCONDITIONAL_CALL	FUN_0055f410	operand_index=0;primary=true;source=DEFAULT
instruction	0055d066	FUN_0055d066	0055d1d1	0055d1d4	FALL_THROUGH	FUN_0055d066	bytes=8945A8;mnemonic=MOV;instruction=MOV dword ptr [EBP + -0x58],EAX;inputs=EAX,EBP,0xffffffa8;results=;flows=;fallthrough=0055d1d4
instruction_reference	0055d066	FUN_0055d066	0055d1d1	Stack[-0x5c]	WRITE		operand_index=0;primary=true;source=ANALYSIS
instruction	0055d066	FUN_0055d066	0055d1d4		UNCONDITIONAL_JUMP	FUN_0055d066	bytes=EB07;mnemonic=JMP;instruction=JMP 0x0055d1dd;inputs=;results=;flows=0055d1dd;fallthrough=
instruction_reference	0055d066	FUN_0055d066	0055d1d4	0055d1dd	UNCONDITIONAL_JUMP	LAB_0055d1dd	operand_index=0;primary=true;source=DEFAULT
instruction	0055d066	FUN_0055d066	0055d1d6	0055d1dd	FALL_THROUGH	FUN_0055d066	bytes=C745A800000000;mnemonic=MOV;instruction=MOV dword ptr [EBP + -0x58],0x0;inputs=0x0,EBP,0xffffffa8;results=;flows=;fallthrough=0055d1dd
instruction_reference	0055d066	FUN_0055d066	0055d1d6	Stack[-0x5c]	WRITE		operand_index=0;primary=true;source=ANALYSIS
instruction	0055d066	FUN_0055d066	0055d1dd	0055d1e0	FALL_THROUGH	FUN_0055d066	bytes=8B45B8;mnemonic=MOV;instruction=MOV EAX,dword ptr [EBP + -0x48];inputs=EBP,0xffffffb8;results=EAX;flows=;fallthrough=0055d1e0
instruction_reference	0055d066	FUN_0055d066	0055d1dd	Stack[-0x4c]	READ		operand_index=1;primary=true;source=ANALYSIS
instruction	0055d066	FUN_0055d066	0055d1e0	0055d1ea	FALL_THROUGH	FUN_0055d066	bytes=C780E400000000000000;mnemonic=MOV;instruction=MOV dword ptr [EAX + 0xe4],0x0;inputs=EAX,0x0,0xe4;results=;flows=;fallthrough=0055d1ea
instruction	0055d066	FUN_0055d066	0055d1ea	0055d1ed	FALL_THROUGH	FUN_0055d066	bytes=8B4DB8;mnemonic=MOV;instruction=MOV ECX,dword ptr [EBP + -0x48];inputs=EBP,0xffffffb8;results=ECX;flows=;fallthrough=0055d1ed
instruction_reference	0055d066	FUN_0055d066	0055d1ea	Stack[-0x4c]	READ		operand_index=1;primary=true;source=ANALYSIS
instruction	0055d066	FUN_0055d066	0055d1ed	0055d1f4	FALL_THROUGH	FUN_0055d066	bytes=83B9FC00000000;mnemonic=CMP;instruction=CMP dword ptr [ECX + 0xfc],0x0;inputs=0x0,0x1,ECX,0xfc,0xff;results=CF,PF,ZF,SF,OF;flows=;fallthrough=0055d1f4
instruction	0055d066	FUN_0055d066	0055d1f4	0055d1f6	CONDITIONAL_JUMP	FUN_0055d066	bytes=743B;mnemonic=JZ;instruction=JZ 0x0055d231;inputs=ZF;results=;flows=0055d231;fallthrough=0055d1f6
instruction_reference	0055d066	FUN_0055d066	0055d1f4	0055d231	CONDITIONAL_JUMP	LAB_0055d231	operand_index=0;primary=true;source=DEFAULT
instruction	0055d066	FUN_0055d066	0055d1f6	0055d1f9	FALL_THROUGH	FUN_0055d066	bytes=8B55B8;mnemonic=MOV;instruction=MOV EDX,dword ptr [EBP + -0x48];inputs=EBP,0xffffffb8;results=EDX;flows=;fallthrough=0055d1f9
instruction_reference	0055d066	FUN_0055d066	0055d1f6	Stack[-0x4c]	READ		operand_index=1;primary=true;source=ANALYSIS
instruction	0055d066	FUN_0055d066	0055d1f9	0055d1ff	FALL_THROUGH	FUN_0055d066	bytes=8B82FC000000;mnemonic=MOV;instruction=MOV EAX,dword ptr [EDX + 0xfc];inputs=EDX,0xfc;results=EAX;flows=;fallthrough=0055d1ff
instruction	0055d066	FUN_0055d066	0055d1ff	0055d202	FALL_THROUGH	FUN_0055d066	bytes=8945D4;mnemonic=MOV;instruction=MOV dword ptr [EBP + -0x2c],EAX;inputs=EAX,EBP,0xffffffd4;results=;flows=;fallthrough=0055d202
instruction_reference	0055d066	FUN_0055d066	0055d1ff	Stack[-0x30]	WRITE		operand_index=0;primary=true;source=ANALYSIS
instruction	0055d066	FUN_0055d066	0055d202	0055d205	FALL_THROUGH	FUN_0055d066	bytes=8B4DD4;mnemonic=MOV;instruction=MOV ECX,dword ptr [EBP + -0x2c];inputs=EBP,0xffffffd4;results=ECX;flows=;fallthrough=0055d205
instruction_reference	0055d066	FUN_0055d066	0055d202	Stack[-0x30]	READ		operand_index=1;primary=true;source=ANALYSIS
instruction	0055d066	FUN_0055d066	0055d205	0055d208	FALL_THROUGH	FUN_0055d066	bytes=894DD8;mnemonic=MOV;instruction=MOV dword ptr [EBP + -0x28],ECX;inputs=EBP,ECX,0xffffffd8;results=;flows=;fallthrough=0055d208
instruction_reference	0055d066	FUN_0055d066	0055d205	Stack[-0x2c]	WRITE		operand_index=0;primary=true;source=ANALYSIS
instruction	0055d066	FUN_0055d066	0055d208	0055d20c	FALL_THROUGH	FUN_0055d066	bytes=837DD800;mnemonic=CMP;instruction=CMP dword ptr [EBP + -0x28],0x0;inputs=0x0,0x1,EBP,0xffffffd8,0xff;results=CF,PF,ZF,SF,OF;flows=;fallthrough=0055d20c
instruction_reference	0055d066	FUN_0055d066	0055d208	Stack[-0x2c]	READ		operand_index=0;primary=true;source=ANALYSIS
instruction	0055d066	FUN_0055d066	0055d20c	0055d20e	CONDITIONAL_JUMP	FUN_0055d066	bytes=740F;mnemonic=JZ;instruction=JZ 0x0055d21d;inputs=ZF;results=;flows=0055d21d;fallthrough=0055d20e
instruction_reference	0055d066	FUN_0055d066	0055d20c	0055d21d	CONDITIONAL_JUMP	LAB_0055d21d	operand_index=0;primary=true;source=DEFAULT
instruction	0055d066	FUN_0055d066	0055d20e	0055d210	FALL_THROUGH	FUN_0055d066	bytes=6A01;mnemonic=PUSH;instruction=PUSH 0x1;inputs=ESP,0x1,0x4;results=ESP;flows=;fallthrough=0055d210
instruction	0055d066	FUN_0055d066	0055d210	0055d213	FALL_THROUGH	FUN_0055d066	bytes=8B4DD8;mnemonic=MOV;instruction=MOV ECX,dword ptr [EBP + -0x28];inputs=EBP,0xffffffd8;results=ECX;flows=;fallthrough=0055d213
instruction_reference	0055d066	FUN_0055d066	0055d210	Stack[-0x2c]	READ		operand_index=1;primary=true;source=ANALYSIS
instruction	0055d066	FUN_0055d066	0055d213	0055d218	UNCONDITIONAL_CALL	FUN_0055d066	bytes=E828220000;mnemonic=CALL;instruction=CALL 0x0055f440;inputs=ESP,0x4,0x55d218;results=ESP;flows=0055f440;fallthrough=0055d218
instruction_reference	0055d066	FUN_0055d066	0055d213	0055f440	UNCONDITIONAL_CALL	FUN_0055f440	operand_index=0;primary=true;source=DEFAULT
instruction	0055d066	FUN_0055d066	0055d218	0055d21b	FALL_THROUGH	FUN_0055d066	bytes=8945A4;mnemonic=MOV;instruction=MOV dword ptr [EBP + -0x5c],EAX;inputs=EAX,EBP,0xffffffa4;results=;flows=;fallthrough=0055d21b
instruction_reference	0055d066	FUN_0055d066	0055d218	Stack[-0x60]	WRITE		operand_index=0;primary=true;source=ANALYSIS
instruction	0055d066	FUN_0055d066	0055d21b		UNCONDITIONAL_JUMP	FUN_0055d066	bytes=EB07;mnemonic=JMP;instruction=JMP 0x0055d224;inputs=;results=;flows=0055d224;fallthrough=
instruction_reference	0055d066	FUN_0055d066	0055d21b	0055d224	UNCONDITIONAL_JUMP	LAB_0055d224	operand_index=0;primary=true;source=DEFAULT
instruction	0055d066	FUN_0055d066	0055d21d	0055d224	FALL_THROUGH	FUN_0055d066	bytes=C745A400000000;mnemonic=MOV;instruction=MOV dword ptr [EBP + -0x5c],0x0;inputs=0x0,EBP,0xffffffa4;results=;flows=;fallthrough=0055d224
instruction_reference	0055d066	FUN_0055d066	0055d21d	Stack[-0x60]	WRITE		operand_index=0;primary=true;source=ANALYSIS
instruction	0055d066	FUN_0055d066	0055d224	0055d227	FALL_THROUGH	FUN_0055d066	bytes=8B55B8;mnemonic=MOV;instruction=MOV EDX,dword ptr [EBP + -0x48];inputs=EBP,0xffffffb8;results=EDX;flows=;fallthrough=0055d227
instruction_reference	0055d066	FUN_0055d066	0055d224	Stack[-0x4c]	READ		operand_index=1;primary=true;source=ANALYSIS
instruction	0055d066	FUN_0055d066	0055d227	0055d231	FALL_THROUGH	FUN_0055d066	bytes=C782FC00000000000000;mnemonic=MOV;instruction=MOV dword ptr [EDX + 0xfc],0x0;inputs=0x0,EDX,0xfc;results=;flows=;fallthrough=0055d231
instruction	0055d066	FUN_0055d066	0055d231	0055d234	FALL_THROUGH	FUN_0055d066	bytes=8B45B8;mnemonic=MOV;instruction=MOV EAX,dword ptr [EBP + -0x48];inputs=EBP,0xffffffb8;results=EAX;flows=;fallthrough=0055d234
instruction_reference	0055d066	FUN_0055d066	0055d231	Stack[-0x4c]	READ		operand_index=1;primary=true;source=ANALYSIS
instruction	0055d066	FUN_0055d066	0055d234	0055d23b	FALL_THROUGH	FUN_0055d066	bytes=83B8EC00000000;mnemonic=CMP;instruction=CMP dword ptr [EAX + 0xec],0x0;inputs=EAX,0x0,0x1,0xec,0xff;results=CF,PF,ZF,SF,OF;flows=;fallthrough=0055d23b
instruction	0055d066	FUN_0055d066	0055d23b	0055d23d	CONDITIONAL_JUMP	FUN_0055d066	bytes=743B;mnemonic=JZ;instruction=JZ 0x0055d278;inputs=ZF;results=;flows=0055d278;fallthrough=0055d23d
instruction_reference	0055d066	FUN_0055d066	0055d23b	0055d278	CONDITIONAL_JUMP	LAB_0055d278	operand_index=0;primary=true;source=DEFAULT
instruction	0055d066	FUN_0055d066	0055d23d	0055d240	FALL_THROUGH	FUN_0055d066	bytes=8B4DB8;mnemonic=MOV;instruction=MOV ECX,dword ptr [EBP + -0x48];inputs=EBP,0xffffffb8;results=ECX;flows=;fallthrough=0055d240
instruction_reference	0055d066	FUN_0055d066	0055d23d	Stack[-0x4c]	READ		operand_index=1;primary=true;source=ANALYSIS
instruction	0055d066	FUN_0055d066	0055d240	0055d246	FALL_THROUGH	FUN_0055d066	bytes=8B91EC000000;mnemonic=MOV;instruction=MOV EDX,dword ptr [ECX + 0xec];inputs=ECX,0xec;results=EDX;flows=;fallthrough=0055d246
instruction	0055d066	FUN_0055d066	0055d246	0055d249	FALL_THROUGH	FUN_0055d066	bytes=8955CC;mnemonic=MOV;instruction=MOV dword ptr [EBP + -0x34],EDX;inputs=0xffffffcc,EBP,EDX;results=;flows=;fallthrough=0055d249
instruction_reference	0055d066	FUN_0055d066	0055d246	Stack[-0x38]	WRITE		operand_index=0;primary=true;source=ANALYSIS
instruction	0055d066	FUN_0055d066	0055d249	0055d24c	FALL_THROUGH	FUN_0055d066	bytes=8B45CC;mnemonic=MOV;instruction=MOV EAX,dword ptr [EBP + -0x34];inputs=0xffffffcc,EBP;results=EAX;flows=;fallthrough=0055d24c
instruction_reference	0055d066	FUN_0055d066	0055d249	Stack[-0x38]	READ		operand_index=1;primary=true;source=ANALYSIS
instruction	0055d066	FUN_0055d066	0055d24c	0055d24f	FALL_THROUGH	FUN_0055d066	bytes=8945D0;mnemonic=MOV;instruction=MOV dword ptr [EBP + -0x30],EAX;inputs=EAX,EBP,0xffffffd0;results=;flows=;fallthrough=0055d24f
instruction_reference	0055d066	FUN_0055d066	0055d24c	Stack[-0x34]	WRITE		operand_index=0;primary=true;source=ANALYSIS
instruction	0055d066	FUN_0055d066	0055d24f	0055d253	FALL_THROUGH	FUN_0055d066	bytes=837DD000;mnemonic=CMP;instruction=CMP dword ptr [EBP + -0x30],0x0;inputs=0x0,0x1,EBP,0xffffffd0,0xff;results=CF,PF,ZF,SF,OF;flows=;fallthrough=0055d253
instruction_reference	0055d066	FUN_0055d066	0055d24f	Stack[-0x34]	READ		operand_index=0;primary=true;source=ANALYSIS
instruction	0055d066	FUN_0055d066	0055d253	0055d255	CONDITIONAL_JUMP	FUN_0055d066	bytes=740F;mnemonic=JZ;instruction=JZ 0x0055d264;inputs=ZF;results=;flows=0055d264;fallthrough=0055d255
instruction_reference	0055d066	FUN_0055d066	0055d253	0055d264	CONDITIONAL_JUMP	LAB_0055d264	operand_index=0;primary=true;source=DEFAULT
instruction	0055d066	FUN_0055d066	0055d255	0055d257	FALL_THROUGH	FUN_0055d066	bytes=6A01;mnemonic=PUSH;instruction=PUSH 0x1;inputs=ESP,0x1,0x4;results=ESP;flows=;fallthrough=0055d257
instruction	0055d066	FUN_0055d066	0055d257	0055d25a	FALL_THROUGH	FUN_0055d066	bytes=8B4DD0;mnemonic=MOV;instruction=MOV ECX,dword ptr [EBP + -0x30];inputs=EBP,0xffffffd0;results=ECX;flows=;fallthrough=0055d25a
instruction_reference	0055d066	FUN_0055d066	0055d257	Stack[-0x34]	READ		operand_index=1;primary=true;source=ANALYSIS
instruction	0055d066	FUN_0055d066	0055d25a	0055d25f	UNCONDITIONAL_CALL	FUN_0055d066	bytes=E8916AF3FF;mnemonic=CALL;instruction=CALL 0x00493cf0;inputs=ESP,0x4,0x55d25f;results=ESP;flows=00493cf0;fallthrough=0055d25f
instruction_reference	0055d066	FUN_0055d066	0055d25a	00493cf0	UNCONDITIONAL_CALL	FUN_00493cf0	operand_index=0;primary=true;source=DEFAULT
instruction	0055d066	FUN_0055d066	0055d25f	0055d262	FALL_THROUGH	FUN_0055d066	bytes=8945A0;mnemonic=MOV;instruction=MOV dword ptr [EBP + -0x60],EAX;inputs=EAX,EBP,0xffffffa0;results=;flows=;fallthrough=0055d262
instruction_reference	0055d066	FUN_0055d066	0055d25f	Stack[-0x64]	WRITE		operand_index=0;primary=true;source=ANALYSIS
instruction	0055d066	FUN_0055d066	0055d262		UNCONDITIONAL_JUMP	FUN_0055d066	bytes=EB07;mnemonic=JMP;instruction=JMP 0x0055d26b;inputs=;results=;flows=0055d26b;fallthrough=
instruction_reference	0055d066	FUN_0055d066	0055d262	0055d26b	UNCONDITIONAL_JUMP	LAB_0055d26b	operand_index=0;primary=true;source=DEFAULT
instruction	0055d066	FUN_0055d066	0055d264	0055d26b	FALL_THROUGH	FUN_0055d066	bytes=C745A000000000;mnemonic=MOV;instruction=MOV dword ptr [EBP + -0x60],0x0;inputs=0x0,EBP,0xffffffa0;results=;flows=;fallthrough=0055d26b
instruction_reference	0055d066	FUN_0055d066	0055d264	Stack[-0x64]	WRITE		operand_index=0;primary=true;source=ANALYSIS
instruction	0055d066	FUN_0055d066	0055d26b	0055d26e	FALL_THROUGH	FUN_0055d066	bytes=8B4DB8;mnemonic=MOV;instruction=MOV ECX,dword ptr [EBP + -0x48];inputs=EBP,0xffffffb8;results=ECX;flows=;fallthrough=0055d26e
instruction_reference	0055d066	FUN_0055d066	0055d26b	Stack[-0x4c]	READ		operand_index=1;primary=true;source=ANALYSIS
instruction	0055d066	FUN_0055d066	0055d26e	0055d278	FALL_THROUGH	FUN_0055d066	bytes=C781EC00000000000000;mnemonic=MOV;instruction=MOV dword ptr [ECX + 0xec],0x0;inputs=0x0,ECX,0xec;results=;flows=;fallthrough=0055d278
instruction	0055d066	FUN_0055d066	0055d278	0055d27b	FALL_THROUGH	FUN_0055d066	bytes=8B55B8;mnemonic=MOV;instruction=MOV EDX,dword ptr [EBP + -0x48];inputs=EBP,0xffffffb8;results=EDX;flows=;fallthrough=0055d27b
instruction_reference	0055d066	FUN_0055d066	0055d278	Stack[-0x4c]	READ		operand_index=1;primary=true;source=ANALYSIS
instruction	0055d066	FUN_0055d066	0055d27b	0055d282	FALL_THROUGH	FUN_0055d066	bytes=83BAE800000000;mnemonic=CMP;instruction=CMP dword ptr [EDX + 0xe8],0x0;inputs=0x0,0x1,EDX,0xe8,0xff;results=CF,PF,ZF,SF,OF;flows=;fallthrough=0055d282
instruction	0055d066	FUN_0055d066	0055d282	0055d284	CONDITIONAL_JUMP	FUN_0055d066	bytes=743D;mnemonic=JZ;instruction=JZ 0x0055d2c1;inputs=ZF;results=;flows=0055d2c1;fallthrough=0055d284
instruction_reference	0055d066	FUN_0055d066	0055d282	0055d2c1	CONDITIONAL_JUMP	LAB_0055d2c1	operand_index=0;primary=true;source=DEFAULT
instruction	0055d066	FUN_0055d066	0055d284	0055d287	FALL_THROUGH	FUN_0055d066	bytes=8B45B8;mnemonic=MOV;instruction=MOV EAX,dword ptr [EBP + -0x48];inputs=EBP,0xffffffb8;results=EAX;flows=;fallthrough=0055d287
instruction_reference	0055d066	FUN_0055d066	0055d284	Stack[-0x4c]	READ		operand_index=1;primary=true;source=ANALYSIS
instruction	0055d066	FUN_0055d066	0055d287	0055d28d	FALL_THROUGH	FUN_0055d066	bytes=8B88E8000000;mnemonic=MOV;instruction=MOV ECX,dword ptr [EAX + 0xe8];inputs=EAX,0xe8;results=ECX;flows=;fallthrough=0055d28d
instruction	0055d066	FUN_0055d066	0055d28d	0055d290	FALL_THROUGH	FUN_0055d066	bytes=894DC4;mnemonic=MOV;instruction=MOV dword ptr [EBP + -0x3c],ECX;inputs=EBP,ECX,0xffffffc4;results=;flows=;fallthrough=0055d290
instruction_reference	0055d066	FUN_0055d066	0055d28d	Stack[-0x40]	WRITE		operand_index=0;primary=true;source=ANALYSIS
instruction	0055d066	FUN_0055d066	0055d290	0055d293	FALL_THROUGH	FUN_0055d066	bytes=8B55C4;mnemonic=MOV;instruction=MOV EDX,dword ptr [EBP + -0x3c];inputs=EBP,0xffffffc4;results=EDX;flows=;fallthrough=0055d293
instruction_reference	0055d066	FUN_0055d066	0055d290	Stack[-0x40]	READ		operand_index=1;primary=true;source=ANALYSIS
instruction	0055d066	FUN_0055d066	0055d293	0055d296	FALL_THROUGH	FUN_0055d066	bytes=8955C8;mnemonic=MOV;instruction=MOV dword ptr [EBP + -0x38],EDX;inputs=EBP,0xffffffc8,EDX;results=;flows=;fallthrough=0055d296
instruction_reference	0055d066	FUN_0055d066	0055d293	Stack[-0x3c]	WRITE		operand_index=0;primary=true;source=ANALYSIS
instruction	0055d066	FUN_0055d066	0055d296	0055d29a	FALL_THROUGH	FUN_0055d066	bytes=837DC800;mnemonic=CMP;instruction=CMP dword ptr [EBP + -0x38],0x0;inputs=0x0,0x1,EBP,0xffffffc8,0xff;results=CF,PF,ZF,SF,OF;flows=;fallthrough=0055d29a
instruction_reference	0055d066	FUN_0055d066	0055d296	Stack[-0x3c]	READ		operand_index=0;primary=true;source=ANALYSIS
instruction	0055d066	FUN_0055d066	0055d29a	0055d29c	CONDITIONAL_JUMP	FUN_0055d066	bytes=7411;mnemonic=JZ;instruction=JZ 0x0055d2ad;inputs=ZF;results=;flows=0055d2ad;fallthrough=0055d29c
instruction_reference	0055d066	FUN_0055d066	0055d29a	0055d2ad	CONDITIONAL_JUMP	LAB_0055d2ad	operand_index=0;primary=true;source=DEFAULT
instruction	0055d066	FUN_0055d066	0055d29c	0055d29e	FALL_THROUGH	FUN_0055d066	bytes=6A01;mnemonic=PUSH;instruction=PUSH 0x1;inputs=ESP,0x1,0x4;results=ESP;flows=;fallthrough=0055d29e
instruction	0055d066	FUN_0055d066	0055d29e	0055d2a1	FALL_THROUGH	FUN_0055d066	bytes=8B45C8;mnemonic=MOV;instruction=MOV EAX,dword ptr [EBP + -0x38];inputs=EBP,0xffffffc8;results=EAX;flows=;fallthrough=0055d2a1
instruction_reference	0055d066	FUN_0055d066	0055d29e	Stack[-0x3c]	READ		operand_index=1;primary=true;source=ANALYSIS
instruction	0055d066	FUN_0055d066	0055d2a1	0055d2a3	FALL_THROUGH	FUN_0055d066	bytes=8B10;mnemonic=MOV;instruction=MOV EDX,dword ptr [EAX];inputs=EAX;results=EDX;flows=;fallthrough=0055d2a3
instruction	0055d066	FUN_0055d066	0055d2a3	0055d2a6	FALL_THROUGH	FUN_0055d066	bytes=8B4DC8;mnemonic=MOV;instruction=MOV ECX,dword ptr [EBP + -0x38];inputs=EBP,0xffffffc8;results=ECX;flows=;fallthrough=0055d2a6
instruction_reference	0055d066	FUN_0055d066	0055d2a3	Stack[-0x3c]	READ		operand_index=1;primary=true;source=ANALYSIS
instruction	0055d066	FUN_0055d066	0055d2a6	0055d2a8	COMPUTED_CALL	FUN_0055d066	bytes=FF12;mnemonic=CALL;instruction=CALL dword ptr [EDX];inputs=ESP,0x4,EDX,0x55d2a8;results=ESP;flows=;fallthrough=0055d2a8
instruction	0055d066	FUN_0055d066	0055d2a8	0055d2ab	FALL_THROUGH	FUN_0055d066	bytes=89459C;mnemonic=MOV;instruction=MOV dword ptr [EBP + -0x64],EAX;inputs=EAX,0xffffff9c,EBP;results=;flows=;fallthrough=0055d2ab
instruction_reference	0055d066	FUN_0055d066	0055d2a8	Stack[-0x68]	WRITE		operand_index=0;primary=true;source=ANALYSIS
instruction	0055d066	FUN_0055d066	0055d2ab		UNCONDITIONAL_JUMP	FUN_0055d066	bytes=EB07;mnemonic=JMP;instruction=JMP 0x0055d2b4;inputs=;results=;flows=0055d2b4;fallthrough=
instruction_reference	0055d066	FUN_0055d066	0055d2ab	0055d2b4	UNCONDITIONAL_JUMP	LAB_0055d2b4	operand_index=0;primary=true;source=DEFAULT
instruction	0055d066	FUN_0055d066	0055d2ad	0055d2b4	FALL_THROUGH	FUN_0055d066	bytes=C7459C00000000;mnemonic=MOV;instruction=MOV dword ptr [EBP + -0x64],0x0;inputs=0x0,0xffffff9c,EBP;results=;flows=;fallthrough=0055d2b4
instruction_reference	0055d066	FUN_0055d066	0055d2ad	Stack[-0x68]	WRITE		operand_index=0;primary=true;source=ANALYSIS
instruction	0055d066	FUN_0055d066	0055d2b4	0055d2b7	FALL_THROUGH	FUN_0055d066	bytes=8B45B8;mnemonic=MOV;instruction=MOV EAX,dword ptr [EBP + -0x48];inputs=EBP,0xffffffb8;results=EAX;flows=;fallthrough=0055d2b7
instruction_reference	0055d066	FUN_0055d066	0055d2b4	Stack[-0x4c]	READ		operand_index=1;primary=true;source=ANALYSIS
instruction	0055d066	FUN_0055d066	0055d2b7	0055d2c1	FALL_THROUGH	FUN_0055d066	bytes=C780E800000000000000;mnemonic=MOV;instruction=MOV dword ptr [EAX + 0xe8],0x0;inputs=EAX,0x0,0xe8;results=;flows=;fallthrough=0055d2c1
instruction	0055d066	FUN_0055d066	0055d2c1	0055d2c4	FALL_THROUGH	FUN_0055d066	bytes=8B4DB8;mnemonic=MOV;instruction=MOV ECX,dword ptr [EBP + -0x48];inputs=EBP,0xffffffb8;results=ECX;flows=;fallthrough=0055d2c4
instruction_reference	0055d066	FUN_0055d066	0055d2c1	Stack[-0x4c]	READ		operand_index=1;primary=true;source=ANALYSIS
instruction	0055d066	FUN_0055d066	0055d2c4	0055d2cb	FALL_THROUGH	FUN_0055d066	bytes=83B9F000000000;mnemonic=CMP;instruction=CMP dword ptr [ECX + 0xf0],0x0;inputs=0xf0,0x0,0x1,ECX,0xff;results=CF,PF,ZF,SF,OF;flows=;fallthrough=0055d2cb
instruction	0055d066	FUN_0055d066	0055d2cb	0055d2cd	CONDITIONAL_JUMP	FUN_0055d066	bytes=743D;mnemonic=JZ;instruction=JZ 0x0055d30a;inputs=ZF;results=;flows=0055d30a;fallthrough=0055d2cd
instruction_reference	0055d066	FUN_0055d066	0055d2cb	0055d30a	CONDITIONAL_JUMP	LAB_0055d30a	operand_index=0;primary=true;source=DEFAULT
instruction	0055d066	FUN_0055d066	0055d2cd	0055d2d0	FALL_THROUGH	FUN_0055d066	bytes=8B55B8;mnemonic=MOV;instruction=MOV EDX,dword ptr [EBP + -0x48];inputs=EBP,0xffffffb8;results=EDX;flows=;fallthrough=0055d2d0
instruction_reference	0055d066	FUN_0055d066	0055d2cd	Stack[-0x4c]	READ		operand_index=1;primary=true;source=ANALYSIS
instruction	0055d066	FUN_0055d066	0055d2d0	0055d2d6	FALL_THROUGH	FUN_0055d066	bytes=8B82F0000000;mnemonic=MOV;instruction=MOV EAX,dword ptr [EDX + 0xf0];inputs=0xf0,EDX;results=EAX;flows=;fallthrough=0055d2d6
instruction	0055d066	FUN_0055d066	0055d2d6	0055d2d9	FALL_THROUGH	FUN_0055d066	bytes=8945BC;mnemonic=MOV;instruction=MOV dword ptr [EBP + -0x44],EAX;inputs=EAX,0xffffffbc,EBP;results=;flows=;fallthrough=0055d2d9
instruction_reference	0055d066	FUN_0055d066	0055d2d6	Stack[-0x48]	WRITE		operand_index=0;primary=true;source=ANALYSIS
instruction	0055d066	FUN_0055d066	0055d2d9	0055d2dc	FALL_THROUGH	FUN_0055d066	bytes=8B4DBC;mnemonic=MOV;instruction=MOV ECX,dword ptr [EBP + -0x44];inputs=0xffffffbc,EBP;results=ECX;flows=;fallthrough=0055d2dc
instruction_reference	0055d066	FUN_0055d066	0055d2d9	Stack[-0x48]	READ		operand_index=1;primary=true;source=ANALYSIS
instruction	0055d066	FUN_0055d066	0055d2dc	0055d2df	FALL_THROUGH	FUN_0055d066	bytes=894DC0;mnemonic=MOV;instruction=MOV dword ptr [EBP + -0x40],ECX;inputs=EBP,ECX,0xffffffc0;results=;flows=;fallthrough=0055d2df
instruction_reference	0055d066	FUN_0055d066	0055d2dc	Stack[-0x44]	WRITE		operand_index=0;primary=true;source=ANALYSIS
instruction	0055d066	FUN_0055d066	0055d2df	0055d2e3	FALL_THROUGH	FUN_0055d066	bytes=837DC000;mnemonic=CMP;instruction=CMP dword ptr [EBP + -0x40],0x0;inputs=0x0,0x1,EBP,0xffffffc0,0xff;results=CF,PF,ZF,SF,OF;flows=;fallthrough=0055d2e3
instruction_reference	0055d066	FUN_0055d066	0055d2df	Stack[-0x44]	READ		operand_index=0;primary=true;source=ANALYSIS
instruction	0055d066	FUN_0055d066	0055d2e3	0055d2e5	CONDITIONAL_JUMP	FUN_0055d066	bytes=7411;mnemonic=JZ;instruction=JZ 0x0055d2f6;inputs=ZF;results=;flows=0055d2f6;fallthrough=0055d2e5
instruction_reference	0055d066	FUN_0055d066	0055d2e3	0055d2f6	CONDITIONAL_JUMP	LAB_0055d2f6	operand_index=0;primary=true;source=DEFAULT
instruction	0055d066	FUN_0055d066	0055d2e5	0055d2e7	FALL_THROUGH	FUN_0055d066	bytes=6A01;mnemonic=PUSH;instruction=PUSH 0x1;inputs=ESP,0x1,0x4;results=ESP;flows=;fallthrough=0055d2e7
instruction	0055d066	FUN_0055d066	0055d2e7	0055d2ea	FALL_THROUGH	FUN_0055d066	bytes=8B55C0;mnemonic=MOV;instruction=MOV EDX,dword ptr [EBP + -0x40];inputs=EBP,0xffffffc0;results=EDX;flows=;fallthrough=0055d2ea
instruction_reference	0055d066	FUN_0055d066	0055d2e7	Stack[-0x44]	READ		operand_index=1;primary=true;source=ANALYSIS
instruction	0055d066	FUN_0055d066	0055d2ea	0055d2ec	FALL_THROUGH	FUN_0055d066	bytes=8B02;mnemonic=MOV;instruction=MOV EAX,dword ptr [EDX];inputs=EDX;results=EAX;flows=;fallthrough=0055d2ec
instruction	0055d066	FUN_0055d066	0055d2ec	0055d2ef	FALL_THROUGH	FUN_0055d066	bytes=8B4DC0;mnemonic=MOV;instruction=MOV ECX,dword ptr [EBP + -0x40];inputs=EBP,0xffffffc0;results=ECX;flows=;fallthrough=0055d2ef
instruction_reference	0055d066	FUN_0055d066	0055d2ec	Stack[-0x44]	READ		operand_index=1;primary=true;source=ANALYSIS
instruction	0055d066	FUN_0055d066	0055d2ef	0055d2f1	COMPUTED_CALL	FUN_0055d066	bytes=FF10;mnemonic=CALL;instruction=CALL dword ptr [EAX];inputs=EAX,ESP,0x4,0x55d2f1;results=ESP;flows=;fallthrough=0055d2f1
instruction	0055d066	FUN_0055d066	0055d2f1	0055d2f4	FALL_THROUGH	FUN_0055d066	bytes=894598;mnemonic=MOV;instruction=MOV dword ptr [EBP + -0x68],EAX;inputs=EAX,EBP,0xffffff98;results=;flows=;fallthrough=0055d2f4
instruction_reference	0055d066	FUN_0055d066	0055d2f1	Stack[-0x6c]	WRITE		operand_index=0;primary=true;source=ANALYSIS
instruction	0055d066	FUN_0055d066	0055d2f4		UNCONDITIONAL_JUMP	FUN_0055d066	bytes=EB07;mnemonic=JMP;instruction=JMP 0x0055d2fd;inputs=;results=;flows=0055d2fd;fallthrough=
instruction_reference	0055d066	FUN_0055d066	0055d2f4	0055d2fd	UNCONDITIONAL_JUMP	LAB_0055d2fd	operand_index=0;primary=true;source=DEFAULT
instruction	0055d066	FUN_0055d066	0055d2f6	0055d2fd	FALL_THROUGH	FUN_0055d066	bytes=C7459800000000;mnemonic=MOV;instruction=MOV dword ptr [EBP + -0x68],0x0;inputs=0x0,EBP,0xffffff98;results=;flows=;fallthrough=0055d2fd
instruction_reference	0055d066	FUN_0055d066	0055d2f6	Stack[-0x6c]	WRITE		operand_index=0;primary=true;source=ANALYSIS
instruction	0055d066	FUN_0055d066	0055d2fd	0055d300	FALL_THROUGH	FUN_0055d066	bytes=8B4DB8;mnemonic=MOV;instruction=MOV ECX,dword ptr [EBP + -0x48];inputs=EBP,0xffffffb8;results=ECX;flows=;fallthrough=0055d300
instruction_reference	0055d066	FUN_0055d066	0055d2fd	Stack[-0x4c]	READ		operand_index=1;primary=true;source=ANALYSIS
instruction	0055d066	FUN_0055d066	0055d300	0055d30a	FALL_THROUGH	FUN_0055d066	bytes=C781F000000000000000;mnemonic=MOV;instruction=MOV dword ptr [ECX + 0xf0],0x0;inputs=0xf0,0x0,ECX;results=;flows=;fallthrough=0055d30a
instruction	0055d066	FUN_0055d066	0055d30a	0055d314	FALL_THROUGH	FUN_0055d066	bytes=C705E4713B0100000000;mnemonic=MOV;instruction=MOV dword ptr [0x013b71e4],0x0;inputs=0x0;results=013b71e4;flows=;fallthrough=0055d314
instruction_reference	0055d066	FUN_0055d066	0055d30a	013b71e4	WRITE	DAT_013b71e4	operand_index=0;primary=true;source=DEFAULT
instruction	0055d066	FUN_0055d066	0055d314	0055d317	FALL_THROUGH	FUN_0055d066	bytes=8B55B8;mnemonic=MOV;instruction=MOV EDX,dword ptr [EBP + -0x48];inputs=EBP,0xffffffb8;results=EDX;flows=;fallthrough=0055d317
instruction_reference	0055d066	FUN_0055d066	0055d314	Stack[-0x4c]	READ		operand_index=1;primary=true;source=ANALYSIS
instruction	0055d066	FUN_0055d066	0055d317	0055d31d	FALL_THROUGH	FUN_0055d066	bytes=8B8210010000;mnemonic=MOV;instruction=MOV EAX,dword ptr [EDX + 0x110];inputs=0x110,EDX;results=EAX;flows=;fallthrough=0055d31d
instruction	0055d066	FUN_0055d066	0055d31d	0055d31e	FALL_THROUGH	FUN_0055d066	bytes=50;mnemonic=PUSH;instruction=PUSH EAX;inputs=EAX,ESP,0x4;results=ESP;flows=;fallthrough=0055d31e
instruction	0055d066	FUN_0055d066	0055d31e	0055d324	COMPUTED_CALL	FUN_0055d066	bytes=FF1548305A00;mnemonic=CALL;instruction=CALL dword ptr [0x005a3048];inputs=ESP,0x55d324,0x4,005a3048;results=ESP;flows=EXTERNAL:000000ab;fallthrough=0055d324
instruction_reference	0055d066	FUN_0055d066	0055d31e	005a3048	READ	PTR_DeleteObject_005a3048	operand_index=0;primary=true;source=DEFAULT
instruction_reference	0055d066	FUN_0055d066	0055d31e	EXTERNAL:000000ab	COMPUTED_CALL	DeleteObject	operand_index=-1;primary=true;source=ANALYSIS
instruction	0055d066	FUN_0055d066	0055d324	0055d32b	FALL_THROUGH	FUN_0055d066	bytes=833D6C733B0101;mnemonic=CMP;instruction=CMP dword ptr [0x013b736c],0x1;inputs=0x0,0x1,013b736c,0xff;results=CF,PF,ZF,SF,OF;flows=;fallthrough=0055d32b
instruction_reference	0055d066	FUN_0055d066	0055d324	013b736c	READ	DAT_013b736c	operand_index=0;primary=true;source=DEFAULT
instruction	0055d066	FUN_0055d066	0055d32b	0055d32d	CONDITIONAL_JUMP	FUN_0055d066	bytes=750F;mnemonic=JNZ;instruction=JNZ 0x0055d33c;inputs=ZF;results=;flows=0055d33c;fallthrough=0055d32d
instruction_reference	0055d066	FUN_0055d066	0055d32b	0055d33c	CONDITIONAL_JUMP	LAB_0055d33c	operand_index=0;primary=true;source=DEFAULT
instruction	0055d066	FUN_0055d066	0055d32d	0055d333	FALL_THROUGH	FUN_0055d066	bytes=8B0D64733B01;mnemonic=MOV;instruction=MOV ECX,dword ptr [0x013b7364];inputs=013b7364;results=ECX;flows=;fallthrough=0055d333
instruction_reference	0055d066	FUN_0055d066	0055d32d	013b7364	READ	DAT_013b7364	operand_index=1;primary=true;source=DEFAULT
instruction	0055d066	FUN_0055d066	0055d333	0055d334	FALL_THROUGH	FUN_0055d066	bytes=51;mnemonic=PUSH;instruction=PUSH ECX;inputs=ESP,ECX,0x4;results=ESP;flows=;fallthrough=0055d334
instruction	0055d066	FUN_0055d066	0055d334	0055d339	UNCONDITIONAL_CALL	FUN_0055d066	bytes=E8A70C0400;mnemonic=CALL;instruction=CALL 0x0059dfe0;inputs=ESP,0x4,0x55d339;results=ESP;flows=0059dfe0;fallthrough=0055d339
instruction_reference	0055d066	FUN_0055d066	0055d334	0059dfe0	UNCONDITIONAL_CALL	FUN_0059dfe0	operand_index=0;primary=true;source=DEFAULT
instruction	0055d066	FUN_0055d066	0055d339	0055d33c	FALL_THROUGH	FUN_0055d066	bytes=83C404;mnemonic=ADD;instruction=ADD ESP,0x4;inputs=ESP,0x0,0x1,0x4,0xff;results=CF,ESP,PF,ZF,SF,OF;flows=;fallthrough=0055d33c
instruction	0055d066	FUN_0055d066	0055d33c	0055d341	FALL_THROUGH	FUN_0055d066	bytes=B801000000;mnemonic=MOV;instruction=MOV EAX,0x1;inputs=0x1;results=EAX;flows=;fallthrough=0055d341
instruction	0055d066	FUN_0055d066	0055d341	0055d343	FALL_THROUGH	FUN_0055d066	bytes=8BE5;mnemonic=MOV;instruction=MOV ESP,EBP;inputs=EBP;results=ESP;flows=;fallthrough=0055d343
instruction	0055d066	FUN_0055d066	0055d343	0055d344	FALL_THROUGH	FUN_0055d066	bytes=5D;mnemonic=POP;instruction=POP EBP;inputs=0x0,ESP,0x4;results=ESP,EBP;flows=;fallthrough=0055d344
instruction	0055d066	FUN_0055d066	0055d344		TERMINATOR	FUN_0055d066	bytes=C3;mnemonic=RET;instruction=RET;inputs=ESP,0x4;results=ESP,EIP;flows=;fallthrough=
instruction_search	0055d066	FUN_0055d066	0055d066	0055d066	instructions	FUN_0055d066	instructions=196;references=137;body_min=0055d066;body_max=0055d344
function	0055d345	FUN_0055d345			unknown		undefined FUN_0055d345(void)
incoming	0055d345	FUN_0055d345	005a6110	0055d345	DATA		
callee	0055d345	FUN_0055d345	0055d345	EXTERNAL:00000071	call	MessageBoxA	
callee	0055d345	FUN_0055d345	0055d345	EXTERNAL:0000007b	call	ShowWindow	
callee	0055d345	FUN_0055d345	0055d345	EXTERNAL:0000007e	call	PostMessageA	
callee	0055d345	FUN_0055d345	0055d345	EXTERNAL:0000009a	call	PeekMessageA	
callee	0055d345	FUN_0055d345	0055d345	EXTERNAL:0000009b	call	GetMessageA	
callee	0055d345	FUN_0055d345	0055d345	EXTERNAL:0000009c	call	TranslateAcceleratorA	
callee	0055d345	FUN_0055d345	0055d345	EXTERNAL:0000009d	call	TranslateMessage	
callee	0055d345	FUN_0055d345	0055d345	EXTERNAL:0000009e	call	DispatchMessageA	
callee	0055d345	FUN_0055d345	0055d345	EXTERNAL:0000009f	call	UpdateWindow	
callee	0055d345	FUN_0055d345	0055d345	EXTERNAL:000000a0	call	DestroyAcceleratorTable	
callee	0055d345	FUN_0055d345	0055d345	00403df2	call	FUN_00403df2	
callee	0055d345	FUN_0055d345	0055d345	0042c51b	call	FUN_0042c51b	
callee	0055d345	FUN_0055d345	0055d345	004aec3d	call	FUN_004aec3d	
callee	0055d345	FUN_0055d345	0055d345	004b16c0	call	FUN_004b16c0	
callee	0055d345	FUN_0055d345	0055d345	0058f220	call	FUN_0058f220	
reference	0055d345	FUN_0055d345	0055d355	005a3324	READ	PTR_LoadAcceleratorsA_005a3324	001b0338
reference	0055d345	FUN_0055d345	0055d355	013be7f0	DATA	Rsrc_Accelerator_b0_412	
reference	0055d345	FUN_0055d345	0055d36a	005a3328	READ	PTR_PeekMessageA_005a3328	001b0328
reference	0055d345	FUN_0055d345	0055d38f	005a3328	READ	PTR_PeekMessageA_005a3328	001b0328
reference	0055d345	FUN_0055d345	0055d3a4	005a332c	READ	PTR_GetMessageA_005a332c	001b031a
reference	0055d345	FUN_0055d345	0055d3d1	005a3330	READ	PTR_TranslateAcceleratorA_005a3330	001b0302
reference	0055d345	FUN_0055d345	0055d3df	005a3334	READ	PTR_TranslateMessage_005a3334	001b02ee
reference	0055d345	FUN_0055d345	0055d3e9	005a3338	READ	PTR_DispatchMessageA_005a3338	001b02da
reference	0055d345	FUN_0055d345	0055d444	013b71f8	READ	DAT_013b71f8	0x0
reference	0055d345	FUN_0055d345	0055d451	013b71fc	READ	DAT_013b71fc	0x0
reference	0055d345	FUN_0055d345	0055d45e	013b7208	READ	DAT_013b7208	0x0
reference	0055d345	FUN_0055d345	0055d464	013b7204	READ	DAT_013b7204	0x0
reference	0055d345	FUN_0055d345	0055d479	013b71f4	READ	DAT_013b71f4	0x0
reference	0055d345	FUN_0055d345	0055d47f	013b7204	READ	DAT_013b7204	0x0
reference	0055d345	FUN_0055d345	0055d495	013b71f8	READ	DAT_013b71f8	0x0
reference	0055d345	FUN_0055d345	0055d4a0	013b7204	READ	DAT_013b7204	0x0
reference	0055d345	FUN_0055d345	0055d4a9	013b7204	WRITE	DAT_013b7204	0x0
reference	0055d345	FUN_0055d345	0055d4af	013b71f4	READ	DAT_013b71f4	0x0
reference	0055d345	FUN_0055d345	0055d4b4	013b7204	READ	DAT_013b7204	0x0
reference	0055d345	FUN_0055d345	0055d4ea	013b7204	READ	DAT_013b7204	0x0
reference	0055d345	FUN_0055d345	0055d4f2	013b7204	WRITE	DAT_013b7204	0x0
reference	0055d345	FUN_0055d345	0055d4fa	013b71f8	WRITE	DAT_013b71f8	0x0
reference	0055d345	FUN_0055d345	0055d509	005c4f20	DATA	s_End_Replay_005c4f20	End Replay
reference	0055d345	FUN_0055d345	0055d50e	0067cf38	READ	DAT_0067cf38	0x0
reference	0055d345	FUN_0055d345	0055d522	0067cf38	READ	DAT_0067cf38	0x0
reference	0055d345	FUN_0055d345	0055d52e	0067cf38	READ	DAT_0067cf38	0x0
reference	0055d345	FUN_0055d345	0055d542	0067cf38	READ	DAT_0067cf38	0x0
reference	0055d345	FUN_0055d345	0055d551	013b736c	READ	DAT_013b736c	0x0
reference	0055d345	FUN_0055d345	0055d55a	013b7374	READ	DAT_013b7374	0x0
reference	0055d345	FUN_0055d345	0055d563	013b7374	WRITE	DAT_013b7374	0x0
reference	0055d345	FUN_0055d345	0055d56f	013b7364	READ	DAT_013b7364	0x0
reference	0055d345	FUN_0055d345	0055d576	005a32ac	READ	PTR_ShowWindow_005a32ac	001b0180
reference	0055d345	FUN_0055d345	0055d57c	013b7364	READ	DAT_013b7364	0x0
reference	0055d345	FUN_0055d345	0055d582	005a333c	READ	PTR_UpdateWindow_005a333c	001b02ca
reference	0055d345	FUN_0055d345	0055d61e	005c4f2c	DATA	s_Error_005c4f2c	Error
reference	0055d345	FUN_0055d345	0055d623	005c4f34	DATA	s_Game_data_crashed._Install_game_a_005c4f34	Game data crashed. Install game again.
reference	0055d345	FUN_0055d345	0055d62f	005a3284	READ	PTR_MessageBoxA_005a3284	001b00cc
reference	0055d345	FUN_0055d345	0055d642	005a32b8	READ	PTR_PostMessageA_005a32b8	001b01a2
reference	0055d345	FUN_0055d345	0055d6d9	005a3340	READ	PTR_DestroyAcceleratorTable_005a3340	001b02b0
instruction	0055d345	FUN_0055d345	0055d345	0055d346	FALL_THROUGH	FUN_0055d345	bytes=55;mnemonic=PUSH;instruction=PUSH EBP;inputs=ESP,EBP,0x4;results=ESP;flows=;fallthrough=0055d346
instruction	0055d345	FUN_0055d345	0055d346	0055d348	FALL_THROUGH	FUN_0055d345	bytes=8BEC;mnemonic=MOV;instruction=MOV EBP,ESP;inputs=ESP;results=EBP;flows=;fallthrough=0055d348
instruction	0055d345	FUN_0055d345	0055d348	0055d34b	FALL_THROUGH	FUN_0055d345	bytes=83EC40;mnemonic=SUB;instruction=SUB ESP,0x40;inputs=ESP,0x40,0x0,0x1,0xff;results=CF,ESP,PF,ZF,SF,OF;flows=;fallthrough=0055d34b
instruction	0055d345	FUN_0055d345	0055d34b	0055d34e	FALL_THROUGH	FUN_0055d345	bytes=894DC4;mnemonic=MOV;instruction=MOV dword ptr [EBP + -0x3c],ECX;inputs=EBP,ECX,0xffffffc4;results=;flows=;fallthrough=0055d34e
instruction_reference	0055d345	FUN_0055d345	0055d34b	Stack[-0x40]	WRITE		operand_index=0;primary=true;source=ANALYSIS
instruction	0055d345	FUN_0055d345	0055d34e	0055d353	FALL_THROUGH	FUN_0055d345	bytes=68B0000000;mnemonic=PUSH;instruction=PUSH 0xb0;inputs=0xb0,ESP,0x4;results=ESP;flows=;fallthrough=0055d353
instruction	0055d345	FUN_0055d345	0055d353	0055d355	FALL_THROUGH	FUN_0055d345	bytes=6A00;mnemonic=PUSH;instruction=PUSH 0x0;inputs=0x0,ESP,0x4;results=ESP;flows=;fallthrough=0055d355
instruction	0055d345	FUN_0055d345	0055d355	0055d35b	COMPUTED_CALL	FUN_0055d345	bytes=FF1524335A00;mnemonic=CALL;instruction=CALL dword ptr [0x005a3324];inputs=ESP,005a3324,0x4,0x55d35b;results=ESP;flows=;fallthrough=0055d35b
instruction_reference	0055d345	FUN_0055d345	0055d355	005a3324	READ	PTR_LoadAcceleratorsA_005a3324	operand_index=0;primary=true;source=DEFAULT
instruction_reference	0055d345	FUN_0055d345	0055d355	013be7f0	DATA	Rsrc_Accelerator_b0_412	operand_index=-1;primary=true;source=ANALYSIS
instruction	0055d345	FUN_0055d345	0055d35b	0055d35e	FALL_THROUGH	FUN_0055d345	bytes=8945F8;mnemonic=MOV;instruction=MOV dword ptr [EBP + -0x8],EAX;inputs=EAX,EBP,0xfffffff8;results=;flows=;fallthrough=0055d35e
instruction_reference	0055d345	FUN_0055d345	0055d35b	Stack[-0xc]	WRITE		operand_index=0;primary=true;source=ANALYSIS
instruction	0055d345	FUN_0055d345	0055d35e	0055d360	FALL_THROUGH	FUN_0055d345	bytes=6A00;mnemonic=PUSH;instruction=PUSH 0x0;inputs=0x0,ESP,0x4;results=ESP;flows=;fallthrough=0055d360
instruction	0055d345	FUN_0055d345	0055d360	0055d362	FALL_THROUGH	FUN_0055d345	bytes=6A00;mnemonic=PUSH;instruction=PUSH 0x0;inputs=0x0,ESP,0x4;results=ESP;flows=;fallthrough=0055d362
instruction	0055d345	FUN_0055d345	0055d362	0055d364	FALL_THROUGH	FUN_0055d345	bytes=6A00;mnemonic=PUSH;instruction=PUSH 0x0;inputs=0x0,ESP,0x4;results=ESP;flows=;fallthrough=0055d364
instruction	0055d345	FUN_0055d345	0055d364	0055d366	FALL_THROUGH	FUN_0055d345	bytes=6A00;mnemonic=PUSH;instruction=PUSH 0x0;inputs=0x0,ESP,0x4;results=ESP;flows=;fallthrough=0055d366
instruction	0055d345	FUN_0055d345	0055d366	0055d369	FALL_THROUGH	FUN_0055d345	bytes=8D45DC;mnemonic=LEA;instruction=LEA EAX,[EBP + -0x24];inputs=0xffffffdc,EBP;results=EAX;flows=;fallthrough=0055d369
instruction_reference	0055d345	FUN_0055d345	0055d366	Stack[-0x28]	DATA		operand_index=0;primary=true;source=ANALYSIS
instruction	0055d345	FUN_0055d345	0055d369	0055d36a	FALL_THROUGH	FUN_0055d345	bytes=50;mnemonic=PUSH;instruction=PUSH EAX;inputs=EAX,ESP,0x4;results=ESP;flows=;fallthrough=0055d36a
instruction	0055d345	FUN_0055d345	0055d36a	0055d370	COMPUTED_CALL	FUN_0055d345	bytes=FF1528335A00;mnemonic=CALL;instruction=CALL dword ptr [0x005a3328];inputs=ESP,0x4,0x55d370,005a3328;results=ESP;flows=EXTERNAL:0000009a;fallthrough=0055d370
instruction_reference	0055d345	FUN_0055d345	0055d36a	005a3328	READ	PTR_PeekMessageA_005a3328	operand_index=0;primary=true;source=DEFAULT
instruction_reference	0055d345	FUN_0055d345	0055d36a	EXTERNAL:0000009a	COMPUTED_CALL	PeekMessageA	operand_index=-1;primary=true;source=ANALYSIS
instruction	0055d345	FUN_0055d345	0055d370	0055d374	FALL_THROUGH	FUN_0055d345	bytes=837DE012;mnemonic=CMP;instruction=CMP dword ptr [EBP + -0x20],0x12;inputs=0x0,0x1,0x12,EBP,0xffffffe0,0xff;results=CF,PF,ZF,SF,OF;flows=;fallthrough=0055d374
instruction_reference	0055d345	FUN_0055d345	0055d370	Stack[-0x24]	READ		operand_index=0;primary=true;source=ANALYSIS
instruction	0055d345	FUN_0055d345	0055d374	0055d37a	CONDITIONAL_JUMP	FUN_0055d345	bytes=0F8455030000;mnemonic=JZ;instruction=JZ 0x0055d6cf;inputs=ZF;results=;flows=0055d6cf;fallthrough=0055d37a
instruction_reference	0055d345	FUN_0055d345	0055d374	0055d6cf	CONDITIONAL_JUMP	LAB_0055d6cf	operand_index=0;primary=true;source=DEFAULT
instruction	0055d345	FUN_0055d345	0055d37a	0055d37d	FALL_THROUGH	FUN_0055d345	bytes=8B4DC4;mnemonic=MOV;instruction=MOV ECX,dword ptr [EBP + -0x3c];inputs=EBP,0xffffffc4;results=ECX;flows=;fallthrough=0055d37d
instruction_reference	0055d345	FUN_0055d345	0055d37a	Stack[-0x40]	READ		operand_index=1;primary=true;source=ANALYSIS
instruction	0055d345	FUN_0055d345	0055d37d	0055d381	FALL_THROUGH	FUN_0055d345	bytes=83790800;mnemonic=CMP;instruction=CMP dword ptr [ECX + 0x8],0x0;inputs=0x0,0x1,ECX,0x8,0xff;results=CF,PF,ZF,SF,OF;flows=;fallthrough=0055d381
instruction	0055d345	FUN_0055d345	0055d381	0055d383	CONDITIONAL_JUMP	FUN_0055d345	bytes=7417;mnemonic=JZ;instruction=JZ 0x0055d39a;inputs=ZF;results=;flows=0055d39a;fallthrough=0055d383
instruction_reference	0055d345	FUN_0055d345	0055d381	0055d39a	CONDITIONAL_JUMP	LAB_0055d39a	operand_index=0;primary=true;source=DEFAULT
instruction	0055d345	FUN_0055d345	0055d383	0055d385	FALL_THROUGH	FUN_0055d345	bytes=6A01;mnemonic=PUSH;instruction=PUSH 0x1;inputs=ESP,0x1,0x4;results=ESP;flows=;fallthrough=0055d385
instruction	0055d345	FUN_0055d345	0055d385	0055d387	FALL_THROUGH	FUN_0055d345	bytes=6A00;mnemonic=PUSH;instruction=PUSH 0x0;inputs=0x0,ESP,0x4;results=ESP;flows=;fallthrough=0055d387
instruction	0055d345	FUN_0055d345	0055d387	0055d389	FALL_THROUGH	FUN_0055d345	bytes=6A00;mnemonic=PUSH;instruction=PUSH 0x0;inputs=0x0,ESP,0x4;results=ESP;flows=;fallthrough=0055d389
instruction	0055d345	FUN_0055d345	0055d389	0055d38b	FALL_THROUGH	FUN_0055d345	bytes=6A00;mnemonic=PUSH;instruction=PUSH 0x0;inputs=0x0,ESP,0x4;results=ESP;flows=;fallthrough=0055d38b
instruction	0055d345	FUN_0055d345	0055d38b	0055d38e	FALL_THROUGH	FUN_0055d345	bytes=8D55DC;mnemonic=LEA;instruction=LEA EDX,[EBP + -0x24];inputs=0xffffffdc,EBP;results=EDX;flows=;fallthrough=0055d38e
instruction_reference	0055d345	FUN_0055d345	0055d38b	Stack[-0x28]	DATA		operand_index=0;primary=true;source=ANALYSIS
instruction	0055d345	FUN_0055d345	0055d38e	0055d38f	FALL_THROUGH	FUN_0055d345	bytes=52;mnemonic=PUSH;instruction=PUSH EDX;inputs=ESP,0x4,EDX;results=ESP;flows=;fallthrough=0055d38f
instruction	0055d345	FUN_0055d345	0055d38f	0055d395	COMPUTED_CALL	FUN_0055d345	bytes=FF1528335A00;mnemonic=CALL;instruction=CALL dword ptr [0x005a3328];inputs=ESP,0x55d395,0x4,005a3328;results=ESP;flows=EXTERNAL:0000009a;fallthrough=0055d395
instruction_reference	0055d345	FUN_0055d345	0055d38f	005a3328	READ	PTR_PeekMessageA_005a3328	operand_index=0;primary=true;source=DEFAULT
instruction_reference	0055d345	FUN_0055d345	0055d38f	EXTERNAL:0000009a	COMPUTED_CALL	PeekMessageA	operand_index=-1;primary=true;source=ANALYSIS
instruction	0055d345	FUN_0055d345	0055d395	0055d398	FALL_THROUGH	FUN_0055d345	bytes=8945FC;mnemonic=MOV;instruction=MOV dword ptr [EBP + -0x4],EAX;inputs=EAX,0xfffffffc,EBP;results=;flows=;fallthrough=0055d398
instruction_reference	0055d345	FUN_0055d345	0055d395	Stack[-0x8]	WRITE		operand_index=0;primary=true;source=ANALYSIS
instruction	0055d345	FUN_0055d345	0055d398		UNCONDITIONAL_JUMP	FUN_0055d345	bytes=EB13;mnemonic=JMP;instruction=JMP 0x0055d3ad;inputs=;results=;flows=0055d3ad;fallthrough=
instruction_reference	0055d345	FUN_0055d345	0055d398	0055d3ad	UNCONDITIONAL_JUMP	LAB_0055d3ad	operand_index=0;primary=true;source=DEFAULT
instruction	0055d345	FUN_0055d345	0055d39a	0055d39c	FALL_THROUGH	FUN_0055d345	bytes=6A00;mnemonic=PUSH;instruction=PUSH 0x0;inputs=0x0,ESP,0x4;results=ESP;flows=;fallthrough=0055d39c
instruction	0055d345	FUN_0055d345	0055d39c	0055d39e	FALL_THROUGH	FUN_0055d345	bytes=6A00;mnemonic=PUSH;instruction=PUSH 0x0;inputs=0x0,ESP,0x4;results=ESP;flows=;fallthrough=0055d39e
instruction	0055d345	FUN_0055d345	0055d39e	0055d3a0	FALL_THROUGH	FUN_0055d345	bytes=6A00;mnemonic=PUSH;instruction=PUSH 0x0;inputs=0x0,ESP,0x4;results=ESP;flows=;fallthrough=0055d3a0
instruction	0055d345	FUN_0055d345	0055d3a0	0055d3a3	FALL_THROUGH	FUN_0055d345	bytes=8D45DC;mnemonic=LEA;instruction=LEA EAX,[EBP + -0x24];inputs=0xffffffdc,EBP;results=EAX;flows=;fallthrough=0055d3a3
instruction_reference	0055d345	FUN_0055d345	0055d3a0	Stack[-0x28]	DATA		operand_index=0;primary=true;source=ANALYSIS
instruction	0055d345	FUN_0055d345	0055d3a3	0055d3a4	FALL_THROUGH	FUN_0055d345	bytes=50;mnemonic=PUSH;instruction=PUSH EAX;inputs=EAX,ESP,0x4;results=ESP;flows=;fallthrough=0055d3a4
instruction	0055d345	FUN_0055d345	0055d3a4	0055d3aa	COMPUTED_CALL	FUN_0055d345	bytes=FF152C335A00;mnemonic=CALL;instruction=CALL dword ptr [0x005a332c];inputs=ESP,0x4,005a332c,0x55d3aa;results=ESP;flows=EXTERNAL:0000009b;fallthrough=0055d3aa
instruction_reference	0055d345	FUN_0055d345	0055d3a4	005a332c	READ	PTR_GetMessageA_005a332c	operand_index=0;primary=true;source=DEFAULT
instruction_reference	0055d345	FUN_0055d345	0055d3a4	EXTERNAL:0000009b	COMPUTED_CALL	GetMessageA	operand_index=-1;primary=true;source=ANALYSIS
instruction	0055d345	FUN_0055d345	0055d3aa	0055d3ad	FALL_THROUGH	FUN_0055d345	bytes=8945FC;mnemonic=MOV;instruction=MOV dword ptr [EBP + -0x4],EAX;inputs=EAX,0xfffffffc,EBP;results=;flows=;fallthrough=0055d3ad
instruction_reference	0055d345	FUN_0055d345	0055d3aa	Stack[-0x8]	WRITE		operand_index=0;primary=true;source=ANALYSIS
instruction	0055d345	FUN_0055d345	0055d3ad	0055d3b1	FALL_THROUGH	FUN_0055d345	bytes=837DFC00;mnemonic=CMP;instruction=CMP dword ptr [EBP + -0x4],0x0;inputs=0x0,0x1,0xfffffffc,EBP,0xff;results=CF,PF,ZF,SF,OF;flows=;fallthrough=0055d3b1
instruction_reference	0055d345	FUN_0055d345	0055d3ad	Stack[-0x8]	READ		operand_index=0;primary=true;source=ANALYSIS
instruction	0055d345	FUN_0055d345	0055d3b1	0055d3b3	CONDITIONAL_JUMP	FUN_0055d345	bytes=7441;mnemonic=JZ;instruction=JZ 0x0055d3f4;inputs=ZF;results=;flows=0055d3f4;fallthrough=0055d3b3
instruction_reference	0055d345	FUN_0055d345	0055d3b1	0055d3f4	CONDITIONAL_JUMP	LAB_0055d3f4	operand_index=0;primary=true;source=DEFAULT
instruction	0055d345	FUN_0055d345	0055d3b3	0055d3b7	FALL_THROUGH	FUN_0055d345	bytes=837DF800;mnemonic=CMP;instruction=CMP dword ptr [EBP + -0x8],0x0;inputs=0x0,0x1,EBP,0xfffffff8,0xff;results=CF,PF,ZF,SF,OF;flows=;fallthrough=0055d3b7
instruction_reference	0055d345	FUN_0055d345	0055d3b3	Stack[-0xc]	READ		operand_index=0;primary=true;source=ANALYSIS
instruction	0055d345	FUN_0055d345	0055d3b7	0055d3b9	CONDITIONAL_JUMP	FUN_0055d345	bytes=7422;mnemonic=JZ;instruction=JZ 0x0055d3db;inputs=ZF;results=;flows=0055d3db;fallthrough=0055d3b9
instruction_reference	0055d345	FUN_0055d345	0055d3b7	0055d3db	CONDITIONAL_JUMP	LAB_0055d3db	operand_index=0;primary=true;source=DEFAULT
instruction	0055d345	FUN_0055d345	0055d3b9	0055d3bc	FALL_THROUGH	FUN_0055d345	bytes=8B4DC4;mnemonic=MOV;instruction=MOV ECX,dword ptr [EBP + -0x3c];inputs=EBP,0xffffffc4;results=ECX;flows=;fallthrough=0055d3bc
instruction_reference	0055d345	FUN_0055d345	0055d3b9	Stack[-0x40]	READ		operand_index=1;primary=true;source=ANALYSIS
instruction	0055d345	FUN_0055d345	0055d3bc	0055d3c0	FALL_THROUGH	FUN_0055d345	bytes=83790400;mnemonic=CMP;instruction=CMP dword ptr [ECX + 0x4],0x0;inputs=0x0,0x1,ECX,0x4,0xff;results=CF,PF,ZF,SF,OF;flows=;fallthrough=0055d3c0
instruction	0055d345	FUN_0055d345	0055d3c0	0055d3c2	CONDITIONAL_JUMP	FUN_0055d345	bytes=7419;mnemonic=JZ;instruction=JZ 0x0055d3db;inputs=ZF;results=;flows=0055d3db;fallthrough=0055d3c2
instruction_reference	0055d345	FUN_0055d345	0055d3c0	0055d3db	CONDITIONAL_JUMP	LAB_0055d3db	operand_index=0;primary=true;source=DEFAULT
instruction	0055d345	FUN_0055d345	0055d3c2	0055d3c5	FALL_THROUGH	FUN_0055d345	bytes=8D55DC;mnemonic=LEA;instruction=LEA EDX,[EBP + -0x24];inputs=0xffffffdc,EBP;results=EDX;flows=;fallthrough=0055d3c5
instruction_reference	0055d345	FUN_0055d345	0055d3c2	Stack[-0x28]	DATA		operand_index=0;primary=true;source=ANALYSIS
instruction	0055d345	FUN_0055d345	0055d3c5	0055d3c6	FALL_THROUGH	FUN_0055d345	bytes=52;mnemonic=PUSH;instruction=PUSH EDX;inputs=ESP,0x4,EDX;results=ESP;flows=;fallthrough=0055d3c6
instruction	0055d345	FUN_0055d345	0055d3c6	0055d3c9	FALL_THROUGH	FUN_0055d345	bytes=8B45F8;mnemonic=MOV;instruction=MOV EAX,dword ptr [EBP + -0x8];inputs=EBP,0xfffffff8;results=EAX;flows=;fallthrough=0055d3c9
instruction_reference	0055d345	FUN_0055d345	0055d3c6	Stack[-0xc]	READ		operand_index=1;primary=true;source=ANALYSIS
instruction	0055d345	FUN_0055d345	0055d3c9	0055d3ca	FALL_THROUGH	FUN_0055d345	bytes=50;mnemonic=PUSH;instruction=PUSH EAX;inputs=EAX,ESP,0x4;results=ESP;flows=;fallthrough=0055d3ca
instruction	0055d345	FUN_0055d345	0055d3ca	0055d3cd	FALL_THROUGH	FUN_0055d345	bytes=8B4DC4;mnemonic=MOV;instruction=MOV ECX,dword ptr [EBP + -0x3c];inputs=EBP,0xffffffc4;results=ECX;flows=;fallthrough=0055d3cd
instruction_reference	0055d345	FUN_0055d345	0055d3ca	Stack[-0x40]	READ		operand_index=1;primary=true;source=ANALYSIS
instruction	0055d345	FUN_0055d345	0055d3cd	0055d3d0	FALL_THROUGH	FUN_0055d345	bytes=8B5104;mnemonic=MOV;instruction=MOV EDX,dword ptr [ECX + 0x4];inputs=ECX,0x4;results=EDX;flows=;fallthrough=0055d3d0
instruction	0055d345	FUN_0055d345	0055d3d0	0055d3d1	FALL_THROUGH	FUN_0055d345	bytes=52;mnemonic=PUSH;instruction=PUSH EDX;inputs=ESP,0x4,EDX;results=ESP;flows=;fallthrough=0055d3d1
instruction	0055d345	FUN_0055d345	0055d3d1	0055d3d7	COMPUTED_CALL	FUN_0055d345	bytes=FF1530335A00;mnemonic=CALL;instruction=CALL dword ptr [0x005a3330];inputs=ESP,0x55d3d7,0x4,005a3330;results=ESP;flows=EXTERNAL:0000009c;fallthrough=0055d3d7
instruction_reference	0055d345	FUN_0055d345	0055d3d1	005a3330	READ	PTR_TranslateAcceleratorA_005a3330	operand_index=0;primary=true;source=DEFAULT
instruction_reference	0055d345	FUN_0055d345	0055d3d1	EXTERNAL:0000009c	COMPUTED_CALL	TranslateAcceleratorA	operand_index=-1;primary=true;source=ANALYSIS
instruction	0055d345	FUN_0055d345	0055d3d7	0055d3d9	FALL_THROUGH	FUN_0055d345	bytes=85C0;mnemonic=TEST;instruction=TEST EAX,EAX;inputs=0x0,EAX,0x1,0xff;results=CF,PF,ZF,SF,OF;flows=;fallthrough=0055d3d9
instruction	0055d345	FUN_0055d345	0055d3d9	0055d3db	CONDITIONAL_JUMP	FUN_0055d345	bytes=7514;mnemonic=JNZ;instruction=JNZ 0x0055d3ef;inputs=ZF;results=;flows=0055d3ef;fallthrough=0055d3db
instruction_reference	0055d345	FUN_0055d345	0055d3d9	0055d3ef	CONDITIONAL_JUMP	LAB_0055d3ef	operand_index=0;primary=true;source=DEFAULT
instruction	0055d345	FUN_0055d345	0055d3db	0055d3de	FALL_THROUGH	FUN_0055d345	bytes=8D45DC;mnemonic=LEA;instruction=LEA EAX,[EBP + -0x24];inputs=0xffffffdc,EBP;results=EAX;flows=;fallthrough=0055d3de
instruction_reference	0055d345	FUN_0055d345	0055d3db	Stack[-0x28]	DATA		operand_index=0;primary=true;source=ANALYSIS
instruction	0055d345	FUN_0055d345	0055d3de	0055d3df	FALL_THROUGH	FUN_0055d345	bytes=50;mnemonic=PUSH;instruction=PUSH EAX;inputs=EAX,ESP,0x4;results=ESP;flows=;fallthrough=0055d3df
instruction	0055d345	FUN_0055d345	0055d3df	0055d3e5	COMPUTED_CALL	FUN_0055d345	bytes=FF1534335A00;mnemonic=CALL;instruction=CALL dword ptr [0x005a3334];inputs=ESP,0x55d3e5,005a3334,0x4;results=ESP;flows=EXTERNAL:0000009d;fallthrough=0055d3e5
instruction_reference	0055d345	FUN_0055d345	0055d3df	005a3334	READ	PTR_TranslateMessage_005a3334	operand_index=0;primary=true;source=DEFAULT
instruction_reference	0055d345	FUN_0055d345	0055d3df	EXTERNAL:0000009d	COMPUTED_CALL	TranslateMessage	operand_index=-1;primary=true;source=ANALYSIS
instruction	0055d345	FUN_0055d345	0055d3e5	0055d3e8	FALL_THROUGH	FUN_0055d345	bytes=8D4DDC;mnemonic=LEA;instruction=LEA ECX,[EBP + -0x24];inputs=0xffffffdc,EBP;results=ECX;flows=;fallthrough=0055d3e8
instruction_reference	0055d345	FUN_0055d345	0055d3e5	Stack[-0x28]	DATA		operand_index=0;primary=true;source=ANALYSIS
instruction	0055d345	FUN_0055d345	0055d3e8	0055d3e9	FALL_THROUGH	FUN_0055d345	bytes=51;mnemonic=PUSH;instruction=PUSH ECX;inputs=ESP,ECX,0x4;results=ESP;flows=;fallthrough=0055d3e9
instruction	0055d345	FUN_0055d345	0055d3e9	0055d3ef	COMPUTED_CALL	FUN_0055d345	bytes=FF1538335A00;mnemonic=CALL;instruction=CALL dword ptr [0x005a3338];inputs=ESP,0x4,0x55d3ef,005a3338;results=ESP;flows=EXTERNAL:0000009e;fallthrough=0055d3ef
instruction_reference	0055d345	FUN_0055d345	0055d3e9	005a3338	READ	PTR_DispatchMessageA_005a3338	operand_index=0;primary=true;source=DEFAULT
instruction_reference	0055d345	FUN_0055d345	0055d3e9	EXTERNAL:0000009e	COMPUTED_CALL	DispatchMessageA	operand_index=-1;primary=true;source=ANALYSIS
instruction	0055d345	FUN_0055d345	0055d3ef		UNCONDITIONAL_JUMP	FUN_0055d345	bytes=E9D6020000;mnemonic=JMP;instruction=JMP 0x0055d6ca;inputs=;results=;flows=0055d6ca;fallthrough=
instruction_reference	0055d345	FUN_0055d345	0055d3ef	0055d6ca	UNCONDITIONAL_JUMP	LAB_0055d6ca	operand_index=0;primary=true;source=DEFAULT
instruction	0055d345	FUN_0055d345	0055d3f4	0055d3f7	FALL_THROUGH	FUN_0055d345	bytes=8B55C4;mnemonic=MOV;instruction=MOV EDX,dword ptr [EBP + -0x3c];inputs=EBP,0xffffffc4;results=EDX;flows=;fallthrough=0055d3f7
instruction_reference	0055d345	FUN_0055d345	0055d3f4	Stack[-0x40]	READ		operand_index=1;primary=true;source=ANALYSIS
instruction	0055d345	FUN_0055d345	0055d3f7	0055d3fb	FALL_THROUGH	FUN_0055d345	bytes=837A0800;mnemonic=CMP;instruction=CMP dword ptr [EDX + 0x8],0x0;inputs=0x0,0x1,EDX,0x8,0xff;results=CF,PF,ZF,SF,OF;flows=;fallthrough=0055d3fb
instruction	0055d345	FUN_0055d345	0055d3fb	0055d401	CONDITIONAL_JUMP	FUN_0055d345	bytes=0F84C9020000;mnemonic=JZ;instruction=JZ 0x0055d6ca;inputs=ZF;results=;flows=0055d6ca;fallthrough=0055d401
instruction_reference	0055d345	FUN_0055d345	0055d3fb	0055d6ca	CONDITIONAL_JUMP	LAB_0055d6ca	operand_index=0;primary=true;source=DEFAULT
instruction	0055d345	FUN_0055d345	0055d401	0055d404	FALL_THROUGH	FUN_0055d345	bytes=8B45C4;mnemonic=MOV;instruction=MOV EAX,dword ptr [EBP + -0x3c];inputs=EBP,0xffffffc4;results=EAX;flows=;fallthrough=0055d404
instruction_reference	0055d345	FUN_0055d345	0055d401	Stack[-0x40]	READ		operand_index=1;primary=true;source=ANALYSIS
instruction	0055d345	FUN_0055d345	0055d404	0055d40a	FALL_THROUGH	FUN_0055d345	bytes=8B88F4000000;mnemonic=MOV;instruction=MOV ECX,dword ptr [EAX + 0xf4];inputs=EAX,0xf4;results=ECX;flows=;fallthrough=0055d40a
instruction	0055d345	FUN_0055d345	0055d40a	0055d40d	FALL_THROUGH	FUN_0055d345	bytes=8B55C4;mnemonic=MOV;instruction=MOV EDX,dword ptr [EBP + -0x3c];inputs=EBP,0xffffffc4;results=EDX;flows=;fallthrough=0055d40d
instruction_reference	0055d345	FUN_0055d345	0055d40a	Stack[-0x40]	READ		operand_index=1;primary=true;source=ANALYSIS
instruction	0055d345	FUN_0055d345	0055d40d	0055d413	FALL_THROUGH	FUN_0055d345	bytes=8B82F4000000;mnemonic=MOV;instruction=MOV EAX,dword ptr [EDX + 0xf4];inputs=0xf4,EDX;results=EAX;flows=;fallthrough=0055d413
instruction	0055d345	FUN_0055d345	0055d413	0055d415	FALL_THROUGH	FUN_0055d345	bytes=8B10;mnemonic=MOV;instruction=MOV EDX,dword ptr [EAX];inputs=EAX;results=EDX;flows=;fallthrough=0055d415
instruction	0055d345	FUN_0055d345	0055d415	0055d418	COMPUTED_CALL	FUN_0055d345	bytes=FF5208;mnemonic=CALL;instruction=CALL dword ptr [EDX + 0x8];inputs=ESP,0x4,EDX,0x8,0x55d418;results=ESP;flows=;fallthrough=0055d418
instruction	0055d345	FUN_0055d345	0055d418	0055d41b	FALL_THROUGH	FUN_0055d345	bytes=8945D8;mnemonic=MOV;instruction=MOV dword ptr [EBP + -0x28],EAX;inputs=EAX,EBP,0xffffffd8;results=;flows=;fallthrough=0055d41b
instruction_reference	0055d345	FUN_0055d345	0055d418	Stack[-0x2c]	WRITE		operand_index=0;primary=true;source=ANALYSIS
instruction	0055d345	FUN_0055d345	0055d41b	0055d41e	FALL_THROUGH	FUN_0055d345	bytes=8B45C4;mnemonic=MOV;instruction=MOV EAX,dword ptr [EBP + -0x3c];inputs=EBP,0xffffffc4;results=EAX;flows=;fallthrough=0055d41e
instruction_reference	0055d345	FUN_0055d345	0055d41b	Stack[-0x40]	READ		operand_index=1;primary=true;source=ANALYSIS
instruction	0055d345	FUN_0055d345	0055d41e	0055d424	FALL_THROUGH	FUN_0055d345	bytes=8B88F0000000;mnemonic=MOV;instruction=MOV ECX,dword ptr [EAX + 0xf0];inputs=EAX,0xf0;results=ECX;flows=;fallthrough=0055d424
instruction	0055d345	FUN_0055d345	0055d424	0055d429	UNCONDITIONAL_CALL	FUN_0055d345	bytes=E81418F5FF;mnemonic=CALL;instruction=CALL 0x004aec3d;inputs=ESP,0x4,0x55d429;results=ESP;flows=004aec3d;fallthrough=0055d429
instruction_reference	0055d345	FUN_0055d345	0055d424	004aec3d	UNCONDITIONAL_CALL	FUN_004aec3d	operand_index=0;primary=true;source=DEFAULT
instruction	0055d345	FUN_0055d345	0055d429	0055d42c	FALL_THROUGH	FUN_0055d345	bytes=8B4DD8;mnemonic=MOV;instruction=MOV ECX,dword ptr [EBP + -0x28];inputs=EBP,0xffffffd8;results=ECX;flows=;fallthrough=0055d42c
instruction_reference	0055d345	FUN_0055d345	0055d429	Stack[-0x2c]	READ		operand_index=1;primary=true;source=ANALYSIS
instruction	0055d345	FUN_0055d345	0055d42c	0055d42d	FALL_THROUGH	FUN_0055d345	bytes=51;mnemonic=PUSH;instruction=PUSH ECX;inputs=ESP,ECX,0x4;results=ESP;flows=;fallthrough=0055d42d
instruction	0055d345	FUN_0055d345	0055d42d	0055d430	FALL_THROUGH	FUN_0055d345	bytes=8B55C4;mnemonic=MOV;instruction=MOV EDX,dword ptr [EBP + -0x3c];inputs=EBP,0xffffffc4;results=EDX;flows=;fallthrough=0055d430
instruction_reference	0055d345	FUN_0055d345	0055d42d	Stack[-0x40]	READ		operand_index=1;primary=true;source=ANALYSIS
instruction	0055d345	FUN_0055d345	0055d430	0055d436	FALL_THROUGH	FUN_0055d345	bytes=8B8AF8000000;mnemonic=MOV;instruction=MOV ECX,dword ptr [EDX + 0xf8];inputs=EDX,0xf8;results=ECX;flows=;fallthrough=0055d436
instruction	0055d345	FUN_0055d345	0055d436	0055d439	FALL_THROUGH	FUN_0055d345	bytes=8B45C4;mnemonic=MOV;instruction=MOV EAX,dword ptr [EBP + -0x3c];inputs=EBP,0xffffffc4;results=EAX;flows=;fallthrough=0055d439
instruction_reference	0055d345	FUN_0055d345	0055d436	Stack[-0x40]	READ		operand_index=1;primary=true;source=ANALYSIS
instruction	0055d345	FUN_0055d345	0055d439	0055d43f	FALL_THROUGH	FUN_0055d345	bytes=8B90F8000000;mnemonic=MOV;instruction=MOV EDX,dword ptr [EAX + 0xf8];inputs=EAX,0xf8;results=EDX;flows=;fallthrough=0055d43f
instruction	0055d345	FUN_0055d345	0055d43f	0055d441	FALL_THROUGH	FUN_0055d345	bytes=8B02;mnemonic=MOV;instruction=MOV EAX,dword ptr [EDX];inputs=EDX;results=EAX;flows=;fallthrough=0055d441
instruction	0055d345	FUN_0055d345	0055d441	0055d444	COMPUTED_CALL	FUN_0055d345	bytes=FF5028;mnemonic=CALL;instruction=CALL dword ptr [EAX + 0x28];inputs=EAX,ESP,0x55d444,0x4,0x28;results=ESP;flows=;fallthrough=0055d444
instruction	0055d345	FUN_0055d345	0055d444	0055d44b	FALL_THROUGH	FUN_0055d345	bytes=833DF8713B0100;mnemonic=CMP;instruction=CMP dword ptr [0x013b71f8],0x0;inputs=0x0,0x1,013b71f8,0xff;results=CF,PF,ZF,SF,OF;flows=;fallthrough=0055d44b
instruction_reference	0055d345	FUN_0055d345	0055d444	013b71f8	READ	DAT_013b71f8	operand_index=0;primary=true;source=DEFAULT
instruction	0055d345	FUN_0055d345	0055d44b	0055d451	CONDITIONAL_JUMP	FUN_0055d345	bytes=0F8400010000;mnemonic=JZ;instruction=JZ 0x0055d551;inputs=ZF;results=;flows=0055d551;fallthrough=0055d451
instruction_reference	0055d345	FUN_0055d345	0055d44b	0055d551	CONDITIONAL_JUMP	LAB_0055d551	operand_index=0;primary=true;source=DEFAULT
instruction	0055d345	FUN_0055d345	0055d451	0055d458	FALL_THROUGH	FUN_0055d345	bytes=833DFC713B0100;mnemonic=CMP;instruction=CMP dword ptr [0x013b71fc],0x0;inputs=0x0,0x1,013b71fc,0xff;results=CF,PF,ZF,SF,OF;flows=;fallthrough=0055d458
instruction_reference	0055d345	FUN_0055d345	0055d451	013b71fc	READ	DAT_013b71fc	operand_index=0;primary=true;source=DEFAULT
instruction	0055d345	FUN_0055d345	0055d458	0055d45e	CONDITIONAL_JUMP	FUN_0055d345	bytes=0F85F3000000;mnemonic=JNZ;instruction=JNZ 0x0055d551;inputs=ZF;results=;flows=0055d551;fallthrough=0055d45e
instruction_reference	0055d345	FUN_0055d345	0055d458	0055d551	CONDITIONAL_JUMP	LAB_0055d551	operand_index=0;primary=true;source=DEFAULT
instruction	0055d345	FUN_0055d345	0055d45e	0055d464	FALL_THROUGH	FUN_0055d345	bytes=8B0D08723B01;mnemonic=MOV;instruction=MOV ECX,dword ptr [0x013b7208];inputs=013b7208;results=ECX;flows=;fallthrough=0055d464
instruction_reference	0055d345	FUN_0055d345	0055d45e	013b7208	READ	DAT_013b7208	operand_index=1;primary=true;source=DEFAULT
instruction	0055d345	FUN_0055d345	0055d464	0055d46a	FALL_THROUGH	FUN_0055d345	bytes=3B0D04723B01;mnemonic=CMP;instruction=CMP ECX,dword ptr [0x013b7204];inputs=013b7204,0x0,0x1,ECX,0xff;results=CF,PF,ZF,SF,OF;flows=;fallthrough=0055d46a
instruction_reference	0055d345	FUN_0055d345	0055d464	013b7204	READ	DAT_013b7204	operand_index=1;primary=true;source=DEFAULT
instruction	0055d345	FUN_0055d345	0055d46a	0055d470	CONDITIONAL_JUMP	FUN_0055d345	bytes=0F8E8A000000;mnemonic=JLE;instruction=JLE 0x0055d4fa;inputs=ZF,SF,OF;results=;flows=0055d4fa;fallthrough=0055d470
instruction_reference	0055d345	FUN_0055d345	0055d46a	0055d4fa	CONDITIONAL_JUMP	LAB_0055d4fa	operand_index=0;primary=true;source=DEFAULT
instruction	0055d345	FUN_0055d345	0055d470	0055d477	FALL_THROUGH	FUN_0055d345	bytes=C745D400000000;mnemonic=MOV;instruction=MOV dword ptr [EBP + -0x2c],0x0;inputs=0x0,EBP,0xffffffd4;results=;flows=;fallthrough=0055d477
instruction_reference	0055d345	FUN_0055d345	0055d470	Stack[-0x30]	WRITE		operand_index=0;primary=true;source=ANALYSIS
instruction	0055d345	FUN_0055d345	0055d477	0055d479	FALL_THROUGH	FUN_0055d345	bytes=6A04;mnemonic=PUSH;instruction=PUSH 0x4;inputs=ESP,0x4;results=ESP;flows=;fallthrough=0055d479
instruction	0055d345	FUN_0055d345	0055d479	0055d47f	FALL_THROUGH	FUN_0055d345	bytes=8B15F4713B01;mnemonic=MOV;instruction=MOV EDX,dword ptr [0x013b71f4];inputs=013b71f4;results=EDX;flows=;fallthrough=0055d47f
instruction_reference	0055d345	FUN_0055d345	0055d479	013b71f4	READ	DAT_013b71f4	operand_index=1;primary=true;source=DEFAULT
instruction	0055d345	FUN_0055d345	0055d47f	0055d485	FALL_THROUGH	FUN_0055d345	bytes=031504723B01;mnemonic=ADD;instruction=ADD EDX,dword ptr [0x013b7204];inputs=013b7204,0x0,0x1,EDX,0xff;results=CF,PF,ZF,SF,EDX,OF;flows=;fallthrough=0055d485
instruction_reference	0055d345	FUN_0055d345	0055d47f	013b7204	READ	DAT_013b7204	operand_index=1;primary=true;source=DEFAULT
instruction	0055d345	FUN_0055d345	0055d485	0055d486	FALL_THROUGH	FUN_0055d345	bytes=52;mnemonic=PUSH;instruction=PUSH EDX;inputs=ESP,0x4,EDX;results=ESP;flows=;fallthrough=0055d486
instruction	0055d345	FUN_0055d345	0055d486	0055d489	FALL_THROUGH	FUN_0055d345	bytes=8D45D4;mnemonic=LEA;instruction=LEA EAX,[EBP + -0x2c];inputs=EBP,0xffffffd4;results=EAX;flows=;fallthrough=0055d489
instruction_reference	0055d345	FUN_0055d345	0055d486	Stack[-0x30]	DATA		operand_index=0;primary=true;source=ANALYSIS
instruction	0055d345	FUN_0055d345	0055d489	0055d48a	FALL_THROUGH	FUN_0055d345	bytes=50;mnemonic=PUSH;instruction=PUSH EAX;inputs=EAX,ESP,0x4;results=ESP;flows=;fallthrough=0055d48a
instruction	0055d345	FUN_0055d345	0055d48a	0055d48f	UNCONDITIONAL_CALL	FUN_0055d345	bytes=E8911D0300;mnemonic=CALL;instruction=CALL 0x0058f220;inputs=ESP,0x4,0x55d48f;results=ESP;flows=0058f220;fallthrough=0055d48f
instruction_reference	0055d345	FUN_0055d345	0055d48a	0058f220	UNCONDITIONAL_CALL	FUN_0058f220	operand_index=0;primary=true;source=DEFAULT
instruction	0055d345	FUN_0055d345	0055d48f	0055d492	FALL_THROUGH	FUN_0055d345	bytes=83C40C;mnemonic=ADD;instruction=ADD ESP,0xc;inputs=ESP,0x0,0x1,0xc,0xff;results=CF,ESP,PF,ZF,SF,OF;flows=;fallthrough=0055d492
instruction	0055d345	FUN_0055d345	0055d492	0055d495	FALL_THROUGH	FUN_0055d345	bytes=8B4DD4;mnemonic=MOV;instruction=MOV ECX,dword ptr [EBP + -0x2c];inputs=EBP,0xffffffd4;results=ECX;flows=;fallthrough=0055d495
instruction_reference	0055d345	FUN_0055d345	0055d492	Stack[-0x30]	READ		operand_index=1;primary=true;source=ANALYSIS
instruction	0055d345	FUN_0055d345	0055d495	0055d49b	FALL_THROUGH	FUN_0055d345	bytes=030DF8713B01;mnemonic=ADD;instruction=ADD ECX,dword ptr [0x013b71f8];inputs=0x0,0x1,ECX,013b71f8,0xff;results=CF,PF,ECX,ZF,SF,OF;flows=;fallthrough=0055d49b
instruction_reference	0055d345	FUN_0055d345	0055d495	013b71f8	READ	DAT_013b71f8	operand_index=1;primary=true;source=DEFAULT
instruction	0055d345	FUN_0055d345	0055d49b	0055d49e	FALL_THROUGH	FUN_0055d345	bytes=394DD8;mnemonic=CMP;instruction=CMP dword ptr [EBP + -0x28],ECX;inputs=0x0,0x1,EBP,ECX,0xffffffd8,0xff;results=CF,PF,ZF,SF,OF;flows=;fallthrough=0055d49e
instruction_reference	0055d345	FUN_0055d345	0055d49b	Stack[-0x2c]	READ		operand_index=0;primary=true;source=ANALYSIS
instruction	0055d345	FUN_0055d345	0055d49e	0055d4a0	CONDITIONAL_JUMP	FUN_0055d345	bytes=7658;mnemonic=JBE;instruction=JBE 0x0055d4f8;inputs=CF,ZF;results=;flows=0055d4f8;fallthrough=0055d4a0
instruction_reference	0055d345	FUN_0055d345	0055d49e	0055d4f8	CONDITIONAL_JUMP	LAB_0055d4f8	operand_index=0;primary=true;source=DEFAULT
instruction	0055d345	FUN_0055d345	0055d4a0	0055d4a6	FALL_THROUGH	FUN_0055d345	bytes=8B1504723B01;mnemonic=MOV;instruction=MOV EDX,dword ptr [0x013b7204];inputs=013b7204;results=EDX;flows=;fallthrough=0055d4a6
instruction_reference	0055d345	FUN_0055d345	0055d4a0	013b7204	READ	DAT_013b7204	operand_index=1;primary=true;source=DEFAULT
instruction	0055d345	FUN_0055d345	0055d4a6	0055d4a9	FALL_THROUGH	FUN_0055d345	bytes=83C204;mnemonic=ADD;instruction=ADD EDX,0x4;inputs=0x0,0x1,0x4,EDX,0xff;results=CF,PF,ZF,SF,EDX,OF;flows=;fallthrough=0055d4a9
instruction	0055d345	FUN_0055d345	0055d4a9	0055d4af	FALL_THROUGH	FUN_0055d345	bytes=891504723B01;mnemonic=MOV;instruction=MOV dword ptr [0x013b7204],EDX;inputs=EDX;results=013b7204;flows=;fallthrough=0055d4af
instruction_reference	0055d345	FUN_0055d345	0055d4a9	013b7204	WRITE	DAT_013b7204	operand_index=0;primary=true;source=DEFAULT
instruction	0055d345	FUN_0055d345	0055d4af	0055d4b4	FALL_THROUGH	FUN_0055d345	bytes=A1F4713B01;mnemonic=MOV;instruction=MOV EAX,[0x013b71f4];inputs=013b71f4;results=EAX;flows=;fallthrough=0055d4b4
instruction_reference	0055d345	FUN_0055d345	0055d4af	013b71f4	READ	DAT_013b71f4	operand_index=1;primary=true;source=DEFAULT
instruction	0055d345	FUN_0055d345	0055d4b4	0055d4ba	FALL_THROUGH	FUN_0055d345	bytes=030504723B01;mnemonic=ADD;instruction=ADD EAX,dword ptr [0x013b7204];inputs=EAX,013b7204,0x0,0x1,0xff;results=CF,EAX,PF,ZF,SF,OF;flows=;fallthrough=0055d4ba
instruction_reference	0055d345	FUN_0055d345	0055d4b4	013b7204	READ	DAT_013b7204	operand_index=1;primary=true;source=DEFAULT
instruction	0055d345	FUN_0055d345	0055d4ba	0055d4bd	FALL_THROUGH	FUN_0055d345	bytes=8945D0;mnemonic=MOV;instruction=MOV dword ptr [EBP + -0x30],EAX;inputs=EAX,EBP,0xffffffd0;results=;flows=;fallthrough=0055d4bd
instruction_reference	0055d345	FUN_0055d345	0055d4ba	Stack[-0x34]	WRITE		operand_index=0;primary=true;source=ANALYSIS
instruction	0055d345	FUN_0055d345	0055d4bd	0055d4c0	FALL_THROUGH	FUN_0055d345	bytes=8B4DD0;mnemonic=MOV;instruction=MOV ECX,dword ptr [EBP + -0x30];inputs=EBP,0xffffffd0;results=ECX;flows=;fallthrough=0055d4c0
instruction_reference	0055d345	FUN_0055d345	0055d4bd	Stack[-0x34]	READ		operand_index=1;primary=true;source=ANALYSIS
instruction	0055d345	FUN_0055d345	0055d4c0	0055d4c1	FALL_THROUGH	FUN_0055d345	bytes=51;mnemonic=PUSH;instruction=PUSH ECX;inputs=ESP,ECX,0x4;results=ESP;flows=;fallthrough=0055d4c1
instruction	0055d345	FUN_0055d345	0055d4c1	0055d4c4	FALL_THROUGH	FUN_0055d345	bytes=8B55D0;mnemonic=MOV;instruction=MOV EDX,dword ptr [EBP + -0x30];inputs=EBP,0xffffffd0;results=EDX;flows=;fallthrough=0055d4c4
instruction_reference	0055d345	FUN_0055d345	0055d4c1	Stack[-0x34]	READ		operand_index=1;primary=true;source=ANALYSIS
instruction	0055d345	FUN_0055d345	0055d4c4	0055d4c6	FALL_THROUGH	FUN_0055d345	bytes=33C0;mnemonic=XOR;instruction=XOR EAX,EAX;inputs=0x0,EAX,0x1,0xff;results=CF,EAX,PF,ZF,SF,OF;flows=;fallthrough=0055d4c6
instruction	0055d345	FUN_0055d345	0055d4c6	0055d4ca	FALL_THROUGH	FUN_0055d345	bytes=668B4204;mnemonic=MOV;instruction=MOV AX,word ptr [EDX + 0x4];inputs=0x4,EDX;results=AX;flows=;fallthrough=0055d4ca
instruction	0055d345	FUN_0055d345	0055d4ca	0055d4cb	FALL_THROUGH	FUN_0055d345	bytes=50;mnemonic=PUSH;instruction=PUSH EAX;inputs=EAX,ESP,0x4;results=ESP;flows=;fallthrough=0055d4cb
instruction	0055d345	FUN_0055d345	0055d4cb	0055d4ce	FALL_THROUGH	FUN_0055d345	bytes=8B4DC4;mnemonic=MOV;instruction=MOV ECX,dword ptr [EBP + -0x3c];inputs=EBP,0xffffffc4;results=ECX;flows=;fallthrough=0055d4ce
instruction_reference	0055d345	FUN_0055d345	0055d4cb	Stack[-0x40]	READ		operand_index=1;primary=true;source=ANALYSIS
instruction	0055d345	FUN_0055d345	0055d4ce	0055d4d4	FALL_THROUGH	FUN_0055d345	bytes=8B89F8000000;mnemonic=MOV;instruction=MOV ECX,dword ptr [ECX + 0xf8];inputs=ECX,0xf8;results=ECX;flows=;fallthrough=0055d4d4
instruction	0055d345	FUN_0055d345	0055d4d4	0055d4d7	FALL_THROUGH	FUN_0055d345	bytes=8B55C4;mnemonic=MOV;instruction=MOV EDX,dword ptr [EBP + -0x3c];inputs=EBP,0xffffffc4;results=EDX;flows=;fallthrough=0055d4d7
instruction_reference	0055d345	FUN_0055d345	0055d4d4	Stack[-0x40]	READ		operand_index=1;primary=true;source=ANALYSIS
instruction	0055d345	FUN_0055d345	0055d4d7	0055d4dd	FALL_THROUGH	FUN_0055d345	bytes=8B82F8000000;mnemonic=MOV;instruction=MOV EAX,dword ptr [EDX + 0xf8];inputs=EDX,0xf8;results=EAX;flows=;fallthrough=0055d4dd
instruction	0055d345	FUN_0055d345	0055d4dd	0055d4df	FALL_THROUGH	FUN_0055d345	bytes=8B10;mnemonic=MOV;instruction=MOV EDX,dword ptr [EAX];inputs=EAX;results=EDX;flows=;fallthrough=0055d4df
instruction	0055d345	FUN_0055d345	0055d4df	0055d4e2	COMPUTED_CALL	FUN_0055d345	bytes=FF5208;mnemonic=CALL;instruction=CALL dword ptr [EDX + 0x8];inputs=ESP,0x4,0x55d4e2,EDX,0x8;results=ESP;flows=;fallthrough=0055d4e2
instruction	0055d345	FUN_0055d345	0055d4e2	0055d4e5	FALL_THROUGH	FUN_0055d345	bytes=8B45D0;mnemonic=MOV;instruction=MOV EAX,dword ptr [EBP + -0x30];inputs=EBP,0xffffffd0;results=EAX;flows=;fallthrough=0055d4e5
instruction_reference	0055d345	FUN_0055d345	0055d4e2	Stack[-0x34]	READ		operand_index=1;primary=true;source=ANALYSIS
instruction	0055d345	FUN_0055d345	0055d4e5	0055d4e7	FALL_THROUGH	FUN_0055d345	bytes=33C9;mnemonic=XOR;instruction=XOR ECX,ECX;inputs=0x0,0x1,ECX,0xff;results=CF,PF,ECX,ZF,SF,OF;flows=;fallthrough=0055d4e7
instruction	0055d345	FUN_0055d345	0055d4e7	0055d4ea	FALL_THROUGH	FUN_0055d345	bytes=668B08;mnemonic=MOV;instruction=MOV CX,word ptr [EAX];inputs=EAX;results=CX;flows=;fallthrough=0055d4ea
instruction	0055d345	FUN_0055d345	0055d4ea	0055d4f0	FALL_THROUGH	FUN_0055d345	bytes=8B1504723B01;mnemonic=MOV;instruction=MOV EDX,dword ptr [0x013b7204];inputs=013b7204;results=EDX;flows=;fallthrough=0055d4f0
instruction_reference	0055d345	FUN_0055d345	0055d4ea	013b7204	READ	DAT_013b7204	operand_index=1;primary=true;source=DEFAULT
instruction	0055d345	FUN_0055d345	0055d4f0	0055d4f2	FALL_THROUGH	FUN_0055d345	bytes=03D1;mnemonic=ADD;instruction=ADD EDX,ECX;inputs=0x0,0x1,ECX,EDX,0xff;results=CF,PF,ZF,SF,EDX,OF;flows=;fallthrough=0055d4f2
instruction	0055d345	FUN_0055d345	0055d4f2	0055d4f8	FALL_THROUGH	FUN_0055d345	bytes=891504723B01;mnemonic=MOV;instruction=MOV dword ptr [0x013b7204],EDX;inputs=EDX;results=013b7204;flows=;fallthrough=0055d4f8
instruction_reference	0055d345	FUN_0055d345	0055d4f2	013b7204	WRITE	DAT_013b7204	operand_index=0;primary=true;source=DEFAULT
instruction	0055d345	FUN_0055d345	0055d4f8		UNCONDITIONAL_JUMP	FUN_0055d345	bytes=EB57;mnemonic=JMP;instruction=JMP 0x0055d551;inputs=;results=;flows=0055d551;fallthrough=
instruction_reference	0055d345	FUN_0055d345	0055d4f8	0055d551	UNCONDITIONAL_JUMP	LAB_0055d551	operand_index=0;primary=true;source=DEFAULT
instruction	0055d345	FUN_0055d345	0055d4fa	0055d504	FALL_THROUGH	FUN_0055d345	bytes=C705F8713B0100000000;mnemonic=MOV;instruction=MOV dword ptr [0x013b71f8],0x0;inputs=0x0;results=013b71f8;flows=;fallthrough=0055d504
instruction_reference	0055d345	FUN_0055d345	0055d4fa	013b71f8	WRITE	DAT_013b71f8	operand_index=0;primary=true;source=DEFAULT
instruction	0055d345	FUN_0055d345	0055d504	0055d509	FALL_THROUGH	FUN_0055d345	bytes=68A00F0000;mnemonic=PUSH;instruction=PUSH 0xfa0;inputs=0xfa0,ESP,0x4;results=ESP;flows=;fallthrough=0055d509
instruction	0055d345	FUN_0055d345	0055d509	0055d50e	FALL_THROUGH	FUN_0055d345	bytes=68204F5C00;mnemonic=PUSH;instruction=PUSH 0x5c4f20;inputs=ESP,0x4,0x5c4f20;results=ESP;flows=;fallthrough=0055d50e
instruction_reference	0055d345	FUN_0055d345	0055d509	005c4f20	DATA	s_End_Replay_005c4f20	operand_index=0;primary=true;source=ANALYSIS
instruction	0055d345	FUN_0055d345	0055d50e	0055d513	FALL_THROUGH	FUN_0055d345	bytes=A138CF6700;mnemonic=MOV;instruction=MOV EAX,[0x0067cf38];inputs=0067cf38;results=EAX;flows=;fallthrough=0055d513
instruction_reference	0055d345	FUN_0055d345	0055d50e	0067cf38	READ	DAT_0067cf38	operand_index=1;primary=true;source=DEFAULT
instruction	0055d345	FUN_0055d345	0055d513	0055d519	FALL_THROUGH	FUN_0055d345	bytes=8B8884000000;mnemonic=MOV;instruction=MOV ECX,dword ptr [EAX + 0x84];inputs=EAX,0x84;results=ECX;flows=;fallthrough=0055d519
instruction	0055d345	FUN_0055d345	0055d519	0055d51e	UNCONDITIONAL_CALL	FUN_0055d345	bytes=E8D468EAFF;mnemonic=CALL;instruction=CALL 0x00403df2;inputs=ESP,0x4,0x55d51e;results=ESP;flows=00403df2;fallthrough=0055d51e
instruction_reference	0055d345	FUN_0055d345	0055d519	00403df2	UNCONDITIONAL_CALL	FUN_00403df2	operand_index=0;primary=true;source=DEFAULT
instruction	0055d345	FUN_0055d345	0055d51e	0055d520	FALL_THROUGH	FUN_0055d345	bytes=6A01;mnemonic=PUSH;instruction=PUSH 0x1;inputs=ESP,0x1,0x4;results=ESP;flows=;fallthrough=0055d520
instruction	0055d345	FUN_0055d345	0055d520	0055d522	FALL_THROUGH	FUN_0055d345	bytes=6A01;mnemonic=PUSH;instruction=PUSH 0x1;inputs=ESP,0x1,0x4;results=ESP;flows=;fallthrough=0055d522
instruction	0055d345	FUN_0055d345	0055d522	0055d528	FALL_THROUGH	FUN_0055d345	bytes=8B0D38CF6700;mnemonic=MOV;instruction=MOV ECX,dword ptr [0x0067cf38];inputs=0067cf38;results=ECX;flows=;fallthrough=0055d528
instruction_reference	0055d345	FUN_0055d345	0055d522	0067cf38	READ	DAT_0067cf38	operand_index=1;primary=true;source=DEFAULT
instruction	0055d345	FUN_0055d345	0055d528	0055d52e	FALL_THROUGH	FUN_0055d345	bytes=8B8984000000;mnemonic=MOV;instruction=MOV ECX,dword ptr [ECX + 0x84];inputs=ECX,0x84;results=ECX;flows=;fallthrough=0055d52e
instruction	0055d345	FUN_0055d345	0055d52e	0055d534	FALL_THROUGH	FUN_0055d345	bytes=8B1538CF6700;mnemonic=MOV;instruction=MOV EDX,dword ptr [0x0067cf38];inputs=0067cf38;results=EDX;flows=;fallthrough=0055d534
instruction_reference	0055d345	FUN_0055d345	0055d52e	0067cf38	READ	DAT_0067cf38	operand_index=1;primary=true;source=DEFAULT
instruction	0055d345	FUN_0055d345	0055d534	0055d53a	FALL_THROUGH	FUN_0055d345	bytes=8B8284000000;mnemonic=MOV;instruction=MOV EAX,dword ptr [EDX + 0x84];inputs=0x84,EDX;results=EAX;flows=;fallthrough=0055d53a
instruction	0055d345	FUN_0055d345	0055d53a	0055d53c	FALL_THROUGH	FUN_0055d345	bytes=8B10;mnemonic=MOV;instruction=MOV EDX,dword ptr [EAX];inputs=EAX;results=EDX;flows=;fallthrough=0055d53c
instruction	0055d345	FUN_0055d345	0055d53c	0055d542	COMPUTED_CALL	FUN_0055d345	bytes=FF9288000000;mnemonic=CALL;instruction=CALL dword ptr [EDX + 0x88];inputs=ESP,0x4,0x55d542,EDX,0x88;results=ESP;flows=;fallthrough=0055d542
instruction	0055d345	FUN_0055d345	0055d542	0055d547	FALL_THROUGH	FUN_0055d345	bytes=A138CF6700;mnemonic=MOV;instruction=MOV EAX,[0x0067cf38];inputs=0067cf38;results=EAX;flows=;fallthrough=0055d547
instruction_reference	0055d345	FUN_0055d345	0055d542	0067cf38	READ	DAT_0067cf38	operand_index=1;primary=true;source=DEFAULT
instruction	0055d345	FUN_0055d345	0055d547	0055d54a	FALL_THROUGH	FUN_0055d345	bytes=8B484C;mnemonic=MOV;instruction=MOV ECX,dword ptr [EAX + 0x4c];inputs=EAX,0x4c;results=ECX;flows=;fallthrough=0055d54a
instruction	0055d345	FUN_0055d345	0055d54a	0055d551	FALL_THROUGH	FUN_0055d345	bytes=C6819507000000;mnemonic=MOV;instruction=MOV byte ptr [ECX + 0x795],0x0;inputs=0x0,ECX,0x795;results=;flows=;fallthrough=0055d551
instruction	0055d345	FUN_0055d345	0055d551	0055d558	FALL_THROUGH	FUN_0055d345	bytes=833D6C733B0101;mnemonic=CMP;instruction=CMP dword ptr [0x013b736c],0x1;inputs=0x0,0x1,013b736c,0xff;results=CF,PF,ZF,SF,OF;flows=;fallthrough=0055d558
instruction_reference	0055d345	FUN_0055d345	0055d551	013b736c	READ	DAT_013b736c	operand_index=0;primary=true;source=DEFAULT
instruction	0055d345	FUN_0055d345	0055d558	0055d55a	CONDITIONAL_JUMP	FUN_0055d345	bytes=7530;mnemonic=JNZ;instruction=JNZ 0x0055d58a;inputs=ZF;results=;flows=0055d58a;fallthrough=0055d55a
instruction_reference	0055d345	FUN_0055d345	0055d558	0055d58a	CONDITIONAL_JUMP	LAB_0055d58a	operand_index=0;primary=true;source=DEFAULT
instruction	0055d345	FUN_0055d345	0055d55a	0055d561	FALL_THROUGH	FUN_0055d345	bytes=833D74733B0100;mnemonic=CMP;instruction=CMP dword ptr [0x013b7374],0x0;inputs=013b7374,0x0,0x1,0xff;results=CF,PF,ZF,SF,OF;flows=;fallthrough=0055d561
instruction_reference	0055d345	FUN_0055d345	0055d55a	013b7374	READ	DAT_013b7374	operand_index=0;primary=true;source=DEFAULT
instruction	0055d345	FUN_0055d345	0055d561	0055d563	CONDITIONAL_JUMP	FUN_0055d345	bytes=750A;mnemonic=JNZ;instruction=JNZ 0x0055d56d;inputs=ZF;results=;flows=0055d56d;fallthrough=0055d563
instruction_reference	0055d345	FUN_0055d345	0055d561	0055d56d	CONDITIONAL_JUMP	LAB_0055d56d	operand_index=0;primary=true;source=DEFAULT
instruction	0055d345	FUN_0055d345	0055d563	0055d56d	FALL_THROUGH	FUN_0055d345	bytes=C70574733B0101000000;mnemonic=MOV;instruction=MOV dword ptr [0x013b7374],0x1;inputs=0x1;results=013b7374;flows=;fallthrough=0055d56d
instruction_reference	0055d345	FUN_0055d345	0055d563	013b7374	WRITE	DAT_013b7374	operand_index=0;primary=true;source=DEFAULT
instruction	0055d345	FUN_0055d345	0055d56d	0055d56f	FALL_THROUGH	FUN_0055d345	bytes=6A05;mnemonic=PUSH;instruction=PUSH 0x5;inputs=ESP,0x4,0x5;results=ESP;flows=;fallthrough=0055d56f
instruction	0055d345	FUN_0055d345	0055d56f	0055d575	FALL_THROUGH	FUN_0055d345	bytes=8B1564733B01;mnemonic=MOV;instruction=MOV EDX,dword ptr [0x013b7364];inputs=013b7364;results=EDX;flows=;fallthrough=0055d575
instruction_reference	0055d345	FUN_0055d345	0055d56f	013b7364	READ	DAT_013b7364	operand_index=1;primary=true;source=DEFAULT
instruction	0055d345	FUN_0055d345	0055d575	0055d576	FALL_THROUGH	FUN_0055d345	bytes=52;mnemonic=PUSH;instruction=PUSH EDX;inputs=ESP,0x4,EDX;results=ESP;flows=;fallthrough=0055d576
instruction	0055d345	FUN_0055d345	0055d576	0055d57c	COMPUTED_CALL	FUN_0055d345	bytes=FF15AC325A00;mnemonic=CALL;instruction=CALL dword ptr [0x005a32ac];inputs=ESP,0x4,005a32ac,0x55d57c;results=ESP;flows=EXTERNAL:0000007b;fallthrough=0055d57c
instruction_reference	0055d345	FUN_0055d345	0055d576	005a32ac	READ	PTR_ShowWindow_005a32ac	operand_index=0;primary=true;source=DEFAULT
instruction_reference	0055d345	FUN_0055d345	0055d576	EXTERNAL:0000007b	COMPUTED_CALL	ShowWindow	operand_index=-1;primary=true;source=ANALYSIS
instruction	0055d345	FUN_0055d345	0055d57c	0055d581	FALL_THROUGH	FUN_0055d345	bytes=A164733B01;mnemonic=MOV;instruction=MOV EAX,[0x013b7364];inputs=013b7364;results=EAX;flows=;fallthrough=0055d581
instruction_reference	0055d345	FUN_0055d345	0055d57c	013b7364	READ	DAT_013b7364	operand_index=1;primary=true;source=DEFAULT
instruction	0055d345	FUN_0055d345	0055d581	0055d582	FALL_THROUGH	FUN_0055d345	bytes=50;mnemonic=PUSH;instruction=PUSH EAX;inputs=EAX,ESP,0x4;results=ESP;flows=;fallthrough=0055d582
instruction	0055d345	FUN_0055d345	0055d582	0055d588	COMPUTED_CALL	FUN_0055d345	bytes=FF153C335A00;mnemonic=CALL;instruction=CALL dword ptr [0x005a333c];inputs=ESP,0x4,005a333c,0x55d588;results=ESP;flows=EXTERNAL:0000009f;fallthrough=0055d588
instruction_reference	0055d345	FUN_0055d345	0055d582	005a333c	READ	PTR_UpdateWindow_005a333c	operand_index=0;primary=true;source=DEFAULT
instruction_reference	0055d345	FUN_0055d345	0055d582	EXTERNAL:0000009f	COMPUTED_CALL	UpdateWindow	operand_index=-1;primary=true;source=ANALYSIS
instruction	0055d345	FUN_0055d345	0055d588		UNCONDITIONAL_JUMP	FUN_0055d345	bytes=EB35;mnemonic=JMP;instruction=JMP 0x0055d5bf;inputs=;results=;flows=0055d5bf;fallthrough=
instruction_reference	0055d345	FUN_0055d345	0055d588	0055d5bf	UNCONDITIONAL_JUMP	LAB_0055d5bf	operand_index=0;primary=true;source=DEFAULT
instruction	0055d345	FUN_0055d345	0055d58a	0055d58d	FALL_THROUGH	FUN_0055d345	bytes=8B4DC4;mnemonic=MOV;instruction=MOV ECX,dword ptr [EBP + -0x3c];inputs=EBP,0xffffffc4;results=ECX;flows=;fallthrough=0055d58d
instruction_reference	0055d345	FUN_0055d345	0055d58a	Stack[-0x40]	READ		operand_index=1;primary=true;source=ANALYSIS
instruction	0055d345	FUN_0055d345	0055d58d	0055d594	FALL_THROUGH	FUN_0055d345	bytes=83B9E800000000;mnemonic=CMP;instruction=CMP dword ptr [ECX + 0xe8],0x0;inputs=0x0,0x1,ECX,0xe8,0xff;results=CF,PF,ZF,SF,OF;flows=;fallthrough=0055d594
instruction	0055d345	FUN_0055d345	0055d594	0055d596	CONDITIONAL_JUMP	FUN_0055d345	bytes=741E;mnemonic=JZ;instruction=JZ 0x0055d5b4;inputs=ZF;results=;flows=0055d5b4;fallthrough=0055d596
instruction_reference	0055d345	FUN_0055d345	0055d594	0055d5b4	CONDITIONAL_JUMP	LAB_0055d5b4	operand_index=0;primary=true;source=DEFAULT
instruction	0055d345	FUN_0055d345	0055d596	0055d599	FALL_THROUGH	FUN_0055d345	bytes=8B55C4;mnemonic=MOV;instruction=MOV EDX,dword ptr [EBP + -0x3c];inputs=EBP,0xffffffc4;results=EDX;flows=;fallthrough=0055d599
instruction_reference	0055d345	FUN_0055d345	0055d596	Stack[-0x40]	READ		operand_index=1;primary=true;source=ANALYSIS
instruction	0055d345	FUN_0055d345	0055d599	0055d5a0	FALL_THROUGH	FUN_0055d345	bytes=83BAE800000000;mnemonic=CMP;instruction=CMP dword ptr [EDX + 0xe8],0x0;inputs=0x0,0x1,EDX,0xe8,0xff;results=CF,PF,ZF,SF,OF;flows=;fallthrough=0055d5a0
instruction	0055d345	FUN_0055d345	0055d5a0	0055d5a2	CONDITIONAL_JUMP	FUN_0055d345	bytes=741D;mnemonic=JZ;instruction=JZ 0x0055d5bf;inputs=ZF;results=;flows=0055d5bf;fallthrough=0055d5a2
instruction_reference	0055d345	FUN_0055d345	0055d5a0	0055d5bf	CONDITIONAL_JUMP	LAB_0055d5bf	operand_index=0;primary=true;source=DEFAULT
instruction	0055d345	FUN_0055d345	0055d5a2	0055d5a5	FALL_THROUGH	FUN_0055d345	bytes=8B45C4;mnemonic=MOV;instruction=MOV EAX,dword ptr [EBP + -0x3c];inputs=EBP,0xffffffc4;results=EAX;flows=;fallthrough=0055d5a5
instruction_reference	0055d345	FUN_0055d345	0055d5a2	Stack[-0x40]	READ		operand_index=1;primary=true;source=ANALYSIS
instruction	0055d345	FUN_0055d345	0055d5a5	0055d5ab	FALL_THROUGH	FUN_0055d345	bytes=8B88E8000000;mnemonic=MOV;instruction=MOV ECX,dword ptr [EAX + 0xe8];inputs=EAX,0xe8;results=ECX;flows=;fallthrough=0055d5ab
instruction	0055d345	FUN_0055d345	0055d5ab	0055d5b2	FALL_THROUGH	FUN_0055d345	bytes=83B90C01000002;mnemonic=CMP;instruction=CMP dword ptr [ECX + 0x10c],0x2;inputs=0x0,0x1,0x2,ECX,0x10c,0xff;results=CF,PF,ZF,SF,OF;flows=;fallthrough=0055d5b2
instruction	0055d345	FUN_0055d345	0055d5b2	0055d5b4	CONDITIONAL_JUMP	FUN_0055d345	bytes=740B;mnemonic=JZ;instruction=JZ 0x0055d5bf;inputs=ZF;results=;flows=0055d5bf;fallthrough=0055d5b4
instruction_reference	0055d345	FUN_0055d345	0055d5b2	0055d5bf	CONDITIONAL_JUMP	LAB_0055d5bf	operand_index=0;primary=true;source=DEFAULT
instruction	0055d345	FUN_0055d345	0055d5b4	0055d5b7	FALL_THROUGH	FUN_0055d345	bytes=8B55C4;mnemonic=MOV;instruction=MOV EDX,dword ptr [EBP + -0x3c];inputs=EBP,0xffffffc4;results=EDX;flows=;fallthrough=0055d5b7
instruction_reference	0055d345	FUN_0055d345	0055d5b4	Stack[-0x40]	READ		operand_index=1;primary=true;source=ANALYSIS
instruction	0055d345	FUN_0055d345	0055d5b7	0055d5b9	FALL_THROUGH	FUN_0055d345	bytes=8B02;mnemonic=MOV;instruction=MOV EAX,dword ptr [EDX];inputs=EDX;results=EAX;flows=;fallthrough=0055d5b9
instruction	0055d345	FUN_0055d345	0055d5b9	0055d5bc	FALL_THROUGH	FUN_0055d345	bytes=8B4DC4;mnemonic=MOV;instruction=MOV ECX,dword ptr [EBP + -0x3c];inputs=EBP,0xffffffc4;results=ECX;flows=;fallthrough=0055d5bc
instruction_reference	0055d345	FUN_0055d345	0055d5b9	Stack[-0x40]	READ		operand_index=1;primary=true;source=ANALYSIS
instruction	0055d345	FUN_0055d345	0055d5bc	0055d5bf	COMPUTED_CALL	FUN_0055d345	bytes=FF5014;mnemonic=CALL;instruction=CALL dword ptr [EAX + 0x14];inputs=EAX,ESP,0x14,0x4,0x55d5bf;results=ESP;flows=;fallthrough=0055d5bf
instruction	0055d345	FUN_0055d345	0055d5bf	0055d5c2	FALL_THROUGH	FUN_0055d345	bytes=8B4DC4;mnemonic=MOV;instruction=MOV ECX,dword ptr [EBP + -0x3c];inputs=EBP,0xffffffc4;results=ECX;flows=;fallthrough=0055d5c2
instruction_reference	0055d345	FUN_0055d345	0055d5bf	Stack[-0x40]	READ		operand_index=1;primary=true;source=ANALYSIS
instruction	0055d345	FUN_0055d345	0055d5c2	0055d5c9	FALL_THROUGH	FUN_0055d345	bytes=83B9E800000000;mnemonic=CMP;instruction=CMP dword ptr [ECX + 0xe8],0x0;inputs=0x0,0x1,ECX,0xe8,0xff;results=CF,PF,ZF,SF,OF;flows=;fallthrough=0055d5c9
instruction	0055d345	FUN_0055d345	0055d5c9	0055d5cb	CONDITIONAL_JUMP	FUN_0055d345	bytes=7426;mnemonic=JZ;instruction=JZ 0x0055d5f1;inputs=ZF;results=;flows=0055d5f1;fallthrough=0055d5cb
instruction_reference	0055d345	FUN_0055d345	0055d5c9	0055d5f1	CONDITIONAL_JUMP	LAB_0055d5f1	operand_index=0;primary=true;source=DEFAULT
instruction	0055d345	FUN_0055d345	0055d5cb	0055d5ce	FALL_THROUGH	FUN_0055d345	bytes=8B55C4;mnemonic=MOV;instruction=MOV EDX,dword ptr [EBP + -0x3c];inputs=EBP,0xffffffc4;results=EDX;flows=;fallthrough=0055d5ce
instruction_reference	0055d345	FUN_0055d345	0055d5cb	Stack[-0x40]	READ		operand_index=1;primary=true;source=ANALYSIS
instruction	0055d345	FUN_0055d345	0055d5ce	0055d5d5	FALL_THROUGH	FUN_0055d345	bytes=83BAE800000000;mnemonic=CMP;instruction=CMP dword ptr [EDX + 0xe8],0x0;inputs=0x0,0x1,EDX,0xe8,0xff;results=CF,PF,ZF,SF,OF;flows=;fallthrough=0055d5d5
instruction	0055d345	FUN_0055d345	0055d5d5	0055d5db	CONDITIONAL_JUMP	FUN_0055d345	bytes=0F84CF000000;mnemonic=JZ;instruction=JZ 0x0055d6aa;inputs=ZF;results=;flows=0055d6aa;fallthrough=0055d5db
instruction_reference	0055d345	FUN_0055d345	0055d5d5	0055d6aa	CONDITIONAL_JUMP	LAB_0055d6aa	operand_index=0;primary=true;source=DEFAULT
instruction	0055d345	FUN_0055d345	0055d5db	0055d5de	FALL_THROUGH	FUN_0055d345	bytes=8B45C4;mnemonic=MOV;instruction=MOV EAX,dword ptr [EBP + -0x3c];inputs=EBP,0xffffffc4;results=EAX;flows=;fallthrough=0055d5de
instruction_reference	0055d345	FUN_0055d345	0055d5db	Stack[-0x40]	READ		operand_index=1;primary=true;source=ANALYSIS
instruction	0055d345	FUN_0055d345	0055d5de	0055d5e4	FALL_THROUGH	FUN_0055d345	bytes=8B88E8000000;mnemonic=MOV;instruction=MOV ECX,dword ptr [EAX + 0xe8];inputs=EAX,0xe8;results=ECX;flows=;fallthrough=0055d5e4
instruction	0055d345	FUN_0055d345	0055d5e4	0055d5eb	FALL_THROUGH	FUN_0055d345	bytes=83B90C01000002;mnemonic=CMP;instruction=CMP dword ptr [ECX + 0x10c],0x2;inputs=0x0,0x1,0x2,ECX,0x10c,0xff;results=CF,PF,ZF,SF,OF;flows=;fallthrough=0055d5eb
instruction	0055d345	FUN_0055d345	0055d5eb	0055d5f1	CONDITIONAL_JUMP	FUN_0055d345	bytes=0F84B9000000;mnemonic=JZ;instruction=JZ 0x0055d6aa;inputs=ZF;results=;flows=0055d6aa;fallthrough=0055d5f1
instruction_reference	0055d345	FUN_0055d345	0055d5eb	0055d6aa	CONDITIONAL_JUMP	LAB_0055d6aa	operand_index=0;primary=true;source=DEFAULT
instruction	0055d345	FUN_0055d345	0055d5f1	0055d5f4	FALL_THROUGH	FUN_0055d345	bytes=8B55C4;mnemonic=MOV;instruction=MOV EDX,dword ptr [EBP + -0x3c];inputs=EBP,0xffffffc4;results=EDX;flows=;fallthrough=0055d5f4
instruction_reference	0055d345	FUN_0055d345	0055d5f1	Stack[-0x40]	READ		operand_index=1;primary=true;source=ANALYSIS
instruction	0055d345	FUN_0055d345	0055d5f4	0055d5fa	FALL_THROUGH	FUN_0055d345	bytes=8B82E0000000;mnemonic=MOV;instruction=MOV EAX,dword ptr [EDX + 0xe0];inputs=0xe0,EDX;results=EAX;flows=;fallthrough=0055d5fa
instruction	0055d345	FUN_0055d345	0055d5fa	0055d601	FALL_THROUGH	FUN_0055d345	bytes=83B810A7020000;mnemonic=CMP;instruction=CMP dword ptr [EAX + 0x2a710],0x0;inputs=EAX,0x0,0x1,0x2a710,0xff;results=CF,PF,ZF,SF,OF;flows=;fallthrough=0055d601
instruction	0055d345	FUN_0055d345	0055d601	0055d607	CONDITIONAL_JUMP	FUN_0055d345	bytes=0F85A3000000;mnemonic=JNZ;instruction=JNZ 0x0055d6aa;inputs=ZF;results=;flows=0055d6aa;fallthrough=0055d607
instruction_reference	0055d345	FUN_0055d345	0055d601	0055d6aa	CONDITIONAL_JUMP	LAB_0055d6aa	operand_index=0;primary=true;source=DEFAULT
instruction	0055d345	FUN_0055d345	0055d607	0055d60a	FALL_THROUGH	FUN_0055d345	bytes=8B4DC4;mnemonic=MOV;instruction=MOV ECX,dword ptr [EBP + -0x3c];inputs=EBP,0xffffffc4;results=ECX;flows=;fallthrough=0055d60a
instruction_reference	0055d345	FUN_0055d345	0055d607	Stack[-0x40]	READ		operand_index=1;primary=true;source=ANALYSIS
instruction	0055d345	FUN_0055d345	0055d60a	0055d610	FALL_THROUGH	FUN_0055d345	bytes=8B89E0000000;mnemonic=MOV;instruction=MOV ECX,dword ptr [ECX + 0xe0];inputs=0xe0,ECX;results=ECX;flows=;fallthrough=0055d610
instruction	0055d345	FUN_0055d345	0055d610	0055d615	UNCONDITIONAL_CALL	FUN_0055d345	bytes=E806EFECFF;mnemonic=CALL;instruction=CALL 0x0042c51b;inputs=ESP,0x55d615,0x4;results=ESP;flows=0042c51b;fallthrough=0055d615
instruction_reference	0055d345	FUN_0055d345	0055d610	0042c51b	UNCONDITIONAL_CALL	FUN_0042c51b	operand_index=0;primary=true;source=DEFAULT
instruction	0055d345	FUN_0055d345	0055d615	0055d617	FALL_THROUGH	FUN_0055d345	bytes=85C0;mnemonic=TEST;instruction=TEST EAX,EAX;inputs=0x0,EAX,0x1,0xff;results=CF,PF,ZF,SF,OF;flows=;fallthrough=0055d617
instruction	0055d345	FUN_0055d345	0055d617	0055d619	CONDITIONAL_JUMP	FUN_0055d345	bytes=752F;mnemonic=JNZ;instruction=JNZ 0x0055d648;inputs=ZF;results=;flows=0055d648;fallthrough=0055d619
instruction_reference	0055d345	FUN_0055d345	0055d617	0055d648	CONDITIONAL_JUMP	LAB_0055d648	operand_index=0;primary=true;source=DEFAULT
instruction	0055d345	FUN_0055d345	0055d619	0055d61e	FALL_THROUGH	FUN_0055d345	bytes=6800100000;mnemonic=PUSH;instruction=PUSH 0x1000;inputs=0x1000,ESP,0x4;results=ESP;flows=;fallthrough=0055d61e
instruction	0055d345	FUN_0055d345	0055d61e	0055d623	FALL_THROUGH	FUN_0055d345	bytes=682C4F5C00;mnemonic=PUSH;instruction=PUSH 0x5c4f2c;inputs=0x5c4f2c,ESP,0x4;results=ESP;flows=;fallthrough=0055d623
instruction_reference	0055d345	FUN_0055d345	0055d61e	005c4f2c	DATA	s_Error_005c4f2c	operand_index=0;primary=true;source=ANALYSIS
instruction	0055d345	FUN_0055d345	0055d623	0055d628	FALL_THROUGH	FUN_0055d345	bytes=68344F5C00;mnemonic=PUSH;instruction=PUSH 0x5c4f34;inputs=ESP,0x4,0x5c4f34;results=ESP;flows=;fallthrough=0055d628
instruction_reference	0055d345	FUN_0055d345	0055d623	005c4f34	DATA	s_Game_data_crashed._Install_game_a_005c4f34	operand_index=0;primary=true;source=ANALYSIS
instruction	0055d345	FUN_0055d345	0055d628	0055d62b	FALL_THROUGH	FUN_0055d345	bytes=8B55C4;mnemonic=MOV;instruction=MOV EDX,dword ptr [EBP + -0x3c];inputs=EBP,0xffffffc4;results=EDX;flows=;fallthrough=0055d62b
instruction_reference	0055d345	FUN_0055d345	0055d628	Stack[-0x40]	READ		operand_index=1;primary=true;source=ANALYSIS
instruction	0055d345	FUN_0055d345	0055d62b	0055d62e	FALL_THROUGH	FUN_0055d345	bytes=8B4204;mnemonic=MOV;instruction=MOV EAX,dword ptr [EDX + 0x4];inputs=0x4,EDX;results=EAX;flows=;fallthrough=0055d62e
instruction	0055d345	FUN_0055d345	0055d62e	0055d62f	FALL_THROUGH	FUN_0055d345	bytes=50;mnemonic=PUSH;instruction=PUSH EAX;inputs=EAX,ESP,0x4;results=ESP;flows=;fallthrough=0055d62f
instruction	0055d345	FUN_0055d345	0055d62f	0055d635	COMPUTED_CALL	FUN_0055d345	bytes=FF1584325A00;mnemonic=CALL;instruction=CALL dword ptr [0x005a3284];inputs=ESP,0x55d635,005a3284,0x4;results=ESP;flows=EXTERNAL:00000071;fallthrough=0055d635
instruction_reference	0055d345	FUN_0055d345	0055d62f	005a3284	READ	PTR_MessageBoxA_005a3284	operand_index=0;primary=true;source=DEFAULT
instruction_reference	0055d345	FUN_0055d345	0055d62f	EXTERNAL:00000071	COMPUTED_CALL	MessageBoxA	operand_index=-1;primary=true;source=ANALYSIS
instruction	0055d345	FUN_0055d345	0055d635	0055d637	FALL_THROUGH	FUN_0055d345	bytes=6A00;mnemonic=PUSH;instruction=PUSH 0x0;inputs=0x0,ESP,0x4;results=ESP;flows=;fallthrough=0055d637
instruction	0055d345	FUN_0055d345	0055d637	0055d639	FALL_THROUGH	FUN_0055d345	bytes=6A00;mnemonic=PUSH;instruction=PUSH 0x0;inputs=0x0,ESP,0x4;results=ESP;flows=;fallthrough=0055d639
instruction	0055d345	FUN_0055d345	0055d639	0055d63b	FALL_THROUGH	FUN_0055d345	bytes=6A10;mnemonic=PUSH;instruction=PUSH 0x10;inputs=0x10,ESP,0x4;results=ESP;flows=;fallthrough=0055d63b
instruction	0055d345	FUN_0055d345	0055d63b	0055d63e	FALL_THROUGH	FUN_0055d345	bytes=8B4DC4;mnemonic=MOV;instruction=MOV ECX,dword ptr [EBP + -0x3c];inputs=EBP,0xffffffc4;results=ECX;flows=;fallthrough=0055d63e
instruction_reference	0055d345	FUN_0055d345	0055d63b	Stack[-0x40]	READ		operand_index=1;primary=true;source=ANALYSIS
instruction	0055d345	FUN_0055d345	0055d63e	0055d641	FALL_THROUGH	FUN_0055d345	bytes=8B5104;mnemonic=MOV;instruction=MOV EDX,dword ptr [ECX + 0x4];inputs=ECX,0x4;results=EDX;flows=;fallthrough=0055d641
instruction	0055d345	FUN_0055d345	0055d641	0055d642	FALL_THROUGH	FUN_0055d345	bytes=52;mnemonic=PUSH;instruction=PUSH EDX;inputs=ESP,0x4,EDX;results=ESP;flows=;fallthrough=0055d642
instruction	0055d345	FUN_0055d345	0055d642	0055d648	COMPUTED_CALL	FUN_0055d345	bytes=FF15B8325A00;mnemonic=CALL;instruction=CALL dword ptr [0x005a32b8];inputs=ESP,0x4,005a32b8,0x55d648;results=ESP;flows=EXTERNAL:0000007e;fallthrough=0055d648
instruction_reference	0055d345	FUN_0055d345	0055d642	005a32b8	READ	PTR_PostMessageA_005a32b8	operand_index=0;primary=true;source=DEFAULT
instruction_reference	0055d345	FUN_0055d345	0055d642	EXTERNAL:0000007e	COMPUTED_CALL	PostMessageA	operand_index=-1;primary=true;source=ANALYSIS
instruction	0055d345	FUN_0055d345	0055d648	0055d64b	FALL_THROUGH	FUN_0055d345	bytes=8B45C4;mnemonic=MOV;instruction=MOV EAX,dword ptr [EBP + -0x3c];inputs=EBP,0xffffffc4;results=EAX;flows=;fallthrough=0055d64b
instruction_reference	0055d345	FUN_0055d345	0055d648	Stack[-0x40]	READ		operand_index=1;primary=true;source=ANALYSIS
instruction	0055d345	FUN_0055d345	0055d64b	0055d652	FALL_THROUGH	FUN_0055d345	bytes=83B8E800000000;mnemonic=CMP;instruction=CMP dword ptr [EAX + 0xe8],0x0;inputs=EAX,0x0,0x1,0xe8,0xff;results=CF,PF,ZF,SF,OF;flows=;fallthrough=0055d652
instruction	0055d345	FUN_0055d345	0055d652	0055d654	CONDITIONAL_JUMP	FUN_0055d345	bytes=743D;mnemonic=JZ;instruction=JZ 0x0055d691;inputs=ZF;results=;flows=0055d691;fallthrough=0055d654
instruction_reference	0055d345	FUN_0055d345	0055d652	0055d691	CONDITIONAL_JUMP	LAB_0055d691	operand_index=0;primary=true;source=DEFAULT
instruction	0055d345	FUN_0055d345	0055d654	0055d657	FALL_THROUGH	FUN_0055d345	bytes=8B4DC4;mnemonic=MOV;instruction=MOV ECX,dword ptr [EBP + -0x3c];inputs=EBP,0xffffffc4;results=ECX;flows=;fallthrough=0055d657
instruction_reference	0055d345	FUN_0055d345	0055d654	Stack[-0x40]	READ		operand_index=1;primary=true;source=ANALYSIS
instruction	0055d345	FUN_0055d345	0055d657	0055d65d	FALL_THROUGH	FUN_0055d345	bytes=8B91E8000000;mnemonic=MOV;instruction=MOV EDX,dword ptr [ECX + 0xe8];inputs=ECX,0xe8;results=EDX;flows=;fallthrough=0055d65d
instruction	0055d345	FUN_0055d345	0055d65d	0055d660	FALL_THROUGH	FUN_0055d345	bytes=8955C8;mnemonic=MOV;instruction=MOV dword ptr [EBP + -0x38],EDX;inputs=EBP,0xffffffc8,EDX;results=;flows=;fallthrough=0055d660
instruction_reference	0055d345	FUN_0055d345	0055d65d	Stack[-0x3c]	WRITE		operand_index=0;primary=true;source=ANALYSIS
instruction	0055d345	FUN_0055d345	0055d660	0055d663	FALL_THROUGH	FUN_0055d345	bytes=8B45C8;mnemonic=MOV;instruction=MOV EAX,dword ptr [EBP + -0x38];inputs=EBP,0xffffffc8;results=EAX;flows=;fallthrough=0055d663
instruction_reference	0055d345	FUN_0055d345	0055d660	Stack[-0x3c]	READ		operand_index=1;primary=true;source=ANALYSIS
instruction	0055d345	FUN_0055d345	0055d663	0055d666	FALL_THROUGH	FUN_0055d345	bytes=8945CC;mnemonic=MOV;instruction=MOV dword ptr [EBP + -0x34],EAX;inputs=EAX,0xffffffcc,EBP;results=;flows=;fallthrough=0055d666
instruction_reference	0055d345	FUN_0055d345	0055d663	Stack[-0x38]	WRITE		operand_index=0;primary=true;source=ANALYSIS
instruction	0055d345	FUN_0055d345	0055d666	0055d66a	FALL_THROUGH	FUN_0055d345	bytes=837DCC00;mnemonic=CMP;instruction=CMP dword ptr [EBP + -0x34],0x0;inputs=0x0,0x1,0xffffffcc,EBP,0xff;results=CF,PF,ZF,SF,OF;flows=;fallthrough=0055d66a
instruction_reference	0055d345	FUN_0055d345	0055d666	Stack[-0x38]	READ		operand_index=0;primary=true;source=ANALYSIS
instruction	0055d345	FUN_0055d345	0055d66a	0055d66c	CONDITIONAL_JUMP	FUN_0055d345	bytes=7411;mnemonic=JZ;instruction=JZ 0x0055d67d;inputs=ZF;results=;flows=0055d67d;fallthrough=0055d66c
instruction_reference	0055d345	FUN_0055d345	0055d66a	0055d67d	CONDITIONAL_JUMP	LAB_0055d67d	operand_index=0;primary=true;source=DEFAULT
instruction	0055d345	FUN_0055d345	0055d66c	0055d66e	FALL_THROUGH	FUN_0055d345	bytes=6A01;mnemonic=PUSH;instruction=PUSH 0x1;inputs=ESP,0x1,0x4;results=ESP;flows=;fallthrough=0055d66e
instruction	0055d345	FUN_0055d345	0055d66e	0055d671	FALL_THROUGH	FUN_0055d345	bytes=8B4DCC;mnemonic=MOV;instruction=MOV ECX,dword ptr [EBP + -0x34];inputs=0xffffffcc,EBP;results=ECX;flows=;fallthrough=0055d671
instruction_reference	0055d345	FUN_0055d345	0055d66e	Stack[-0x38]	READ		operand_index=1;primary=true;source=ANALYSIS
instruction	0055d345	FUN_0055d345	0055d671	0055d673	FALL_THROUGH	FUN_0055d345	bytes=8B11;mnemonic=MOV;instruction=MOV EDX,dword ptr [ECX];inputs=ECX;results=EDX;flows=;fallthrough=0055d673
instruction	0055d345	FUN_0055d345	0055d673	0055d676	FALL_THROUGH	FUN_0055d345	bytes=8B4DCC;mnemonic=MOV;instruction=MOV ECX,dword ptr [EBP + -0x34];inputs=0xffffffcc,EBP;results=ECX;flows=;fallthrough=0055d676
instruction_reference	0055d345	FUN_0055d345	0055d673	Stack[-0x38]	READ		operand_index=1;primary=true;source=ANALYSIS
instruction	0055d345	FUN_0055d345	0055d676	0055d678	COMPUTED_CALL	FUN_0055d345	bytes=FF12;mnemonic=CALL;instruction=CALL dword ptr [EDX];inputs=ESP,0x4,EDX,0x55d678;results=ESP;flows=;fallthrough=0055d678
instruction	0055d345	FUN_0055d345	0055d678	0055d67b	FALL_THROUGH	FUN_0055d345	bytes=8945C0;mnemonic=MOV;instruction=MOV dword ptr [EBP + -0x40],EAX;inputs=EAX,EBP,0xffffffc0;results=;flows=;fallthrough=0055d67b
instruction_reference	0055d345	FUN_0055d345	0055d678	Stack[-0x44]	WRITE		operand_index=0;primary=true;source=ANALYSIS
instruction	0055d345	FUN_0055d345	0055d67b		UNCONDITIONAL_JUMP	FUN_0055d345	bytes=EB07;mnemonic=JMP;instruction=JMP 0x0055d684;inputs=;results=;flows=0055d684;fallthrough=
instruction_reference	0055d345	FUN_0055d345	0055d67b	0055d684	UNCONDITIONAL_JUMP	LAB_0055d684	operand_index=0;primary=true;source=DEFAULT
instruction	0055d345	FUN_0055d345	0055d67d	0055d684	FALL_THROUGH	FUN_0055d345	bytes=C745C000000000;mnemonic=MOV;instruction=MOV dword ptr [EBP + -0x40],0x0;inputs=0x0,EBP,0xffffffc0;results=;flows=;fallthrough=0055d684
instruction_reference	0055d345	FUN_0055d345	0055d67d	Stack[-0x44]	WRITE		operand_index=0;primary=true;source=ANALYSIS
instruction	0055d345	FUN_0055d345	0055d684	0055d687	FALL_THROUGH	FUN_0055d345	bytes=8B45C4;mnemonic=MOV;instruction=MOV EAX,dword ptr [EBP + -0x3c];inputs=EBP,0xffffffc4;results=EAX;flows=;fallthrough=0055d687
instruction_reference	0055d345	FUN_0055d345	0055d684	Stack[-0x40]	READ		operand_index=1;primary=true;source=ANALYSIS
instruction	0055d345	FUN_0055d345	0055d687	0055d691	FALL_THROUGH	FUN_0055d345	bytes=C780E800000000000000;mnemonic=MOV;instruction=MOV dword ptr [EAX + 0xe8],0x0;inputs=EAX,0x0,0xe8;results=;flows=;fallthrough=0055d691
instruction	0055d345	FUN_0055d345	0055d691	0055d693	FALL_THROUGH	FUN_0055d345	bytes=6A07;mnemonic=PUSH;instruction=PUSH 0x7;inputs=ESP,0x4,0x7;results=ESP;flows=;fallthrough=0055d693
instruction	0055d345	FUN_0055d345	0055d693	0055d696	FALL_THROUGH	FUN_0055d345	bytes=8B4DC4;mnemonic=MOV;instruction=MOV ECX,dword ptr [EBP + -0x3c];inputs=EBP,0xffffffc4;results=ECX;flows=;fallthrough=0055d696
instruction_reference	0055d345	FUN_0055d345	0055d693	Stack[-0x40]	READ		operand_index=1;primary=true;source=ANALYSIS
instruction	0055d345	FUN_0055d345	0055d696	0055d69c	FALL_THROUGH	FUN_0055d345	bytes=8B89F8000000;mnemonic=MOV;instruction=MOV ECX,dword ptr [ECX + 0xf8];inputs=ECX,0xf8;results=ECX;flows=;fallthrough=0055d69c
instruction	0055d345	FUN_0055d345	0055d69c	0055d69f	FALL_THROUGH	FUN_0055d345	bytes=8B55C4;mnemonic=MOV;instruction=MOV EDX,dword ptr [EBP + -0x3c];inputs=EBP,0xffffffc4;results=EDX;flows=;fallthrough=0055d69f
instruction_reference	0055d345	FUN_0055d345	0055d69c	Stack[-0x40]	READ		operand_index=1;primary=true;source=ANALYSIS
instruction	0055d345	FUN_0055d345	0055d69f	0055d6a5	FALL_THROUGH	FUN_0055d345	bytes=8B82F8000000;mnemonic=MOV;instruction=MOV EAX,dword ptr [EDX + 0xf8];inputs=EDX,0xf8;results=EAX;flows=;fallthrough=0055d6a5
instruction	0055d345	FUN_0055d345	0055d6a5	0055d6a7	FALL_THROUGH	FUN_0055d345	bytes=8B10;mnemonic=MOV;instruction=MOV EDX,dword ptr [EAX];inputs=EAX;results=EDX;flows=;fallthrough=0055d6a7
instruction	0055d345	FUN_0055d345	0055d6a7	0055d6aa	COMPUTED_CALL	FUN_0055d345	bytes=FF5254;mnemonic=CALL;instruction=CALL dword ptr [EDX + 0x54];inputs=ESP,0x54,0x4,EDX,0x55d6aa;results=ESP;flows=;fallthrough=0055d6aa
instruction	0055d345	FUN_0055d345	0055d6aa	0055d6ad	FALL_THROUGH	FUN_0055d345	bytes=8B45C4;mnemonic=MOV;instruction=MOV EAX,dword ptr [EBP + -0x3c];inputs=EBP,0xffffffc4;results=EAX;flows=;fallthrough=0055d6ad
instruction_reference	0055d345	FUN_0055d345	0055d6aa	Stack[-0x40]	READ		operand_index=1;primary=true;source=ANALYSIS
instruction	0055d345	FUN_0055d345	0055d6ad	0055d6b3	FALL_THROUGH	FUN_0055d345	bytes=8B88F8000000;mnemonic=MOV;instruction=MOV ECX,dword ptr [EAX + 0xf8];inputs=EAX,0xf8;results=ECX;flows=;fallthrough=0055d6b3
instruction	0055d345	FUN_0055d345	0055d6b3	0055d6ba	FALL_THROUGH	FUN_0055d345	bytes=83B98CB0010000;mnemonic=CMP;instruction=CMP dword ptr [ECX + 0x1b08c],0x0;inputs=0x0,0x1,ECX,0x1b08c,0xff;results=CF,PF,ZF,SF,OF;flows=;fallthrough=0055d6ba
instruction	0055d345	FUN_0055d345	0055d6ba	0055d6bc	CONDITIONAL_JUMP	FUN_0055d345	bytes=740E;mnemonic=JZ;instruction=JZ 0x0055d6ca;inputs=ZF;results=;flows=0055d6ca;fallthrough=0055d6bc
instruction_reference	0055d345	FUN_0055d345	0055d6ba	0055d6ca	CONDITIONAL_JUMP	LAB_0055d6ca	operand_index=0;primary=true;source=DEFAULT
instruction	0055d345	FUN_0055d345	0055d6bc	0055d6bf	FALL_THROUGH	FUN_0055d345	bytes=8B55C4;mnemonic=MOV;instruction=MOV EDX,dword ptr [EBP + -0x3c];inputs=EBP,0xffffffc4;results=EDX;flows=;fallthrough=0055d6bf
instruction_reference	0055d345	FUN_0055d345	0055d6bc	Stack[-0x40]	READ		operand_index=1;primary=true;source=ANALYSIS
instruction	0055d345	FUN_0055d345	0055d6bf	0055d6c5	FALL_THROUGH	FUN_0055d345	bytes=8B8AF8000000;mnemonic=MOV;instruction=MOV ECX,dword ptr [EDX + 0xf8];inputs=EDX,0xf8;results=ECX;flows=;fallthrough=0055d6c5
instruction	0055d345	FUN_0055d345	0055d6c5	0055d6ca	UNCONDITIONAL_CALL	FUN_0055d345	bytes=E8F63FF5FF;mnemonic=CALL;instruction=CALL 0x004b16c0;inputs=ESP,0x4,0x55d6ca;results=ESP;flows=004b16c0;fallthrough=0055d6ca
instruction_reference	0055d345	FUN_0055d345	0055d6c5	004b16c0	UNCONDITIONAL_CALL	FUN_004b16c0	operand_index=0;primary=true;source=DEFAULT
instruction	0055d345	FUN_0055d345	0055d6ca		UNCONDITIONAL_JUMP	FUN_0055d345	bytes=E9A1FCFFFF;mnemonic=JMP;instruction=JMP 0x0055d370;inputs=;results=;flows=0055d370;fallthrough=
instruction_reference	0055d345	FUN_0055d345	0055d6ca	0055d370	UNCONDITIONAL_JUMP	LAB_0055d370	operand_index=0;primary=true;source=DEFAULT
instruction	0055d345	FUN_0055d345	0055d6cf	0055d6d3	FALL_THROUGH	FUN_0055d345	bytes=837DF800;mnemonic=CMP;instruction=CMP dword ptr [EBP + -0x8],0x0;inputs=0x0,0x1,EBP,0xfffffff8,0xff;results=CF,PF,ZF,SF,OF;flows=;fallthrough=0055d6d3
instruction_reference	0055d345	FUN_0055d345	0055d6cf	Stack[-0xc]	READ		operand_index=0;primary=true;source=ANALYSIS
instruction	0055d345	FUN_0055d345	0055d6d3	0055d6d5	CONDITIONAL_JUMP	FUN_0055d345	bytes=740A;mnemonic=JZ;instruction=JZ 0x0055d6df;inputs=ZF;results=;flows=0055d6df;fallthrough=0055d6d5
instruction_reference	0055d345	FUN_0055d345	0055d6d3	0055d6df	CONDITIONAL_JUMP	LAB_0055d6df	operand_index=0;primary=true;source=DEFAULT
instruction	0055d345	FUN_0055d345	0055d6d5	0055d6d8	FALL_THROUGH	FUN_0055d345	bytes=8B45F8;mnemonic=MOV;instruction=MOV EAX,dword ptr [EBP + -0x8];inputs=EBP,0xfffffff8;results=EAX;flows=;fallthrough=0055d6d8
instruction_reference	0055d345	FUN_0055d345	0055d6d5	Stack[-0xc]	READ		operand_index=1;primary=true;source=ANALYSIS
instruction	0055d345	FUN_0055d345	0055d6d8	0055d6d9	FALL_THROUGH	FUN_0055d345	bytes=50;mnemonic=PUSH;instruction=PUSH EAX;inputs=EAX,ESP,0x4;results=ESP;flows=;fallthrough=0055d6d9
instruction	0055d345	FUN_0055d345	0055d6d9	0055d6df	COMPUTED_CALL	FUN_0055d345	bytes=FF1540335A00;mnemonic=CALL;instruction=CALL dword ptr [0x005a3340];inputs=ESP,0x4,005a3340,0x55d6df;results=ESP;flows=EXTERNAL:000000a0;fallthrough=0055d6df
instruction_reference	0055d345	FUN_0055d345	0055d6d9	005a3340	READ	PTR_DestroyAcceleratorTable_005a3340	operand_index=0;primary=true;source=DEFAULT
instruction_reference	0055d345	FUN_0055d345	0055d6d9	EXTERNAL:000000a0	COMPUTED_CALL	DestroyAcceleratorTable	operand_index=-1;primary=true;source=ANALYSIS
instruction	0055d345	FUN_0055d345	0055d6df	0055d6e2	FALL_THROUGH	FUN_0055d345	bytes=8B45E4;mnemonic=MOV;instruction=MOV EAX,dword ptr [EBP + -0x1c];inputs=EBP,0xffffffe4;results=EAX;flows=;fallthrough=0055d6e2
instruction_reference	0055d345	FUN_0055d345	0055d6df	Stack[-0x20]	READ		operand_index=1;primary=true;source=ANALYSIS
instruction	0055d345	FUN_0055d345	0055d6e2	0055d6e4	FALL_THROUGH	FUN_0055d345	bytes=8BE5;mnemonic=MOV;instruction=MOV ESP,EBP;inputs=EBP;results=ESP;flows=;fallthrough=0055d6e4
instruction	0055d345	FUN_0055d345	0055d6e4	0055d6e5	FALL_THROUGH	FUN_0055d345	bytes=5D;mnemonic=POP;instruction=POP EBP;inputs=0x0,ESP,0x4;results=ESP,EBP;flows=;fallthrough=0055d6e5
instruction	0055d345	FUN_0055d345	0055d6e5		TERMINATOR	FUN_0055d345	bytes=C3;mnemonic=RET;instruction=RET;inputs=ESP,0x4;results=ESP,EIP;flows=;fallthrough=
instruction_search	0055d345	FUN_0055d345	0055d345	0055d345	instructions	FUN_0055d345	instructions=247;references=151;body_min=0055d345;body_max=0055d6e5
function	0055ee1e	FUN_0055ee1e			unknown		undefined FUN_0055ee1e(void)
incoming	0055ee1e	FUN_0055ee1e	005a611c	0055ee1e	DATA		
reference	0055ee1e	FUN_0055ee1e	0055ee3a	013b71e8	WRITE	DAT_013b71e8	0x0
instruction	0055ee1e	FUN_0055ee1e	0055ee1e	0055ee1f	FALL_THROUGH	FUN_0055ee1e	bytes=55;mnemonic=PUSH;instruction=PUSH EBP;inputs=ESP,EBP,0x4;results=ESP;flows=;fallthrough=0055ee1f
instruction	0055ee1e	FUN_0055ee1e	0055ee1f	0055ee21	FALL_THROUGH	FUN_0055ee1e	bytes=8BEC;mnemonic=MOV;instruction=MOV EBP,ESP;inputs=ESP;results=EBP;flows=;fallthrough=0055ee21
instruction	0055ee1e	FUN_0055ee1e	0055ee21	0055ee22	FALL_THROUGH	FUN_0055ee1e	bytes=51;mnemonic=PUSH;instruction=PUSH ECX;inputs=ESP,ECX,0x4;results=ESP;flows=;fallthrough=0055ee22
instruction	0055ee1e	FUN_0055ee1e	0055ee22	0055ee25	FALL_THROUGH	FUN_0055ee1e	bytes=894DFC;mnemonic=MOV;instruction=MOV dword ptr [EBP + -0x4],ECX;inputs=0xfffffffc,EBP,ECX;results=;flows=;fallthrough=0055ee25
instruction_reference	0055ee1e	FUN_0055ee1e	0055ee22	Stack[-0x8]	WRITE		operand_index=0;primary=true;source=ANALYSIS
instruction	0055ee1e	FUN_0055ee1e	0055ee25	0055ee28	FALL_THROUGH	FUN_0055ee1e	bytes=8B45FC;mnemonic=MOV;instruction=MOV EAX,dword ptr [EBP + -0x4];inputs=0xfffffffc,EBP;results=EAX;flows=;fallthrough=0055ee28
instruction_reference	0055ee1e	FUN_0055ee1e	0055ee25	Stack[-0x8]	READ		operand_index=1;primary=true;source=ANALYSIS
instruction	0055ee1e	FUN_0055ee1e	0055ee28	0055ee2b	FALL_THROUGH	FUN_0055ee1e	bytes=8B4D08;mnemonic=MOV;instruction=MOV ECX,dword ptr [EBP + 0x8];inputs=EBP,0x8;results=ECX;flows=;fallthrough=0055ee2b
instruction_reference	0055ee1e	FUN_0055ee1e	0055ee28	Stack[0x4]	READ		operand_index=1;primary=true;source=ANALYSIS
instruction	0055ee1e	FUN_0055ee1e	0055ee2b	0055ee31	FALL_THROUGH	FUN_0055ee1e	bytes=8988F8000000;mnemonic=MOV;instruction=MOV dword ptr [EAX + 0xf8],ECX;inputs=EAX,ECX,0xf8;results=;flows=;fallthrough=0055ee31
instruction	0055ee1e	FUN_0055ee1e	0055ee31	0055ee34	FALL_THROUGH	FUN_0055ee1e	bytes=8B55FC;mnemonic=MOV;instruction=MOV EDX,dword ptr [EBP + -0x4];inputs=0xfffffffc,EBP;results=EDX;flows=;fallthrough=0055ee34
instruction_reference	0055ee1e	FUN_0055ee1e	0055ee31	Stack[-0x8]	READ		operand_index=1;primary=true;source=ANALYSIS
instruction	0055ee1e	FUN_0055ee1e	0055ee34	0055ee3a	FALL_THROUGH	FUN_0055ee1e	bytes=8B82F8000000;mnemonic=MOV;instruction=MOV EAX,dword ptr [EDX + 0xf8];inputs=EDX,0xf8;results=EAX;flows=;fallthrough=0055ee3a
instruction	0055ee1e	FUN_0055ee1e	0055ee3a	0055ee3f	FALL_THROUGH	FUN_0055ee1e	bytes=A3E8713B01;mnemonic=MOV;instruction=MOV [0x013b71e8],EAX;inputs=EAX;results=013b71e8;flows=;fallthrough=0055ee3f
instruction_reference	0055ee1e	FUN_0055ee1e	0055ee3a	013b71e8	WRITE	DAT_013b71e8	operand_index=0;primary=true;source=DEFAULT
instruction	0055ee1e	FUN_0055ee1e	0055ee3f	0055ee41	FALL_THROUGH	FUN_0055ee1e	bytes=8BE5;mnemonic=MOV;instruction=MOV ESP,EBP;inputs=EBP;results=ESP;flows=;fallthrough=0055ee41
instruction	0055ee1e	FUN_0055ee1e	0055ee41	0055ee42	FALL_THROUGH	FUN_0055ee1e	bytes=5D;mnemonic=POP;instruction=POP EBP;inputs=0x0,ESP,0x4;results=ESP,EBP;flows=;fallthrough=0055ee42
instruction	0055ee1e	FUN_0055ee1e	0055ee42		TERMINATOR	FUN_0055ee1e	bytes=C20400;mnemonic=RET;instruction=RET 0x4;inputs=ESP,0x4;results=ESP,EIP;flows=;fallthrough=
instruction_search	0055ee1e	FUN_0055ee1e	0055ee1e	0055ee1e	instructions	FUN_0055ee1e	instructions=13;references=5;body_min=0055ee1e;body_max=0055ee44
function	00494c00	FUN_00494c00			unknown		undefined FUN_00494c00(void)
incoming	00494c00	FUN_00494c00	0059f0d3	00494c00	UNCONDITIONAL_CALL	Unwind@0059f0d0	
incoming	00494c00	FUN_00494c00	0059f0f1	00494c00	UNCONDITIONAL_CALL	Unwind@0059f0ee	
incoming	00494c00	FUN_00494c00	0059f1b3	00494c00	UNCONDITIONAL_CALL	Unwind@0059f1b0	
incoming	00494c00	FUN_00494c00	0059f1c6	00494c00	UNCONDITIONAL_CALL	Unwind@0059f1c3	
incoming	00494c00	FUN_00494c00	005a0213	00494c00	UNCONDITIONAL_CALL	Unwind@005a0210	
incoming	00494c00	FUN_00494c00	005a0226	00494c00	UNCONDITIONAL_CALL	Unwind@005a0223	
incoming	00494c00	FUN_00494c00	005a02e3	00494c00	UNCONDITIONAL_CALL	Unwind@005a02e0	
incoming	00494c00	FUN_00494c00	005a02f6	00494c00	UNCONDITIONAL_CALL	Unwind@005a02f3	
incoming	00494c00	FUN_00494c00	00431f9c	00494c00	UNCONDITIONAL_CALL	FUN_00431f13	
incoming	00494c00	FUN_00494c00	00435b00	00494c00	UNCONDITIONAL_CALL	FUN_004358da	
incoming	00494c00	FUN_00494c00	0049ee0a	00494c00	UNCONDITIONAL_CALL	FUN_0049ee00	
incoming	00494c00	FUN_00494c00	0049f0d4	00494c00	UNCONDITIONAL_CALL	FUN_0049f053	
incoming	00494c00	FUN_00494c00	004a8f01	00494c00	UNCONDITIONAL_CALL	FUN_004a8e29	
caller	00494c00	FUN_00494c00	00431f13	00494c00	call	FUN_00431f13	
caller	00494c00	FUN_00494c00	004358da	00494c00	call	FUN_004358da	
caller	00494c00	FUN_00494c00	0049ee00	00494c00	call	FUN_0049ee00	
caller	00494c00	FUN_00494c00	0049f053	00494c00	call	FUN_0049f053	
caller	00494c00	FUN_00494c00	004a8e29	00494c00	call	FUN_004a8e29	
caller	00494c00	FUN_00494c00	0059f0d0	00494c00	call	Unwind@0059f0d0	
caller	00494c00	FUN_00494c00	0059f0ee	00494c00	call	Unwind@0059f0ee	
caller	00494c00	FUN_00494c00	0059f1b0	00494c00	call	Unwind@0059f1b0	
caller	00494c00	FUN_00494c00	0059f1c3	00494c00	call	Unwind@0059f1c3	
caller	00494c00	FUN_00494c00	005a0210	00494c00	call	Unwind@005a0210	
caller	00494c00	FUN_00494c00	005a0223	00494c00	call	Unwind@005a0223	
caller	00494c00	FUN_00494c00	005a02e0	00494c00	call	Unwind@005a02e0	
caller	00494c00	FUN_00494c00	005a02f3	00494c00	call	Unwind@005a02f3	
callee	00494c00	FUN_00494c00	00494c00	004b16c0	call	FUN_004b16c0	
callee	00494c00	FUN_00494c00	00494c00	0054aa45	call	FUN_0054aa45	
reference	00494c00	FUN_00494c00	00494c05	0059ffda	DATA	LAB_0059ffda	
reference	00494c00	FUN_00494c00	00494c0a	ffdff000	READ	ExceptionList	00000000
reference	00494c00	FUN_00494c00	00494c11	ffdff000	WRITE	ExceptionList	00000000
reference	00494c00	FUN_00494c00	00494c21	005a443c	DATA	PTR_FUN_005a443c	0049ee00
reference	00494c00	FUN_00494c00	00494c2e	0092e654	READ	DAT_0092e654	0x0
reference	00494c00	FUN_00494c00	00494c3b	0092e654	READ	DAT_0092e654	0x0
reference	00494c00	FUN_00494c00	00494c43	0092e654	READ	DAT_0092e654	0x0
reference	00494c00	FUN_00494c00	00494c5a	013b71e8	READ	DAT_013b71e8	0x0
reference	00494c00	FUN_00494c00	00494c62	013b71e8	READ	DAT_013b71e8	0x0
reference	00494c00	FUN_00494c00	00494d2b	013b71e8	READ	DAT_013b71e8	0x0
reference	00494c00	FUN_00494c00	00494d3b	013b71e8	READ	DAT_013b71e8	0x0
reference	00494c00	FUN_00494c00	00494d50	0092eaf4	WRITE	DAT_0092eaf4	0x0
reference	00494c00	FUN_00494c00	00494d5a	0092e654	READ	DAT_0092e654	0x0
reference	00494c00	FUN_00494c00	00494d78	ffdff000	WRITE	ExceptionList	00000000
instruction	00494c00	FUN_00494c00	00494c00	00494c01	FALL_THROUGH	FUN_00494c00	bytes=55;mnemonic=PUSH;instruction=PUSH EBP;inputs=ESP,EBP,0x4;results=ESP;flows=;fallthrough=00494c01
instruction	00494c00	FUN_00494c00	00494c01	00494c03	FALL_THROUGH	FUN_00494c00	bytes=8BEC;mnemonic=MOV;instruction=MOV EBP,ESP;inputs=ESP;results=EBP;flows=;fallthrough=00494c03
instruction	00494c00	FUN_00494c00	00494c03	00494c05	FALL_THROUGH	FUN_00494c00	bytes=6AFF;mnemonic=PUSH;instruction=PUSH -0x1;inputs=0xffffffff,ESP,0x4;results=ESP;flows=;fallthrough=00494c05
instruction	00494c00	FUN_00494c00	00494c05	00494c0a	FALL_THROUGH	FUN_00494c00	bytes=68DAFF5900;mnemonic=PUSH;instruction=PUSH 0x59ffda;inputs=ESP,0x59ffda,0x4;results=ESP;flows=;fallthrough=00494c0a
instruction_reference	00494c00	FUN_00494c00	00494c05	0059ffda	DATA	LAB_0059ffda	operand_index=0;primary=true;source=ANALYSIS
instruction	00494c00	FUN_00494c00	00494c0a	00494c10	FALL_THROUGH	FUN_00494c00	bytes=64A100000000;mnemonic=MOV;instruction=MOV EAX,FS:[0x0];inputs=FS_OFFSET,0x0;results=EAX;flows=;fallthrough=00494c10
instruction_reference	00494c00	FUN_00494c00	00494c0a	ffdff000	READ	ExceptionList	operand_index=1;primary=true;source=ANALYSIS
instruction	00494c00	FUN_00494c00	00494c10	00494c11	FALL_THROUGH	FUN_00494c00	bytes=50;mnemonic=PUSH;instruction=PUSH EAX;inputs=EAX,ESP,0x4;results=ESP;flows=;fallthrough=00494c11
instruction	00494c00	FUN_00494c00	00494c11	00494c18	FALL_THROUGH	FUN_00494c00	bytes=64892500000000;mnemonic=MOV;instruction=MOV dword ptr FS:[0x0],ESP;inputs=FS_OFFSET,0x0,ESP;results=;flows=;fallthrough=00494c18
instruction_reference	00494c00	FUN_00494c00	00494c11	ffdff000	WRITE	ExceptionList	operand_index=0;primary=true;source=ANALYSIS
instruction	00494c00	FUN_00494c00	00494c18	00494c1b	FALL_THROUGH	FUN_00494c00	bytes=83EC2C;mnemonic=SUB;instruction=SUB ESP,0x2c;inputs=ESP,0x0,0x1,0x2c,0xff;results=CF,ESP,PF,ZF,SF,OF;flows=;fallthrough=00494c1b
instruction	00494c00	FUN_00494c00	00494c1b	00494c1e	FALL_THROUGH	FUN_00494c00	bytes=894DD4;mnemonic=MOV;instruction=MOV dword ptr [EBP + -0x2c],ECX;inputs=EBP,ECX,0xffffffd4;results=;flows=;fallthrough=00494c1e
instruction_reference	00494c00	FUN_00494c00	00494c1b	Stack[-0x30]	WRITE		operand_index=0;primary=true;source=ANALYSIS
instruction	00494c00	FUN_00494c00	00494c1e	00494c21	FALL_THROUGH	FUN_00494c00	bytes=8B45D4;mnemonic=MOV;instruction=MOV EAX,dword ptr [EBP + -0x2c];inputs=EBP,0xffffffd4;results=EAX;flows=;fallthrough=00494c21
instruction_reference	00494c00	FUN_00494c00	00494c1e	Stack[-0x30]	READ		operand_index=1;primary=true;source=ANALYSIS
instruction	00494c00	FUN_00494c00	00494c21	00494c27	FALL_THROUGH	FUN_00494c00	bytes=C7003C445A00;mnemonic=MOV;instruction=MOV dword ptr [EAX],0x5a443c;inputs=EAX,0x5a443c;results=;flows=;fallthrough=00494c27
instruction_reference	00494c00	FUN_00494c00	00494c21	005a443c	DATA	PTR_FUN_005a443c	operand_index=1;primary=true;source=ANALYSIS
instruction	00494c00	FUN_00494c00	00494c27	00494c2e	FALL_THROUGH	FUN_00494c00	bytes=C745FC00000000;mnemonic=MOV;instruction=MOV dword ptr [EBP + -0x4],0x0;inputs=0x0,0xfffffffc,EBP;results=;flows=;fallthrough=00494c2e
instruction_reference	00494c00	FUN_00494c00	00494c27	Stack[-0x8]	WRITE		operand_index=0;primary=true;source=ANALYSIS
instruction	00494c00	FUN_00494c00	00494c2e	00494c34	FALL_THROUGH	FUN_00494c00	bytes=8B0D54E69200;mnemonic=MOV;instruction=MOV ECX,dword ptr [0x0092e654];inputs=0092e654;results=ECX;flows=;fallthrough=00494c34
instruction_reference	00494c00	FUN_00494c00	00494c2e	0092e654	READ	DAT_0092e654	operand_index=1;primary=true;source=DEFAULT
instruction	00494c00	FUN_00494c00	00494c34	00494c3b	FALL_THROUGH	FUN_00494c00	bytes=C74160204E0000;mnemonic=MOV;instruction=MOV dword ptr [ECX + 0x60],0x4e20;inputs=0x60,0x4e20,ECX;results=;flows=;fallthrough=00494c3b
instruction	00494c00	FUN_00494c00	00494c3b	00494c41	FALL_THROUGH	FUN_00494c00	bytes=8B1554E69200;mnemonic=MOV;instruction=MOV EDX,dword ptr [0x0092e654];inputs=0092e654;results=EDX;flows=;fallthrough=00494c41
instruction_reference	00494c00	FUN_00494c00	00494c3b	0092e654	READ	DAT_0092e654	operand_index=1;primary=true;source=DEFAULT
instruction	00494c00	FUN_00494c00	00494c41	00494c43	FALL_THROUGH	FUN_00494c00	bytes=8B02;mnemonic=MOV;instruction=MOV EAX,dword ptr [EDX];inputs=EDX;results=EAX;flows=;fallthrough=00494c43
instruction	00494c00	FUN_00494c00	00494c43	00494c49	FALL_THROUGH	FUN_00494c00	bytes=8B0D54E69200;mnemonic=MOV;instruction=MOV ECX,dword ptr [0x0092e654];inputs=0092e654;results=ECX;flows=;fallthrough=00494c49
instruction_reference	00494c00	FUN_00494c00	00494c43	0092e654	READ	DAT_0092e654	operand_index=1;primary=true;source=DEFAULT
instruction	00494c00	FUN_00494c00	00494c49	00494c4c	COMPUTED_CALL	FUN_00494c00	bytes=FF5008;mnemonic=CALL;instruction=CALL dword ptr [EAX + 0x8];inputs=EAX,ESP,0x4,0x494c4c,0x8;results=ESP;flows=;fallthrough=00494c4c
instruction	00494c00	FUN_00494c00	00494c4c	00494c4f	FALL_THROUGH	FUN_00494c00	bytes=8945F0;mnemonic=MOV;instruction=MOV dword ptr [EBP + -0x10],EAX;inputs=EAX,EBP,0xfffffff0;results=;flows=;fallthrough=00494c4f
instruction_reference	00494c00	FUN_00494c00	00494c4c	Stack[-0x14]	WRITE		operand_index=0;primary=true;source=ANALYSIS
instruction	00494c00	FUN_00494c00	00494c4f	00494c52	FALL_THROUGH	FUN_00494c00	bytes=8B4DF0;mnemonic=MOV;instruction=MOV ECX,dword ptr [EBP + -0x10];inputs=EBP,0xfffffff0;results=ECX;flows=;fallthrough=00494c52
instruction_reference	00494c00	FUN_00494c00	00494c4f	Stack[-0x14]	READ		operand_index=1;primary=true;source=ANALYSIS
instruction	00494c00	FUN_00494c00	00494c52	00494c53	FALL_THROUGH	FUN_00494c00	bytes=51;mnemonic=PUSH;instruction=PUSH ECX;inputs=ESP,ECX,0x4;results=ESP;flows=;fallthrough=00494c53
instruction	00494c00	FUN_00494c00	00494c53	00494c56	FALL_THROUGH	FUN_00494c00	bytes=8B55D4;mnemonic=MOV;instruction=MOV EDX,dword ptr [EBP + -0x2c];inputs=EBP,0xffffffd4;results=EDX;flows=;fallthrough=00494c56
instruction_reference	00494c00	FUN_00494c00	00494c53	Stack[-0x30]	READ		operand_index=1;primary=true;source=ANALYSIS
instruction	00494c00	FUN_00494c00	00494c56	00494c59	FALL_THROUGH	FUN_00494c00	bytes=8B422C;mnemonic=MOV;instruction=MOV EAX,dword ptr [EDX + 0x2c];inputs=EDX,0x2c;results=EAX;flows=;fallthrough=00494c59
instruction	00494c00	FUN_00494c00	00494c59	00494c5a	FALL_THROUGH	FUN_00494c00	bytes=50;mnemonic=PUSH;instruction=PUSH EAX;inputs=EAX,ESP,0x4;results=ESP;flows=;fallthrough=00494c5a
instruction	00494c00	FUN_00494c00	00494c5a	00494c60	FALL_THROUGH	FUN_00494c00	bytes=8B0DE8713B01;mnemonic=MOV;instruction=MOV ECX,dword ptr [0x013b71e8];inputs=013b71e8;results=ECX;flows=;fallthrough=00494c60
instruction_reference	00494c00	FUN_00494c00	00494c5a	013b71e8	READ	DAT_013b71e8	operand_index=1;primary=true;source=DEFAULT
instruction	00494c00	FUN_00494c00	00494c60	00494c62	FALL_THROUGH	FUN_00494c00	bytes=8B11;mnemonic=MOV;instruction=MOV EDX,dword ptr [ECX];inputs=ECX;results=EDX;flows=;fallthrough=00494c62
instruction	00494c00	FUN_00494c00	00494c62	00494c68	FALL_THROUGH	FUN_00494c00	bytes=8B0DE8713B01;mnemonic=MOV;instruction=MOV ECX,dword ptr [0x013b71e8];inputs=013b71e8;results=ECX;flows=;fallthrough=00494c68
instruction_reference	00494c00	FUN_00494c00	00494c62	013b71e8	READ	DAT_013b71e8	operand_index=1;primary=true;source=DEFAULT
instruction	00494c00	FUN_00494c00	00494c68	00494c6b	COMPUTED_CALL	FUN_00494c00	bytes=FF522C;mnemonic=CALL;instruction=CALL dword ptr [EDX + 0x2c];inputs=ESP,0x494c6b,0x4,EDX,0x2c;results=ESP;flows=;fallthrough=00494c6b
instruction	00494c00	FUN_00494c00	00494c6b	00494c6e	FALL_THROUGH	FUN_00494c00	bytes=8B45D4;mnemonic=MOV;instruction=MOV EAX,dword ptr [EBP + -0x2c];inputs=EBP,0xffffffd4;results=EAX;flows=;fallthrough=00494c6e
instruction_reference	00494c00	FUN_00494c00	00494c6b	Stack[-0x30]	READ		operand_index=1;primary=true;source=ANALYSIS
instruction	00494c00	FUN_00494c00	00494c6e	00494c72	FALL_THROUGH	FUN_00494c00	bytes=83783400;mnemonic=CMP;instruction=CMP dword ptr [EAX + 0x34],0x0;inputs=EAX,0x0,0x1,0x34,0xff;results=CF,PF,ZF,SF,OF;flows=;fallthrough=00494c72
instruction	00494c00	FUN_00494c00	00494c72	00494c74	CONDITIONAL_JUMP	FUN_00494c00	bytes=7437;mnemonic=JZ;instruction=JZ 0x00494cab;inputs=ZF;results=;flows=00494cab;fallthrough=00494c74
instruction_reference	00494c00	FUN_00494c00	00494c72	00494cab	CONDITIONAL_JUMP	LAB_00494cab	operand_index=0;primary=true;source=DEFAULT
instruction	00494c00	FUN_00494c00	00494c74	00494c77	FALL_THROUGH	FUN_00494c00	bytes=8B4DD4;mnemonic=MOV;instruction=MOV ECX,dword ptr [EBP + -0x2c];inputs=EBP,0xffffffd4;results=ECX;flows=;fallthrough=00494c77
instruction_reference	00494c00	FUN_00494c00	00494c74	Stack[-0x30]	READ		operand_index=1;primary=true;source=ANALYSIS
instruction	00494c00	FUN_00494c00	00494c77	00494c7a	FALL_THROUGH	FUN_00494c00	bytes=8B5134;mnemonic=MOV;instruction=MOV EDX,dword ptr [ECX + 0x34];inputs=ECX,0x34;results=EDX;flows=;fallthrough=00494c7a
instruction	00494c00	FUN_00494c00	00494c7a	00494c7d	FALL_THROUGH	FUN_00494c00	bytes=8955E8;mnemonic=MOV;instruction=MOV dword ptr [EBP + -0x18],EDX;inputs=EBP,0xffffffe8,EDX;results=;flows=;fallthrough=00494c7d
instruction_reference	00494c00	FUN_00494c00	00494c7a	Stack[-0x1c]	WRITE		operand_index=0;primary=true;source=ANALYSIS
instruction	00494c00	FUN_00494c00	00494c7d	00494c80	FALL_THROUGH	FUN_00494c00	bytes=8B45E8;mnemonic=MOV;instruction=MOV EAX,dword ptr [EBP + -0x18];inputs=EBP,0xffffffe8;results=EAX;flows=;fallthrough=00494c80
instruction_reference	00494c00	FUN_00494c00	00494c7d	Stack[-0x1c]	READ		operand_index=1;primary=true;source=ANALYSIS
instruction	00494c00	FUN_00494c00	00494c80	00494c83	FALL_THROUGH	FUN_00494c00	bytes=8945EC;mnemonic=MOV;instruction=MOV dword ptr [EBP + -0x14],EAX;inputs=EAX,0xffffffec,EBP;results=;flows=;fallthrough=00494c83
instruction_reference	00494c00	FUN_00494c00	00494c80	Stack[-0x18]	WRITE		operand_index=0;primary=true;source=ANALYSIS
instruction	00494c00	FUN_00494c00	00494c83	00494c87	FALL_THROUGH	FUN_00494c00	bytes=837DEC00;mnemonic=CMP;instruction=CMP dword ptr [EBP + -0x14],0x0;inputs=0x0,0x1,0xffffffec,EBP,0xff;results=CF,PF,ZF,SF,OF;flows=;fallthrough=00494c87
instruction_reference	00494c00	FUN_00494c00	00494c83	Stack[-0x18]	READ		operand_index=0;primary=true;source=ANALYSIS
instruction	00494c00	FUN_00494c00	00494c87	00494c89	CONDITIONAL_JUMP	FUN_00494c00	bytes=7411;mnemonic=JZ;instruction=JZ 0x00494c9a;inputs=ZF;results=;flows=00494c9a;fallthrough=00494c89
instruction_reference	00494c00	FUN_00494c00	00494c87	00494c9a	CONDITIONAL_JUMP	LAB_00494c9a	operand_index=0;primary=true;source=DEFAULT
instruction	00494c00	FUN_00494c00	00494c89	00494c8b	FALL_THROUGH	FUN_00494c00	bytes=6A01;mnemonic=PUSH;instruction=PUSH 0x1;inputs=ESP,0x1,0x4;results=ESP;flows=;fallthrough=00494c8b
instruction	00494c00	FUN_00494c00	00494c8b	00494c8e	FALL_THROUGH	FUN_00494c00	bytes=8B4DEC;mnemonic=MOV;instruction=MOV ECX,dword ptr [EBP + -0x14];inputs=0xffffffec,EBP;results=ECX;flows=;fallthrough=00494c8e
instruction_reference	00494c00	FUN_00494c00	00494c8b	Stack[-0x18]	READ		operand_index=1;primary=true;source=ANALYSIS
instruction	00494c00	FUN_00494c00	00494c8e	00494c90	FALL_THROUGH	FUN_00494c00	bytes=8B11;mnemonic=MOV;instruction=MOV EDX,dword ptr [ECX];inputs=ECX;results=EDX;flows=;fallthrough=00494c90
instruction	00494c00	FUN_00494c00	00494c90	00494c93	FALL_THROUGH	FUN_00494c00	bytes=8B4DEC;mnemonic=MOV;instruction=MOV ECX,dword ptr [EBP + -0x14];inputs=0xffffffec,EBP;results=ECX;flows=;fallthrough=00494c93
instruction_reference	00494c00	FUN_00494c00	00494c90	Stack[-0x18]	READ		operand_index=1;primary=true;source=ANALYSIS
instruction	00494c00	FUN_00494c00	00494c93	00494c95	COMPUTED_CALL	FUN_00494c00	bytes=FF12;mnemonic=CALL;instruction=CALL dword ptr [EDX];inputs=ESP,0x4,EDX,0x494c95;results=ESP;flows=;fallthrough=00494c95
instruction	00494c00	FUN_00494c00	00494c95	00494c98	FALL_THROUGH	FUN_00494c00	bytes=8945D0;mnemonic=MOV;instruction=MOV dword ptr [EBP + -0x30],EAX;inputs=EAX,EBP,0xffffffd0;results=;flows=;fallthrough=00494c98
instruction_reference	00494c00	FUN_00494c00	00494c95	Stack[-0x34]	WRITE		operand_index=0;primary=true;source=ANALYSIS
instruction	00494c00	FUN_00494c00	00494c98		UNCONDITIONAL_JUMP	FUN_00494c00	bytes=EB07;mnemonic=JMP;instruction=JMP 0x00494ca1;inputs=;results=;flows=00494ca1;fallthrough=
instruction_reference	00494c00	FUN_00494c00	00494c98	00494ca1	UNCONDITIONAL_JUMP	LAB_00494ca1	operand_index=0;primary=true;source=DEFAULT
instruction	00494c00	FUN_00494c00	00494c9a	00494ca1	FALL_THROUGH	FUN_00494c00	bytes=C745D000000000;mnemonic=MOV;instruction=MOV dword ptr [EBP + -0x30],0x0;inputs=0x0,EBP,0xffffffd0;results=;flows=;fallthrough=00494ca1
instruction_reference	00494c00	FUN_00494c00	00494c9a	Stack[-0x34]	WRITE		operand_index=0;primary=true;source=ANALYSIS
instruction	00494c00	FUN_00494c00	00494ca1	00494ca4	FALL_THROUGH	FUN_00494c00	bytes=8B45D4;mnemonic=MOV;instruction=MOV EAX,dword ptr [EBP + -0x2c];inputs=EBP,0xffffffd4;results=EAX;flows=;fallthrough=00494ca4
instruction_reference	00494c00	FUN_00494c00	00494ca1	Stack[-0x30]	READ		operand_index=1;primary=true;source=ANALYSIS
instruction	00494c00	FUN_00494c00	00494ca4	00494cab	FALL_THROUGH	FUN_00494c00	bytes=C7403400000000;mnemonic=MOV;instruction=MOV dword ptr [EAX + 0x34],0x0;inputs=EAX,0x0,0x34;results=;flows=;fallthrough=00494cab
instruction	00494c00	FUN_00494c00	00494cab	00494cae	FALL_THROUGH	FUN_00494c00	bytes=8B4DD4;mnemonic=MOV;instruction=MOV ECX,dword ptr [EBP + -0x2c];inputs=EBP,0xffffffd4;results=ECX;flows=;fallthrough=00494cae
instruction_reference	00494c00	FUN_00494c00	00494cab	Stack[-0x30]	READ		operand_index=1;primary=true;source=ANALYSIS
instruction	00494c00	FUN_00494c00	00494cae	00494cb2	FALL_THROUGH	FUN_00494c00	bytes=83793800;mnemonic=CMP;instruction=CMP dword ptr [ECX + 0x38],0x0;inputs=0x0,0x1,ECX,0x38,0xff;results=CF,PF,ZF,SF,OF;flows=;fallthrough=00494cb2
instruction	00494c00	FUN_00494c00	00494cb2	00494cb4	CONDITIONAL_JUMP	FUN_00494c00	bytes=7437;mnemonic=JZ;instruction=JZ 0x00494ceb;inputs=ZF;results=;flows=00494ceb;fallthrough=00494cb4
instruction_reference	00494c00	FUN_00494c00	00494cb2	00494ceb	CONDITIONAL_JUMP	LAB_00494ceb	operand_index=0;primary=true;source=DEFAULT
instruction	00494c00	FUN_00494c00	00494cb4	00494cb7	FALL_THROUGH	FUN_00494c00	bytes=8B55D4;mnemonic=MOV;instruction=MOV EDX,dword ptr [EBP + -0x2c];inputs=EBP,0xffffffd4;results=EDX;flows=;fallthrough=00494cb7
instruction_reference	00494c00	FUN_00494c00	00494cb4	Stack[-0x30]	READ		operand_index=1;primary=true;source=ANALYSIS
instruction	00494c00	FUN_00494c00	00494cb7	00494cba	FALL_THROUGH	FUN_00494c00	bytes=8B4238;mnemonic=MOV;instruction=MOV EAX,dword ptr [EDX + 0x38];inputs=EDX,0x38;results=EAX;flows=;fallthrough=00494cba
instruction	00494c00	FUN_00494c00	00494cba	00494cbd	FALL_THROUGH	FUN_00494c00	bytes=8945E0;mnemonic=MOV;instruction=MOV dword ptr [EBP + -0x20],EAX;inputs=EAX,EBP,0xffffffe0;results=;flows=;fallthrough=00494cbd
instruction_reference	00494c00	FUN_00494c00	00494cba	Stack[-0x24]	WRITE		operand_index=0;primary=true;source=ANALYSIS
instruction	00494c00	FUN_00494c00	00494cbd	00494cc0	FALL_THROUGH	FUN_00494c00	bytes=8B4DE0;mnemonic=MOV;instruction=MOV ECX,dword ptr [EBP + -0x20];inputs=EBP,0xffffffe0;results=ECX;flows=;fallthrough=00494cc0
instruction_reference	00494c00	FUN_00494c00	00494cbd	Stack[-0x24]	READ		operand_index=1;primary=true;source=ANALYSIS
instruction	00494c00	FUN_00494c00	00494cc0	00494cc3	FALL_THROUGH	FUN_00494c00	bytes=894DE4;mnemonic=MOV;instruction=MOV dword ptr [EBP + -0x1c],ECX;inputs=EBP,ECX,0xffffffe4;results=;flows=;fallthrough=00494cc3
instruction_reference	00494c00	FUN_00494c00	00494cc0	Stack[-0x20]	WRITE		operand_index=0;primary=true;source=ANALYSIS
instruction	00494c00	FUN_00494c00	00494cc3	00494cc7	FALL_THROUGH	FUN_00494c00	bytes=837DE400;mnemonic=CMP;instruction=CMP dword ptr [EBP + -0x1c],0x0;inputs=0x0,0x1,EBP,0xffffffe4,0xff;results=CF,PF,ZF,SF,OF;flows=;fallthrough=00494cc7
instruction_reference	00494c00	FUN_00494c00	00494cc3	Stack[-0x20]	READ		operand_index=0;primary=true;source=ANALYSIS
instruction	00494c00	FUN_00494c00	00494cc7	00494cc9	CONDITIONAL_JUMP	FUN_00494c00	bytes=7411;mnemonic=JZ;instruction=JZ 0x00494cda;inputs=ZF;results=;flows=00494cda;fallthrough=00494cc9
instruction_reference	00494c00	FUN_00494c00	00494cc7	00494cda	CONDITIONAL_JUMP	LAB_00494cda	operand_index=0;primary=true;source=DEFAULT
instruction	00494c00	FUN_00494c00	00494cc9	00494ccb	FALL_THROUGH	FUN_00494c00	bytes=6A01;mnemonic=PUSH;instruction=PUSH 0x1;inputs=ESP,0x1,0x4;results=ESP;flows=;fallthrough=00494ccb
instruction	00494c00	FUN_00494c00	00494ccb	00494cce	FALL_THROUGH	FUN_00494c00	bytes=8B55E4;mnemonic=MOV;instruction=MOV EDX,dword ptr [EBP + -0x1c];inputs=EBP,0xffffffe4;results=EDX;flows=;fallthrough=00494cce
instruction_reference	00494c00	FUN_00494c00	00494ccb	Stack[-0x20]	READ		operand_index=1;primary=true;source=ANALYSIS
instruction	00494c00	FUN_00494c00	00494cce	00494cd0	FALL_THROUGH	FUN_00494c00	bytes=8B02;mnemonic=MOV;instruction=MOV EAX,dword ptr [EDX];inputs=EDX;results=EAX;flows=;fallthrough=00494cd0
instruction	00494c00	FUN_00494c00	00494cd0	00494cd3	FALL_THROUGH	FUN_00494c00	bytes=8B4DE4;mnemonic=MOV;instruction=MOV ECX,dword ptr [EBP + -0x1c];inputs=EBP,0xffffffe4;results=ECX;flows=;fallthrough=00494cd3
instruction_reference	00494c00	FUN_00494c00	00494cd0	Stack[-0x20]	READ		operand_index=1;primary=true;source=ANALYSIS
instruction	00494c00	FUN_00494c00	00494cd3	00494cd5	COMPUTED_CALL	FUN_00494c00	bytes=FF10;mnemonic=CALL;instruction=CALL dword ptr [EAX];inputs=EAX,ESP,0x4,0x494cd5;results=ESP;flows=;fallthrough=00494cd5
instruction	00494c00	FUN_00494c00	00494cd5	00494cd8	FALL_THROUGH	FUN_00494c00	bytes=8945CC;mnemonic=MOV;instruction=MOV dword ptr [EBP + -0x34],EAX;inputs=EAX,0xffffffcc,EBP;results=;flows=;fallthrough=00494cd8
instruction_reference	00494c00	FUN_00494c00	00494cd5	Stack[-0x38]	WRITE		operand_index=0;primary=true;source=ANALYSIS
instruction	00494c00	FUN_00494c00	00494cd8		UNCONDITIONAL_JUMP	FUN_00494c00	bytes=EB07;mnemonic=JMP;instruction=JMP 0x00494ce1;inputs=;results=;flows=00494ce1;fallthrough=
instruction_reference	00494c00	FUN_00494c00	00494cd8	00494ce1	UNCONDITIONAL_JUMP	LAB_00494ce1	operand_index=0;primary=true;source=DEFAULT
instruction	00494c00	FUN_00494c00	00494cda	00494ce1	FALL_THROUGH	FUN_00494c00	bytes=C745CC00000000;mnemonic=MOV;instruction=MOV dword ptr [EBP + -0x34],0x0;inputs=0x0,0xffffffcc,EBP;results=;flows=;fallthrough=00494ce1
instruction_reference	00494c00	FUN_00494c00	00494cda	Stack[-0x38]	WRITE		operand_index=0;primary=true;source=ANALYSIS
instruction	00494c00	FUN_00494c00	00494ce1	00494ce4	FALL_THROUGH	FUN_00494c00	bytes=8B4DD4;mnemonic=MOV;instruction=MOV ECX,dword ptr [EBP + -0x2c];inputs=EBP,0xffffffd4;results=ECX;flows=;fallthrough=00494ce4
instruction_reference	00494c00	FUN_00494c00	00494ce1	Stack[-0x30]	READ		operand_index=1;primary=true;source=ANALYSIS
instruction	00494c00	FUN_00494c00	00494ce4	00494ceb	FALL_THROUGH	FUN_00494c00	bytes=C7413800000000;mnemonic=MOV;instruction=MOV dword ptr [ECX + 0x38],0x0;inputs=0x0,ECX,0x38;results=;flows=;fallthrough=00494ceb
instruction	00494c00	FUN_00494c00	00494ceb	00494cee	FALL_THROUGH	FUN_00494c00	bytes=8B55D4;mnemonic=MOV;instruction=MOV EDX,dword ptr [EBP + -0x2c];inputs=EBP,0xffffffd4;results=EDX;flows=;fallthrough=00494cee
instruction_reference	00494c00	FUN_00494c00	00494ceb	Stack[-0x30]	READ		operand_index=1;primary=true;source=ANALYSIS
instruction	00494c00	FUN_00494c00	00494cee	00494cf2	FALL_THROUGH	FUN_00494c00	bytes=837A2800;mnemonic=CMP;instruction=CMP dword ptr [EDX + 0x28],0x0;inputs=0x0,0x1,EDX,0x28,0xff;results=CF,PF,ZF,SF,OF;flows=;fallthrough=00494cf2
instruction	00494c00	FUN_00494c00	00494cf2	00494cf4	CONDITIONAL_JUMP	FUN_00494c00	bytes=7437;mnemonic=JZ;instruction=JZ 0x00494d2b;inputs=ZF;results=;flows=00494d2b;fallthrough=00494cf4
instruction_reference	00494c00	FUN_00494c00	00494cf2	00494d2b	CONDITIONAL_JUMP	LAB_00494d2b	operand_index=0;primary=true;source=DEFAULT
instruction	00494c00	FUN_00494c00	00494cf4	00494cf7	FALL_THROUGH	FUN_00494c00	bytes=8B45D4;mnemonic=MOV;instruction=MOV EAX,dword ptr [EBP + -0x2c];inputs=EBP,0xffffffd4;results=EAX;flows=;fallthrough=00494cf7
instruction_reference	00494c00	FUN_00494c00	00494cf4	Stack[-0x30]	READ		operand_index=1;primary=true;source=ANALYSIS
instruction	00494c00	FUN_00494c00	00494cf7	00494cfa	FALL_THROUGH	FUN_00494c00	bytes=8B4828;mnemonic=MOV;instruction=MOV ECX,dword ptr [EAX + 0x28];inputs=EAX,0x28;results=ECX;flows=;fallthrough=00494cfa
instruction	00494c00	FUN_00494c00	00494cfa	00494cfd	FALL_THROUGH	FUN_00494c00	bytes=894DD8;mnemonic=MOV;instruction=MOV dword ptr [EBP + -0x28],ECX;inputs=EBP,ECX,0xffffffd8;results=;flows=;fallthrough=00494cfd
instruction_reference	00494c00	FUN_00494c00	00494cfa	Stack[-0x2c]	WRITE		operand_index=0;primary=true;source=ANALYSIS
instruction	00494c00	FUN_00494c00	00494cfd	00494d00	FALL_THROUGH	FUN_00494c00	bytes=8B55D8;mnemonic=MOV;instruction=MOV EDX,dword ptr [EBP + -0x28];inputs=EBP,0xffffffd8;results=EDX;flows=;fallthrough=00494d00
instruction_reference	00494c00	FUN_00494c00	00494cfd	Stack[-0x2c]	READ		operand_index=1;primary=true;source=ANALYSIS
instruction	00494c00	FUN_00494c00	00494d00	00494d03	FALL_THROUGH	FUN_00494c00	bytes=8955DC;mnemonic=MOV;instruction=MOV dword ptr [EBP + -0x24],EDX;inputs=0xffffffdc,EBP,EDX;results=;flows=;fallthrough=00494d03
instruction_reference	00494c00	FUN_00494c00	00494d00	Stack[-0x28]	WRITE		operand_index=0;primary=true;source=ANALYSIS
instruction	00494c00	FUN_00494c00	00494d03	00494d07	FALL_THROUGH	FUN_00494c00	bytes=837DDC00;mnemonic=CMP;instruction=CMP dword ptr [EBP + -0x24],0x0;inputs=0x0,0x1,0xffffffdc,EBP,0xff;results=CF,PF,ZF,SF,OF;flows=;fallthrough=00494d07
instruction_reference	00494c00	FUN_00494c00	00494d03	Stack[-0x28]	READ		operand_index=0;primary=true;source=ANALYSIS
instruction	00494c00	FUN_00494c00	00494d07	00494d09	CONDITIONAL_JUMP	FUN_00494c00	bytes=7411;mnemonic=JZ;instruction=JZ 0x00494d1a;inputs=ZF;results=;flows=00494d1a;fallthrough=00494d09
instruction_reference	00494c00	FUN_00494c00	00494d07	00494d1a	CONDITIONAL_JUMP	LAB_00494d1a	operand_index=0;primary=true;source=DEFAULT
instruction	00494c00	FUN_00494c00	00494d09	00494d0b	FALL_THROUGH	FUN_00494c00	bytes=6A01;mnemonic=PUSH;instruction=PUSH 0x1;inputs=ESP,0x1,0x4;results=ESP;flows=;fallthrough=00494d0b
instruction	00494c00	FUN_00494c00	00494d0b	00494d0e	FALL_THROUGH	FUN_00494c00	bytes=8B45DC;mnemonic=MOV;instruction=MOV EAX,dword ptr [EBP + -0x24];inputs=0xffffffdc,EBP;results=EAX;flows=;fallthrough=00494d0e
instruction_reference	00494c00	FUN_00494c00	00494d0b	Stack[-0x28]	READ		operand_index=1;primary=true;source=ANALYSIS
instruction	00494c00	FUN_00494c00	00494d0e	00494d10	FALL_THROUGH	FUN_00494c00	bytes=8B10;mnemonic=MOV;instruction=MOV EDX,dword ptr [EAX];inputs=EAX;results=EDX;flows=;fallthrough=00494d10
instruction	00494c00	FUN_00494c00	00494d10	00494d13	FALL_THROUGH	FUN_00494c00	bytes=8B4DDC;mnemonic=MOV;instruction=MOV ECX,dword ptr [EBP + -0x24];inputs=0xffffffdc,EBP;results=ECX;flows=;fallthrough=00494d13
instruction_reference	00494c00	FUN_00494c00	00494d10	Stack[-0x28]	READ		operand_index=1;primary=true;source=ANALYSIS
instruction	00494c00	FUN_00494c00	00494d13	00494d15	COMPUTED_CALL	FUN_00494c00	bytes=FF12;mnemonic=CALL;instruction=CALL dword ptr [EDX];inputs=ESP,0x4,EDX,0x494d15;results=ESP;flows=;fallthrough=00494d15
instruction	00494c00	FUN_00494c00	00494d15	00494d18	FALL_THROUGH	FUN_00494c00	bytes=8945C8;mnemonic=MOV;instruction=MOV dword ptr [EBP + -0x38],EAX;inputs=EAX,EBP,0xffffffc8;results=;flows=;fallthrough=00494d18
instruction_reference	00494c00	FUN_00494c00	00494d15	Stack[-0x3c]	WRITE		operand_index=0;primary=true;source=ANALYSIS
instruction	00494c00	FUN_00494c00	00494d18		UNCONDITIONAL_JUMP	FUN_00494c00	bytes=EB07;mnemonic=JMP;instruction=JMP 0x00494d21;inputs=;results=;flows=00494d21;fallthrough=
instruction_reference	00494c00	FUN_00494c00	00494d18	00494d21	UNCONDITIONAL_JUMP	LAB_00494d21	operand_index=0;primary=true;source=DEFAULT
instruction	00494c00	FUN_00494c00	00494d1a	00494d21	FALL_THROUGH	FUN_00494c00	bytes=C745C800000000;mnemonic=MOV;instruction=MOV dword ptr [EBP + -0x38],0x0;inputs=0x0,EBP,0xffffffc8;results=;flows=;fallthrough=00494d21
instruction_reference	00494c00	FUN_00494c00	00494d1a	Stack[-0x3c]	WRITE		operand_index=0;primary=true;source=ANALYSIS
instruction	00494c00	FUN_00494c00	00494d21	00494d24	FALL_THROUGH	FUN_00494c00	bytes=8B45D4;mnemonic=MOV;instruction=MOV EAX,dword ptr [EBP + -0x2c];inputs=EBP,0xffffffd4;results=EAX;flows=;fallthrough=00494d24
instruction_reference	00494c00	FUN_00494c00	00494d21	Stack[-0x30]	READ		operand_index=1;primary=true;source=ANALYSIS
instruction	00494c00	FUN_00494c00	00494d24	00494d2b	FALL_THROUGH	FUN_00494c00	bytes=C7402800000000;mnemonic=MOV;instruction=MOV dword ptr [EAX + 0x28],0x0;inputs=EAX,0x0,0x28;results=;flows=;fallthrough=00494d2b
instruction	00494c00	FUN_00494c00	00494d2b	00494d31	FALL_THROUGH	FUN_00494c00	bytes=8B0DE8713B01;mnemonic=MOV;instruction=MOV ECX,dword ptr [0x013b71e8];inputs=013b71e8;results=ECX;flows=;fallthrough=00494d31
instruction_reference	00494c00	FUN_00494c00	00494d2b	013b71e8	READ	DAT_013b71e8	operand_index=1;primary=true;source=DEFAULT
instruction	00494c00	FUN_00494c00	00494d31	00494d3b	FALL_THROUGH	FUN_00494c00	bytes=C78188B0010000000000;mnemonic=MOV;instruction=MOV dword ptr [ECX + 0x1b088],0x0;inputs=0x0,ECX,0x1b088;results=;flows=;fallthrough=00494d3b
instruction	00494c00	FUN_00494c00	00494d3b	00494d41	FALL_THROUGH	FUN_00494c00	bytes=8B0DE8713B01;mnemonic=MOV;instruction=MOV ECX,dword ptr [0x013b71e8];inputs=013b71e8;results=ECX;flows=;fallthrough=00494d41
instruction_reference	00494c00	FUN_00494c00	00494d3b	013b71e8	READ	DAT_013b71e8	operand_index=1;primary=true;source=DEFAULT
instruction	00494c00	FUN_00494c00	00494d41	00494d46	UNCONDITIONAL_CALL	FUN_00494c00	bytes=E87AC90100;mnemonic=CALL;instruction=CALL 0x004b16c0;inputs=ESP,0x4,0x494d46;results=ESP;flows=004b16c0;fallthrough=00494d46
instruction_reference	00494c00	FUN_00494c00	00494d41	004b16c0	UNCONDITIONAL_CALL	FUN_004b16c0	operand_index=0;primary=true;source=DEFAULT
instruction	00494c00	FUN_00494c00	00494d46	00494d49	FALL_THROUGH	FUN_00494c00	bytes=8B55D4;mnemonic=MOV;instruction=MOV EDX,dword ptr [EBP + -0x2c];inputs=EBP,0xffffffd4;results=EDX;flows=;fallthrough=00494d49
instruction_reference	00494c00	FUN_00494c00	00494d46	Stack[-0x30]	READ		operand_index=1;primary=true;source=ANALYSIS
instruction	00494c00	FUN_00494c00	00494d49	00494d50	FALL_THROUGH	FUN_00494c00	bytes=C7424000000000;mnemonic=MOV;instruction=MOV dword ptr [EDX + 0x40],0x0;inputs=0x40,0x0,EDX;results=;flows=;fallthrough=00494d50
instruction	00494c00	FUN_00494c00	00494d50	00494d5a	FALL_THROUGH	FUN_00494c00	bytes=C705F4EA920000000000;mnemonic=MOV;instruction=MOV dword ptr [0x0092eaf4],0x0;inputs=0x0;results=0092eaf4;flows=;fallthrough=00494d5a
instruction_reference	00494c00	FUN_00494c00	00494d50	0092eaf4	WRITE	DAT_0092eaf4	operand_index=0;primary=true;source=DEFAULT
instruction	00494c00	FUN_00494c00	00494d5a	00494d5f	FALL_THROUGH	FUN_00494c00	bytes=A154E69200;mnemonic=MOV;instruction=MOV EAX,[0x0092e654];inputs=0092e654;results=EAX;flows=;fallthrough=00494d5f
instruction_reference	00494c00	FUN_00494c00	00494d5a	0092e654	READ	DAT_0092e654	operand_index=1;primary=true;source=DEFAULT
instruction	00494c00	FUN_00494c00	00494d5f	00494d66	FALL_THROUGH	FUN_00494c00	bytes=C7406000000000;mnemonic=MOV;instruction=MOV dword ptr [EAX + 0x60],0x0;inputs=EAX,0x60,0x0;results=;flows=;fallthrough=00494d66
instruction	00494c00	FUN_00494c00	00494d66	00494d6d	FALL_THROUGH	FUN_00494c00	bytes=C745FCFFFFFFFF;mnemonic=MOV;instruction=MOV dword ptr [EBP + -0x4],0xffffffff;inputs=0xffffffff,0xfffffffc,EBP;results=;flows=;fallthrough=00494d6d
instruction_reference	00494c00	FUN_00494c00	00494d66	Stack[-0x8]	WRITE		operand_index=0;primary=true;source=ANALYSIS
instruction	00494c00	FUN_00494c00	00494d6d	00494d70	FALL_THROUGH	FUN_00494c00	bytes=8B4DD4;mnemonic=MOV;instruction=MOV ECX,dword ptr [EBP + -0x2c];inputs=EBP,0xffffffd4;results=ECX;flows=;fallthrough=00494d70
instruction_reference	00494c00	FUN_00494c00	00494d6d	Stack[-0x30]	READ		operand_index=1;primary=true;source=ANALYSIS
instruction	00494c00	FUN_00494c00	00494d70	00494d75	UNCONDITIONAL_CALL	FUN_00494c00	bytes=E8D05C0B00;mnemonic=CALL;instruction=CALL 0x0054aa45;inputs=ESP,0x4,0x494d75;results=ESP;flows=0054aa45;fallthrough=00494d75
instruction_reference	00494c00	FUN_00494c00	00494d70	0054aa45	UNCONDITIONAL_CALL	FUN_0054aa45	operand_index=0;primary=true;source=DEFAULT
instruction	00494c00	FUN_00494c00	00494d75	00494d78	FALL_THROUGH	FUN_00494c00	bytes=8B4DF4;mnemonic=MOV;instruction=MOV ECX,dword ptr [EBP + -0xc];inputs=EBP,0xfffffff4;results=ECX;flows=;fallthrough=00494d78
instruction_reference	00494c00	FUN_00494c00	00494d75	Stack[-0x10]	READ		operand_index=1;primary=true;source=ANALYSIS
instruction	00494c00	FUN_00494c00	00494d78	00494d7f	FALL_THROUGH	FUN_00494c00	bytes=64890D00000000;mnemonic=MOV;instruction=MOV dword ptr FS:[0x0],ECX;inputs=FS_OFFSET,0x0,ECX;results=;flows=;fallthrough=00494d7f
instruction_reference	00494c00	FUN_00494c00	00494d78	ffdff000	WRITE	ExceptionList	operand_index=0;primary=true;source=ANALYSIS
instruction	00494c00	FUN_00494c00	00494d7f	00494d81	FALL_THROUGH	FUN_00494c00	bytes=8BE5;mnemonic=MOV;instruction=MOV ESP,EBP;inputs=EBP;results=ESP;flows=;fallthrough=00494d81
instruction	00494c00	FUN_00494c00	00494d81	00494d82	FALL_THROUGH	FUN_00494c00	bytes=5D;mnemonic=POP;instruction=POP EBP;inputs=0x0,ESP,0x4;results=ESP,EBP;flows=;fallthrough=00494d82
instruction	00494c00	FUN_00494c00	00494d82		TERMINATOR	FUN_00494c00	bytes=C3;mnemonic=RET;instruction=RET;inputs=ESP,0x4;results=ESP,EIP;flows=;fallthrough=
instruction_search	00494c00	FUN_00494c00	00494c00	00494c00	instructions	FUN_00494c00	instructions=105;references=68;body_min=00494c00;body_max=00494d82
function	0055fa89	FUN_0055fa89			unknown		undefined FUN_0055fa89(void)
incoming	0055fa89	FUN_0055fa89	0055c3ce	0055fa89	DATA	FUN_0055bc0a	
incoming	0055fa89	FUN_0055fa89	0055c3de	0055fa89	DATA	FUN_0055bc0a	
callee	0055fa89	FUN_0055fa89	0055fa89	0055dab8	call	FUN_0055dab8	
reference	0055fa89	FUN_0055fa89	0055fa9c	013b71e0	READ	DAT_013b71e0	0x0
instruction	0055fa89	FUN_0055fa89	0055fa89	0055fa8a	FALL_THROUGH	FUN_0055fa89	bytes=55;mnemonic=PUSH;instruction=PUSH EBP;inputs=ESP,EBP,0x4;results=ESP;flows=;fallthrough=0055fa8a
instruction	0055fa89	FUN_0055fa89	0055fa8a	0055fa8c	FALL_THROUGH	FUN_0055fa89	bytes=8BEC;mnemonic=MOV;instruction=MOV EBP,ESP;inputs=ESP;results=EBP;flows=;fallthrough=0055fa8c
instruction	0055fa89	FUN_0055fa89	0055fa8c	0055fa8f	FALL_THROUGH	FUN_0055fa89	bytes=8B4514;mnemonic=MOV;instruction=MOV EAX,dword ptr [EBP + 0x14];inputs=EBP,0x14;results=EAX;flows=;fallthrough=0055fa8f
instruction_reference	0055fa89	FUN_0055fa89	0055fa8c	Stack[0x10]	READ		operand_index=1;primary=true;source=ANALYSIS
instruction	0055fa89	FUN_0055fa89	0055fa8f	0055fa90	FALL_THROUGH	FUN_0055fa89	bytes=50;mnemonic=PUSH;instruction=PUSH EAX;inputs=EAX,ESP,0x4;results=ESP;flows=;fallthrough=0055fa90
instruction	0055fa89	FUN_0055fa89	0055fa90	0055fa93	FALL_THROUGH	FUN_0055fa89	bytes=8B4D10;mnemonic=MOV;instruction=MOV ECX,dword ptr [EBP + 0x10];inputs=0x10,EBP;results=ECX;flows=;fallthrough=0055fa93
instruction_reference	0055fa89	FUN_0055fa89	0055fa90	Stack[0xc]	READ		operand_index=1;primary=true;source=ANALYSIS
instruction	0055fa89	FUN_0055fa89	0055fa93	0055fa94	FALL_THROUGH	FUN_0055fa89	bytes=51;mnemonic=PUSH;instruction=PUSH ECX;inputs=ESP,ECX,0x4;results=ESP;flows=;fallthrough=0055fa94
instruction	0055fa89	FUN_0055fa89	0055fa94	0055fa97	FALL_THROUGH	FUN_0055fa89	bytes=8B550C;mnemonic=MOV;instruction=MOV EDX,dword ptr [EBP + 0xc];inputs=EBP,0xc;results=EDX;flows=;fallthrough=0055fa97
instruction_reference	0055fa89	FUN_0055fa89	0055fa94	Stack[0x8]	READ		operand_index=1;primary=true;source=ANALYSIS
instruction	0055fa89	FUN_0055fa89	0055fa97	0055fa98	FALL_THROUGH	FUN_0055fa89	bytes=52;mnemonic=PUSH;instruction=PUSH EDX;inputs=ESP,0x4,EDX;results=ESP;flows=;fallthrough=0055fa98
instruction	0055fa89	FUN_0055fa89	0055fa98	0055fa9b	FALL_THROUGH	FUN_0055fa89	bytes=8B4508;mnemonic=MOV;instruction=MOV EAX,dword ptr [EBP + 0x8];inputs=EBP,0x8;results=EAX;flows=;fallthrough=0055fa9b
instruction_reference	0055fa89	FUN_0055fa89	0055fa98	Stack[0x4]	READ		operand_index=1;primary=true;source=ANALYSIS
instruction	0055fa89	FUN_0055fa89	0055fa9b	0055fa9c	FALL_THROUGH	FUN_0055fa89	bytes=50;mnemonic=PUSH;instruction=PUSH EAX;inputs=EAX,ESP,0x4;results=ESP;flows=;fallthrough=0055fa9c
instruction	0055fa89	FUN_0055fa89	0055fa9c	0055faa2	FALL_THROUGH	FUN_0055fa89	bytes=8B0DE0713B01;mnemonic=MOV;instruction=MOV ECX,dword ptr [0x013b71e0];inputs=013b71e0;results=ECX;flows=;fallthrough=0055faa2
instruction_reference	0055fa89	FUN_0055fa89	0055fa9c	013b71e0	READ	DAT_013b71e0	operand_index=1;primary=true;source=DEFAULT
instruction	0055fa89	FUN_0055fa89	0055faa2	0055faa7	UNCONDITIONAL_CALL	FUN_0055fa89	bytes=E811E0FFFF;mnemonic=CALL;instruction=CALL 0x0055dab8;inputs=ESP,0x55faa7,0x4;results=ESP;flows=0055dab8;fallthrough=0055faa7
instruction_reference	0055fa89	FUN_0055fa89	0055faa2	0055dab8	UNCONDITIONAL_CALL	FUN_0055dab8	operand_index=0;primary=true;source=DEFAULT
instruction	0055fa89	FUN_0055fa89	0055faa7	0055faa8	FALL_THROUGH	FUN_0055fa89	bytes=5D;mnemonic=POP;instruction=POP EBP;inputs=0x0,ESP,0x4;results=ESP,EBP;flows=;fallthrough=0055faa8
instruction	0055fa89	FUN_0055fa89	0055faa8		TERMINATOR	FUN_0055fa89	bytes=C21000;mnemonic=RET;instruction=RET 0x10;inputs=ESP,0x10,0x4;results=ESP,EIP;flows=;fallthrough=
instruction_search	0055fa89	FUN_0055fa89	0055fa89	0055fa89	instructions	FUN_0055fa89	instructions=14;references=6;body_min=0055fa89;body_max=0055faaa
