entry	symbol	priority	queues	reason	research_status	evidence_class	ghidra_direct_callers_count	ghidra_direct_callees_count	ghidra_incoming_flow_refs	source_cpp_h_references
00401152	FUN_00401152	0	DOCUMENTED_FIRST	já citado em handoff/ficha; fechar a evidência existente	LOCATED	FLOW_SHEET	14	1	14	0
00401BDC	FUN_00401bdc	0	DOCUMENTED_FIRST	já citado em handoff/ficha; fechar a evidência existente	STATICALLY_EVIDENCED	PARITY_STATIC_EVIDENCE	1	0	1	0
00402F01	FUN_00402f01	0	DOCUMENTED_FIRST	já citado em handoff/ficha; fechar a evidência existente	LOCATED	FLOW_SHEET	6	10	20	0
004032E8	FUN_004032e8	0	DOCUMENTED_FIRST;NO_DIRECT_CALLER_REVIEW	já citado em handoff/ficha; fechar a evidência existente | sem caller direto reconhecido; revisar callback/vtable/import	LOCATED	FLOW_SHEET	0	4	0	0
00403924	FUN_00403924	0	DOCUMENTED_FIRST	já citado em handoff/ficha; fechar a evidência existente	STATICALLY_EVIDENCED	PARITY_STATIC_EVIDENCE	1	5	2	0
00403EB8	FUN_00403eb8	0	DOCUMENTED_FIRST	já citado em handoff/ficha; fechar a evidência existente	STATICALLY_EVIDENCED	PARITY_STATIC_EVIDENCE	1	8	2	0
00406BD7	FUN_00406bd7	0	DOCUMENTED_FIRST;NO_DIRECT_CALLER_REVIEW	já citado em handoff/ficha; fechar a evidência existente | sem caller direto reconhecido; revisar callback/vtable/import	STATICALLY_EVIDENCED	PARITY_STATIC_EVIDENCE	0	3	0	0
0040B980	FUN_0040b980	0	DOCUMENTED_FIRST;NO_DIRECT_CALLER_REVIEW	já citado em handoff/ficha; fechar a evidência existente | sem caller direto reconhecido; revisar callback/vtable/import	LOCATED	FLOW_SHEET	0	2	0	0
0040C030	FUN_0040c030	0	DOCUMENTED_FIRST;NO_DIRECT_CALLER_REVIEW	já citado em handoff/ficha; fechar a evidência existente | sem caller direto reconhecido; revisar callback/vtable/import	LOCATED	FLOW_SHEET	0	0	0	0
0040C0F0	FUN_0040c0f0	0	DOCUMENTED_FIRST	já citado em handoff/ficha; fechar a evidência existente	LOCATED	FLOW_SHEET	60	0	209	0
0040C2CD	FUN_0040c2cd	0	DOCUMENTED_FIRST	já citado em handoff/ficha; fechar a evidência existente	LOCATED	FLOW_SHEET	2	6	2	0
0040C544	FUN_0040c544	0	DOCUMENTED_FIRST;NO_DIRECT_CALLER_REVIEW	já citado em handoff/ficha; fechar a evidência existente | sem caller direto reconhecido; revisar callback/vtable/import	LOCATED	FLOW_SHEET	0	3	0	0
0040CDA4	FUN_0040cda4	0	DOCUMENTED_FIRST;NO_DIRECT_CALLER_REVIEW	já citado em handoff/ficha; fechar a evidência existente | sem caller direto reconhecido; revisar callback/vtable/import	LOCATED	FLOW_SHEET	0	0	0	0
0040CEA0	FUN_0040cea0	0	DOCUMENTED_FIRST	já citado em handoff/ficha; fechar a evidência existente	STATICALLY_EVIDENCED	PARITY_STATIC_EVIDENCE	2	2	2	0
0040D13E	FUN_0040d13e	0	DOCUMENTED_FIRST;HIGH_FANOUT_DISPATCH_CANDIDATE	já citado em handoff/ficha; fechar a evidência existente | alto fan-out direto reconhecido pelo Ghidra	STATICALLY_EVIDENCED	PARITY_STATIC_EVIDENCE	14	12	49	0
0040DD00	FUN_0040dd00	0	DOCUMENTED_FIRST;NO_DIRECT_CALLER_REVIEW	já citado em handoff/ficha; fechar a evidência existente | sem caller direto reconhecido; revisar callback/vtable/import	STATICALLY_EVIDENCED	PARITY_STATIC_EVIDENCE	0	3	0	0
0040E817	FUN_0040e817	0	DOCUMENTED_FIRST;NO_DIRECT_CALLER_REVIEW	já citado em handoff/ficha; fechar a evidência existente | sem caller direto reconhecido; revisar callback/vtable/import	STATICALLY_EVIDENCED	PARITY_STATIC_EVIDENCE	0	1	0	0
0040FC3E	FUN_0040fc3e	0	DOCUMENTED_FIRST;NO_DIRECT_CALLER_REVIEW	já citado em handoff/ficha; fechar a evidência existente | sem caller direto reconhecido; revisar callback/vtable/import	STATICALLY_EVIDENCED	PARITY_STATIC_EVIDENCE	0	3	0	0
004110F5	FUN_004110f5	0	DOCUMENTED_FIRST;HIGH_FANOUT_DISPATCH_CANDIDATE	já citado em handoff/ficha; fechar a evidência existente | alto fan-out direto reconhecido pelo Ghidra	STATICALLY_EVIDENCED	PARITY_STATIC_EVIDENCE	1	12	1	0
004209FC	FUN_004209fc	0	DOCUMENTED_FIRST;HIGH_FANOUT_DISPATCH_CANDIDATE;NO_DIRECT_CALLER_REVIEW	já citado em handoff/ficha; fechar a evidência existente | alto fan-out direto reconhecido pelo Ghidra | sem caller direto reconhecido; revisar callback/vtable/import	STATICALLY_EVIDENCED	PARITY_STATIC_EVIDENCE	0	15	0	0
00421B8F	FUN_00421b8f	0	DOCUMENTED_FIRST;HIGH_FANOUT_DISPATCH_CANDIDATE	já citado em handoff/ficha; fechar a evidência existente | alto fan-out direto reconhecido pelo Ghidra	LOCATED	FLOW_SHEET	27	16	38	0
00423B20	FUN_00423b20	0	DOCUMENTED_FIRST	já citado em handoff/ficha; fechar a evidência existente	LOCATED	FLOW_SHEET	6	0	16	0
00423B25	FUN_00423b25	0	DOCUMENTED_FIRST	já citado em handoff/ficha; fechar a evidência existente	LOCATED	FLOW_SHEET	3	2	3	0
00423B74	FUN_00423b74	0	DOCUMENTED_FIRST;NO_DIRECT_CALLER_REVIEW	já citado em handoff/ficha; fechar a evidência existente | sem caller direto reconhecido; revisar callback/vtable/import	LOCATED	FLOW_SHEET	0	2	0	0
00423C1F	FUN_00423c1f	0	DOCUMENTED_FIRST;UI_INPUT_TEXT_HINT	já citado em handoff/ficha; fechar a evidência existente | pista textual: window	LOCATED	FLOW_SHEET	1	2	1	0
00423C61	FUN_00423c61	0	DOCUMENTED_FIRST;UI_INPUT_TEXT_HINT	já citado em handoff/ficha; fechar a evidência existente | pista textual: window	LOCATED	FLOW_SHEET	1	2	1	0
00423CA0	FUN_00423ca0	0	DOCUMENTED_FIRST	já citado em handoff/ficha; fechar a evidência existente	LOCATED	FLOW_SHEET	1	2	1	0
00423D7A	FUN_00423d7a	0	DOCUMENTED_FIRST;TRANSPORT_TEXT_HINT	já citado em handoff/ficha; fechar a evidência existente | pista textual: socket	LOCATED	FLOW_SHEET	5	1	6	0
00423DD8	FUN_00423dd8	0	DOCUMENTED_FIRST;TRANSPORT_TEXT_HINT	já citado em handoff/ficha; fechar a evidência existente | pista textual: wsa	LOCATED	FLOW_SHEET	1	1	1	0
00423F37	FUN_00423f37	0	DOCUMENTED_FIRST;HIGH_FANOUT_DISPATCH_CANDIDATE;TRANSPORT_TEXT_HINT;UI_INPUT_TEXT_HINT;LIFECYCLE_TEXT_HINT	já citado em handoff/ficha; fechar a evidência existente | alto fan-out direto reconhecido pelo Ghidra | pista textual: socket, send(, wsa | pista textual: messagebox | pista textual: initialize	LOCATED	FLOW_SHEET	2	12	2	0
004245DB	FUN_004245db	0	DOCUMENTED_FIRST;TRANSPORT_TEXT_HINT	já citado em handoff/ficha; fechar a evidência existente | pista textual: socket, recv(	LOCATED	FLOW_SHEET	1	1	1	0
00424C2C	FUN_00424c2c	0	DOCUMENTED_FIRST	já citado em handoff/ficha; fechar a evidência existente	LOCATED	FLOW_SHEET	1	1	1	0
00424DFE	FUN_00424dfe	0	DOCUMENTED_FIRST	já citado em handoff/ficha; fechar a evidência existente	LOCATED	FLOW_SHEET	2	4	2	0
00425200	FUN_00425200	0	DOCUMENTED_FIRST	já citado em handoff/ficha; fechar a evidência existente	LOCATED	FLOW_SHEET	1	1	1	0
00425266	FUN_00425266	0	DOCUMENTED_FIRST;TRANSPORT_TEXT_HINT	já citado em handoff/ficha; fechar a evidência existente | pista textual: socket, send(, wsa	LOCATED	FLOW_SHEET	4	5	4	0
0042550E	FUN_0042550e	0	DOCUMENTED_FIRST	já citado em handoff/ficha; fechar a evidência existente	LOCATED	FLOW_SHEET	8	2	12	0
00427AA8	FUN_00427aa8	0	DOCUMENTED_FIRST	já citado em handoff/ficha; fechar a evidência existente	LOCATED	FLOW_SHEET	1	6	1	0
00429A6D	FUN_00429a6d	0	DOCUMENTED_FIRST	já citado em handoff/ficha; fechar a evidência existente	LOCATED	FLOW_SHEET	111	4	510	0
0042AD2B	FUN_0042ad2b	0	DOCUMENTED_FIRST	já citado em handoff/ficha; fechar a evidência existente	LOCATED	FLOW_SHEET	107	4	210	0
004310E0	FUN_004310e0	0	DOCUMENTED_FIRST	já citado em handoff/ficha; fechar a evidência existente	LOCATED	FLOW_SHEET	1	2	1	0
00431159	FUN_00431159	0	DOCUMENTED_FIRST;UI_INPUT_TEXT_HINT	já citado em handoff/ficha; fechar a evidência existente | pista textual: ime	LOCATED	FLOW_SHEET	44	3	88	0
004312DD	FUN_004312dd	0	DOCUMENTED_FIRST	já citado em handoff/ficha; fechar a evidência existente	LOCATED	FLOW_SHEET	1	2	1	0
00431D00	FUN_00431d00	0	DOCUMENTED_FIRST	já citado em handoff/ficha; fechar a evidência existente	LOCATED	FLOW_SHEET	1	7	1	0
00431F13	FUN_00431f13	0	DOCUMENTED_FIRST	já citado em handoff/ficha; fechar a evidência existente	LOCATED	FLOW_SHEET	1	4	1	0
00432181	FUN_00432181	0	DOCUMENTED_FIRST;HIGH_FANOUT_DISPATCH_CANDIDATE;NO_DIRECT_CALLER_REVIEW;UI_INPUT_TEXT_HINT	já citado em handoff/ficha; fechar a evidência existente | alto fan-out direto reconhecido pelo Ghidra | sem caller direto reconhecido; revisar callback/vtable/import | pista textual: messagebox	LOCATED	FLOW_SHEET	0	27	0	0
00432959	FUN_00432959	0	DOCUMENTED_FIRST;NO_DIRECT_CALLER_REVIEW	já citado em handoff/ficha; fechar a evidência existente | sem caller direto reconhecido; revisar callback/vtable/import	LOCATED	FLOW_SHEET	0	7	0	0
00433961	FUN_00433961	0	DOCUMENTED_FIRST;NO_DIRECT_CALLER_REVIEW	já citado em handoff/ficha; fechar a evidência existente | sem caller direto reconhecido; revisar callback/vtable/import	LOCATED	FLOW_SHEET	0	2	0	0
00433A10	FUN_00433a10	0	DOCUMENTED_FIRST;NO_DIRECT_CALLER_REVIEW	já citado em handoff/ficha; fechar a evidência existente | sem caller direto reconhecido; revisar callback/vtable/import	LOCATED	FLOW_SHEET	0	2	0	0
004343A4	FUN_004343a4	0	DOCUMENTED_FIRST;LIFECYCLE_TEXT_HINT	já citado em handoff/ficha; fechar a evidência existente | pista textual: scene	LOCATED	FLOW_SHEET	1	9	1	0
004358DA	FUN_004358da	0	DOCUMENTED_FIRST	já citado em handoff/ficha; fechar a evidência existente	LOCATED	FLOW_SHEET	1	8	1	0
00435B13	FUN_00435b13	0	DOCUMENTED_FIRST;HIGH_FANOUT_DISPATCH_CANDIDATE;NO_DIRECT_CALLER_REVIEW;LIFECYCLE_TEXT_HINT	já citado em handoff/ficha; fechar a evidência existente | alto fan-out direto reconhecido pelo Ghidra | sem caller direto reconhecido; revisar callback/vtable/import | pista textual: scene	LOCATED_OR_STATIC_EVIDENCE	PARITY_AND_FLOW	0	62	0	0
004431D9	FUN_004431d9	0	DOCUMENTED_FIRST	já citado em handoff/ficha; fechar a evidência existente	STATICALLY_EVIDENCED	PARITY_STATIC_EVIDENCE	3	0	4	0
004431E4	FUN_004431e4	0	DOCUMENTED_FIRST;HIGH_FANOUT_DISPATCH_CANDIDATE	já citado em handoff/ficha; fechar a evidência existente | alto fan-out direto reconhecido pelo Ghidra	LOCATED_OR_STATIC_EVIDENCE	PARITY_AND_FLOW	36	36	38	0
00447594	FUN_00447594	0	DOCUMENTED_FIRST	já citado em handoff/ficha; fechar a evidência existente	STATICALLY_EVIDENCED	PARITY_STATIC_EVIDENCE	10	0	10	0
004484F3	FUN_004484f3	0	DOCUMENTED_FIRST	já citado em handoff/ficha; fechar a evidência existente	STATICALLY_EVIDENCED	PARITY_STATIC_EVIDENCE	15	7	20	0
0044AE38	FUN_0044ae38	0	DOCUMENTED_FIRST	já citado em handoff/ficha; fechar a evidência existente	STATICALLY_EVIDENCED	PARITY_STATIC_EVIDENCE	24	9	34	0
0044C15C	FUN_0044c15c	0	DOCUMENTED_FIRST	já citado em handoff/ficha; fechar a evidência existente	STATICALLY_EVIDENCED	PARITY_STATIC_EVIDENCE	1	6	1	0
0044C53F	FUN_0044c53f	0	DOCUMENTED_FIRST	já citado em handoff/ficha; fechar a evidência existente	STATICALLY_EVIDENCED	PARITY_STATIC_EVIDENCE	12	7	13	0
0044DF53	FUN_0044df53	0	DOCUMENTED_FIRST	já citado em handoff/ficha; fechar a evidência existente	STATICALLY_EVIDENCED	PARITY_STATIC_EVIDENCE	1	10	2	0
0044F88F	FUN_0044f88f	0	DOCUMENTED_FIRST	já citado em handoff/ficha; fechar a evidência existente	LOCATED	FLOW_SHEET	2	11	2	0
0044FC4B	FUN_0044fc4b	0	DOCUMENTED_FIRST	já citado em handoff/ficha; fechar a evidência existente	LOCATED	FLOW_SHEET	2	6	2	0
004525A1	FUN_004525a1	0	DOCUMENTED_FIRST	já citado em handoff/ficha; fechar a evidência existente	LOCATED	FLOW_SHEET	2	1	2	0
00452661	FUN_00452661	0	DOCUMENTED_FIRST	já citado em handoff/ficha; fechar a evidência existente	LOCATED	FLOW_SHEET	2	1	2	0
00452728	FUN_00452728	0	DOCUMENTED_FIRST	já citado em handoff/ficha; fechar a evidência existente	LOCATED	FLOW_SHEET	2	0	2	0
004528C5	FUN_004528c5	0	DOCUMENTED_FIRST	já citado em handoff/ficha; fechar a evidência existente	STATICALLY_EVIDENCED	PARITY_STATIC_EVIDENCE	5	8	16	0
00453C59	FUN_00453c59	0	DOCUMENTED_FIRST;HIGH_FANOUT_DISPATCH_CANDIDATE;NO_DIRECT_CALLER_REVIEW	já citado em handoff/ficha; fechar a evidência existente | alto fan-out direto reconhecido pelo Ghidra | sem caller direto reconhecido; revisar callback/vtable/import	LOCATED	FLOW_SHEET	0	33	0	0
004541F3	FUN_004541f3	0	DOCUMENTED_FIRST;HIGH_FANOUT_DISPATCH_CANDIDATE;NO_DIRECT_CALLER_REVIEW	já citado em handoff/ficha; fechar a evidência existente | alto fan-out direto reconhecido pelo Ghidra | sem caller direto reconhecido; revisar callback/vtable/import	LOCATED	FLOW_SHEET	0	25	0	0
00454763	FUN_00454763	0	DOCUMENTED_FIRST;HIGH_FANOUT_DISPATCH_CANDIDATE;NO_DIRECT_CALLER_REVIEW	já citado em handoff/ficha; fechar a evidência existente | alto fan-out direto reconhecido pelo Ghidra | sem caller direto reconhecido; revisar callback/vtable/import	STATICALLY_EVIDENCED	PARITY_STATIC_EVIDENCE	0	20	0	0
0045EE28	FUN_0045ee28	0	DOCUMENTED_FIRST;HIGH_FANOUT_DISPATCH_CANDIDATE	já citado em handoff/ficha; fechar a evidência existente | alto fan-out direto reconhecido pelo Ghidra	STATICALLY_EVIDENCED	PARITY_STATIC_EVIDENCE	1	16	1	0
004656AF	FUN_004656af	0	DOCUMENTED_FIRST	já citado em handoff/ficha; fechar a evidência existente	STATICALLY_EVIDENCED	PARITY_STATIC_EVIDENCE	1	0	1	0
004662C5	FUN_004662c5	0	DOCUMENTED_FIRST;HIGH_FANOUT_DISPATCH_CANDIDATE;NO_DIRECT_CALLER_REVIEW;UI_INPUT_TEXT_HINT	já citado em handoff/ficha; fechar a evidência existente | alto fan-out direto reconhecido pelo Ghidra | sem caller direto reconhecido; revisar callback/vtable/import | pista textual: ime	LOCATED_OR_STATIC_EVIDENCE	PARITY_AND_FLOW	0	91	0	0
004770AD	FUN_004770ad	0	DOCUMENTED_FIRST	já citado em handoff/ficha; fechar a evidência existente	STATICALLY_EVIDENCED	PARITY_STATIC_EVIDENCE	1	2	1	0
004776C3	FUN_004776c3	0	DOCUMENTED_FIRST;HIGH_FANOUT_DISPATCH_CANDIDATE;NO_DIRECT_CALLER_REVIEW	já citado em handoff/ficha; fechar a evidência existente | alto fan-out direto reconhecido pelo Ghidra | sem caller direto reconhecido; revisar callback/vtable/import	LOCATED_OR_STATIC_EVIDENCE	PARITY_AND_FLOW	0	57	0	0
0047E49D	FUN_0047e49d	0	DOCUMENTED_FIRST	já citado em handoff/ficha; fechar a evidência existente	LOCATED	FLOW_SHEET	1	7	1	0
00481DD6	FUN_00481dd6	0	DOCUMENTED_FIRST	já citado em handoff/ficha; fechar a evidência existente	STATICALLY_EVIDENCED	PARITY_STATIC_EVIDENCE	1	4	1	0
004829F2	FUN_004829f2	0	DOCUMENTED_FIRST;HIGH_FANOUT_DISPATCH_CANDIDATE	já citado em handoff/ficha; fechar a evidência existente | alto fan-out direto reconhecido pelo Ghidra	STATICALLY_EVIDENCED	PARITY_STATIC_EVIDENCE	1	35	1	0
00484C8A	FUN_00484c8a	0	DOCUMENTED_FIRST	já citado em handoff/ficha; fechar a evidência existente	LOCATED	FLOW_SHEET	1	1	1	0
00484D44	FUN_00484d44	0	DOCUMENTED_FIRST;HIGH_FANOUT_DISPATCH_CANDIDATE	já citado em handoff/ficha; fechar a evidência existente | alto fan-out direto reconhecido pelo Ghidra	LOCATED	FLOW_SHEET	1	13	1	0
0048529B	FUN_0048529b	0	DOCUMENTED_FIRST	já citado em handoff/ficha; fechar a evidência existente	LOCATED	FLOW_SHEET	1	1	1	0
00486424	FUN_00486424	0	DOCUMENTED_FIRST	já citado em handoff/ficha; fechar a evidência existente	STATICALLY_EVIDENCED	PARITY_STATIC_EVIDENCE	1	5	1	0
004875C0	FUN_004875c0	0	DOCUMENTED_FIRST	já citado em handoff/ficha; fechar a evidência existente	STATICALLY_EVIDENCED	PARITY_STATIC_EVIDENCE	1	9	1	0
00492E7D	FUN_00492e7d	0	DOCUMENTED_FIRST;HIGH_FANOUT_DISPATCH_CANDIDATE;NO_DIRECT_CALLER_REVIEW	já citado em handoff/ficha; fechar a evidência existente | alto fan-out direto reconhecido pelo Ghidra | sem caller direto reconhecido; revisar callback/vtable/import	LOCATED_OR_STATIC_EVIDENCE	PARITY_AND_FLOW	0	56	0	0
00493BC0	FUN_00493bc0	0	DOCUMENTED_FIRST;NO_DIRECT_CALLER_REVIEW	já citado em handoff/ficha; fechar a evidência existente | sem caller direto reconhecido; revisar callback/vtable/import	LOCATED	FLOW_SHEET	0	2	0	0
00493CF0	FUN_00493cf0	0	DOCUMENTED_FIRST	já citado em handoff/ficha; fechar a evidência existente	LOCATED	FLOW_SHEET	3	2	12	0
00493E70	FUN_00493e70	0	DOCUMENTED_FIRST	já citado em handoff/ficha; fechar a evidência existente	LOCATED	FLOW_SHEET	4	10	4	0
00494C00	FUN_00494c00	0	DOCUMENTED_FIRST	já citado em handoff/ficha; fechar a evidência existente	LOCATED	FLOW_SHEET	13	2	13	0
00494DCF	FUN_00494dcf	0	DOCUMENTED_FIRST	já citado em handoff/ficha; fechar a evidência existente	LOCATED	FLOW_SHEET	32	0	56	0
004974EC	FUN_004974ec	0	DOCUMENTED_FIRST;HIGH_FANOUT_DISPATCH_CANDIDATE;NO_DIRECT_CALLER_REVIEW;UI_INPUT_TEXT_HINT;LIFECYCLE_TEXT_HINT	já citado em handoff/ficha; fechar a evidência existente | alto fan-out direto reconhecido pelo Ghidra | sem caller direto reconhecido; revisar callback/vtable/import | pista textual: control | pista textual: create, scene	LOCATED	FLOW_SHEET	0	17	0	0
0049889A	FUN_0049889a	0	DOCUMENTED_FIRST;HIGH_FANOUT_DISPATCH_CANDIDATE;UI_INPUT_TEXT_HINT	já citado em handoff/ficha; fechar a evidência existente | alto fan-out direto reconhecido pelo Ghidra | pista textual: ime	LOCATED	FLOW_SHEET	4	21	4	0
0049AB73	FUN_0049ab73	0	DOCUMENTED_FIRST	já citado em handoff/ficha; fechar a evidência existente	LOCATED	FLOW_SHEET	3	1	3	0
0049AD57	FUN_0049ad57	0	DOCUMENTED_FIRST;NO_DIRECT_CALLER_REVIEW	já citado em handoff/ficha; fechar a evidência existente | sem caller direto reconhecido; revisar callback/vtable/import	LOCATED	FLOW_SHEET	0	0	0	0
0049EE30	FUN_0049ee30	0	DOCUMENTED_FIRST	já citado em handoff/ficha; fechar a evidência existente	LOCATED	FLOW_SHEET	1	4	1	0
0049F053	FUN_0049f053	0	DOCUMENTED_FIRST	já citado em handoff/ficha; fechar a evidência existente	LOCATED	FLOW_SHEET	1	1	1	0
0049F0E7	FUN_0049f0e7	0	DOCUMENTED_FIRST;HIGH_FANOUT_DISPATCH_CANDIDATE;NO_DIRECT_CALLER_REVIEW;UI_INPUT_TEXT_HINT;LIFECYCLE_TEXT_HINT	já citado em handoff/ficha; fechar a evidência existente | alto fan-out direto reconhecido pelo Ghidra | sem caller direto reconhecido; revisar callback/vtable/import | pista textual: messagebox | pista textual: scene	LOCATED	FLOW_SHEET	0	38	0	0
004A2AEF	FUN_004a2aef	0	DOCUMENTED_FIRST;NO_DIRECT_CALLER_REVIEW	já citado em handoff/ficha; fechar a evidência existente | sem caller direto reconhecido; revisar callback/vtable/import	LOCATED	FLOW_SHEET	0	5	0	0
004A2F7A	FUN_004a2f7a	0	DOCUMENTED_FIRST;NO_DIRECT_CALLER_REVIEW	já citado em handoff/ficha; fechar a evidência existente | sem caller direto reconhecido; revisar callback/vtable/import	LOCATED	FLOW_SHEET	0	6	0	0
004A32DD	FUN_004a32dd	0	DOCUMENTED_FIRST;HIGH_FANOUT_DISPATCH_CANDIDATE;NO_DIRECT_CALLER_REVIEW	já citado em handoff/ficha; fechar a evidência existente | alto fan-out direto reconhecido pelo Ghidra | sem caller direto reconhecido; revisar callback/vtable/import	LOCATED	FLOW_SHEET	0	17	0	0
004A4582	FUN_004a4582	0	DOCUMENTED_FIRST;HIGH_FANOUT_DISPATCH_CANDIDATE;NO_DIRECT_CALLER_REVIEW	já citado em handoff/ficha; fechar a evidência existente | alto fan-out direto reconhecido pelo Ghidra | sem caller direto reconhecido; revisar callback/vtable/import	LOCATED	FLOW_SHEET	0	13	0	0
004A626E	FUN_004a626e	0	DOCUMENTED_FIRST;HIGH_FANOUT_DISPATCH_CANDIDATE;NO_DIRECT_CALLER_REVIEW	já citado em handoff/ficha; fechar a evidência existente | alto fan-out direto reconhecido pelo Ghidra | sem caller direto reconhecido; revisar callback/vtable/import	LOCATED	FLOW_SHEET	0	22	0	0
004A8910	FUN_004a8910	0	DOCUMENTED_FIRST;NO_DIRECT_CALLER_REVIEW	já citado em handoff/ficha; fechar a evidência existente | sem caller direto reconhecido; revisar callback/vtable/import	LOCATED	FLOW_SHEET	0	2	0	0
004A8CCF	FUN_004a8ccf	0	DOCUMENTED_FIRST	já citado em handoff/ficha; fechar a evidência existente	LOCATED	FLOW_SHEET	1	5	1	0
004A8E29	FUN_004a8e29	0	DOCUMENTED_FIRST	já citado em handoff/ficha; fechar a evidência existente	LOCATED	FLOW_SHEET	1	4	1	0
004A8F14	FUN_004a8f14	0	DOCUMENTED_FIRST;HIGH_FANOUT_DISPATCH_CANDIDATE;NO_DIRECT_CALLER_REVIEW;UI_INPUT_TEXT_HINT;LIFECYCLE_TEXT_HINT	já citado em handoff/ficha; fechar a evidência existente | alto fan-out direto reconhecido pelo Ghidra | sem caller direto reconhecido; revisar callback/vtable/import | pista textual: ime, messagebox | pista textual: scene	LOCATED	FLOW_SHEET	0	39	0	0
004AAD84	FUN_004aad84	0	DOCUMENTED_FIRST;NO_DIRECT_CALLER_REVIEW	já citado em handoff/ficha; fechar a evidência existente | sem caller direto reconhecido; revisar callback/vtable/import	LOCATED	FLOW_SHEET	0	2	0	0
004AAEDC	FUN_004aaedc	0	DOCUMENTED_FIRST;NO_DIRECT_CALLER_REVIEW	já citado em handoff/ficha; fechar a evidência existente | sem caller direto reconhecido; revisar callback/vtable/import	LOCATED	FLOW_SHEET	0	9	0	0
004AC985	FUN_004ac985	0	DOCUMENTED_FIRST;HIGH_FANOUT_DISPATCH_CANDIDATE;NO_DIRECT_CALLER_REVIEW	já citado em handoff/ficha; fechar a evidência existente | alto fan-out direto reconhecido pelo Ghidra | sem caller direto reconhecido; revisar callback/vtable/import	LOCATED	FLOW_SHEET	0	27	0	0
004AE5C0	FUN_004ae5c0	0	DOCUMENTED_FIRST;NO_DIRECT_CALLER_REVIEW	já citado em handoff/ficha; fechar a evidência existente | sem caller direto reconhecido; revisar callback/vtable/import	LOCATED	FLOW_SHEET	0	2	0	0
004AE862	FUN_004ae862	0	DOCUMENTED_FIRST;LIFECYCLE_TEXT_HINT	já citado em handoff/ficha; fechar a evidência existente | pista textual: create	LOCATED	FLOW_SHEET	1	2	1	0
004AEC3D	FUN_004aec3d	0	DOCUMENTED_FIRST	já citado em handoff/ficha; fechar a evidência existente	STATICALLY_EVIDENCED	PARITY_STATIC_EVIDENCE	1	7	1	0
004AF484	FUN_004af484	0	DOCUMENTED_FIRST	já citado em handoff/ficha; fechar a evidência existente	LOCATED	FLOW_SHEET	1	0	2	0
004AF4CC	FUN_004af4cc	0	DOCUMENTED_FIRST	já citado em handoff/ficha; fechar a evidência existente	LOCATED	FLOW_SHEET	1	0	2	0
004AF514	FUN_004af514	0	DOCUMENTED_FIRST	já citado em handoff/ficha; fechar a evidência existente	LOCATED	FLOW_SHEET	1	0	1	0
004AF545	FUN_004af545	0	DOCUMENTED_FIRST	já citado em handoff/ficha; fechar a evidência existente	LOCATED	FLOW_SHEET	1	0	1	0
004AF550	FUN_004af550	0	DOCUMENTED_FIRST;LIFECYCLE_TEXT_HINT	já citado em handoff/ficha; fechar a evidência existente | pista textual: release	LOCATED	FLOW_SHEET	1	3	1	0
004AF5F6	FUN_004af5f6	0	DOCUMENTED_FIRST;LIFECYCLE_TEXT_HINT	já citado em handoff/ficha; fechar a evidência existente | pista textual: release, free(	LOCATED	FLOW_SHEET	1	8	3	0
004AFAC0	FUN_004afac0	0	DOCUMENTED_FIRST	já citado em handoff/ficha; fechar a evidência existente	LOCATED	FLOW_SHEET	1	1	1	0
004AFBA0	FUN_004afba0	0	DOCUMENTED_FIRST	já citado em handoff/ficha; fechar a evidência existente	LOCATED	FLOW_SHEET	1	1	1	0
004AFFF7	FUN_004afff7	0	DOCUMENTED_FIRST;UI_INPUT_TEXT_HINT	já citado em handoff/ficha; fechar a evidência existente | pista textual: ime	LOCATED	FLOW_SHEET	1	1	1	0
004B16C0	FUN_004b16c0	0	DOCUMENTED_FIRST	já citado em handoff/ficha; fechar a evidência existente	LOCATED	FLOW_SHEET	2	0	2	0
004B1EA9	FUN_004b1ea9	0	DOCUMENTED_FIRST	já citado em handoff/ficha; fechar a evidência existente	LOCATED	FLOW_SHEET	1	9	1	0
004B2155	FUN_004b2155	0	DOCUMENTED_FIRST	já citado em handoff/ficha; fechar a evidência existente	LOCATED	FLOW_SHEET	1	0	1	0
004B21C9	FUN_004b21c9	0	DOCUMENTED_FIRST;NO_DIRECT_CALLER_REVIEW	já citado em handoff/ficha; fechar a evidência existente | sem caller direto reconhecido; revisar callback/vtable/import	LOCATED	FLOW_SHEET	0	0	0	0
004B21F0	FUN_004b21f0	0	DOCUMENTED_FIRST;NO_DIRECT_CALLER_REVIEW	já citado em handoff/ficha; fechar a evidência existente | sem caller direto reconhecido; revisar callback/vtable/import	LOCATED	FLOW_SHEET	0	0	0	0
004B263E	FUN_004b263e	0	DOCUMENTED_FIRST;NO_DIRECT_CALLER_REVIEW	já citado em handoff/ficha; fechar a evidência existente | sem caller direto reconhecido; revisar callback/vtable/import	LOCATED	FLOW_SHEET	0	1	0	0
004B27DA	FUN_004b27da	0	DOCUMENTED_FIRST;NO_DIRECT_CALLER_REVIEW	já citado em handoff/ficha; fechar a evidência existente | sem caller direto reconhecido; revisar callback/vtable/import	LOCATED	FLOW_SHEET	0	0	0	0
004B29B9	FUN_004b29b9	0	DOCUMENTED_FIRST;NO_DIRECT_CALLER_REVIEW	já citado em handoff/ficha; fechar a evidência existente | sem caller direto reconhecido; revisar callback/vtable/import	LOCATED	FLOW_SHEET	0	0	0	0
004B2D35	FUN_004b2d35	0	DOCUMENTED_FIRST;NO_DIRECT_CALLER_REVIEW	já citado em handoff/ficha; fechar a evidência existente | sem caller direto reconhecido; revisar callback/vtable/import	LOCATED	FLOW_SHEET	0	0	0	0
004B3500	FUN_004b3500	0	DOCUMENTED_FIRST;NO_DIRECT_CALLER_REVIEW;UI_INPUT_TEXT_HINT;LIFECYCLE_TEXT_HINT	já citado em handoff/ficha; fechar a evidência existente | sem caller direto reconhecido; revisar callback/vtable/import | pista textual: messagebox | pista textual: create, initialize, scene	LOCATED	FLOW_SHEET	0	9	0	0
004B37C9	FUN_004b37c9	0	DOCUMENTED_FIRST;NO_DIRECT_CALLER_REVIEW	já citado em handoff/ficha; fechar a evidência existente | sem caller direto reconhecido; revisar callback/vtable/import	LOCATED	FLOW_SHEET	0	0	0	0
004B3952	FUN_004b3952	0	DOCUMENTED_FIRST;NO_DIRECT_CALLER_REVIEW	já citado em handoff/ficha; fechar a evidência existente | sem caller direto reconhecido; revisar callback/vtable/import	LOCATED	FLOW_SHEET	0	0	0	0
004B3A20	FUN_004b3a20	0	DOCUMENTED_FIRST;NO_DIRECT_CALLER_REVIEW	já citado em handoff/ficha; fechar a evidência existente | sem caller direto reconhecido; revisar callback/vtable/import	LOCATED	FLOW_SHEET	0	2	0	0
004B428E	FUN_004b428e	0	DOCUMENTED_FIRST;LIFECYCLE_TEXT_HINT	já citado em handoff/ficha; fechar a evidência existente | pista textual: delete	LOCATED	FLOW_SHEET	1	9	1	0
004B7F0D	FUN_004b7f0d	0	DOCUMENTED_FIRST;UI_INPUT_TEXT_HINT	já citado em handoff/ficha; fechar a evidência existente | pista textual: ime	LOCATED	FLOW_SHEET	2	1	2	0
004BAC70	FUN_004bac70	0	DOCUMENTED_FIRST	já citado em handoff/ficha; fechar a evidência existente	LOCATED	FLOW_SHEET	1	1	1	0
004BACFF	FUN_004bacff	0	DOCUMENTED_FIRST	já citado em handoff/ficha; fechar a evidência existente	LOCATED	FLOW_SHEET	1	2	1	0
004BADA5	FUN_004bada5	0	DOCUMENTED_FIRST;NO_DIRECT_CALLER_REVIEW;UI_INPUT_TEXT_HINT	já citado em handoff/ficha; fechar a evidência existente | sem caller direto reconhecido; revisar callback/vtable/import | pista textual: ime	LOCATED	FLOW_SHEET	0	2	0	0
004BADDF	FUN_004baddf	0	DOCUMENTED_FIRST;NO_DIRECT_CALLER_REVIEW;UI_INPUT_TEXT_HINT	já citado em handoff/ficha; fechar a evidência existente | sem caller direto reconhecido; revisar callback/vtable/import | pista textual: ime	LOCATED	FLOW_SHEET	0	3	0	0
004BAE89	FUN_004bae89	0	DOCUMENTED_FIRST;NO_DIRECT_CALLER_REVIEW	já citado em handoff/ficha; fechar a evidência existente | sem caller direto reconhecido; revisar callback/vtable/import	LOCATED	FLOW_SHEET	0	0	0	0
004BAE9F	FUN_004bae9f	0	DOCUMENTED_FIRST;NO_DIRECT_CALLER_REVIEW	já citado em handoff/ficha; fechar a evidência existente | sem caller direto reconhecido; revisar callback/vtable/import	LOCATED	FLOW_SHEET	0	0	0	0
004BAEB0	FUN_004baeb0	0	DOCUMENTED_FIRST;NO_DIRECT_CALLER_REVIEW	já citado em handoff/ficha; fechar a evidência existente | sem caller direto reconhecido; revisar callback/vtable/import	LOCATED	FLOW_SHEET	0	2	0	0
004BAF10	FUN_004baf10	0	DOCUMENTED_FIRST	já citado em handoff/ficha; fechar a evidência existente	STATICALLY_EVIDENCED	PARITY_STATIC_EVIDENCE	3	4	3	0
004F7EA6	FUN_004f7ea6	0	DOCUMENTED_FIRST;HIGH_FANOUT_DISPATCH_CANDIDATE	já citado em handoff/ficha; fechar a evidência existente | alto fan-out direto reconhecido pelo Ghidra	STATICALLY_EVIDENCED	PARITY_STATIC_EVIDENCE	6	13	8	0
004FF400	FUN_004ff400	0	DOCUMENTED_FIRST;NO_DIRECT_CALLER_REVIEW	já citado em handoff/ficha; fechar a evidência existente | sem caller direto reconhecido; revisar callback/vtable/import	STATICALLY_EVIDENCED	PARITY_STATIC_EVIDENCE	0	5	0	0
00504A80	FUN_00504a80	0	DOCUMENTED_FIRST	já citado em handoff/ficha; fechar a evidência existente	STATICALLY_EVIDENCED	PARITY_STATIC_EVIDENCE	1	11	1	0
00506F9D	FUN_00506f9d	0	DOCUMENTED_FIRST;HIGH_FANOUT_DISPATCH_CANDIDATE;RENDER_ASSET_TEXT_HINT	já citado em handoff/ficha; fechar a evidência existente | alto fan-out direto reconhecido pelo Ghidra | pista textual: d3d	STATICALLY_EVIDENCED	PARITY_STATIC_EVIDENCE	1	49	1	0
0051A939	FUN_0051a939	0	DOCUMENTED_FIRST;HIGH_FANOUT_DISPATCH_CANDIDATE	já citado em handoff/ficha; fechar a evidência existente | alto fan-out direto reconhecido pelo Ghidra	STATICALLY_EVIDENCED	PARITY_STATIC_EVIDENCE	2	12	2	0
00520216	FUN_00520216	0	DOCUMENTED_FIRST	já citado em handoff/ficha; fechar a evidência existente	STATICALLY_EVIDENCED	PARITY_STATIC_EVIDENCE	7	10	9	0
0052B72A	FUN_0052b72a	0	DOCUMENTED_FIRST	já citado em handoff/ficha; fechar a evidência existente	STATICALLY_EVIDENCED	PARITY_STATIC_EVIDENCE	1	5	1	0
0052D2C8	FUN_0052d2c8	0	DOCUMENTED_FIRST;UI_INPUT_TEXT_HINT	já citado em handoff/ficha; fechar a evidência existente | pista textual: ime	STATICALLY_EVIDENCED	PARITY_STATIC_EVIDENCE	1	6	1	0
00541065	FUN_00541065	0	DOCUMENTED_FIRST;HIGH_FANOUT_DISPATCH_CANDIDATE;TRANSPORT_TEXT_HINT;UI_INPUT_TEXT_HINT	já citado em handoff/ficha; fechar a evidência existente | alto fan-out direto reconhecido pelo Ghidra | pista textual: checksum | pista textual: messagebox	LOCATED	FLOW_SHEET	6	40	6	0
0054A9E0	FUN_0054a9e0	0	DOCUMENTED_FIRST	já citado em handoff/ficha; fechar a evidência existente	LOCATED	FLOW_SHEET	17	0	23	0
0054AA45	FUN_0054aa45	0	DOCUMENTED_FIRST	já citado em handoff/ficha; fechar a evidência existente	LOCATED	FLOW_SHEET	34	0	34	0
0054AC09	FUN_0054ac09	0	DOCUMENTED_FIRST	já citado em handoff/ficha; fechar a evidência existente	LOCATED	FLOW_SHEET	122	0	573	0
0054AE10	FUN_0054ae10	0	DOCUMENTED_FIRST;NO_DIRECT_CALLER_REVIEW	já citado em handoff/ficha; fechar a evidência existente | sem caller direto reconhecido; revisar callback/vtable/import	LOCATED	FLOW_SHEET	0	2	0	0
0054CD07	FUN_0054cd07	0	DOCUMENTED_FIRST	já citado em handoff/ficha; fechar a evidência existente	LOCATED	FLOW_SHEET	67	1	200	0
0054E93B	FUN_0054e93b	0	DOCUMENTED_FIRST	já citado em handoff/ficha; fechar a evidência existente	LOCATED	FLOW_SHEET	14	0	16	0
0054E9AB	FUN_0054e9ab	0	DOCUMENTED_FIRST	já citado em handoff/ficha; fechar a evidência existente	LOCATED	FLOW_SHEET	12	0	12	0
0055890A	FUN_0055890a	0	DOCUMENTED_FIRST;NO_DIRECT_CALLER_REVIEW	já citado em handoff/ficha; fechar a evidência existente | sem caller direto reconhecido; revisar callback/vtable/import	LOCATED	FLOW_SHEET	0	2	0	0
0055B18F	FUN_0055b18f	0	DOCUMENTED_FIRST	já citado em handoff/ficha; fechar a evidência existente	LOCATED	FLOW_SHEET	1	5	1	0
0055B26F	FUN_0055b26f	0	DOCUMENTED_FIRST	já citado em handoff/ficha; fechar a evidência existente	LOCATED	FLOW_SHEET	1	1	1	0
0055BC0A	FUN_0055bc0a	0	DOCUMENTED_FIRST;HIGH_FANOUT_DISPATCH_CANDIDATE;NO_DIRECT_CALLER_REVIEW;UI_INPUT_TEXT_HINT;LIFECYCLE_TEXT_HINT	já citado em handoff/ficha; fechar a evidência existente | alto fan-out direto reconhecido pelo Ghidra | sem caller direto reconhecido; revisar callback/vtable/import | pista textual: window, messagebox, focus | pista textual: create, initialize	LOCATED	FLOW_SHEET	0	35	0	0
0055CA18	FUN_0055ca18	0	DOCUMENTED_FIRST;HIGH_FANOUT_DISPATCH_CANDIDATE;TRANSPORT_TEXT_HINT;UI_INPUT_TEXT_HINT;RENDER_ASSET_TEXT_HINT;LIFECYCLE_TEXT_HINT	já citado em handoff/ficha; fechar a evidência existente | alto fan-out direto reconhecido pelo Ghidra | pista textual: socket | pista textual: ime, messagebox | pista textual: render | pista textual: initialize	LOCATED	FLOW_SHEET	2	21	4	0
0055D066	FUN_0055d066	0	DOCUMENTED_FIRST;NO_DIRECT_CALLER_REVIEW;LIFECYCLE_TEXT_HINT	já citado em handoff/ficha; fechar a evidência existente | sem caller direto reconhecido; revisar callback/vtable/import | pista textual: delete	LOCATED	FLOW_SHEET	0	6	0	0
0055D345	FUN_0055d345	0	DOCUMENTED_FIRST;HIGH_FANOUT_DISPATCH_CANDIDATE;NO_DIRECT_CALLER_REVIEW;UI_INPUT_TEXT_HINT;LIFECYCLE_TEXT_HINT	já citado em handoff/ficha; fechar a evidência existente | alto fan-out direto reconhecido pelo Ghidra | sem caller direto reconhecido; revisar callback/vtable/import | pista textual: window, messagebox | pista textual: destroy	LOCATED	FLOW_SHEET	0	15	0	0
0055D6E6	FUN_0055d6e6	0	DOCUMENTED_FIRST;NO_DIRECT_CALLER_REVIEW	já citado em handoff/ficha; fechar a evidência existente | sem caller direto reconhecido; revisar callback/vtable/import	LOCATED	FLOW_SHEET	0	5	0	0
0055DAB8	FUN_0055dab8	0	DOCUMENTED_FIRST;HIGH_FANOUT_DISPATCH_CANDIDATE;TRANSPORT_TEXT_HINT;UI_INPUT_TEXT_HINT;LIFECYCLE_TEXT_HINT	já citado em handoff/ficha; fechar a evidência existente | alto fan-out direto reconhecido pelo Ghidra | pista textual: wsa | pista textual: ime, window, focus | pista textual: create, destroy, delete	LOCATED	FLOW_SHEET	1	38	1	0
0055EDF7	FUN_0055edf7	0	DOCUMENTED_FIRST;NO_DIRECT_CALLER_REVIEW	já citado em handoff/ficha; fechar a evidência existente | sem caller direto reconhecido; revisar callback/vtable/import	LOCATED	FLOW_SHEET	0	0	0	0
0055EE1E	FUN_0055ee1e	0	DOCUMENTED_FIRST;NO_DIRECT_CALLER_REVIEW	já citado em handoff/ficha; fechar a evidência existente | sem caller direto reconhecido; revisar callback/vtable/import	LOCATED	FLOW_SHEET	0	0	0	0
0055EE45	FUN_0055ee45	0	DOCUMENTED_FIRST;NO_DIRECT_CALLER_REVIEW	já citado em handoff/ficha; fechar a evidência existente | sem caller direto reconhecido; revisar callback/vtable/import	LOCATED	FLOW_SHEET	0	0	0	0
0055EE59	FUN_0055ee59	0	DOCUMENTED_FIRST;UI_INPUT_TEXT_HINT	já citado em handoff/ficha; fechar a evidência existente | pista textual: window, focus	LOCATED	FLOW_SHEET	6	9	8	0
0055F2DD	FUN_0055f2dd	0	DOCUMENTED_FIRST	já citado em handoff/ficha; fechar a evidência existente	LOCATED	FLOW_SHEET	59	2	152	0
0055F3E0	FUN_0055f3e0	0	DOCUMENTED_FIRST;NO_DIRECT_CALLER_REVIEW	já citado em handoff/ficha; fechar a evidência existente | sem caller direto reconhecido; revisar callback/vtable/import	LOCATED	FLOW_SHEET	0	2	0	0
0055F410	FUN_0055f410	0	DOCUMENTED_FIRST	já citado em handoff/ficha; fechar a evidência existente	LOCATED	FLOW_SHEET	2	2	2	0
0055F440	FUN_0055f440	0	DOCUMENTED_FIRST	já citado em handoff/ficha; fechar a evidência existente	LOCATED	FLOW_SHEET	1	2	1	0
0055F7F9	FUN_0055f7f9	0	DOCUMENTED_FIRST;HIGH_FANOUT_DISPATCH_CANDIDATE;UI_INPUT_TEXT_HINT;LIFECYCLE_TEXT_HINT	já citado em handoff/ficha; fechar a evidência existente | alto fan-out direto reconhecido pelo Ghidra | pista textual: window, messagebox | pista textual: initialize	LOCATED	FLOW_SHEET	1	20	1	0
0055FA89	FUN_0055fa89	0	DOCUMENTED_FIRST;NO_DIRECT_CALLER_REVIEW	já citado em handoff/ficha; fechar a evidência existente | sem caller direto reconhecido; revisar callback/vtable/import	LOCATED	FLOW_SHEET	0	1	0	0
0055FBB9	FUN_0055fbb9	0	DOCUMENTED_FIRST	já citado em handoff/ficha; fechar a evidência existente	LOCATED	FLOW_SHEET	2	2	2	0
0055FE5B	FUN_0055fe5b	0	DOCUMENTED_FIRST	já citado em handoff/ficha; fechar a evidência existente	LOCATED	FLOW_SHEET	1	1	1	0
0058EA3A	FUN_0058ea3a	0	DOCUMENTED_FIRST	já citado em handoff/ficha; fechar a evidência existente	LOCATED	FLOW_SHEET	1144	1	1201	0
0058F078	FUN_0058f078	0	DOCUMENTED_FIRST	já citado em handoff/ficha; fechar a evidência existente	LOCATED	FLOW_SHEET	167	2	757	0
0058F75F	FUN_0058f75f	0	DOCUMENTED_FIRST	já citado em handoff/ficha; fechar a evidência existente	LOCATED	FLOW_SHEET	15	5	22	0
0058FB07	FUN_0058fb07	0	DOCUMENTED_FIRST	já citado em handoff/ficha; fechar a evidência existente	LOCATED	FLOW_SHEET	13	1	15	0
00594029	FUN_00594029	0	DOCUMENTED_FIRST;HIGH_FANOUT_DISPATCH_CANDIDATE	já citado em handoff/ficha; fechar a evidência existente | alto fan-out direto reconhecido pelo Ghidra	LOCATED	FLOW_SHEET	5	13	5	0
0059569E	FUN_0059569e	0	DOCUMENTED_FIRST	já citado em handoff/ficha; fechar a evidência existente	LOCATED	FLOW_SHEET	1	1	1	0
0059DFE0	FUN_0059dfe0	0	DOCUMENTED_FIRST;UI_INPUT_TEXT_HINT;LIFECYCLE_TEXT_HINT	já citado em handoff/ficha; fechar a evidência existente | pista textual: window | pista textual: free(	LOCATED	FLOW_SHEET	5	2	5	0
00418828	FUN_00418828	2	HIGH_FANOUT_DISPATCH_CANDIDATE;RENDER_ASSET_TEXT_HINT	alto fan-out direto reconhecido pelo Ghidra | pista textual: d3d	UNMAPPED	CORPUS_ONLY	1	28	1	0
00423E09	FUN_00423e09	2	NO_DIRECT_CALLER_REVIEW;TRANSPORT_TEXT_HINT;UI_INPUT_TEXT_HINT;LIFECYCLE_TEXT_HINT	sem caller direto reconhecido; revisar callback/vtable/import | pista textual: socket, wsa | pista textual: messagebox | pista textual: initialize	UNMAPPED	CORPUS_ONLY	0	8	0	0
00424146	FUN_00424146	2	NO_DIRECT_CALLER_REVIEW;TRANSPORT_TEXT_HINT;LIFECYCLE_TEXT_HINT	sem caller direto reconhecido; revisar callback/vtable/import | pista textual: socket, send(, wsa | pista textual: initialize	UNMAPPED	CORPUS_ONLY	0	11	0	0
00424337	FUN_00424337	2	NO_DIRECT_CALLER_REVIEW;TRANSPORT_TEXT_HINT;UI_INPUT_TEXT_HINT	sem caller direto reconhecido; revisar callback/vtable/import | pista textual: socket, wsa | pista textual: messagebox	UNMAPPED	CORPUS_ONLY	0	10	0	0
0042553B	FUN_0042553b	2	NO_DIRECT_CALLER_REVIEW;TRANSPORT_TEXT_HINT;UI_INPUT_TEXT_HINT	sem caller direto reconhecido; revisar callback/vtable/import | pista textual: socket, wsa | pista textual: messagebox	UNMAPPED	CORPUS_ONLY	0	10	0	0
00425B1B	FUN_00425b1b	2	UI_INPUT_TEXT_HINT;RENDER_ASSET_TEXT_HINT;LIFECYCLE_TEXT_HINT	pista textual: window | pista textual: direct3d | pista textual: create	UNMAPPED	CORPUS_ONLY	1	7	1	0
00425D36	FUN_00425d36	2	UI_INPUT_TEXT_HINT;RENDER_ASSET_TEXT_HINT;LIFECYCLE_TEXT_HINT	pista textual: messagebox | pista textual: direct3d, d3d | pista textual: initialize	UNMAPPED	CORPUS_ONLY	4	4	11	0
00427048	FUN_00427048	2	LIFECYCLE_TEXT_HINT	pista textual: create, delete	UNMAPPED	CORPUS_ONLY	1	4	1	0
00427119	FUN_00427119	2	HIGH_FANOUT_DISPATCH_CANDIDATE;UI_INPUT_TEXT_HINT;LIFECYCLE_TEXT_HINT	alto fan-out direto reconhecido pelo Ghidra | pista textual: window, messagebox | pista textual: create, delete	UNMAPPED	CORPUS_ONLY	3	16	3	0
00427D04	FUN_00427d04	2	NO_DIRECT_CALLER_REVIEW;UI_INPUT_TEXT_HINT	sem caller direto reconhecido; revisar callback/vtable/import | pista textual: window	UNMAPPED	CORPUS_ONLY	0	4	0	0
00428172	FUN_00428172	2	UI_INPUT_TEXT_HINT	pista textual: window	UNMAPPED	CORPUS_ONLY	1	1	1	0
00428200	FUN_00428200	2	LIFECYCLE_TEXT_HINT	pista textual: create, initialize	UNMAPPED	CORPUS_ONLY	1	3	1	0
00428344	FUN_00428344	2	LIFECYCLE_TEXT_HINT	pista textual: initialize	UNMAPPED	CORPUS_ONLY	2	2	2	0
0042855D	FUN_0042855d	2	NO_DIRECT_CALLER_REVIEW;LIFECYCLE_TEXT_HINT	sem caller direto reconhecido; revisar callback/vtable/import | pista textual: initialize	UNMAPPED	CORPUS_ONLY	0	4	0	0
004288A8	FUN_004288a8	2	LIFECYCLE_TEXT_HINT	pista textual: delete	UNMAPPED	CORPUS_ONLY	2	2	2	0
0042896F	FUN_0042896f	2	NO_DIRECT_CALLER_REVIEW;UI_INPUT_TEXT_HINT;LIFECYCLE_TEXT_HINT	sem caller direto reconhecido; revisar callback/vtable/import | pista textual: window | pista textual: create	UNMAPPED	CORPUS_ONLY	0	3	0	0
0042978D	FUN_0042978d	2	HIGH_FANOUT_DISPATCH_CANDIDATE;LIFECYCLE_TEXT_HINT	alto fan-out direto reconhecido pelo Ghidra | pista textual: create	UNMAPPED	CORPUS_ONLY	1	13	1	0
0042B510	FUN_0042b510	2	HIGH_FANOUT_DISPATCH_CANDIDATE;LIFECYCLE_TEXT_HINT	alto fan-out direto reconhecido pelo Ghidra | pista textual: close(	UNMAPPED	CORPUS_ONLY	2	13	2	0
0042B9E9	FUN_0042b9e9	2	LIFECYCLE_TEXT_HINT	pista textual: create	UNMAPPED	CORPUS_ONLY	4	4	6	0
0042BCB3	FUN_0042bcb3	2	LIFECYCLE_TEXT_HINT	pista textual: close(	UNMAPPED	CORPUS_ONLY	1	6	1	0
0042BE46	FUN_0042be46	2	LIFECYCLE_TEXT_HINT	pista textual: create	UNMAPPED	CORPUS_ONLY	1	3	1	0
0042C51B	FUN_0042c51b	2	RENDER_ASSET_TEXT_HINT;LIFECYCLE_TEXT_HINT	pista textual: mesh | pista textual: initialize	UNMAPPED	CORPUS_ONLY	1	4	1	0
0042C600	FUN_0042c600	2	HIGH_FANOUT_DISPATCH_CANDIDATE;NO_DIRECT_CALLER_REVIEW;RENDER_ASSET_TEXT_HINT;LIFECYCLE_TEXT_HINT	alto fan-out direto reconhecido pelo Ghidra | sem caller direto reconhecido; revisar callback/vtable/import | pista textual: texture | pista textual: release, initialize	UNMAPPED	CORPUS_ONLY	0	14	0	0
0042CAB5	FUN_0042cab5	2	LIFECYCLE_TEXT_HINT	pista textual: release	UNMAPPED	CORPUS_ONLY	1	7	1	0
0042CED1	FUN_0042ced1	2	HIGH_FANOUT_DISPATCH_CANDIDATE;LIFECYCLE_TEXT_HINT	alto fan-out direto reconhecido pelo Ghidra | pista textual: create	UNMAPPED	CORPUS_ONLY	2	12	2	0
0042D600	FUN_0042d600	2	LIFECYCLE_TEXT_HINT	pista textual: delete	UNMAPPED	CORPUS_ONLY	1	2	1	0
0042D8C6	FUN_0042d8c6	2	NO_DIRECT_CALLER_REVIEW;UI_INPUT_TEXT_HINT	sem caller direto reconhecido; revisar callback/vtable/import | pista textual: ime	UNMAPPED	CORPUS_ONLY	0	5	0	0
0042F2E7	FUN_0042f2e7	2	UI_INPUT_TEXT_HINT	pista textual: ime	UNMAPPED	CORPUS_ONLY	1	8	1	0
004313C5	FUN_004313c5	2	LIFECYCLE_TEXT_HINT	pista textual: create	UNMAPPED	CORPUS_ONLY	1	3	1	0
0043381A	FUN_0043381a	2	UI_INPUT_TEXT_HINT	pista textual: ime	UNMAPPED	CORPUS_ONLY	1	4	1	0
00433EF1	FUN_00433ef1	2	HIGH_FANOUT_DISPATCH_CANDIDATE;NO_DIRECT_CALLER_REVIEW;UI_INPUT_TEXT_HINT	alto fan-out direto reconhecido pelo Ghidra | sem caller direto reconhecido; revisar callback/vtable/import | pista textual: ime	UNMAPPED	CORPUS_ONLY	0	12	0	0
00465E42	FUN_00465e42	2	UI_INPUT_TEXT_HINT	pista textual: ime	UNMAPPED	CORPUS_ONLY	2	1	3	0
00465E9A	FUN_00465e9a	2	UI_INPUT_TEXT_HINT	pista textual: ime	UNMAPPED	CORPUS_ONLY	1	3	1	0
0047E9B6	FUN_0047e9b6	2	HIGH_FANOUT_DISPATCH_CANDIDATE;UI_INPUT_TEXT_HINT;LIFECYCLE_TEXT_HINT	alto fan-out direto reconhecido pelo Ghidra | pista textual: window | pista textual: logout	UNMAPPED	CORPUS_ONLY	1	17	1	0
00481FF3	FUN_00481ff3	2	UI_INPUT_TEXT_HINT	pista textual: ime	UNMAPPED	CORPUS_ONLY	1	5	1	0
00489A3E	FUN_00489a3e	2	HIGH_FANOUT_DISPATCH_CANDIDATE;UI_INPUT_TEXT_HINT;RENDER_ASSET_TEXT_HINT	alto fan-out direto reconhecido pelo Ghidra | pista textual: control | pista textual: d3d	UNMAPPED	CORPUS_ONLY	1	59	1	0
00494DF1	FUN_00494df1	2	NO_DIRECT_CALLER_REVIEW;UI_INPUT_TEXT_HINT	sem caller direto reconhecido; revisar callback/vtable/import | pista textual: focus	UNMAPPED	CORPUS_ONLY	0	1	0	0
00494FA4	FUN_00494fa4	2	HIGH_FANOUT_DISPATCH_CANDIDATE;NO_DIRECT_CALLER_REVIEW;LIFECYCLE_TEXT_HINT	alto fan-out direto reconhecido pelo Ghidra | sem caller direto reconhecido; revisar callback/vtable/import | pista textual: create, scene	UNMAPPED	CORPUS_ONLY	0	18	0	0
004A89A0	FUN_004a89a0	2	LIFECYCLE_TEXT_HINT	pista textual: delete	UNMAPPED	CORPUS_ONLY	2	5	2	0
004AE776	FUN_004ae776	2	UI_INPUT_TEXT_HINT;LIFECYCLE_TEXT_HINT	pista textual: ime, window | pista textual: create, release	UNMAPPED	CORPUS_ONLY	1	8	1	0
004AE9C2	FUN_004ae9c2	2	UI_INPUT_TEXT_HINT;LIFECYCLE_TEXT_HINT	pista textual: window | pista textual: destroy, free(	UNMAPPED	CORPUS_ONLY	1	4	1	0
004AEA2C	FUN_004aea2c	2	LIFECYCLE_TEXT_HINT	pista textual: release	UNMAPPED	CORPUS_ONLY	3	3	3	0
004AEA8A	FUN_004aea8a	2	LIFECYCLE_TEXT_HINT	pista textual: release	UNMAPPED	CORPUS_ONLY	3	4	3	0
004AEAEB	FUN_004aeaeb	2	LIFECYCLE_TEXT_HINT	pista textual: release	UNMAPPED	CORPUS_ONLY	4	4	4	0
004AEB4C	FUN_004aeb4c	2	NO_DIRECT_CALLER_REVIEW;LIFECYCLE_TEXT_HINT	sem caller direto reconhecido; revisar callback/vtable/import | pista textual: release	UNMAPPED	CORPUS_ONLY	0	3	0	0
004AEB8D	FUN_004aeb8d	2	NO_DIRECT_CALLER_REVIEW;LIFECYCLE_TEXT_HINT	sem caller direto reconhecido; revisar callback/vtable/import | pista textual: release	UNMAPPED	CORPUS_ONLY	0	3	0	0
004AFBC6	FUN_004afbc6	2	RENDER_ASSET_TEXT_HINT;LIFECYCLE_TEXT_HINT	pista textual: mesh | pista textual: initialize	UNMAPPED	CORPUS_ONLY	1	6	1	0
004AFCA2	FUN_004afca2	2	TRANSPORT_TEXT_HINT;UI_INPUT_TEXT_HINT	pista textual: checksum | pista textual: messagebox	UNMAPPED	CORPUS_ONLY	1	5	1	0
004B00E4	FUN_004b00e4	2	HIGH_FANOUT_DISPATCH_CANDIDATE;NO_DIRECT_CALLER_REVIEW;RENDER_ASSET_TEXT_HINT	alto fan-out direto reconhecido pelo Ghidra | sem caller direto reconhecido; revisar callback/vtable/import | pista textual: mesh	UNMAPPED	CORPUS_ONLY	0	12	0	0
004B14FD	FUN_004b14fd	2	UI_INPUT_TEXT_HINT	pista textual: ime	UNMAPPED	CORPUS_ONLY	49	2	84	0
004B3962	FUN_004b3962	2	UI_INPUT_TEXT_HINT	pista textual: messagebox	UNMAPPED	CORPUS_ONLY	2	3	2	0
004B3F12	FUN_004b3f12	2	LIFECYCLE_TEXT_HINT	pista textual: initialize	UNMAPPED	CORPUS_ONLY	2	6	2	0
004B4692	FUN_004b4692	2	UI_INPUT_TEXT_HINT	pista textual: control	UNMAPPED	CORPUS_ONLY	1	0	1	0
004B4AEA	FUN_004b4aea	2	HIGH_FANOUT_DISPATCH_CANDIDATE;LIFECYCLE_TEXT_HINT	alto fan-out direto reconhecido pelo Ghidra | pista textual: initialize	UNMAPPED	CORPUS_ONLY	1	33	1	0
004B5B5B	FUN_004b5b5b	2	UI_INPUT_TEXT_HINT	pista textual: ime	UNMAPPED	CORPUS_ONLY	1	3	1	0
004B5D16	FUN_004b5d16	2	LIFECYCLE_TEXT_HINT	pista textual: create	UNMAPPED	CORPUS_ONLY	1	9	1	0
004B63E0	length	2	LIFECYCLE_TEXT_HINT	pista textual: release	UNMAPPED	CORPUS_ONLY	2	1	2	0
004B6ED0	FUN_004b6ed0	2	LIFECYCLE_TEXT_HINT	pista textual: destroy	UNMAPPED	CORPUS_ONLY	1	8	1	0
004B7500	_Destroy_range<>	2	LIFECYCLE_TEXT_HINT	pista textual: destroy, release	UNMAPPED	CORPUS_ONLY	1	1	2	0
004B7BE5	FUN_004b7be5	2	RENDER_ASSET_TEXT_HINT	pista textual: texture	UNMAPPED	CORPUS_ONLY	1	7	1	0
004B827F	FUN_004b827f	2	RENDER_ASSET_TEXT_HINT	pista textual: texture	UNMAPPED	CORPUS_ONLY	1	6	1	0
004B87BE	FUN_004b87be	2	UI_INPUT_TEXT_HINT	pista textual: ime	UNMAPPED	CORPUS_ONLY	2	2	3	0
004B8928	FUN_004b8928	2	RENDER_ASSET_TEXT_HINT	pista textual: texture	UNMAPPED	CORPUS_ONLY	1	7	1	0
004B8C72	FUN_004b8c72	2	RENDER_ASSET_TEXT_HINT	pista textual: texture	UNMAPPED	CORPUS_ONLY	1	6	1	0
004B925C	FUN_004b925c	2	UI_INPUT_TEXT_HINT	pista textual: ime	UNMAPPED	CORPUS_ONLY	24	2	50	0
004B93C4	FUN_004b93c4	2	RENDER_ASSET_TEXT_HINT	pista textual: texture, mesh	UNMAPPED	CORPUS_ONLY	1	6	1	0
004B9A4B	FUN_004b9a4b	2	UI_INPUT_TEXT_HINT	pista textual: ime	UNMAPPED	CORPUS_ONLY	7	2	13	0
004B9ACF	FUN_004b9acf	2	NO_DIRECT_CALLER_REVIEW;UI_INPUT_TEXT_HINT	sem caller direto reconhecido; revisar callback/vtable/import | pista textual: ime	UNMAPPED	CORPUS_ONLY	0	3	0	0
004B9CE5	FUN_004b9ce5	2	RENDER_ASSET_TEXT_HINT	pista textual: texture	UNMAPPED	CORPUS_ONLY	1	6	1	0
004BA2CF	FUN_004ba2cf	2	UI_INPUT_TEXT_HINT	pista textual: ime	UNMAPPED	CORPUS_ONLY	1	2	5	0
004BA9FC	FUN_004ba9fc	2	NO_DIRECT_CALLER_REVIEW;UI_INPUT_TEXT_HINT	sem caller direto reconhecido; revisar callback/vtable/import | pista textual: ime	UNMAPPED	CORPUS_ONLY	0	1	0	0
004BAEE0	FUN_004baee0	2	UI_INPUT_TEXT_HINT	pista textual: ime	UNMAPPED	CORPUS_ONLY	1	1	1	0
004BBCB5	FUN_004bbcb5	2	NO_DIRECT_CALLER_REVIEW;UI_INPUT_TEXT_HINT	sem caller direto reconhecido; revisar callback/vtable/import | pista textual: ime	UNMAPPED	CORPUS_ONLY	0	8	0	0
004BC7C7	FUN_004bc7c7	2	RENDER_ASSET_TEXT_HINT	pista textual: mesh	UNMAPPED	CORPUS_ONLY	1	11	1	0
004BE7B1	FUN_004be7b1	2	RENDER_ASSET_TEXT_HINT	pista textual: mesh	UNMAPPED	CORPUS_ONLY	18	5	23	0
004BEAD1	FUN_004bead1	2	RENDER_ASSET_TEXT_HINT	pista textual: mesh	UNMAPPED	CORPUS_ONLY	3	4	5	0
004BF8C5	FUN_004bf8c5	2	RENDER_ASSET_TEXT_HINT	pista textual: mesh	UNMAPPED	CORPUS_ONLY	1	3	1	0
004C3EEC	FUN_004c3eec	2	HIGH_FANOUT_DISPATCH_CANDIDATE;NO_DIRECT_CALLER_REVIEW;UI_INPUT_TEXT_HINT	alto fan-out direto reconhecido pelo Ghidra | sem caller direto reconhecido; revisar callback/vtable/import | pista textual: ime	UNMAPPED	CORPUS_ONLY	0	12	0	0
004D3D20	FUN_004d3d20	2	RENDER_ASSET_TEXT_HINT	pista textual: d3d	UNMAPPED	CORPUS_ONLY	3	7	3	0
004FAF92	FUN_004faf92	2	NO_DIRECT_CALLER_REVIEW;RENDER_ASSET_TEXT_HINT	sem caller direto reconhecido; revisar callback/vtable/import | pista textual: d3d	UNMAPPED	CORPUS_ONLY	0	3	0	0
004FB22E	FUN_004fb22e	2	RENDER_ASSET_TEXT_HINT	pista textual: d3d	UNMAPPED	CORPUS_ONLY	1	1	1	0
004FB34A	FUN_004fb34a	2	HIGH_FANOUT_DISPATCH_CANDIDATE;RENDER_ASSET_TEXT_HINT	alto fan-out direto reconhecido pelo Ghidra | pista textual: d3d	UNMAPPED	CORPUS_ONLY	1	19	1	0
0051253C	FUN_0051253c	2	RENDER_ASSET_TEXT_HINT	pista textual: d3d	UNMAPPED	CORPUS_ONLY	1	9	1	0
00512922	FUN_00512922	2	HIGH_FANOUT_DISPATCH_CANDIDATE;NO_DIRECT_CALLER_REVIEW;UI_INPUT_TEXT_HINT	alto fan-out direto reconhecido pelo Ghidra | sem caller direto reconhecido; revisar callback/vtable/import | pista textual: ime	UNMAPPED	CORPUS_ONLY	0	41	0	0
0051BB41	FUN_0051bb41	2	RENDER_ASSET_TEXT_HINT	pista textual: mesh	UNMAPPED	CORPUS_ONLY	9	6	12	0
0052EAA9	FUN_0052eaa9	2	HIGH_FANOUT_DISPATCH_CANDIDATE;NO_DIRECT_CALLER_REVIEW;TRANSPORT_TEXT_HINT	alto fan-out direto reconhecido pelo Ghidra | sem caller direto reconhecido; revisar callback/vtable/import | pista textual: msg_	UNMAPPED	CORPUS_ONLY	0	24	0	0
00532390	FUN_00532390	2	HIGH_FANOUT_DISPATCH_CANDIDATE;UI_INPUT_TEXT_HINT	alto fan-out direto reconhecido pelo Ghidra | pista textual: messagebox	UNMAPPED	CORPUS_ONLY	6	13	6	0
00533DD7	FUN_00533dd7	2	HIGH_FANOUT_DISPATCH_CANDIDATE;TRANSPORT_TEXT_HINT	alto fan-out direto reconhecido pelo Ghidra | pista textual: checksum	UNMAPPED	CORPUS_ONLY	6	12	6	0
00545963	FUN_00545963	2	NO_DIRECT_CALLER_REVIEW;LIFECYCLE_TEXT_HINT	sem caller direto reconhecido; revisar callback/vtable/import | pista textual: create	UNMAPPED	CORPUS_ONLY	0	3	0	0
0054F692	FUN_0054f692	2	NO_DIRECT_CALLER_REVIEW;TRANSPORT_TEXT_HINT	sem caller direto reconhecido; revisar callback/vtable/import | pista textual: checksum	UNMAPPED	CORPUS_ONLY	0	6	0	0
0054F7B6	FUN_0054f7b6	2	TRANSPORT_TEXT_HINT;UI_INPUT_TEXT_HINT	pista textual: checksum | pista textual: messagebox	UNMAPPED	CORPUS_ONLY	1	7	2	0
0054F946	FUN_0054f946	2	UI_INPUT_TEXT_HINT	pista textual: messagebox	UNMAPPED	CORPUS_ONLY	1	5	1	0
0054FA27	FUN_0054fa27	2	UI_INPUT_TEXT_HINT	pista textual: messagebox	UNMAPPED	CORPUS_ONLY	1	8	1	0
0055474F	FUN_0055474f	2	NO_DIRECT_CALLER_REVIEW;UI_INPUT_TEXT_HINT	sem caller direto reconhecido; revisar callback/vtable/import | pista textual: messagebox	UNMAPPED	CORPUS_ONLY	0	5	0	0
005547E4	FUN_005547e4	2	HIGH_FANOUT_DISPATCH_CANDIDATE;UI_INPUT_TEXT_HINT	alto fan-out direto reconhecido pelo Ghidra | pista textual: messagebox	UNMAPPED	CORPUS_ONLY	1	13	2	0
00554F2E	FUN_00554f2e	2	UI_INPUT_TEXT_HINT	pista textual: messagebox	UNMAPPED	CORPUS_ONLY	1	10	1	0
00556CC7	FUN_00556cc7	2	NO_DIRECT_CALLER_REVIEW;UI_INPUT_TEXT_HINT	sem caller direto reconhecido; revisar callback/vtable/import | pista textual: messagebox	UNMAPPED	CORPUS_ONLY	0	4	0	0
00556D9B	FUN_00556d9b	2	UI_INPUT_TEXT_HINT	pista textual: messagebox	UNMAPPED	CORPUS_ONLY	1	9	1	0
00556FA8	FUN_00556fa8	2	NO_DIRECT_CALLER_REVIEW;UI_INPUT_TEXT_HINT	sem caller direto reconhecido; revisar callback/vtable/import | pista textual: messagebox	UNMAPPED	CORPUS_ONLY	0	5	0	0
005571BD	FUN_005571bd	2	NO_DIRECT_CALLER_REVIEW;UI_INPUT_TEXT_HINT	sem caller direto reconhecido; revisar callback/vtable/import | pista textual: messagebox	UNMAPPED	CORPUS_ONLY	0	6	0	0
00557593	FUN_00557593	2	UI_INPUT_TEXT_HINT	pista textual: messagebox	UNMAPPED	CORPUS_ONLY	1	10	2	0
00557943	FUN_00557943	2	UI_INPUT_TEXT_HINT	pista textual: messagebox	UNMAPPED	CORPUS_ONLY	1	6	1	0
005584DF	FUN_005584df	2	NO_DIRECT_CALLER_REVIEW;UI_INPUT_TEXT_HINT	sem caller direto reconhecido; revisar callback/vtable/import | pista textual: messagebox	UNMAPPED	CORPUS_ONLY	0	6	0	0
005586B5	FUN_005586b5	2	NO_DIRECT_CALLER_REVIEW;UI_INPUT_TEXT_HINT	sem caller direto reconhecido; revisar callback/vtable/import | pista textual: messagebox	UNMAPPED	CORPUS_ONLY	0	6	0	0
0055AF20	FUN_0055af20	2	LIFECYCLE_TEXT_HINT	pista textual: delete	UNMAPPED	CORPUS_ONLY	1	10	1	0
0055B59D	FUN_0055b59d	2	NO_DIRECT_CALLER_REVIEW;RENDER_ASSET_TEXT_HINT	sem caller direto reconhecido; revisar callback/vtable/import | pista textual: texture, mesh	UNMAPPED	CORPUS_ONLY	0	6	0	0
0055B747	FUN_0055b747	2	NO_DIRECT_CALLER_REVIEW;RENDER_ASSET_TEXT_HINT	sem caller direto reconhecido; revisar callback/vtable/import | pista textual: mesh	UNMAPPED	CORPUS_ONLY	0	3	0	0
0055B803	FUN_0055b803	2	NO_DIRECT_CALLER_REVIEW;LIFECYCLE_TEXT_HINT	sem caller direto reconhecido; revisar callback/vtable/import | pista textual: delete	UNMAPPED	CORPUS_ONLY	0	5	0	0
0055B8B6	FUN_0055b8b6	2	NO_DIRECT_CALLER_REVIEW;LIFECYCLE_TEXT_HINT	sem caller direto reconhecido; revisar callback/vtable/import | pista textual: delete	UNMAPPED	CORPUS_ONLY	0	9	0	0
0055BAA8	FUN_0055baa8	2	RENDER_ASSET_TEXT_HINT	pista textual: mesh	UNMAPPED	CORPUS_ONLY	1	6	1	0
0055F068	FUN_0055f068	2	NO_DIRECT_CALLER_REVIEW;UI_INPUT_TEXT_HINT	sem caller direto reconhecido; revisar callback/vtable/import | pista textual: window, focus	UNMAPPED	CORPUS_ONLY	0	9	0	0
0055FAAC	Direct3DCreate8	2	RENDER_ASSET_TEXT_HINT;LIFECYCLE_TEXT_HINT	pista textual: direct3d | pista textual: create	UNMAPPED	CORPUS_ONLY	1	0	1	0
00560306	`vector_constructor_iterator'	2	LIFECYCLE_TEXT_HINT	pista textual: release	UNMAPPED	CORPUS_ONLY	14	0	24	0
00564A04	FUN_00564a04	2	RENDER_ASSET_TEXT_HINT	pista textual: d3d	UNMAPPED	CORPUS_ONLY	4	3	10	0
0056985C	FUN_0056985c	2	UI_INPUT_TEXT_HINT	pista textual: control	UNMAPPED	CORPUS_ONLY	2	2	5	0
0056B8E3	FUN_0056b8e3	2	UI_INPUT_TEXT_HINT	pista textual: control	UNMAPPED	CORPUS_ONLY	30	0	30	0
005704C4	FUN_005704c4	2	LIFECYCLE_TEXT_HINT	pista textual: create	UNMAPPED	CORPUS_ONLY	1	6	1	0
00571091	FUN_00571091	2	RENDER_ASSET_TEXT_HINT	pista textual: direct3d	UNMAPPED	CORPUS_ONLY	1	3	2	0
00571112	FUN_00571112	2	RENDER_ASSET_TEXT_HINT	pista textual: direct3d	UNMAPPED	CORPUS_ONLY	3	4	3	0
0057133C	FUN_0057133c	2	RENDER_ASSET_TEXT_HINT	pista textual: d3d	UNMAPPED	CORPUS_ONLY	34	6	42	0
005736E4	FUN_005736e4	2	HIGH_FANOUT_DISPATCH_CANDIDATE;RENDER_ASSET_TEXT_HINT	alto fan-out direto reconhecido pelo Ghidra | pista textual: image	UNMAPPED	CORPUS_ONLY	1	14	1	0
00573D16	FUN_00573d16	2	RENDER_ASSET_TEXT_HINT	pista textual: image	UNMAPPED	CORPUS_ONLY	1	1	1	0
005755D9	FUN_005755d9	2	RENDER_ASSET_TEXT_HINT	pista textual: image	UNMAPPED	CORPUS_ONLY	1	1	1	0
005759C5	FUN_005759c5	2	UI_INPUT_TEXT_HINT	pista textual: control	UNMAPPED	CORPUS_ONLY	6	0	9	0
00577BBA	FUN_00577bba	2	NO_DIRECT_CALLER_REVIEW;LIFECYCLE_TEXT_HINT	sem caller direto reconhecido; revisar callback/vtable/import | pista textual: free(	UNMAPPED	CORPUS_ONLY	0	0	0	0
00577C84	FUN_00577c84	2	NO_DIRECT_CALLER_REVIEW;LIFECYCLE_TEXT_HINT	sem caller direto reconhecido; revisar callback/vtable/import | pista textual: free(	UNMAPPED	CORPUS_ONLY	0	0	0	0
00577D67	FUN_00577d67	2	NO_DIRECT_CALLER_REVIEW;LIFECYCLE_TEXT_HINT	sem caller direto reconhecido; revisar callback/vtable/import | pista textual: free(	UNMAPPED	CORPUS_ONLY	0	0	0	0
00579639	FUN_00579639	2	UI_INPUT_TEXT_HINT	pista textual: window	UNMAPPED	CORPUS_ONLY	2	2	2	0
0057A411	FUN_0057a411	2	RENDER_ASSET_TEXT_HINT	pista textual: image	UNMAPPED	CORPUS_ONLY	1	5	1	0
0057A731	FUN_0057a731	2	RENDER_ASSET_TEXT_HINT	pista textual: image	UNMAPPED	CORPUS_ONLY	1	3	1	0
0057AB76	FUN_0057ab76	2	RENDER_ASSET_TEXT_HINT	pista textual: image	UNMAPPED	CORPUS_ONLY	1	9	2	0
0058E892	ImmGetDefaultIMEWnd	2	UI_INPUT_TEXT_HINT	pista textual: ime	UNMAPPED	CORPUS_ONLY	1	0	1	0
0058E898	ImmReleaseContext	2	LIFECYCLE_TEXT_HINT	pista textual: release	UNMAPPED	CORPUS_ONLY	8	0	8	0
0058E8A4	ImmCreateContext	2	LIFECYCLE_TEXT_HINT	pista textual: create	UNMAPPED	CORPUS_ONLY	1	0	1	0
0058E8AA	ImmDestroyContext	2	LIFECYCLE_TEXT_HINT	pista textual: destroy	UNMAPPED	CORPUS_ONLY	1	0	1	0
0058E990	DirectInput8Create	2	LIFECYCLE_TEXT_HINT	pista textual: create	UNMAPPED	CORPUS_ONLY	1	0	1	0
0058E996	DirectSoundCreate8	2	LIFECYCLE_TEXT_HINT	pista textual: create	UNMAPPED	CORPUS_ONLY	1	0	1	0
0058E99C	closesocket	2	TRANSPORT_TEXT_HINT	pista textual: socket	UNMAPPED	CORPUS_ONLY	6	0	17	0
0058E9A2	WSAStartup	2	TRANSPORT_TEXT_HINT	pista textual: wsa	UNMAPPED	CORPUS_ONLY	1	0	1	0
0058E9A8	WSAAsyncSelect	2	TRANSPORT_TEXT_HINT	pista textual: socket, wsa	UNMAPPED	CORPUS_ONLY	5	0	5	0
0058E9AE	listen	2	TRANSPORT_TEXT_HINT	pista textual: socket	UNMAPPED	CORPUS_ONLY	1	0	1	0
0058E9B4	bind	2	TRANSPORT_TEXT_HINT	pista textual: socket	UNMAPPED	CORPUS_ONLY	5	0	13	0
0058E9C6	socket	2	TRANSPORT_TEXT_HINT	pista textual: socket	UNMAPPED	CORPUS_ONLY	5	0	5	0
0058E9CC	send	2	TRANSPORT_TEXT_HINT	pista textual: socket, send(	UNMAPPED	CORPUS_ONLY	3	0	3	0
0058E9D2	WSAGetLastError	2	TRANSPORT_TEXT_HINT	pista textual: wsa	UNMAPPED	CORPUS_ONLY	3	0	3	0
0058E9D8	connect	2	TRANSPORT_TEXT_HINT	pista textual: socket	UNMAPPED	CORPUS_ONLY	4	0	4	0
0058E9E4	recv	2	TRANSPORT_TEXT_HINT	pista textual: socket, recv(	UNMAPPED	CORPUS_ONLY	1	0	1	0
0058ED2C	__global_unwind2	2	LIFECYCLE_TEXT_HINT	pista textual: release	UNMAPPED	CORPUS_ONLY	1	1	2	0
0058ED6E	__local_unwind2	2	LIFECYCLE_TEXT_HINT	pista textual: release	UNMAPPED	CORPUS_ONLY	2	1	4	0
0058EDF9	__NLG_Notify1	2	LIFECYCLE_TEXT_HINT	pista textual: release	UNMAPPED	CORPUS_ONLY	1	0	2	0
0058EF10	_strlen	2	LIFECYCLE_TEXT_HINT	pista textual: release	UNMAPPED	CORPUS_ONLY	99	0	227	0
0058EF90	_strcmp	2	LIFECYCLE_TEXT_HINT	pista textual: release	UNMAPPED	CORPUS_ONLY	36	0	148	0
0058F020	_memset	2	LIFECYCLE_TEXT_HINT	pista textual: release	UNMAPPED	CORPUS_ONLY	264	0	631	0
0058F0CA	operator_new	2	LIFECYCLE_TEXT_HINT	pista textual: release	UNMAPPED	CORPUS_ONLY	241	1	1072	0
0058F0F0	_strncpy	2	LIFECYCLE_TEXT_HINT	pista textual: release	UNMAPPED	CORPUS_ONLY	20	0	34	0
0058F570	_strchr	2	LIFECYCLE_TEXT_HINT	pista textual: release	UNMAPPED	CORPUS_ONLY	7	0	23	0
0058F65D	__fclose_lk	2	LIFECYCLE_TEXT_HINT	pista textual: release	UNMAPPED	CORPUS_ONLY	1	4	1	0
0058FB1E	FUN_0058fb1e	2	HIGH_FANOUT_DISPATCH_CANDIDATE;RENDER_ASSET_TEXT_HINT;LIFECYCLE_TEXT_HINT	alto fan-out direto reconhecido pelo Ghidra | pista textual: .bin | pista textual: create	UNMAPPED	CORPUS_ONLY	2	14	2	0
0058FE9E	_malloc	2	LIFECYCLE_TEXT_HINT	pista textual: release	UNMAPPED	CORPUS_ONLY	35	1	48	0
0058FEB0	__nh_malloc	2	LIFECYCLE_TEXT_HINT	pista textual: release	UNMAPPED	CORPUS_ONLY	2	2	2	0
0058FFD8	FUN_0058ffd8	2	LIFECYCLE_TEXT_HINT	pista textual: free(	UNMAPPED	CORPUS_ONLY	34	8	53	0
005900CE	_rand	2	LIFECYCLE_TEXT_HINT	pista textual: release	UNMAPPED	CORPUS_ONLY	61	1	244	0
005902C0	_strstr	2	LIFECYCLE_TEXT_HINT	pista textual: release	UNMAPPED	CORPUS_ONLY	12	0	22	0
005906A7	FUN_005906a7	2	HIGH_FANOUT_DISPATCH_CANDIDATE;UI_INPUT_TEXT_HINT;LIFECYCLE_TEXT_HINT	alto fan-out direto reconhecido pelo Ghidra | pista textual: ime | pista textual: close(	UNMAPPED	CORPUS_ONLY	5	17	8	0
00590E7F	FUN_00590e7f	2	LIFECYCLE_TEXT_HINT	pista textual: create	UNMAPPED	CORPUS_ONLY	1	7	1	0
00590EF6	FUN_00590ef6	2	NO_DIRECT_CALLER_REVIEW;TRANSPORT_TEXT_HINT	sem caller direto reconhecido; revisar callback/vtable/import | pista textual: msg_	UNMAPPED	CORPUS_ONLY	0	6	0	0
00590FB3	FUN_00590fb3	2	TRANSPORT_TEXT_HINT	pista textual: msg_	UNMAPPED	CORPUS_ONLY	3	6	6	0
00591220	_strncmp	2	LIFECYCLE_TEXT_HINT	pista textual: release	UNMAPPED	CORPUS_ONLY	8	0	52	0
005913B8	FUN_005913b8	2	UI_INPUT_TEXT_HINT	pista textual: ime	UNMAPPED	CORPUS_ONLY	4	4	4	0
0059161D	FUN_0059161d	2	UI_INPUT_TEXT_HINT	pista textual: control	UNMAPPED	CORPUS_ONLY	1	4	1	0
00591891	FUN_00591891	2	LIFECYCLE_TEXT_HINT	pista textual: delete	UNMAPPED	CORPUS_ONLY	1	3	1	0
00591E0E	FUN_00591e0e	2	UI_INPUT_TEXT_HINT	pista textual: ime	UNMAPPED	CORPUS_ONLY	1	1	1	0
00591E87	FUN_00591e87	2	UI_INPUT_TEXT_HINT	pista textual: ime	UNMAPPED	CORPUS_ONLY	1	1	1	0
00592330	_memcmp	2	LIFECYCLE_TEXT_HINT	pista textual: release	UNMAPPED	CORPUS_ONLY	2	0	2	0
00592473	FUN_00592473	2	UI_INPUT_TEXT_HINT	pista textual: ime	UNMAPPED	CORPUS_ONLY	1	5	1	0
00592540	FUN_00592540	2	UI_INPUT_TEXT_HINT	pista textual: ime	UNMAPPED	CORPUS_ONLY	1	5	3	0
00592608	FUN_00592608	2	LIFECYCLE_TEXT_HINT	pista textual: close(	UNMAPPED	CORPUS_ONLY	1	2	1	0
00592628	___timet_from_ft	2	UI_INPUT_TEXT_HINT;LIFECYCLE_TEXT_HINT	pista textual: ime | pista textual: release	UNMAPPED	CORPUS_ONLY	2	3	6	0
005926CA	__exit	2	LIFECYCLE_TEXT_HINT	pista textual: release	UNMAPPED	CORPUS_ONLY	3	1	3	0
005927AC	entry	2	HIGH_FANOUT_DISPATCH_CANDIDATE;NO_DIRECT_CALLER_REVIEW;UI_INPUT_TEXT_HINT	alto fan-out direto reconhecido pelo Ghidra | sem caller direto reconhecido; revisar callback/vtable/import | pista textual: window	UNMAPPED	CORPUS_ONLY	0	16	0	0
005928B4	__amsg_exit	2	TRANSPORT_TEXT_HINT;LIFECYCLE_TEXT_HINT	pista textual: msg_ | pista textual: release	UNMAPPED	CORPUS_ONLY	9	3	13	0
0059293D	FUN_0059293d	2	UI_INPUT_TEXT_HINT	pista textual: control	UNMAPPED	CORPUS_ONLY	1	4	1	0
00592BF8	_longjmp	2	LIFECYCLE_TEXT_HINT	pista textual: release	UNMAPPED	CORPUS_ONLY	2	4	3	0
00592D12	FUN_00592d12	2	UI_INPUT_TEXT_HINT	pista textual: control	UNMAPPED	CORPUS_ONLY	1	2	1	0
00593138	__fassign	2	NO_DIRECT_CALLER_REVIEW;LIFECYCLE_TEXT_HINT	sem caller direto reconhecido; revisar callback/vtable/import | pista textual: release	UNMAPPED	CORPUS_ONLY	0	2	0	0
00593428	__cfltcvt	2	NO_DIRECT_CALLER_REVIEW;LIFECYCLE_TEXT_HINT	sem caller direto reconhecido; revisar callback/vtable/import | pista textual: release	UNMAPPED	CORPUS_ONLY	0	3	0	0
00593CA0	__CallSettingFrame@12	2	LIFECYCLE_TEXT_HINT	pista textual: release	UNMAPPED	CORPUS_ONLY	2	1	2	0
00593D53	FUN_00593d53	2	TRANSPORT_TEXT_HINT	pista textual: msg_	UNMAPPED	CORPUS_ONLY	14	8	21	0
00594890	__freebuf	2	LIFECYCLE_TEXT_HINT	pista textual: release	UNMAPPED	CORPUS_ONLY	1	1	1	0
00594AE2	FUN_00594ae2	2	LIFECYCLE_TEXT_HINT	pista textual: initialize	UNMAPPED	CORPUS_ONLY	1	7	1	0
00594C2F	FUN_00594c2f	2	LIFECYCLE_TEXT_HINT	pista textual: initialize	UNMAPPED	CORPUS_ONLY	1	7	1	0
00594E8F	FUN_00594e8f	2	LIFECYCLE_TEXT_HINT	pista textual: initialize	UNMAPPED	CORPUS_ONLY	7	4	7	0
00594F10	FUN_00594f10	2	TRANSPORT_TEXT_HINT	pista textual: msg_	UNMAPPED	CORPUS_ONLY	1	6	1	0
00595813	FUN_00595813	2	LIFECYCLE_TEXT_HINT	pista textual: create, destroy	UNMAPPED	CORPUS_ONLY	1	5	1	0
005958E3	FUN_005958e3	2	LIFECYCLE_TEXT_HINT	pista textual: free(	UNMAPPED	CORPUS_ONLY	2	3	3	0
00595F15	FUN_00595f15	2	LIFECYCLE_TEXT_HINT	pista textual: free(	UNMAPPED	CORPUS_ONLY	1	4	1	0
005963B7	FUN_005963b7	2	LIFECYCLE_TEXT_HINT	pista textual: free(	UNMAPPED	CORPUS_ONLY	2	5	2	0
005964FB	FUN_005964fb	2	LIFECYCLE_TEXT_HINT	pista textual: free(	UNMAPPED	CORPUS_ONLY	1	2	1	0
00596551	FUN_00596551	2	LIFECYCLE_TEXT_HINT	pista textual: free(	UNMAPPED	CORPUS_ONLY	1	2	1	0
00596A84	FUN_00596a84	2	LIFECYCLE_TEXT_HINT	pista textual: initialize	UNMAPPED	CORPUS_ONLY	1	1	1	0
00596AAD	FUN_00596aad	2	TRANSPORT_TEXT_HINT;LIFECYCLE_TEXT_HINT	pista textual: msg_ | pista textual: initialize	UNMAPPED	CORPUS_ONLY	31	7	37	0
005989AD	FUN_005989ad	2	UI_INPUT_TEXT_HINT	pista textual: control	UNMAPPED	CORPUS_ONLY	6	0	12	0
00598A54	FUN_00598a54	2	HIGH_FANOUT_DISPATCH_CANDIDATE;UI_INPUT_TEXT_HINT	alto fan-out direto reconhecido pelo Ghidra | pista textual: ime	UNMAPPED	CORPUS_ONLY	1	12	1	0
00599BE3	FUN_00599be3	2	TRANSPORT_TEXT_HINT	pista textual: msg_	UNMAPPED	CORPUS_ONLY	1	6	1	0
00599C9C	FUN_00599c9c	2	TRANSPORT_TEXT_HINT	pista textual: msg_	UNMAPPED	CORPUS_ONLY	1	5	1	0
0059A054	FUN_0059a054	2	UI_INPUT_TEXT_HINT	pista textual: ime	UNMAPPED	CORPUS_ONLY	4	8	5	0
0059A366	__frnd	2	LIFECYCLE_TEXT_HINT	pista textual: release	UNMAPPED	CORPUS_ONLY	2	0	3	0
0059ACA9	FUN_0059aca9	2	TRANSPORT_TEXT_HINT	pista textual: msg_	UNMAPPED	CORPUS_ONLY	2	1	4	0
0059B610	_strrchr	2	LIFECYCLE_TEXT_HINT	pista textual: release	UNMAPPED	CORPUS_ONLY	1	0	1	0
0059C9FD	FUN_0059c9fd	2	UI_INPUT_TEXT_HINT	pista textual: window, messagebox	UNMAPPED	CORPUS_ONLY	1	2	1	0
0059CBB2	___add_12	2	LIFECYCLE_TEXT_HINT	pista textual: release	UNMAPPED	CORPUS_ONLY	2	1	3	0
0059D496	__mbsnbicoll	2	LIFECYCLE_TEXT_HINT	pista textual: release	UNMAPPED	CORPUS_ONLY	2	1	2	0
0059DC3B	FUN_0059dc3b	2	TRANSPORT_TEXT_HINT	pista textual: msg_	UNMAPPED	CORPUS_ONLY	1	3	1	0
0059DCAE	MCIWndCreateA	2	LIFECYCLE_TEXT_HINT	pista textual: create	UNMAPPED	CORPUS_ONLY	1	0	1	0
0059E010	FUN_0059e010	2	UI_INPUT_TEXT_HINT;LIFECYCLE_TEXT_HINT	pista textual: window | pista textual: init(, free(	UNMAPPED	CORPUS_ONLY	3	7	3	0
0059E100	FUN_0059e100	2	UI_INPUT_TEXT_HINT	pista textual: window	UNMAPPED	CORPUS_ONLY	3	1	3	0
0059E150	FUN_0059e150	2	UI_INPUT_TEXT_HINT;LIFECYCLE_TEXT_HINT	pista textual: window | pista textual: create, release, free(	UNMAPPED	CORPUS_ONLY	3	7	3	0
0059E7D5	~exception	2	LIFECYCLE_TEXT_HINT	pista textual: release	UNMAPPED	CORPUS_ONLY	9	1	9	0
0059E83D	__CxxThrowException@8	2	LIFECYCLE_TEXT_HINT	pista textual: release	UNMAPPED	CORPUS_ONLY	5	1	5	0
00410A91	FUN_00410a91	3	HIGH_FANOUT_DISPATCH_CANDIDATE	alto fan-out direto reconhecido pelo Ghidra	UNMAPPED	CORPUS_ONLY	1	12	1	0
00416196	FUN_00416196	3	HIGH_FANOUT_DISPATCH_CANDIDATE	alto fan-out direto reconhecido pelo Ghidra	UNMAPPED	CORPUS_ONLY	1	17	1	0
0041EF0F	FUN_0041ef0f	3	HIGH_FANOUT_DISPATCH_CANDIDATE	alto fan-out direto reconhecido pelo Ghidra	UNMAPPED	CORPUS_ONLY	1	23	1	0
00432D52	FUN_00432d52	3	HIGH_FANOUT_DISPATCH_CANDIDATE	alto fan-out direto reconhecido pelo Ghidra	UNMAPPED	CORPUS_ONLY	1	16	1	0
00441823	FUN_00441823	3	HIGH_FANOUT_DISPATCH_CANDIDATE	alto fan-out direto reconhecido pelo Ghidra	UNMAPPED	CORPUS_ONLY	1	13	1	0
00447691	FUN_00447691	3	HIGH_FANOUT_DISPATCH_CANDIDATE	alto fan-out direto reconhecido pelo Ghidra	UNMAPPED	CORPUS_ONLY	15	15	38	0
00456589	FUN_00456589	3	HIGH_FANOUT_DISPATCH_CANDIDATE;NO_DIRECT_CALLER_REVIEW	alto fan-out direto reconhecido pelo Ghidra | sem caller direto reconhecido; revisar callback/vtable/import	UNMAPPED	CORPUS_ONLY	0	20	1	0
004595EC	FUN_004595ec	3	HIGH_FANOUT_DISPATCH_CANDIDATE	alto fan-out direto reconhecido pelo Ghidra	UNMAPPED	CORPUS_ONLY	4	27	7	0
0046087B	FUN_0046087b	3	HIGH_FANOUT_DISPATCH_CANDIDATE	alto fan-out direto reconhecido pelo Ghidra	UNMAPPED	CORPUS_ONLY	1	12	1	0
004625DA	FUN_004625da	3	HIGH_FANOUT_DISPATCH_CANDIDATE;NO_DIRECT_CALLER_REVIEW	alto fan-out direto reconhecido pelo Ghidra | sem caller direto reconhecido; revisar callback/vtable/import	UNMAPPED	CORPUS_ONLY	0	25	0	0
004640E5	FUN_004640e5	3	HIGH_FANOUT_DISPATCH_CANDIDATE	alto fan-out direto reconhecido pelo Ghidra	UNMAPPED	CORPUS_ONLY	1	26	1	0
00470E36	FUN_00470e36	3	HIGH_FANOUT_DISPATCH_CANDIDATE	alto fan-out direto reconhecido pelo Ghidra	UNMAPPED	CORPUS_ONLY	1	12	1	0
004729D4	FUN_004729d4	3	HIGH_FANOUT_DISPATCH_CANDIDATE	alto fan-out direto reconhecido pelo Ghidra	UNMAPPED	CORPUS_ONLY	4	16	9	0
004735BA	FUN_004735ba	3	HIGH_FANOUT_DISPATCH_CANDIDATE	alto fan-out direto reconhecido pelo Ghidra	UNMAPPED	CORPUS_ONLY	3	18	3	0
0047591F	FUN_0047591f	3	HIGH_FANOUT_DISPATCH_CANDIDATE	alto fan-out direto reconhecido pelo Ghidra	UNMAPPED	CORPUS_ONLY	1	15	1	0
00476006	FUN_00476006	3	HIGH_FANOUT_DISPATCH_CANDIDATE	alto fan-out direto reconhecido pelo Ghidra	UNMAPPED	CORPUS_ONLY	1	13	1	0
0047FCD7	FUN_0047fcd7	3	HIGH_FANOUT_DISPATCH_CANDIDATE	alto fan-out direto reconhecido pelo Ghidra	UNMAPPED	CORPUS_ONLY	3	23	4	0
004856C3	FUN_004856c3	3	HIGH_FANOUT_DISPATCH_CANDIDATE	alto fan-out direto reconhecido pelo Ghidra	UNMAPPED	CORPUS_ONLY	1	14	1	0
004883BF	FUN_004883bf	3	HIGH_FANOUT_DISPATCH_CANDIDATE	alto fan-out direto reconhecido pelo Ghidra	UNMAPPED	CORPUS_ONLY	1	12	1	0
00499F0E	FUN_00499f0e	3	HIGH_FANOUT_DISPATCH_CANDIDATE	alto fan-out direto reconhecido pelo Ghidra	UNMAPPED	CORPUS_ONLY	1	19	1	0
0049ADD2	FUN_0049add2	3	HIGH_FANOUT_DISPATCH_CANDIDATE	alto fan-out direto reconhecido pelo Ghidra	UNMAPPED	CORPUS_ONLY	2	20	5	0
0049E50F	FUN_0049e50f	3	HIGH_FANOUT_DISPATCH_CANDIDATE	alto fan-out direto reconhecido pelo Ghidra	UNMAPPED	CORPUS_ONLY	3	12	12	0
0049E77B	FUN_0049e77b	3	HIGH_FANOUT_DISPATCH_CANDIDATE	alto fan-out direto reconhecido pelo Ghidra	UNMAPPED	CORPUS_ONLY	3	13	16	0
004AB9F7	FUN_004ab9f7	3	HIGH_FANOUT_DISPATCH_CANDIDATE	alto fan-out direto reconhecido pelo Ghidra	UNMAPPED	CORPUS_ONLY	1	15	1	0
004B5F0A	FUN_004b5f0a	3	HIGH_FANOUT_DISPATCH_CANDIDATE	alto fan-out direto reconhecido pelo Ghidra	UNMAPPED	CORPUS_ONLY	1	13	1	0
004C5CC0	FUN_004c5cc0	3	HIGH_FANOUT_DISPATCH_CANDIDATE	alto fan-out direto reconhecido pelo Ghidra	UNMAPPED	CORPUS_ONLY	4	14	10	0
004C64C3	FUN_004c64c3	3	HIGH_FANOUT_DISPATCH_CANDIDATE	alto fan-out direto reconhecido pelo Ghidra	UNMAPPED	CORPUS_ONLY	1	20	3	0
004C80D7	FUN_004c80d7	3	HIGH_FANOUT_DISPATCH_CANDIDATE;NO_DIRECT_CALLER_REVIEW	alto fan-out direto reconhecido pelo Ghidra | sem caller direto reconhecido; revisar callback/vtable/import	UNMAPPED	CORPUS_ONLY	0	17	0	0
004C985A	FUN_004c985a	3	HIGH_FANOUT_DISPATCH_CANDIDATE;NO_DIRECT_CALLER_REVIEW	alto fan-out direto reconhecido pelo Ghidra | sem caller direto reconhecido; revisar callback/vtable/import	UNMAPPED	CORPUS_ONLY	0	16	0	0
004CF90D	FUN_004cf90d	3	HIGH_FANOUT_DISPATCH_CANDIDATE;NO_DIRECT_CALLER_REVIEW	alto fan-out direto reconhecido pelo Ghidra | sem caller direto reconhecido; revisar callback/vtable/import	UNMAPPED	CORPUS_ONLY	0	12	0	0
004D0A4D	FUN_004d0a4d	3	HIGH_FANOUT_DISPATCH_CANDIDATE;NO_DIRECT_CALLER_REVIEW	alto fan-out direto reconhecido pelo Ghidra | sem caller direto reconhecido; revisar callback/vtable/import	UNMAPPED	CORPUS_ONLY	0	13	0	0
004D2509	FUN_004d2509	3	HIGH_FANOUT_DISPATCH_CANDIDATE	alto fan-out direto reconhecido pelo Ghidra	UNMAPPED	CORPUS_ONLY	1	14	1	0
004D4DE0	FUN_004d4de0	3	HIGH_FANOUT_DISPATCH_CANDIDATE	alto fan-out direto reconhecido pelo Ghidra	UNMAPPED	CORPUS_ONLY	16	12	22	0
004D619E	FUN_004d619e	3	HIGH_FANOUT_DISPATCH_CANDIDATE;NO_DIRECT_CALLER_REVIEW	alto fan-out direto reconhecido pelo Ghidra | sem caller direto reconhecido; revisar callback/vtable/import	UNMAPPED	CORPUS_ONLY	0	18	0	0
004D8020	FUN_004d8020	3	HIGH_FANOUT_DISPATCH_CANDIDATE	alto fan-out direto reconhecido pelo Ghidra	UNMAPPED	CORPUS_ONLY	2	12	7	0
004DA607	FUN_004da607	3	HIGH_FANOUT_DISPATCH_CANDIDATE;NO_DIRECT_CALLER_REVIEW	alto fan-out direto reconhecido pelo Ghidra | sem caller direto reconhecido; revisar callback/vtable/import	UNMAPPED	CORPUS_ONLY	0	19	0	0
004DE629	FUN_004de629	3	HIGH_FANOUT_DISPATCH_CANDIDATE;NO_DIRECT_CALLER_REVIEW	alto fan-out direto reconhecido pelo Ghidra | sem caller direto reconhecido; revisar callback/vtable/import	UNMAPPED	CORPUS_ONLY	0	14	0	0
004E0D00	FUN_004e0d00	3	HIGH_FANOUT_DISPATCH_CANDIDATE	alto fan-out direto reconhecido pelo Ghidra	UNMAPPED	CORPUS_ONLY	1	12	1	0
004E1290	FUN_004e1290	3	HIGH_FANOUT_DISPATCH_CANDIDATE	alto fan-out direto reconhecido pelo Ghidra	UNMAPPED	CORPUS_ONLY	1	12	2	0
004E1D57	FUN_004e1d57	3	HIGH_FANOUT_DISPATCH_CANDIDATE;NO_DIRECT_CALLER_REVIEW	alto fan-out direto reconhecido pelo Ghidra | sem caller direto reconhecido; revisar callback/vtable/import	UNMAPPED	CORPUS_ONLY	0	12	0	0
004E422D	FUN_004e422d	3	HIGH_FANOUT_DISPATCH_CANDIDATE;NO_DIRECT_CALLER_REVIEW	alto fan-out direto reconhecido pelo Ghidra | sem caller direto reconhecido; revisar callback/vtable/import	UNMAPPED	CORPUS_ONLY	0	13	0	0
004E5650	FUN_004e5650	3	HIGH_FANOUT_DISPATCH_CANDIDATE	alto fan-out direto reconhecido pelo Ghidra	UNMAPPED	CORPUS_ONLY	1	12	2	0
004E7F6A	FUN_004e7f6a	3	HIGH_FANOUT_DISPATCH_CANDIDATE;NO_DIRECT_CALLER_REVIEW	alto fan-out direto reconhecido pelo Ghidra | sem caller direto reconhecido; revisar callback/vtable/import	UNMAPPED	CORPUS_ONLY	0	14	0	0
004E9CF0	FUN_004e9cf0	3	HIGH_FANOUT_DISPATCH_CANDIDATE	alto fan-out direto reconhecido pelo Ghidra	UNMAPPED	CORPUS_ONLY	1	12	7	0
004EAB7B	FUN_004eab7b	3	HIGH_FANOUT_DISPATCH_CANDIDATE	alto fan-out direto reconhecido pelo Ghidra	UNMAPPED	CORPUS_ONLY	1	13	1	0
004EB6FC	FUN_004eb6fc	3	HIGH_FANOUT_DISPATCH_CANDIDATE;NO_DIRECT_CALLER_REVIEW	alto fan-out direto reconhecido pelo Ghidra | sem caller direto reconhecido; revisar callback/vtable/import	UNMAPPED	CORPUS_ONLY	0	15	0	0
004F0DE9	FUN_004f0de9	3	HIGH_FANOUT_DISPATCH_CANDIDATE;NO_DIRECT_CALLER_REVIEW	alto fan-out direto reconhecido pelo Ghidra | sem caller direto reconhecido; revisar callback/vtable/import	UNMAPPED	CORPUS_ONLY	0	12	0	0
004F424A	FUN_004f424a	3	HIGH_FANOUT_DISPATCH_CANDIDATE;NO_DIRECT_CALLER_REVIEW	alto fan-out direto reconhecido pelo Ghidra | sem caller direto reconhecido; revisar callback/vtable/import	UNMAPPED	CORPUS_ONLY	0	14	0	0
004FFF0B	FUN_004fff0b	3	HIGH_FANOUT_DISPATCH_CANDIDATE	alto fan-out direto reconhecido pelo Ghidra	UNMAPPED	CORPUS_ONLY	3	18	4	0
005161AF	FUN_005161af	3	HIGH_FANOUT_DISPATCH_CANDIDATE	alto fan-out direto reconhecido pelo Ghidra	UNMAPPED	CORPUS_ONLY	1	12	1	0
00517231	FUN_00517231	3	HIGH_FANOUT_DISPATCH_CANDIDATE	alto fan-out direto reconhecido pelo Ghidra	UNMAPPED	CORPUS_ONLY	1	27	1	0
005225C0	FUN_005225c0	3	HIGH_FANOUT_DISPATCH_CANDIDATE;NO_DIRECT_CALLER_REVIEW	alto fan-out direto reconhecido pelo Ghidra | sem caller direto reconhecido; revisar callback/vtable/import	UNMAPPED	CORPUS_ONLY	0	13	0	0
00522D56	FUN_00522d56	3	HIGH_FANOUT_DISPATCH_CANDIDATE	alto fan-out direto reconhecido pelo Ghidra	UNMAPPED	CORPUS_ONLY	1	13	1	0
0052355C	FUN_0052355c	3	HIGH_FANOUT_DISPATCH_CANDIDATE	alto fan-out direto reconhecido pelo Ghidra	UNMAPPED	CORPUS_ONLY	4	13	6	0
005284A0	FUN_005284a0	3	HIGH_FANOUT_DISPATCH_CANDIDATE	alto fan-out direto reconhecido pelo Ghidra	UNMAPPED	CORPUS_ONLY	1	20	1	0
00529BF8	FUN_00529bf8	3	HIGH_FANOUT_DISPATCH_CANDIDATE	alto fan-out direto reconhecido pelo Ghidra	UNMAPPED	CORPUS_ONLY	1	19	1	0
0052A737	FUN_0052a737	3	HIGH_FANOUT_DISPATCH_CANDIDATE	alto fan-out direto reconhecido pelo Ghidra	UNMAPPED	CORPUS_ONLY	1	12	1	0
0052B116	FUN_0052b116	3	HIGH_FANOUT_DISPATCH_CANDIDATE	alto fan-out direto reconhecido pelo Ghidra	UNMAPPED	CORPUS_ONLY	1	19	1	0
0052B97D	FUN_0052b97d	3	HIGH_FANOUT_DISPATCH_CANDIDATE	alto fan-out direto reconhecido pelo Ghidra	UNMAPPED	CORPUS_ONLY	1	22	1	0
00535298	FUN_00535298	3	HIGH_FANOUT_DISPATCH_CANDIDATE;NO_DIRECT_CALLER_REVIEW	alto fan-out direto reconhecido pelo Ghidra | sem caller direto reconhecido; revisar callback/vtable/import	UNMAPPED	CORPUS_ONLY	0	17	0	0
0053BF5F	FUN_0053bf5f	3	HIGH_FANOUT_DISPATCH_CANDIDATE;NO_DIRECT_CALLER_REVIEW	alto fan-out direto reconhecido pelo Ghidra | sem caller direto reconhecido; revisar callback/vtable/import	UNMAPPED	CORPUS_ONLY	0	14	0	0
0053EC3B	FUN_0053ec3b	3	HIGH_FANOUT_DISPATCH_CANDIDATE;NO_DIRECT_CALLER_REVIEW	alto fan-out direto reconhecido pelo Ghidra | sem caller direto reconhecido; revisar callback/vtable/import	UNMAPPED	CORPUS_ONLY	0	14	0	0
005406AF	FUN_005406af	3	HIGH_FANOUT_DISPATCH_CANDIDATE;NO_DIRECT_CALLER_REVIEW	alto fan-out direto reconhecido pelo Ghidra | sem caller direto reconhecido; revisar callback/vtable/import	UNMAPPED	CORPUS_ONLY	0	13	0	0
0056600D	FUN_0056600d	3	HIGH_FANOUT_DISPATCH_CANDIDATE	alto fan-out direto reconhecido pelo Ghidra	UNMAPPED	CORPUS_ONLY	1	28	1	0
00566B8C	FUN_00566b8c	3	HIGH_FANOUT_DISPATCH_CANDIDATE	alto fan-out direto reconhecido pelo Ghidra	UNMAPPED	CORPUS_ONLY	1	13	1	0
00568FA7	FUN_00568fa7	3	HIGH_FANOUT_DISPATCH_CANDIDATE	alto fan-out direto reconhecido pelo Ghidra	UNMAPPED	CORPUS_ONLY	1	16	1	0
0056A815	FUN_0056a815	3	HIGH_FANOUT_DISPATCH_CANDIDATE	alto fan-out direto reconhecido pelo Ghidra	UNMAPPED	CORPUS_ONLY	3	12	3	0
0056FD19	FUN_0056fd19	3	HIGH_FANOUT_DISPATCH_CANDIDATE	alto fan-out direto reconhecido pelo Ghidra	UNMAPPED	CORPUS_ONLY	1	39	2	0
00573551	FUN_00573551	3	HIGH_FANOUT_DISPATCH_CANDIDATE	alto fan-out direto reconhecido pelo Ghidra	UNMAPPED	CORPUS_ONLY	1	13	1	0
00579195	FUN_00579195	3	HIGH_FANOUT_DISPATCH_CANDIDATE	alto fan-out direto reconhecido pelo Ghidra	UNMAPPED	CORPUS_ONLY	1	14	1	0
00599173	FUN_00599173	3	HIGH_FANOUT_DISPATCH_CANDIDATE	alto fan-out direto reconhecido pelo Ghidra	UNMAPPED	CORPUS_ONLY	2	17	3	0
00401459	FUN_00401459	4	NO_DIRECT_CALLER_REVIEW	sem caller direto reconhecido; revisar callback/vtable/import	UNMAPPED	CORPUS_ONLY	0	0	0	0
004015C4	FUN_004015c4	4	NO_DIRECT_CALLER_REVIEW	sem caller direto reconhecido; revisar callback/vtable/import	UNMAPPED	CORPUS_ONLY	0	0	0	0
00401BF5	FUN_00401bf5	4	NO_DIRECT_CALLER_REVIEW	sem caller direto reconhecido; revisar callback/vtable/import	UNMAPPED	CORPUS_ONLY	0	1	0	0
00402135	FUN_00402135	4	NO_DIRECT_CALLER_REVIEW	sem caller direto reconhecido; revisar callback/vtable/import	UNMAPPED	CORPUS_ONLY	0	0	0	0
00402679	FUN_00402679	4	NO_DIRECT_CALLER_REVIEW	sem caller direto reconhecido; revisar callback/vtable/import	UNMAPPED	CORPUS_ONLY	0	0	0	0
00403279	FUN_00403279	4	NO_DIRECT_CALLER_REVIEW	sem caller direto reconhecido; revisar callback/vtable/import	UNMAPPED	CORPUS_ONLY	0	2	0	0
00403683	FUN_00403683	4	NO_DIRECT_CALLER_REVIEW	sem caller direto reconhecido; revisar callback/vtable/import	UNMAPPED	CORPUS_ONLY	0	5	0	0
00403D9B	FUN_00403d9b	4	NO_DIRECT_CALLER_REVIEW	sem caller direto reconhecido; revisar callback/vtable/import	UNMAPPED	CORPUS_ONLY	0	3	0	0
00403E45	FUN_00403e45	4	NO_DIRECT_CALLER_REVIEW	sem caller direto reconhecido; revisar callback/vtable/import	UNMAPPED	CORPUS_ONLY	0	1	0	0
00404C13	FUN_00404c13	4	NO_DIRECT_CALLER_REVIEW	sem caller direto reconhecido; revisar callback/vtable/import	UNMAPPED	CORPUS_ONLY	0	4	0	0
00404D41	FUN_00404d41	4	NO_DIRECT_CALLER_REVIEW	sem caller direto reconhecido; revisar callback/vtable/import	UNMAPPED	CORPUS_ONLY	0	0	0	0
00404D5A	FUN_00404d5a	4	NO_DIRECT_CALLER_REVIEW	sem caller direto reconhecido; revisar callback/vtable/import	UNMAPPED	CORPUS_ONLY	0	0	0	0
00404D6E	FUN_00404d6e	4	NO_DIRECT_CALLER_REVIEW	sem caller direto reconhecido; revisar callback/vtable/import	UNMAPPED	CORPUS_ONLY	0	1	0	0
00404DD8	FUN_00404dd8	4	NO_DIRECT_CALLER_REVIEW	sem caller direto reconhecido; revisar callback/vtable/import	UNMAPPED	CORPUS_ONLY	0	2	0	0
00404EB1	FUN_00404eb1	4	NO_DIRECT_CALLER_REVIEW	sem caller direto reconhecido; revisar callback/vtable/import	UNMAPPED	CORPUS_ONLY	0	0	0	0
00404F54	FUN_00404f54	4	NO_DIRECT_CALLER_REVIEW	sem caller direto reconhecido; revisar callback/vtable/import	UNMAPPED	CORPUS_ONLY	0	0	0	0
0040503C	FUN_0040503c	4	NO_DIRECT_CALLER_REVIEW	sem caller direto reconhecido; revisar callback/vtable/import	UNMAPPED	CORPUS_ONLY	0	1	0	0
0040544F	FUN_0040544f	4	NO_DIRECT_CALLER_REVIEW	sem caller direto reconhecido; revisar callback/vtable/import	UNMAPPED	CORPUS_ONLY	0	0	0	0
00405496	FUN_00405496	4	NO_DIRECT_CALLER_REVIEW	sem caller direto reconhecido; revisar callback/vtable/import	UNMAPPED	CORPUS_ONLY	0	0	0	0
004054CA	FUN_004054ca	4	NO_DIRECT_CALLER_REVIEW	sem caller direto reconhecido; revisar callback/vtable/import	UNMAPPED	CORPUS_ONLY	0	0	0	0
004054DE	FUN_004054de	4	NO_DIRECT_CALLER_REVIEW	sem caller direto reconhecido; revisar callback/vtable/import	UNMAPPED	CORPUS_ONLY	0	0	0	0
004055C1	FUN_004055c1	4	NO_DIRECT_CALLER_REVIEW	sem caller direto reconhecido; revisar callback/vtable/import	UNMAPPED	CORPUS_ONLY	0	4	0	0
00406243	FUN_00406243	4	NO_DIRECT_CALLER_REVIEW	sem caller direto reconhecido; revisar callback/vtable/import	UNMAPPED	CORPUS_ONLY	0	0	0	0
00406264	FUN_00406264	4	NO_DIRECT_CALLER_REVIEW	sem caller direto reconhecido; revisar callback/vtable/import	UNMAPPED	CORPUS_ONLY	0	0	0	0
00406275	FUN_00406275	4	NO_DIRECT_CALLER_REVIEW	sem caller direto reconhecido; revisar callback/vtable/import	UNMAPPED	CORPUS_ONLY	0	0	0	0
00406296	FUN_00406296	4	NO_DIRECT_CALLER_REVIEW	sem caller direto reconhecido; revisar callback/vtable/import	UNMAPPED	CORPUS_ONLY	0	0	0	0
004063A5	FUN_004063a5	4	NO_DIRECT_CALLER_REVIEW	sem caller direto reconhecido; revisar callback/vtable/import	UNMAPPED	CORPUS_ONLY	0	2	0	0
00406464	FUN_00406464	4	NO_DIRECT_CALLER_REVIEW	sem caller direto reconhecido; revisar callback/vtable/import	UNMAPPED	CORPUS_ONLY	0	0	0	0
00406471	FUN_00406471	4	NO_DIRECT_CALLER_REVIEW	sem caller direto reconhecido; revisar callback/vtable/import	UNMAPPED	CORPUS_ONLY	0	0	0	0
004064DE	FUN_004064de	4	NO_DIRECT_CALLER_REVIEW	sem caller direto reconhecido; revisar callback/vtable/import	UNMAPPED	CORPUS_ONLY	0	0	0	0
0040655A	FUN_0040655a	4	NO_DIRECT_CALLER_REVIEW	sem caller direto reconhecido; revisar callback/vtable/import	UNMAPPED	CORPUS_ONLY	0	0	0	0
0040656C	FUN_0040656c	4	NO_DIRECT_CALLER_REVIEW	sem caller direto reconhecido; revisar callback/vtable/import	UNMAPPED	CORPUS_ONLY	0	3	0	0
00406986	FUN_00406986	4	NO_DIRECT_CALLER_REVIEW	sem caller direto reconhecido; revisar callback/vtable/import	UNMAPPED	CORPUS_ONLY	0	3	0	0
00406A2D	FUN_00406a2d	4	NO_DIRECT_CALLER_REVIEW	sem caller direto reconhecido; revisar callback/vtable/import	UNMAPPED	CORPUS_ONLY	0	0	0	0
00406A40	FUN_00406a40	4	NO_DIRECT_CALLER_REVIEW	sem caller direto reconhecido; revisar callback/vtable/import	UNMAPPED	CORPUS_ONLY	0	2	0	0
00406AE4	FUN_00406ae4	4	NO_DIRECT_CALLER_REVIEW	sem caller direto reconhecido; revisar callback/vtable/import	UNMAPPED	CORPUS_ONLY	0	0	0	0
00406BB8	FUN_00406bb8	4	NO_DIRECT_CALLER_REVIEW	sem caller direto reconhecido; revisar callback/vtable/import	UNMAPPED	CORPUS_ONLY	0	0	0	0
00406EC8	FUN_00406ec8	4	NO_DIRECT_CALLER_REVIEW	sem caller direto reconhecido; revisar callback/vtable/import	UNMAPPED	CORPUS_ONLY	0	1	0	0
00406F5E	FUN_00406f5e	4	NO_DIRECT_CALLER_REVIEW	sem caller direto reconhecido; revisar callback/vtable/import	UNMAPPED	CORPUS_ONLY	0	2	0	0
00406FAD	FUN_00406fad	4	NO_DIRECT_CALLER_REVIEW	sem caller direto reconhecido; revisar callback/vtable/import	UNMAPPED	CORPUS_ONLY	0	4	0	0
0040707D	FUN_0040707d	4	NO_DIRECT_CALLER_REVIEW	sem caller direto reconhecido; revisar callback/vtable/import	UNMAPPED	CORPUS_ONLY	0	3	0	0
004071ED	FUN_004071ed	4	NO_DIRECT_CALLER_REVIEW	sem caller direto reconhecido; revisar callback/vtable/import	UNMAPPED	CORPUS_ONLY	0	0	0	0
0040770C	FUN_0040770c	4	NO_DIRECT_CALLER_REVIEW	sem caller direto reconhecido; revisar callback/vtable/import	UNMAPPED	CORPUS_ONLY	0	1	0	0
00407C03	FUN_00407c03	4	NO_DIRECT_CALLER_REVIEW	sem caller direto reconhecido; revisar callback/vtable/import	UNMAPPED	CORPUS_ONLY	0	2	0	0
004081A9	FUN_004081a9	4	NO_DIRECT_CALLER_REVIEW	sem caller direto reconhecido; revisar callback/vtable/import	UNMAPPED	CORPUS_ONLY	0	1	0	0
0040827E	FUN_0040827e	4	NO_DIRECT_CALLER_REVIEW	sem caller direto reconhecido; revisar callback/vtable/import	UNMAPPED	CORPUS_ONLY	0	1	0	0
00408587	FUN_00408587	4	NO_DIRECT_CALLER_REVIEW	sem caller direto reconhecido; revisar callback/vtable/import	UNMAPPED	CORPUS_ONLY	0	0	0	0
004092E3	FUN_004092e3	4	NO_DIRECT_CALLER_REVIEW	sem caller direto reconhecido; revisar callback/vtable/import	UNMAPPED	CORPUS_ONLY	0	2	0	0
00409563	FUN_00409563	4	NO_DIRECT_CALLER_REVIEW	sem caller direto reconhecido; revisar callback/vtable/import	UNMAPPED	CORPUS_ONLY	0	6	0	0
004097A3	FUN_004097a3	4	NO_DIRECT_CALLER_REVIEW	sem caller direto reconhecido; revisar callback/vtable/import	UNMAPPED	CORPUS_ONLY	0	1	0	0
00409872	FUN_00409872	4	NO_DIRECT_CALLER_REVIEW	sem caller direto reconhecido; revisar callback/vtable/import	UNMAPPED	CORPUS_ONLY	0	4	0	0
00409B3D	FUN_00409b3d	4	NO_DIRECT_CALLER_REVIEW	sem caller direto reconhecido; revisar callback/vtable/import	UNMAPPED	CORPUS_ONLY	0	0	0	0
00409B61	FUN_00409b61	4	NO_DIRECT_CALLER_REVIEW	sem caller direto reconhecido; revisar callback/vtable/import	UNMAPPED	CORPUS_ONLY	0	0	0	0
00409B75	FUN_00409b75	4	NO_DIRECT_CALLER_REVIEW	sem caller direto reconhecido; revisar callback/vtable/import	UNMAPPED	CORPUS_ONLY	0	2	0	0
00409C65	FUN_00409c65	4	NO_DIRECT_CALLER_REVIEW	sem caller direto reconhecido; revisar callback/vtable/import	UNMAPPED	CORPUS_ONLY	0	0	0	0
00409E17	FUN_00409e17	4	NO_DIRECT_CALLER_REVIEW	sem caller direto reconhecido; revisar callback/vtable/import	UNMAPPED	CORPUS_ONLY	0	1	0	0
00409E5B	FUN_00409e5b	4	NO_DIRECT_CALLER_REVIEW	sem caller direto reconhecido; revisar callback/vtable/import	UNMAPPED	CORPUS_ONLY	0	0	0	0
00409E7A	FUN_00409e7a	4	NO_DIRECT_CALLER_REVIEW	sem caller direto reconhecido; revisar callback/vtable/import	UNMAPPED	CORPUS_ONLY	0	0	0	0
00409E90	FUN_00409e90	4	NO_DIRECT_CALLER_REVIEW	sem caller direto reconhecido; revisar callback/vtable/import	UNMAPPED	CORPUS_ONLY	0	2	0	0
0040A0D5	FUN_0040a0d5	4	NO_DIRECT_CALLER_REVIEW	sem caller direto reconhecido; revisar callback/vtable/import	UNMAPPED	CORPUS_ONLY	0	0	0	0
0040A0EE	FUN_0040a0ee	4	NO_DIRECT_CALLER_REVIEW	sem caller direto reconhecido; revisar callback/vtable/import	UNMAPPED	CORPUS_ONLY	0	0	0	0
0040A102	FUN_0040a102	4	NO_DIRECT_CALLER_REVIEW	sem caller direto reconhecido; revisar callback/vtable/import	UNMAPPED	CORPUS_ONLY	0	0	0	0
0040A147	FUN_0040a147	4	NO_DIRECT_CALLER_REVIEW	sem caller direto reconhecido; revisar callback/vtable/import	UNMAPPED	CORPUS_ONLY	0	0	0	0
0040ACD2	FUN_0040acd2	4	NO_DIRECT_CALLER_REVIEW	sem caller direto reconhecido; revisar callback/vtable/import	UNMAPPED	CORPUS_ONLY	0	9	0	0
0040B9B0	FUN_0040b9b0	4	NO_DIRECT_CALLER_REVIEW	sem caller direto reconhecido; revisar callback/vtable/import	UNMAPPED	CORPUS_ONLY	0	2	0	0
0040B9E0	FUN_0040b9e0	4	NO_DIRECT_CALLER_REVIEW	sem caller direto reconhecido; revisar callback/vtable/import	UNMAPPED	CORPUS_ONLY	0	2	0	0
0040BA10	FUN_0040ba10	4	NO_DIRECT_CALLER_REVIEW	sem caller direto reconhecido; revisar callback/vtable/import	UNMAPPED	CORPUS_ONLY	0	2	0	0
0040BA40	FUN_0040ba40	4	NO_DIRECT_CALLER_REVIEW	sem caller direto reconhecido; revisar callback/vtable/import	UNMAPPED	CORPUS_ONLY	0	2	0	0
0040BA70	FUN_0040ba70	4	NO_DIRECT_CALLER_REVIEW	sem caller direto reconhecido; revisar callback/vtable/import	UNMAPPED	CORPUS_ONLY	0	2	0	0
0040BAA0	FUN_0040baa0	4	NO_DIRECT_CALLER_REVIEW	sem caller direto reconhecido; revisar callback/vtable/import	UNMAPPED	CORPUS_ONLY	0	2	0	0
0040BAF0	FUN_0040baf0	4	NO_DIRECT_CALLER_REVIEW	sem caller direto reconhecido; revisar callback/vtable/import	UNMAPPED	CORPUS_ONLY	0	2	0	0
0040BB20	FUN_0040bb20	4	NO_DIRECT_CALLER_REVIEW	sem caller direto reconhecido; revisar callback/vtable/import	UNMAPPED	CORPUS_ONLY	0	2	0	0
0040BB50	FUN_0040bb50	4	NO_DIRECT_CALLER_REVIEW	sem caller direto reconhecido; revisar callback/vtable/import	UNMAPPED	CORPUS_ONLY	0	2	0	0
0040BB80	FUN_0040bb80	4	NO_DIRECT_CALLER_REVIEW	sem caller direto reconhecido; revisar callback/vtable/import	UNMAPPED	CORPUS_ONLY	0	2	0	0
0040BBB0	FUN_0040bbb0	4	NO_DIRECT_CALLER_REVIEW	sem caller direto reconhecido; revisar callback/vtable/import	UNMAPPED	CORPUS_ONLY	0	2	0	0
0040BBE0	FUN_0040bbe0	4	NO_DIRECT_CALLER_REVIEW	sem caller direto reconhecido; revisar callback/vtable/import	UNMAPPED	CORPUS_ONLY	0	2	0	0
0040BC10	FUN_0040bc10	4	NO_DIRECT_CALLER_REVIEW	sem caller direto reconhecido; revisar callback/vtable/import	UNMAPPED	CORPUS_ONLY	0	2	0	0
0040BC40	FUN_0040bc40	4	NO_DIRECT_CALLER_REVIEW	sem caller direto reconhecido; revisar callback/vtable/import	UNMAPPED	CORPUS_ONLY	0	2	0	0
0040BC70	FUN_0040bc70	4	NO_DIRECT_CALLER_REVIEW	sem caller direto reconhecido; revisar callback/vtable/import	UNMAPPED	CORPUS_ONLY	0	2	0	0
0040BCA0	FUN_0040bca0	4	NO_DIRECT_CALLER_REVIEW	sem caller direto reconhecido; revisar callback/vtable/import	UNMAPPED	CORPUS_ONLY	0	2	0	0
0040BCD0	FUN_0040bcd0	4	NO_DIRECT_CALLER_REVIEW	sem caller direto reconhecido; revisar callback/vtable/import	UNMAPPED	CORPUS_ONLY	0	2	0	0
0040BD00	FUN_0040bd00	4	NO_DIRECT_CALLER_REVIEW	sem caller direto reconhecido; revisar callback/vtable/import	UNMAPPED	CORPUS_ONLY	0	2	0	0
0040BFA0	FUN_0040bfa0	4	NO_DIRECT_CALLER_REVIEW	sem caller direto reconhecido; revisar callback/vtable/import	UNMAPPED	CORPUS_ONLY	0	0	0	0
0040BFC0	FUN_0040bfc0	4	NO_DIRECT_CALLER_REVIEW	sem caller direto reconhecido; revisar callback/vtable/import	UNMAPPED	CORPUS_ONLY	0	0	0	0
0040BFD0	FUN_0040bfd0	4	NO_DIRECT_CALLER_REVIEW	sem caller direto reconhecido; revisar callback/vtable/import	UNMAPPED	CORPUS_ONLY	0	0	0	0
0040BFF0	FUN_0040bff0	4	NO_DIRECT_CALLER_REVIEW	sem caller direto reconhecido; revisar callback/vtable/import	UNMAPPED	CORPUS_ONLY	0	0	0	0
0040C010	FUN_0040c010	4	NO_DIRECT_CALLER_REVIEW	sem caller direto reconhecido; revisar callback/vtable/import	UNMAPPED	CORPUS_ONLY	0	0	0	0
0040C050	FUN_0040c050	4	NO_DIRECT_CALLER_REVIEW	sem caller direto reconhecido; revisar callback/vtable/import	UNMAPPED	CORPUS_ONLY	0	0	0	0
0040C070	FUN_0040c070	4	NO_DIRECT_CALLER_REVIEW	sem caller direto reconhecido; revisar callback/vtable/import	UNMAPPED	CORPUS_ONLY	0	0	0	0
0040C0B0	FUN_0040c0b0	4	NO_DIRECT_CALLER_REVIEW	sem caller direto reconhecido; revisar callback/vtable/import	UNMAPPED	CORPUS_ONLY	0	0	0	0
0040C0D0	FUN_0040c0d0	4	NO_DIRECT_CALLER_REVIEW	sem caller direto reconhecido; revisar callback/vtable/import	UNMAPPED	CORPUS_ONLY	0	0	0	0
0040C140	FUN_0040c140	4	NO_DIRECT_CALLER_REVIEW	sem caller direto reconhecido; revisar callback/vtable/import	UNMAPPED	CORPUS_ONLY	0	0	0	0
0040C150	FUN_0040c150	4	NO_DIRECT_CALLER_REVIEW	sem caller direto reconhecido; revisar callback/vtable/import	UNMAPPED	CORPUS_ONLY	0	0	0	0
0040C170	FUN_0040c170	4	NO_DIRECT_CALLER_REVIEW	sem caller direto reconhecido; revisar callback/vtable/import	UNMAPPED	CORPUS_ONLY	0	0	0	0
0040C190	FUN_0040c190	4	NO_DIRECT_CALLER_REVIEW	sem caller direto reconhecido; revisar callback/vtable/import	UNMAPPED	CORPUS_ONLY	0	0	0	0
0040C67D	FUN_0040c67d	4	NO_DIRECT_CALLER_REVIEW	sem caller direto reconhecido; revisar callback/vtable/import	UNMAPPED	CORPUS_ONLY	0	1	0	0
0040C89F	FUN_0040c89f	4	NO_DIRECT_CALLER_REVIEW	sem caller direto reconhecido; revisar callback/vtable/import	UNMAPPED	CORPUS_ONLY	0	0	0	0
0040C945	FUN_0040c945	4	NO_DIRECT_CALLER_REVIEW	sem caller direto reconhecido; revisar callback/vtable/import	UNMAPPED	CORPUS_ONLY	0	0	0	0
0040C9EB	FUN_0040c9eb	4	NO_DIRECT_CALLER_REVIEW	sem caller direto reconhecido; revisar callback/vtable/import	UNMAPPED	CORPUS_ONLY	0	1	0	0
0040CA07	FUN_0040ca07	4	NO_DIRECT_CALLER_REVIEW	sem caller direto reconhecido; revisar callback/vtable/import	UNMAPPED	CORPUS_ONLY	0	0	0	0
0040CA43	FUN_0040ca43	4	NO_DIRECT_CALLER_REVIEW	sem caller direto reconhecido; revisar callback/vtable/import	UNMAPPED	CORPUS_ONLY	0	0	0	0
0040CA75	FUN_0040ca75	4	NO_DIRECT_CALLER_REVIEW	sem caller direto reconhecido; revisar callback/vtable/import	UNMAPPED	CORPUS_ONLY	0	0	0	0
0040CAAD	FUN_0040caad	4	NO_DIRECT_CALLER_REVIEW	sem caller direto reconhecido; revisar callback/vtable/import	UNMAPPED	CORPUS_ONLY	0	4	0	0
0040CC51	FUN_0040cc51	4	NO_DIRECT_CALLER_REVIEW	sem caller direto reconhecido; revisar callback/vtable/import	UNMAPPED	CORPUS_ONLY	0	1	0	0
0040CDD7	FUN_0040cdd7	4	NO_DIRECT_CALLER_REVIEW	sem caller direto reconhecido; revisar callback/vtable/import	UNMAPPED	CORPUS_ONLY	0	0	0	0
0040CE70	FUN_0040ce70	4	NO_DIRECT_CALLER_REVIEW	sem caller direto reconhecido; revisar callback/vtable/import	UNMAPPED	CORPUS_ONLY	0	2	0	0
0040DB23	FUN_0040db23	4	NO_DIRECT_CALLER_REVIEW	sem caller direto reconhecido; revisar callback/vtable/import	UNMAPPED	CORPUS_ONLY	0	0	0	0
0040DEBB	FUN_0040debb	4	NO_DIRECT_CALLER_REVIEW	sem caller direto reconhecido; revisar callback/vtable/import	UNMAPPED	CORPUS_ONLY	0	0	0	0
0040DED4	FUN_0040ded4	4	NO_DIRECT_CALLER_REVIEW	sem caller direto reconhecido; revisar callback/vtable/import	UNMAPPED	CORPUS_ONLY	0	0	0	0
0040E5EA	FUN_0040e5ea	4	NO_DIRECT_CALLER_REVIEW	sem caller direto reconhecido; revisar callback/vtable/import	UNMAPPED	CORPUS_ONLY	0	0	0	0
0040E604	FUN_0040e604	4	NO_DIRECT_CALLER_REVIEW	sem caller direto reconhecido; revisar callback/vtable/import	UNMAPPED	CORPUS_ONLY	0	0	0	0
0040E6AA	FUN_0040e6aa	4	NO_DIRECT_CALLER_REVIEW	sem caller direto reconhecido; revisar callback/vtable/import	UNMAPPED	CORPUS_ONLY	0	1	0	0
0040E974	FUN_0040e974	4	NO_DIRECT_CALLER_REVIEW	sem caller direto reconhecido; revisar callback/vtable/import	UNMAPPED	CORPUS_ONLY	0	1	0	0
0040EA37	FUN_0040ea37	4	NO_DIRECT_CALLER_REVIEW	sem caller direto reconhecido; revisar callback/vtable/import	UNMAPPED	CORPUS_ONLY	0	1	0	0
0040EDE0	FUN_0040ede0	4	NO_DIRECT_CALLER_REVIEW	sem caller direto reconhecido; revisar callback/vtable/import	UNMAPPED	CORPUS_ONLY	0	7	0	0
0040F3A3	FUN_0040f3a3	4	NO_DIRECT_CALLER_REVIEW	sem caller direto reconhecido; revisar callback/vtable/import	UNMAPPED	CORPUS_ONLY	0	1	0	0
0040F55D	FUN_0040f55d	4	NO_DIRECT_CALLER_REVIEW	sem caller direto reconhecido; revisar callback/vtable/import	UNMAPPED	CORPUS_ONLY	0	1	0	0
0040F717	FUN_0040f717	4	NO_DIRECT_CALLER_REVIEW	sem caller direto reconhecido; revisar callback/vtable/import	UNMAPPED	CORPUS_ONLY	0	0	0	0
0040F78D	FUN_0040f78d	4	NO_DIRECT_CALLER_REVIEW	sem caller direto reconhecido; revisar callback/vtable/import	UNMAPPED	CORPUS_ONLY	0	1	0	0
0040F92C	FUN_0040f92c	4	NO_DIRECT_CALLER_REVIEW	sem caller direto reconhecido; revisar callback/vtable/import	UNMAPPED	CORPUS_ONLY	0	1	0	0
0040FAB5	FUN_0040fab5	4	NO_DIRECT_CALLER_REVIEW	sem caller direto reconhecido; revisar callback/vtable/import	UNMAPPED	CORPUS_ONLY	0	1	0	0
004107C1	FUN_004107c1	4	NO_DIRECT_CALLER_REVIEW	sem caller direto reconhecido; revisar callback/vtable/import	UNMAPPED	CORPUS_ONLY	0	6	0	0
0042175B	FUN_0042175b	4	NO_DIRECT_CALLER_REVIEW	sem caller direto reconhecido; revisar callback/vtable/import	UNMAPPED	CORPUS_ONLY	0	0	0	0
00421796	FUN_00421796	4	NO_DIRECT_CALLER_REVIEW	sem caller direto reconhecido; revisar callback/vtable/import	UNMAPPED	CORPUS_ONLY	0	0	0	0
004218B0	FUN_004218b0	4	NO_DIRECT_CALLER_REVIEW	sem caller direto reconhecido; revisar callback/vtable/import	UNMAPPED	CORPUS_ONLY	0	2	0	0
004218E0	FUN_004218e0	4	NO_DIRECT_CALLER_REVIEW	sem caller direto reconhecido; revisar callback/vtable/import	UNMAPPED	CORPUS_ONLY	0	2	0	0
00421940	FUN_00421940	4	NO_DIRECT_CALLER_REVIEW	sem caller direto reconhecido; revisar callback/vtable/import	UNMAPPED	CORPUS_ONLY	0	0	0	0
00421960	FUN_00421960	4	NO_DIRECT_CALLER_REVIEW	sem caller direto reconhecido; revisar callback/vtable/import	UNMAPPED	CORPUS_ONLY	0	0	0	0
00421980	FUN_00421980	4	NO_DIRECT_CALLER_REVIEW	sem caller direto reconhecido; revisar callback/vtable/import	UNMAPPED	CORPUS_ONLY	0	0	0	0
00422900	FUN_00422900	4	NO_DIRECT_CALLER_REVIEW	sem caller direto reconhecido; revisar callback/vtable/import	UNMAPPED	CORPUS_ONLY	0	2	0	0
00423034	FUN_00423034	4	NO_DIRECT_CALLER_REVIEW	sem caller direto reconhecido; revisar callback/vtable/import	UNMAPPED	CORPUS_ONLY	0	7	0	0
0042359C	FUN_0042359c	4	NO_DIRECT_CALLER_REVIEW	sem caller direto reconhecido; revisar callback/vtable/import	UNMAPPED	CORPUS_ONLY	0	2	0	0
00423AD0	FUN_00423ad0	4	NO_DIRECT_CALLER_REVIEW	sem caller direto reconhecido; revisar callback/vtable/import	UNMAPPED	CORPUS_ONLY	0	2	0	0
00424B0A	FUN_00424b0a	4	NO_DIRECT_CALLER_REVIEW	sem caller direto reconhecido; revisar callback/vtable/import	UNMAPPED	CORPUS_ONLY	0	0	0	0
00424BAE	FUN_00424bae	4	NO_DIRECT_CALLER_REVIEW	sem caller direto reconhecido; revisar callback/vtable/import	UNMAPPED	CORPUS_ONLY	0	1	0	0
0042519A	FUN_0042519a	4	NO_DIRECT_CALLER_REVIEW	sem caller direto reconhecido; revisar callback/vtable/import	UNMAPPED	CORPUS_ONLY	0	1	0	0
004254DD	FUN_004254dd	4	NO_DIRECT_CALLER_REVIEW	sem caller direto reconhecido; revisar callback/vtable/import	UNMAPPED	CORPUS_ONLY	0	2	0	0
004257DF	FUN_004257df	4	NO_DIRECT_CALLER_REVIEW	sem caller direto reconhecido; revisar callback/vtable/import	UNMAPPED	CORPUS_ONLY	0	0	0	0
00425883	FUN_00425883	4	NO_DIRECT_CALLER_REVIEW	sem caller direto reconhecido; revisar callback/vtable/import	UNMAPPED	CORPUS_ONLY	0	1	0	0
00425A8F	FUN_00425a8f	4	NO_DIRECT_CALLER_REVIEW	sem caller direto reconhecido; revisar callback/vtable/import	UNMAPPED	CORPUS_ONLY	0	0	0	0
004281C0	FUN_004281c0	4	NO_DIRECT_CALLER_REVIEW	sem caller direto reconhecido; revisar callback/vtable/import	UNMAPPED	CORPUS_ONLY	0	2	0	0
004281F0	FUN_004281f0	4	NO_DIRECT_CALLER_REVIEW	sem caller direto reconhecido; revisar callback/vtable/import	UNMAPPED	CORPUS_ONLY	0	0	0	0
00428618	FUN_00428618	4	NO_DIRECT_CALLER_REVIEW	sem caller direto reconhecido; revisar callback/vtable/import	UNMAPPED	CORPUS_ONLY	0	1	0	0
0042879A	FUN_0042879a	4	NO_DIRECT_CALLER_REVIEW	sem caller direto reconhecido; revisar callback/vtable/import	UNMAPPED	CORPUS_ONLY	0	0	0	0
0042890C	FUN_0042890c	4	NO_DIRECT_CALLER_REVIEW	sem caller direto reconhecido; revisar callback/vtable/import	UNMAPPED	CORPUS_ONLY	0	3	0	0
004289F1	FUN_004289f1	4	NO_DIRECT_CALLER_REVIEW	sem caller direto reconhecido; revisar callback/vtable/import	UNMAPPED	CORPUS_ONLY	0	1	0	0
00428FD7	FUN_00428fd7	4	NO_DIRECT_CALLER_REVIEW	sem caller direto reconhecido; revisar callback/vtable/import	UNMAPPED	CORPUS_ONLY	0	1	0	0
0042902F	FUN_0042902f	4	NO_DIRECT_CALLER_REVIEW	sem caller direto reconhecido; revisar callback/vtable/import	UNMAPPED	CORPUS_ONLY	0	1	0	0
00429087	FUN_00429087	4	NO_DIRECT_CALLER_REVIEW	sem caller direto reconhecido; revisar callback/vtable/import	UNMAPPED	CORPUS_ONLY	0	1	0	0
004290DF	FUN_004290df	4	NO_DIRECT_CALLER_REVIEW	sem caller direto reconhecido; revisar callback/vtable/import	UNMAPPED	CORPUS_ONLY	0	1	0	0
00429137	FUN_00429137	4	NO_DIRECT_CALLER_REVIEW	sem caller direto reconhecido; revisar callback/vtable/import	UNMAPPED	CORPUS_ONLY	0	1	0	0
0042918F	FUN_0042918f	4	NO_DIRECT_CALLER_REVIEW	sem caller direto reconhecido; revisar callback/vtable/import	UNMAPPED	CORPUS_ONLY	0	1	0	0
004291E7	FUN_004291e7	4	NO_DIRECT_CALLER_REVIEW	sem caller direto reconhecido; revisar callback/vtable/import	UNMAPPED	CORPUS_ONLY	0	1	0	0
00429245	FUN_00429245	4	NO_DIRECT_CALLER_REVIEW	sem caller direto reconhecido; revisar callback/vtable/import	UNMAPPED	CORPUS_ONLY	0	1	0	0
00429BCB	FUN_00429bcb	4	NO_DIRECT_CALLER_REVIEW	sem caller direto reconhecido; revisar callback/vtable/import	UNMAPPED	CORPUS_ONLY	0	2	0	0
0042A232	FUN_0042a232	4	NO_DIRECT_CALLER_REVIEW	sem caller direto reconhecido; revisar callback/vtable/import	UNMAPPED	CORPUS_ONLY	0	6	0	0
0042A4CE	FUN_0042a4ce	4	NO_DIRECT_CALLER_REVIEW	sem caller direto reconhecido; revisar callback/vtable/import	UNMAPPED	CORPUS_ONLY	0	6	0	0
0042ACCD	FUN_0042accd	4	NO_DIRECT_CALLER_REVIEW	sem caller direto reconhecido; revisar callback/vtable/import	UNMAPPED	CORPUS_ONLY	0	0	0	0
0042ADD5	FUN_0042add5	4	NO_DIRECT_CALLER_REVIEW	sem caller direto reconhecido; revisar callback/vtable/import	UNMAPPED	CORPUS_ONLY	0	4	0	0
0042B0DB	FUN_0042b0db	4	NO_DIRECT_CALLER_REVIEW	sem caller direto reconhecido; revisar callback/vtable/import	UNMAPPED	CORPUS_ONLY	0	6	0	0
0042B3D2	FUN_0042b3d2	4	NO_DIRECT_CALLER_REVIEW	sem caller direto reconhecido; revisar callback/vtable/import	UNMAPPED	CORPUS_ONLY	0	3	0	0
0042BFC1	FUN_0042bfc1	4	NO_DIRECT_CALLER_REVIEW	sem caller direto reconhecido; revisar callback/vtable/import	UNMAPPED	CORPUS_ONLY	0	1	0	0
0042C0E0	FUN_0042c0e0	4	NO_DIRECT_CALLER_REVIEW	sem caller direto reconhecido; revisar callback/vtable/import	UNMAPPED	CORPUS_ONLY	0	2	0	0
0042C110	FUN_0042c110	4	NO_DIRECT_CALLER_REVIEW	sem caller direto reconhecido; revisar callback/vtable/import	UNMAPPED	CORPUS_ONLY	0	2	0	0
0042CDBE	FUN_0042cdbe	4	NO_DIRECT_CALLER_REVIEW	sem caller direto reconhecido; revisar callback/vtable/import	UNMAPPED	CORPUS_ONLY	0	3	0	0
0042D173	FUN_0042d173	4	NO_DIRECT_CALLER_REVIEW	sem caller direto reconhecido; revisar callback/vtable/import	UNMAPPED	CORPUS_ONLY	0	11	0	0
0042D66E	FUN_0042d66e	4	NO_DIRECT_CALLER_REVIEW	sem caller direto reconhecido; revisar callback/vtable/import	UNMAPPED	CORPUS_ONLY	0	2	0	0
0042D6FA	FUN_0042d6fa	4	NO_DIRECT_CALLER_REVIEW	sem caller direto reconhecido; revisar callback/vtable/import	UNMAPPED	CORPUS_ONLY	0	1	0	0
0042D792	FUN_0042d792	4	NO_DIRECT_CALLER_REVIEW	sem caller direto reconhecido; revisar callback/vtable/import	UNMAPPED	CORPUS_ONLY	0	1	0	0
0042DBE3	FUN_0042dbe3	4	NO_DIRECT_CALLER_REVIEW	sem caller direto reconhecido; revisar callback/vtable/import	UNMAPPED	CORPUS_ONLY	0	2	0	0
0042DCB7	FUN_0042dcb7	4	NO_DIRECT_CALLER_REVIEW	sem caller direto reconhecido; revisar callback/vtable/import	UNMAPPED	CORPUS_ONLY	0	2	0	0
0042DD99	FUN_0042dd99	4	NO_DIRECT_CALLER_REVIEW	sem caller direto reconhecido; revisar callback/vtable/import	UNMAPPED	CORPUS_ONLY	0	0	0	0
0042DDEB	FUN_0042ddeb	4	NO_DIRECT_CALLER_REVIEW	sem caller direto reconhecido; revisar callback/vtable/import	UNMAPPED	CORPUS_ONLY	0	0	0	0
0042DE3D	FUN_0042de3d	4	NO_DIRECT_CALLER_REVIEW	sem caller direto reconhecido; revisar callback/vtable/import	UNMAPPED	CORPUS_ONLY	0	0	0	0
0042DEA5	FUN_0042dea5	4	NO_DIRECT_CALLER_REVIEW	sem caller direto reconhecido; revisar callback/vtable/import	UNMAPPED	CORPUS_ONLY	0	3	0	0
00430AEF	FUN_00430aef	4	NO_DIRECT_CALLER_REVIEW	sem caller direto reconhecido; revisar callback/vtable/import	UNMAPPED	CORPUS_ONLY	0	2	0	0
00430C26	FUN_00430c26	4	NO_DIRECT_CALLER_REVIEW	sem caller direto reconhecido; revisar callback/vtable/import	UNMAPPED	CORPUS_ONLY	0	0	0	0
00430C46	FUN_00430c46	4	NO_DIRECT_CALLER_REVIEW	sem caller direto reconhecido; revisar callback/vtable/import	UNMAPPED	CORPUS_ONLY	0	4	0	0
00430EE0	FUN_00430ee0	4	NO_DIRECT_CALLER_REVIEW	sem caller direto reconhecido; revisar callback/vtable/import	UNMAPPED	CORPUS_ONLY	0	2	0	0
004311FE	FUN_004311fe	4	NO_DIRECT_CALLER_REVIEW	sem caller direto reconhecido; revisar callback/vtable/import	UNMAPPED	CORPUS_ONLY	0	1	0	0
00431214	FUN_00431214	4	NO_DIRECT_CALLER_REVIEW	sem caller direto reconhecido; revisar callback/vtable/import	UNMAPPED	CORPUS_ONLY	0	2	0	0
004318E9	FUN_004318e9	4	NO_DIRECT_CALLER_REVIEW	sem caller direto reconhecido; revisar callback/vtable/import	UNMAPPED	CORPUS_ONLY	0	0	0	0
00431CD0	FUN_00431cd0	4	NO_DIRECT_CALLER_REVIEW	sem caller direto reconhecido; revisar callback/vtable/import	UNMAPPED	CORPUS_ONLY	0	2	0	0
00433993	FUN_00433993	4	NO_DIRECT_CALLER_REVIEW	sem caller direto reconhecido; revisar callback/vtable/import	UNMAPPED	CORPUS_ONLY	0	1	0	0
004339C6	FUN_004339c6	4	NO_DIRECT_CALLER_REVIEW	sem caller direto reconhecido; revisar callback/vtable/import	UNMAPPED	CORPUS_ONLY	0	0	0	0
004339D8	FUN_004339d8	4	NO_DIRECT_CALLER_REVIEW	sem caller direto reconhecido; revisar callback/vtable/import	UNMAPPED	CORPUS_ONLY	0	1	0	0
00433ABC	FUN_00433abc	4	NO_DIRECT_CALLER_REVIEW	sem caller direto reconhecido; revisar callback/vtable/import	UNMAPPED	CORPUS_ONLY	0	0	0	0
00433B14	FUN_00433b14	4	NO_DIRECT_CALLER_REVIEW	sem caller direto reconhecido; revisar callback/vtable/import	UNMAPPED	CORPUS_ONLY	0	0	0	0
00433D61	FUN_00433d61	4	NO_DIRECT_CALLER_REVIEW	sem caller direto reconhecido; revisar callback/vtable/import	UNMAPPED	CORPUS_ONLY	0	10	0	0
0045249C	FUN_0045249c	4	NO_DIRECT_CALLER_REVIEW	sem caller direto reconhecido; revisar callback/vtable/import	UNMAPPED	CORPUS_ONLY	0	0	0	0
0045E750	FUN_0045e750	4	NO_DIRECT_CALLER_REVIEW	sem caller direto reconhecido; revisar callback/vtable/import	UNMAPPED	CORPUS_ONLY	0	0	0	0
0047E98B	FUN_0047e98b	4	NO_DIRECT_CALLER_REVIEW	sem caller direto reconhecido; revisar callback/vtable/import	UNMAPPED	CORPUS_ONLY	0	0	0	0
00494DE0	FUN_00494de0	4	NO_DIRECT_CALLER_REVIEW	sem caller direto reconhecido; revisar callback/vtable/import	UNMAPPED	CORPUS_ONLY	0	0	0	0
00494E10	FUN_00494e10	4	NO_DIRECT_CALLER_REVIEW	sem caller direto reconhecido; revisar callback/vtable/import	UNMAPPED	CORPUS_ONLY	0	0	0	0
00494E68	FUN_00494e68	4	NO_DIRECT_CALLER_REVIEW	sem caller direto reconhecido; revisar callback/vtable/import	UNMAPPED	CORPUS_ONLY	0	5	0	0
004987E5	FUN_004987e5	4	NO_DIRECT_CALLER_REVIEW	sem caller direto reconhecido; revisar callback/vtable/import	UNMAPPED	CORPUS_ONLY	0	2	0	0
0049AB61	FUN_0049ab61	4	NO_DIRECT_CALLER_REVIEW	sem caller direto reconhecido; revisar callback/vtable/import	UNMAPPED	CORPUS_ONLY	0	0	0	0
0049AC31	FUN_0049ac31	4	NO_DIRECT_CALLER_REVIEW	sem caller direto reconhecido; revisar callback/vtable/import	UNMAPPED	CORPUS_ONLY	0	1	0	0
0049ACDD	FUN_0049acdd	4	NO_DIRECT_CALLER_REVIEW	sem caller direto reconhecido; revisar callback/vtable/import	UNMAPPED	CORPUS_ONLY	0	0	0	0
0049AD10	FUN_0049ad10	4	NO_DIRECT_CALLER_REVIEW	sem caller direto reconhecido; revisar callback/vtable/import	UNMAPPED	CORPUS_ONLY	0	0	0	0
0049EE00	FUN_0049ee00	4	NO_DIRECT_CALLER_REVIEW	sem caller direto reconhecido; revisar callback/vtable/import	UNMAPPED	CORPUS_ONLY	0	2	0	0
004A250F	FUN_004a250f	4	NO_DIRECT_CALLER_REVIEW	sem caller direto reconhecido; revisar callback/vtable/import	UNMAPPED	CORPUS_ONLY	0	1	0	0
004A3253	FUN_004a3253	4	NO_DIRECT_CALLER_REVIEW	sem caller direto reconhecido; revisar callback/vtable/import	UNMAPPED	CORPUS_ONLY	0	4	0	0
004AC7C2	FUN_004ac7c2	4	NO_DIRECT_CALLER_REVIEW	sem caller direto reconhecido; revisar callback/vtable/import	UNMAPPED	CORPUS_ONLY	0	1	0	0
004AE3D6	FUN_004ae3d6	4	NO_DIRECT_CALLER_REVIEW	sem caller direto reconhecido; revisar callback/vtable/import	UNMAPPED	CORPUS_ONLY	0	4	0	0
004AEBD1	FUN_004aebd1	4	NO_DIRECT_CALLER_REVIEW	sem caller direto reconhecido; revisar callback/vtable/import	UNMAPPED	CORPUS_ONLY	0	0	0	0
004AEC07	FUN_004aec07	4	NO_DIRECT_CALLER_REVIEW	sem caller direto reconhecido; revisar callback/vtable/import	UNMAPPED	CORPUS_ONLY	0	0	0	0
004AFA90	FUN_004afa90	4	NO_DIRECT_CALLER_REVIEW	sem caller direto reconhecido; revisar callback/vtable/import	UNMAPPED	CORPUS_ONLY	0	2	0	0
004B15BF	FUN_004b15bf	4	NO_DIRECT_CALLER_REVIEW	sem caller direto reconhecido; revisar callback/vtable/import	UNMAPPED	CORPUS_ONLY	0	0	0	0
004B1690	FUN_004b1690	4	NO_DIRECT_CALLER_REVIEW	sem caller direto reconhecido; revisar callback/vtable/import	UNMAPPED	CORPUS_ONLY	0	2	0	0
004B198F	FUN_004b198f	4	NO_DIRECT_CALLER_REVIEW	sem caller direto reconhecido; revisar callback/vtable/import	UNMAPPED	CORPUS_ONLY	0	2	0	0
004B1B0B	FUN_004b1b0b	4	NO_DIRECT_CALLER_REVIEW	sem caller direto reconhecido; revisar callback/vtable/import	UNMAPPED	CORPUS_ONLY	0	3	0	0
004B21BE	FUN_004b21be	4	NO_DIRECT_CALLER_REVIEW	sem caller direto reconhecido; revisar callback/vtable/import	UNMAPPED	CORPUS_ONLY	0	0	0	0
004B273B	FUN_004b273b	4	NO_DIRECT_CALLER_REVIEW	sem caller direto reconhecido; revisar callback/vtable/import	UNMAPPED	CORPUS_ONLY	0	0	0	0
004B2893	FUN_004b2893	4	NO_DIRECT_CALLER_REVIEW	sem caller direto reconhecido; revisar callback/vtable/import	UNMAPPED	CORPUS_ONLY	0	0	0	0
004B2926	FUN_004b2926	4	NO_DIRECT_CALLER_REVIEW	sem caller direto reconhecido; revisar callback/vtable/import	UNMAPPED	CORPUS_ONLY	0	0	0	0
004B2A50	FUN_004b2a50	4	NO_DIRECT_CALLER_REVIEW	sem caller direto reconhecido; revisar callback/vtable/import	UNMAPPED	CORPUS_ONLY	0	1	0	0
004B2A8F	FUN_004b2a8f	4	NO_DIRECT_CALLER_REVIEW	sem caller direto reconhecido; revisar callback/vtable/import	UNMAPPED	CORPUS_ONLY	0	0	0	0
004B2ABA	FUN_004b2aba	4	NO_DIRECT_CALLER_REVIEW	sem caller direto reconhecido; revisar callback/vtable/import	UNMAPPED	CORPUS_ONLY	0	0	0	0
004B2B55	FUN_004b2b55	4	NO_DIRECT_CALLER_REVIEW	sem caller direto reconhecido; revisar callback/vtable/import	UNMAPPED	CORPUS_ONLY	0	0	0	0
004B2BF3	FUN_004b2bf3	4	NO_DIRECT_CALLER_REVIEW	sem caller direto reconhecido; revisar callback/vtable/import	UNMAPPED	CORPUS_ONLY	0	0	0	0
004B2C94	FUN_004b2c94	4	NO_DIRECT_CALLER_REVIEW	sem caller direto reconhecido; revisar callback/vtable/import	UNMAPPED	CORPUS_ONLY	0	0	0	0
004B2E46	FUN_004b2e46	4	NO_DIRECT_CALLER_REVIEW	sem caller direto reconhecido; revisar callback/vtable/import	UNMAPPED	CORPUS_ONLY	0	0	0	0
004B2F09	FUN_004b2f09	4	NO_DIRECT_CALLER_REVIEW	sem caller direto reconhecido; revisar callback/vtable/import	UNMAPPED	CORPUS_ONLY	0	0	0	0
004B2F84	FUN_004b2f84	4	NO_DIRECT_CALLER_REVIEW	sem caller direto reconhecido; revisar callback/vtable/import	UNMAPPED	CORPUS_ONLY	0	0	0	0
004B2FFF	FUN_004b2fff	4	NO_DIRECT_CALLER_REVIEW	sem caller direto reconhecido; revisar callback/vtable/import	UNMAPPED	CORPUS_ONLY	0	1	0	0
004B316B	FUN_004b316b	4	NO_DIRECT_CALLER_REVIEW	sem caller direto reconhecido; revisar callback/vtable/import	UNMAPPED	CORPUS_ONLY	0	0	0	0
004B3205	FUN_004b3205	4	NO_DIRECT_CALLER_REVIEW	sem caller direto reconhecido; revisar callback/vtable/import	UNMAPPED	CORPUS_ONLY	0	0	0	0
004B32A2	FUN_004b32a2	4	NO_DIRECT_CALLER_REVIEW	sem caller direto reconhecido; revisar callback/vtable/import	UNMAPPED	CORPUS_ONLY	0	6	0	0
004B3AF0	FUN_004b3af0	4	NO_DIRECT_CALLER_REVIEW	sem caller direto reconhecido; revisar callback/vtable/import	UNMAPPED	CORPUS_ONLY	0	0	0	0
004B3B10	FUN_004b3b10	4	NO_DIRECT_CALLER_REVIEW	sem caller direto reconhecido; revisar callback/vtable/import	UNMAPPED	CORPUS_ONLY	0	7	0	0
004B3DA8	FUN_004b3da8	4	NO_DIRECT_CALLER_REVIEW	sem caller direto reconhecido; revisar callback/vtable/import	UNMAPPED	CORPUS_ONLY	0	3	0	0
004B421E	FUN_004b421e	4	NO_DIRECT_CALLER_REVIEW	sem caller direto reconhecido; revisar callback/vtable/import	UNMAPPED	CORPUS_ONLY	0	2	0	0
004B4364	FUN_004b4364	4	NO_DIRECT_CALLER_REVIEW	sem caller direto reconhecido; revisar callback/vtable/import	UNMAPPED	CORPUS_ONLY	0	4	0	0
004B49C1	FUN_004b49c1	4	NO_DIRECT_CALLER_REVIEW	sem caller direto reconhecido; revisar callback/vtable/import	UNMAPPED	CORPUS_ONLY	0	11	0	0
004B6188	FUN_004b6188	4	NO_DIRECT_CALLER_REVIEW	sem caller direto reconhecido; revisar callback/vtable/import	UNMAPPED	CORPUS_ONLY	0	1	0	0
004B6197	FUN_004b6197	4	NO_DIRECT_CALLER_REVIEW	sem caller direto reconhecido; revisar callback/vtable/import	UNMAPPED	CORPUS_ONLY	0	2	0	0
004B71D3	Catch@004b71d3	4	NO_DIRECT_CALLER_REVIEW	sem caller direto reconhecido; revisar callback/vtable/import	UNMAPPED	CORPUS_ONLY	0	1	0	0
004B9A10	FUN_004b9a10	4	NO_DIRECT_CALLER_REVIEW	sem caller direto reconhecido; revisar callback/vtable/import	UNMAPPED	CORPUS_ONLY	0	0	0	0
004B9C9D	FUN_004b9c9d	4	NO_DIRECT_CALLER_REVIEW	sem caller direto reconhecido; revisar callback/vtable/import	UNMAPPED	CORPUS_ONLY	0	0	0	0
004BA392	FUN_004ba392	4	NO_DIRECT_CALLER_REVIEW	sem caller direto reconhecido; revisar callback/vtable/import	UNMAPPED	CORPUS_ONLY	0	0	0	0
004BABE0	FUN_004babe0	4	NO_DIRECT_CALLER_REVIEW	sem caller direto reconhecido; revisar callback/vtable/import	UNMAPPED	CORPUS_ONLY	0	2	0	0
004BAC10	FUN_004bac10	4	NO_DIRECT_CALLER_REVIEW	sem caller direto reconhecido; revisar callback/vtable/import	UNMAPPED	CORPUS_ONLY	0	0	0	0
004BB0E0	FUN_004bb0e0	4	NO_DIRECT_CALLER_REVIEW	sem caller direto reconhecido; revisar callback/vtable/import	UNMAPPED	CORPUS_ONLY	0	2	0	0
004BB847	FUN_004bb847	4	NO_DIRECT_CALLER_REVIEW	sem caller direto reconhecido; revisar callback/vtable/import	UNMAPPED	CORPUS_ONLY	0	7	0	0
004BBA7E	FUN_004bba7e	4	NO_DIRECT_CALLER_REVIEW	sem caller direto reconhecido; revisar callback/vtable/import	UNMAPPED	CORPUS_ONLY	0	7	0	0
004BD3F0	FUN_004bd3f0	4	NO_DIRECT_CALLER_REVIEW	sem caller direto reconhecido; revisar callback/vtable/import	UNMAPPED	CORPUS_ONLY	0	2	0	0
004BE0F7	FUN_004be0f7	4	NO_DIRECT_CALLER_REVIEW	sem caller direto reconhecido; revisar callback/vtable/import	UNMAPPED	CORPUS_ONLY	0	1	0	0
004BE133	FUN_004be133	4	NO_DIRECT_CALLER_REVIEW	sem caller direto reconhecido; revisar callback/vtable/import	UNMAPPED	CORPUS_ONLY	0	0	0	0
004BE75B	FUN_004be75b	4	NO_DIRECT_CALLER_REVIEW	sem caller direto reconhecido; revisar callback/vtable/import	UNMAPPED	CORPUS_ONLY	0	1	0	0
004C75D4	FUN_004c75d4	4	NO_DIRECT_CALLER_REVIEW	sem caller direto reconhecido; revisar callback/vtable/import	UNMAPPED	CORPUS_ONLY	0	2	0	0
004C7755	FUN_004c7755	4	NO_DIRECT_CALLER_REVIEW	sem caller direto reconhecido; revisar callback/vtable/import	UNMAPPED	CORPUS_ONLY	0	5	0	0
004C8C30	FUN_004c8c30	4	NO_DIRECT_CALLER_REVIEW	sem caller direto reconhecido; revisar callback/vtable/import	UNMAPPED	CORPUS_ONLY	0	2	0	0
004C8D98	FUN_004c8d98	4	NO_DIRECT_CALLER_REVIEW	sem caller direto reconhecido; revisar callback/vtable/import	UNMAPPED	CORPUS_ONLY	0	0	0	0
004C8F40	FUN_004c8f40	4	NO_DIRECT_CALLER_REVIEW	sem caller direto reconhecido; revisar callback/vtable/import	UNMAPPED	CORPUS_ONLY	0	2	0	0
004C937D	FUN_004c937d	4	NO_DIRECT_CALLER_REVIEW	sem caller direto reconhecido; revisar callback/vtable/import	UNMAPPED	CORPUS_ONLY	0	0	0	0
004C9396	FUN_004c9396	4	NO_DIRECT_CALLER_REVIEW	sem caller direto reconhecido; revisar callback/vtable/import	UNMAPPED	CORPUS_ONLY	0	3	0	0
004C953D	FUN_004c953d	4	NO_DIRECT_CALLER_REVIEW	sem caller direto reconhecido; revisar callback/vtable/import	UNMAPPED	CORPUS_ONLY	0	1	0	0
004CB8B0	FUN_004cb8b0	4	NO_DIRECT_CALLER_REVIEW	sem caller direto reconhecido; revisar callback/vtable/import	UNMAPPED	CORPUS_ONLY	0	2	0	0
004CB8E0	FUN_004cb8e0	4	NO_DIRECT_CALLER_REVIEW	sem caller direto reconhecido; revisar callback/vtable/import	UNMAPPED	CORPUS_ONLY	0	1	0	0
004CBB55	FUN_004cbb55	4	NO_DIRECT_CALLER_REVIEW	sem caller direto reconhecido; revisar callback/vtable/import	UNMAPPED	CORPUS_ONLY	0	0	0	0
004CBBFA	FUN_004cbbfa	4	NO_DIRECT_CALLER_REVIEW	sem caller direto reconhecido; revisar callback/vtable/import	UNMAPPED	CORPUS_ONLY	0	1	0	0
004CBEB6	FUN_004cbeb6	4	NO_DIRECT_CALLER_REVIEW	sem caller direto reconhecido; revisar callback/vtable/import	UNMAPPED	CORPUS_ONLY	0	8	0	0
004CCBB0	FUN_004ccbb0	4	NO_DIRECT_CALLER_REVIEW	sem caller direto reconhecido; revisar callback/vtable/import	UNMAPPED	CORPUS_ONLY	0	2	0	0
004CD174	FUN_004cd174	4	NO_DIRECT_CALLER_REVIEW	sem caller direto reconhecido; revisar callback/vtable/import	UNMAPPED	CORPUS_ONLY	0	2	0	0
004CD45E	FUN_004cd45e	4	NO_DIRECT_CALLER_REVIEW	sem caller direto reconhecido; revisar callback/vtable/import	UNMAPPED	CORPUS_ONLY	0	7	0	0
004CD7D0	FUN_004cd7d0	4	NO_DIRECT_CALLER_REVIEW	sem caller direto reconhecido; revisar callback/vtable/import	UNMAPPED	CORPUS_ONLY	0	2	0	0
004CDB91	FUN_004cdb91	4	NO_DIRECT_CALLER_REVIEW	sem caller direto reconhecido; revisar callback/vtable/import	UNMAPPED	CORPUS_ONLY	0	1	0	0
004CDE40	FUN_004cde40	4	NO_DIRECT_CALLER_REVIEW	sem caller direto reconhecido; revisar callback/vtable/import	UNMAPPED	CORPUS_ONLY	0	2	0	0
004CE5B0	FUN_004ce5b0	4	NO_DIRECT_CALLER_REVIEW	sem caller direto reconhecido; revisar callback/vtable/import	UNMAPPED	CORPUS_ONLY	0	2	0	0
004CE72D	FUN_004ce72d	4	NO_DIRECT_CALLER_REVIEW	sem caller direto reconhecido; revisar callback/vtable/import	UNMAPPED	CORPUS_ONLY	0	2	0	0
004CE7D9	FUN_004ce7d9	4	NO_DIRECT_CALLER_REVIEW	sem caller direto reconhecido; revisar callback/vtable/import	UNMAPPED	CORPUS_ONLY	0	1	0	0
004CEB13	FUN_004ceb13	4	NO_DIRECT_CALLER_REVIEW	sem caller direto reconhecido; revisar callback/vtable/import	UNMAPPED	CORPUS_ONLY	0	5	0	0
004CF120	FUN_004cf120	4	NO_DIRECT_CALLER_REVIEW	sem caller direto reconhecido; revisar callback/vtable/import	UNMAPPED	CORPUS_ONLY	0	2	0	0
004CF53C	FUN_004cf53c	4	NO_DIRECT_CALLER_REVIEW	sem caller direto reconhecido; revisar callback/vtable/import	UNMAPPED	CORPUS_ONLY	0	4	0	0
004D0120	FUN_004d0120	4	NO_DIRECT_CALLER_REVIEW	sem caller direto reconhecido; revisar callback/vtable/import	UNMAPPED	CORPUS_ONLY	0	2	0	0
004D12E4	FUN_004d12e4	4	NO_DIRECT_CALLER_REVIEW	sem caller direto reconhecido; revisar callback/vtable/import	UNMAPPED	CORPUS_ONLY	0	7	0	0
004D1840	FUN_004d1840	4	NO_DIRECT_CALLER_REVIEW	sem caller direto reconhecido; revisar callback/vtable/import	UNMAPPED	CORPUS_ONLY	0	2	0	0
004D2170	FUN_004d2170	4	NO_DIRECT_CALLER_REVIEW	sem caller direto reconhecido; revisar callback/vtable/import	UNMAPPED	CORPUS_ONLY	0	0	0	0
004D2200	FUN_004d2200	4	NO_DIRECT_CALLER_REVIEW	sem caller direto reconhecido; revisar callback/vtable/import	UNMAPPED	CORPUS_ONLY	0	2	0	0
004D2377	FUN_004d2377	4	NO_DIRECT_CALLER_REVIEW	sem caller direto reconhecido; revisar callback/vtable/import	UNMAPPED	CORPUS_ONLY	0	8	0	0
004D2E12	FUN_004d2e12	4	NO_DIRECT_CALLER_REVIEW	sem caller direto reconhecido; revisar callback/vtable/import	UNMAPPED	CORPUS_ONLY	0	6	0	0
004D3A31	FUN_004d3a31	4	NO_DIRECT_CALLER_REVIEW	sem caller direto reconhecido; revisar callback/vtable/import	UNMAPPED	CORPUS_ONLY	0	1	0	0
004D3B90	FUN_004d3b90	4	NO_DIRECT_CALLER_REVIEW	sem caller direto reconhecido; revisar callback/vtable/import	UNMAPPED	CORPUS_ONLY	0	2	0	0
004D414F	FUN_004d414f	4	NO_DIRECT_CALLER_REVIEW	sem caller direto reconhecido; revisar callback/vtable/import	UNMAPPED	CORPUS_ONLY	0	5	0	0
004D4714	FUN_004d4714	4	NO_DIRECT_CALLER_REVIEW	sem caller direto reconhecido; revisar callback/vtable/import	UNMAPPED	CORPUS_ONLY	0	7	0	0
004D4DB0	FUN_004d4db0	4	NO_DIRECT_CALLER_REVIEW	sem caller direto reconhecido; revisar callback/vtable/import	UNMAPPED	CORPUS_ONLY	0	2	0	0
004D5385	FUN_004d5385	4	NO_DIRECT_CALLER_REVIEW	sem caller direto reconhecido; revisar callback/vtable/import	UNMAPPED	CORPUS_ONLY	0	1	0	0
004D53A2	FUN_004d53a2	4	NO_DIRECT_CALLER_REVIEW	sem caller direto reconhecido; revisar callback/vtable/import	UNMAPPED	CORPUS_ONLY	0	0	0	0
004D53B2	FUN_004d53b2	4	NO_DIRECT_CALLER_REVIEW	sem caller direto reconhecido; revisar callback/vtable/import	UNMAPPED	CORPUS_ONLY	0	0	0	0
004D5450	FUN_004d5450	4	NO_DIRECT_CALLER_REVIEW	sem caller direto reconhecido; revisar callback/vtable/import	UNMAPPED	CORPUS_ONLY	0	2	0	0
004D5995	FUN_004d5995	4	NO_DIRECT_CALLER_REVIEW	sem caller direto reconhecido; revisar callback/vtable/import	UNMAPPED	CORPUS_ONLY	0	4	0	0
004D5CFD	FUN_004d5cfd	4	NO_DIRECT_CALLER_REVIEW	sem caller direto reconhecido; revisar callback/vtable/import	UNMAPPED	CORPUS_ONLY	0	1	0	0
004D5D42	FUN_004d5d42	4	NO_DIRECT_CALLER_REVIEW	sem caller direto reconhecido; revisar callback/vtable/import	UNMAPPED	CORPUS_ONLY	0	3	0	0
004D7E5E	FUN_004d7e5e	4	NO_DIRECT_CALLER_REVIEW	sem caller direto reconhecido; revisar callback/vtable/import	UNMAPPED	CORPUS_ONLY	0	3	0	0
004D7FB1	FUN_004d7fb1	4	NO_DIRECT_CALLER_REVIEW	sem caller direto reconhecido; revisar callback/vtable/import	UNMAPPED	CORPUS_ONLY	0	1	0	0
004D7FF0	FUN_004d7ff0	4	NO_DIRECT_CALLER_REVIEW	sem caller direto reconhecido; revisar callback/vtable/import	UNMAPPED	CORPUS_ONLY	0	2	0	0
004D8587	FUN_004d8587	4	NO_DIRECT_CALLER_REVIEW	sem caller direto reconhecido; revisar callback/vtable/import	UNMAPPED	CORPUS_ONLY	0	7	0	0
004D88E0	FUN_004d88e0	4	NO_DIRECT_CALLER_REVIEW	sem caller direto reconhecido; revisar callback/vtable/import	UNMAPPED	CORPUS_ONLY	0	2	0	0
004D8BBE	FUN_004d8bbe	4	NO_DIRECT_CALLER_REVIEW	sem caller direto reconhecido; revisar callback/vtable/import	UNMAPPED	CORPUS_ONLY	0	9	0	0
004D8EC0	FUN_004d8ec0	4	NO_DIRECT_CALLER_REVIEW	sem caller direto reconhecido; revisar callback/vtable/import	UNMAPPED	CORPUS_ONLY	0	2	0	0
004D908D	FUN_004d908d	4	NO_DIRECT_CALLER_REVIEW	sem caller direto reconhecido; revisar callback/vtable/import	UNMAPPED	CORPUS_ONLY	0	2	0	0
004D90DD	FUN_004d90dd	4	NO_DIRECT_CALLER_REVIEW	sem caller direto reconhecido; revisar callback/vtable/import	UNMAPPED	CORPUS_ONLY	0	1	0	0
004D93D4	FUN_004d93d4	4	NO_DIRECT_CALLER_REVIEW	sem caller direto reconhecido; revisar callback/vtable/import	UNMAPPED	CORPUS_ONLY	0	3	0	0
004D97A0	FUN_004d97a0	4	NO_DIRECT_CALLER_REVIEW	sem caller direto reconhecido; revisar callback/vtable/import	UNMAPPED	CORPUS_ONLY	0	2	0	0
004D9B96	FUN_004d9b96	4	NO_DIRECT_CALLER_REVIEW	sem caller direto reconhecido; revisar callback/vtable/import	UNMAPPED	CORPUS_ONLY	0	0	0	0
004D9BDE	FUN_004d9bde	4	NO_DIRECT_CALLER_REVIEW	sem caller direto reconhecido; revisar callback/vtable/import	UNMAPPED	CORPUS_ONLY	0	8	0	0
004DC900	FUN_004dc900	4	NO_DIRECT_CALLER_REVIEW	sem caller direto reconhecido; revisar callback/vtable/import	UNMAPPED	CORPUS_ONLY	0	2	0	0
004DCB83	FUN_004dcb83	4	NO_DIRECT_CALLER_REVIEW	sem caller direto reconhecido; revisar callback/vtable/import	UNMAPPED	CORPUS_ONLY	0	4	0	0
004DCD90	FUN_004dcd90	4	NO_DIRECT_CALLER_REVIEW	sem caller direto reconhecido; revisar callback/vtable/import	UNMAPPED	CORPUS_ONLY	0	2	0	0
004DD081	FUN_004dd081	4	NO_DIRECT_CALLER_REVIEW	sem caller direto reconhecido; revisar callback/vtable/import	UNMAPPED	CORPUS_ONLY	0	9	0	0
004DD68D	FUN_004dd68d	4	NO_DIRECT_CALLER_REVIEW	sem caller direto reconhecido; revisar callback/vtable/import	UNMAPPED	CORPUS_ONLY	0	8	0	0
004DDD46	FUN_004ddd46	4	NO_DIRECT_CALLER_REVIEW	sem caller direto reconhecido; revisar callback/vtable/import	UNMAPPED	CORPUS_ONLY	0	2	0	0
004DDFA4	FUN_004ddfa4	4	NO_DIRECT_CALLER_REVIEW	sem caller direto reconhecido; revisar callback/vtable/import	UNMAPPED	CORPUS_ONLY	0	10	0	0
004DEE20	FUN_004dee20	4	NO_DIRECT_CALLER_REVIEW	sem caller direto reconhecido; revisar callback/vtable/import	UNMAPPED	CORPUS_ONLY	0	4	0	0
004DF1C0	FUN_004df1c0	4	NO_DIRECT_CALLER_REVIEW	sem caller direto reconhecido; revisar callback/vtable/import	UNMAPPED	CORPUS_ONLY	0	2	0	0
004DF1F0	FUN_004df1f0	4	NO_DIRECT_CALLER_REVIEW	sem caller direto reconhecido; revisar callback/vtable/import	UNMAPPED	CORPUS_ONLY	0	2	0	0
004DF220	FUN_004df220	4	NO_DIRECT_CALLER_REVIEW	sem caller direto reconhecido; revisar callback/vtable/import	UNMAPPED	CORPUS_ONLY	0	2	0	0
004DF65E	FUN_004df65e	4	NO_DIRECT_CALLER_REVIEW	sem caller direto reconhecido; revisar callback/vtable/import	UNMAPPED	CORPUS_ONLY	0	0	0	0
004DF705	FUN_004df705	4	NO_DIRECT_CALLER_REVIEW	sem caller direto reconhecido; revisar callback/vtable/import	UNMAPPED	CORPUS_ONLY	0	3	0	0
004E01D4	FUN_004e01d4	4	NO_DIRECT_CALLER_REVIEW	sem caller direto reconhecido; revisar callback/vtable/import	UNMAPPED	CORPUS_ONLY	0	3	0	0
004E0521	FUN_004e0521	4	NO_DIRECT_CALLER_REVIEW	sem caller direto reconhecido; revisar callback/vtable/import	UNMAPPED	CORPUS_ONLY	0	0	0	0
004E0566	FUN_004e0566	4	NO_DIRECT_CALLER_REVIEW	sem caller direto reconhecido; revisar callback/vtable/import	UNMAPPED	CORPUS_ONLY	0	3	0	0
004E0924	FUN_004e0924	4	NO_DIRECT_CALLER_REVIEW	sem caller direto reconhecido; revisar callback/vtable/import	UNMAPPED	CORPUS_ONLY	0	1	0	0
004E0960	FUN_004e0960	4	NO_DIRECT_CALLER_REVIEW	sem caller direto reconhecido; revisar callback/vtable/import	UNMAPPED	CORPUS_ONLY	0	2	0	0
004E0AF7	FUN_004e0af7	4	NO_DIRECT_CALLER_REVIEW	sem caller direto reconhecido; revisar callback/vtable/import	UNMAPPED	CORPUS_ONLY	0	4	0	0
004E0CD0	FUN_004e0cd0	4	NO_DIRECT_CALLER_REVIEW	sem caller direto reconhecido; revisar callback/vtable/import	UNMAPPED	CORPUS_ONLY	0	2	0	0
004E11D3	FUN_004e11d3	4	NO_DIRECT_CALLER_REVIEW	sem caller direto reconhecido; revisar callback/vtable/import	UNMAPPED	CORPUS_ONLY	0	0	0	0
004E1260	FUN_004e1260	4	NO_DIRECT_CALLER_REVIEW	sem caller direto reconhecido; revisar callback/vtable/import	UNMAPPED	CORPUS_ONLY	0	2	0	0
004E1AD1	FUN_004e1ad1	4	NO_DIRECT_CALLER_REVIEW	sem caller direto reconhecido; revisar callback/vtable/import	UNMAPPED	CORPUS_ONLY	0	2	0	0
004E1B26	FUN_004e1b26	4	NO_DIRECT_CALLER_REVIEW	sem caller direto reconhecido; revisar callback/vtable/import	UNMAPPED	CORPUS_ONLY	0	1	0	0
004E2330	FUN_004e2330	4	NO_DIRECT_CALLER_REVIEW	sem caller direto reconhecido; revisar callback/vtable/import	UNMAPPED	CORPUS_ONLY	0	2	0	0
004E2552	FUN_004e2552	4	NO_DIRECT_CALLER_REVIEW	sem caller direto reconhecido; revisar callback/vtable/import	UNMAPPED	CORPUS_ONLY	0	7	0	0
004E2A00	FUN_004e2a00	4	NO_DIRECT_CALLER_REVIEW	sem caller direto reconhecido; revisar callback/vtable/import	UNMAPPED	CORPUS_ONLY	0	2	0	0
004E2D96	FUN_004e2d96	4	NO_DIRECT_CALLER_REVIEW	sem caller direto reconhecido; revisar callback/vtable/import	UNMAPPED	CORPUS_ONLY	0	7	0	0
004E35E0	FUN_004e35e0	4	NO_DIRECT_CALLER_REVIEW	sem caller direto reconhecido; revisar callback/vtable/import	UNMAPPED	CORPUS_ONLY	0	2	0	0
004E3ADD	FUN_004e3add	4	NO_DIRECT_CALLER_REVIEW	sem caller direto reconhecido; revisar callback/vtable/import	UNMAPPED	CORPUS_ONLY	0	0	0	0
004E3B70	FUN_004e3b70	4	NO_DIRECT_CALLER_REVIEW	sem caller direto reconhecido; revisar callback/vtable/import	UNMAPPED	CORPUS_ONLY	0	2	0	0
004E3E92	FUN_004e3e92	4	NO_DIRECT_CALLER_REVIEW	sem caller direto reconhecido; revisar callback/vtable/import	UNMAPPED	CORPUS_ONLY	0	2	0	0
004E3F1D	FUN_004e3f1d	4	NO_DIRECT_CALLER_REVIEW	sem caller direto reconhecido; revisar callback/vtable/import	UNMAPPED	CORPUS_ONLY	0	1	0	0
004E49E0	FUN_004e49e0	4	NO_DIRECT_CALLER_REVIEW	sem caller direto reconhecido; revisar callback/vtable/import	UNMAPPED	CORPUS_ONLY	0	2	0	0
004E4E58	FUN_004e4e58	4	NO_DIRECT_CALLER_REVIEW	sem caller direto reconhecido; revisar callback/vtable/import	UNMAPPED	CORPUS_ONLY	0	0	0	0
004E4EF0	FUN_004e4ef0	4	NO_DIRECT_CALLER_REVIEW	sem caller direto reconhecido; revisar callback/vtable/import	UNMAPPED	CORPUS_ONLY	0	2	0	0
004E51F0	FUN_004e51f0	4	NO_DIRECT_CALLER_REVIEW	sem caller direto reconhecido; revisar callback/vtable/import	UNMAPPED	CORPUS_ONLY	0	0	0	0
004E5280	FUN_004e5280	4	NO_DIRECT_CALLER_REVIEW	sem caller direto reconhecido; revisar callback/vtable/import	UNMAPPED	CORPUS_ONLY	0	2	0	0
004E558F	FUN_004e558f	4	NO_DIRECT_CALLER_REVIEW	sem caller direto reconhecido; revisar callback/vtable/import	UNMAPPED	CORPUS_ONLY	0	0	0	0
004E5620	FUN_004e5620	4	NO_DIRECT_CALLER_REVIEW	sem caller direto reconhecido; revisar callback/vtable/import	UNMAPPED	CORPUS_ONLY	0	2	0	0
004E5C4F	FUN_004e5c4f	4	NO_DIRECT_CALLER_REVIEW	sem caller direto reconhecido; revisar callback/vtable/import	UNMAPPED	CORPUS_ONLY	0	0	0	0
004E5CE0	FUN_004e5ce0	4	NO_DIRECT_CALLER_REVIEW	sem caller direto reconhecido; revisar callback/vtable/import	UNMAPPED	CORPUS_ONLY	0	2	0	0
004E607D	FUN_004e607d	4	NO_DIRECT_CALLER_REVIEW	sem caller direto reconhecido; revisar callback/vtable/import	UNMAPPED	CORPUS_ONLY	0	2	0	0
004E60CD	FUN_004e60cd	4	NO_DIRECT_CALLER_REVIEW	sem caller direto reconhecido; revisar callback/vtable/import	UNMAPPED	CORPUS_ONLY	0	1	0	0
004E62B5	FUN_004e62b5	4	NO_DIRECT_CALLER_REVIEW	sem caller direto reconhecido; revisar callback/vtable/import	UNMAPPED	CORPUS_ONLY	0	7	0	0
004E6560	FUN_004e6560	4	NO_DIRECT_CALLER_REVIEW	sem caller direto reconhecido; revisar callback/vtable/import	UNMAPPED	CORPUS_ONLY	0	2	0	0
004E754B	FUN_004e754b	4	NO_DIRECT_CALLER_REVIEW	sem caller direto reconhecido; revisar callback/vtable/import	UNMAPPED	CORPUS_ONLY	0	0	0	0
004E75E0	FUN_004e75e0	4	NO_DIRECT_CALLER_REVIEW	sem caller direto reconhecido; revisar callback/vtable/import	UNMAPPED	CORPUS_ONLY	0	2	0	0
004E7ECD	FUN_004e7ecd	4	NO_DIRECT_CALLER_REVIEW	sem caller direto reconhecido; revisar callback/vtable/import	UNMAPPED	CORPUS_ONLY	0	1	0	0
004E7EEA	FUN_004e7eea	4	NO_DIRECT_CALLER_REVIEW	sem caller direto reconhecido; revisar callback/vtable/import	UNMAPPED	CORPUS_ONLY	0	0	0	0
004E8870	FUN_004e8870	4	NO_DIRECT_CALLER_REVIEW	sem caller direto reconhecido; revisar callback/vtable/import	UNMAPPED	CORPUS_ONLY	0	2	0	0
004E8A45	FUN_004e8a45	4	NO_DIRECT_CALLER_REVIEW	sem caller direto reconhecido; revisar callback/vtable/import	UNMAPPED	CORPUS_ONLY	0	2	0	0
004E8AC8	FUN_004e8ac8	4	NO_DIRECT_CALLER_REVIEW	sem caller direto reconhecido; revisar callback/vtable/import	UNMAPPED	CORPUS_ONLY	0	1	0	0
004E94B6	FUN_004e94b6	4	NO_DIRECT_CALLER_REVIEW	sem caller direto reconhecido; revisar callback/vtable/import	UNMAPPED	CORPUS_ONLY	0	5	0	0
004E9CC0	FUN_004e9cc0	4	NO_DIRECT_CALLER_REVIEW	sem caller direto reconhecido; revisar callback/vtable/import	UNMAPPED	CORPUS_ONLY	0	2	0	0
004EB6AE	FUN_004eb6ae	4	NO_DIRECT_CALLER_REVIEW	sem caller direto reconhecido; revisar callback/vtable/import	UNMAPPED	CORPUS_ONLY	0	2	0	0
004EC305	FUN_004ec305	4	NO_DIRECT_CALLER_REVIEW	sem caller direto reconhecido; revisar callback/vtable/import	UNMAPPED	CORPUS_ONLY	0	2	0	0
004EC970	FUN_004ec970	4	NO_DIRECT_CALLER_REVIEW	sem caller direto reconhecido; revisar callback/vtable/import	UNMAPPED	CORPUS_ONLY	0	2	0	0
004ECCCE	FUN_004eccce	4	NO_DIRECT_CALLER_REVIEW	sem caller direto reconhecido; revisar callback/vtable/import	UNMAPPED	CORPUS_ONLY	0	0	0	0
004ECD60	FUN_004ecd60	4	NO_DIRECT_CALLER_REVIEW	sem caller direto reconhecido; revisar callback/vtable/import	UNMAPPED	CORPUS_ONLY	0	2	0	0
004ECED4	FUN_004eced4	4	NO_DIRECT_CALLER_REVIEW	sem caller direto reconhecido; revisar callback/vtable/import	UNMAPPED	CORPUS_ONLY	0	8	0	0
004ED270	FUN_004ed270	4	NO_DIRECT_CALLER_REVIEW	sem caller direto reconhecido; revisar callback/vtable/import	UNMAPPED	CORPUS_ONLY	0	2	0	0
004ED83E	FUN_004ed83e	4	NO_DIRECT_CALLER_REVIEW	sem caller direto reconhecido; revisar callback/vtable/import	UNMAPPED	CORPUS_ONLY	0	8	0	0
004EDD30	FUN_004edd30	4	NO_DIRECT_CALLER_REVIEW	sem caller direto reconhecido; revisar callback/vtable/import	UNMAPPED	CORPUS_ONLY	0	2	0	0
004EE0D2	FUN_004ee0d2	4	NO_DIRECT_CALLER_REVIEW	sem caller direto reconhecido; revisar callback/vtable/import	UNMAPPED	CORPUS_ONLY	0	0	0	0
004EE160	FUN_004ee160	4	NO_DIRECT_CALLER_REVIEW	sem caller direto reconhecido; revisar callback/vtable/import	UNMAPPED	CORPUS_ONLY	0	2	0	0
004EE66E	FUN_004ee66e	4	NO_DIRECT_CALLER_REVIEW	sem caller direto reconhecido; revisar callback/vtable/import	UNMAPPED	CORPUS_ONLY	0	0	0	0
004EE700	FUN_004ee700	4	NO_DIRECT_CALLER_REVIEW	sem caller direto reconhecido; revisar callback/vtable/import	UNMAPPED	CORPUS_ONLY	0	2	0	0
004EE87B	FUN_004ee87b	4	NO_DIRECT_CALLER_REVIEW	sem caller direto reconhecido; revisar callback/vtable/import	UNMAPPED	CORPUS_ONLY	0	2	0	0
004EE934	FUN_004ee934	4	NO_DIRECT_CALLER_REVIEW	sem caller direto reconhecido; revisar callback/vtable/import	UNMAPPED	CORPUS_ONLY	0	1	0	0
004EEB0D	FUN_004eeb0d	4	NO_DIRECT_CALLER_REVIEW	sem caller direto reconhecido; revisar callback/vtable/import	UNMAPPED	CORPUS_ONLY	0	7	0	0
004EEF20	FUN_004eef20	4	NO_DIRECT_CALLER_REVIEW	sem caller direto reconhecido; revisar callback/vtable/import	UNMAPPED	CORPUS_ONLY	0	2	0	0
004EF057	FUN_004ef057	4	NO_DIRECT_CALLER_REVIEW	sem caller direto reconhecido; revisar callback/vtable/import	UNMAPPED	CORPUS_ONLY	0	0	0	0
004EF375	FUN_004ef375	4	NO_DIRECT_CALLER_REVIEW	sem caller direto reconhecido; revisar callback/vtable/import	UNMAPPED	CORPUS_ONLY	0	5	0	0
004EF7FC	FUN_004ef7fc	4	NO_DIRECT_CALLER_REVIEW	sem caller direto reconhecido; revisar callback/vtable/import	UNMAPPED	CORPUS_ONLY	0	0	0	0
004EF810	FUN_004ef810	4	NO_DIRECT_CALLER_REVIEW	sem caller direto reconhecido; revisar callback/vtable/import	UNMAPPED	CORPUS_ONLY	0	2	0	0
004EF9D4	FUN_004ef9d4	4	NO_DIRECT_CALLER_REVIEW	sem caller direto reconhecido; revisar callback/vtable/import	UNMAPPED	CORPUS_ONLY	0	0	0	0
004EFBB6	FUN_004efbb6	4	NO_DIRECT_CALLER_REVIEW	sem caller direto reconhecido; revisar callback/vtable/import	UNMAPPED	CORPUS_ONLY	0	0	0	0
004EFBCC	FUN_004efbcc	4	NO_DIRECT_CALLER_REVIEW	sem caller direto reconhecido; revisar callback/vtable/import	UNMAPPED	CORPUS_ONLY	0	0	0	0
004EFBDD	FUN_004efbdd	4	NO_DIRECT_CALLER_REVIEW	sem caller direto reconhecido; revisar callback/vtable/import	UNMAPPED	CORPUS_ONLY	0	5	0	0
004F07D2	FUN_004f07d2	4	NO_DIRECT_CALLER_REVIEW	sem caller direto reconhecido; revisar callback/vtable/import	UNMAPPED	CORPUS_ONLY	0	2	0	0
004F086F	FUN_004f086f	4	NO_DIRECT_CALLER_REVIEW	sem caller direto reconhecido; revisar callback/vtable/import	UNMAPPED	CORPUS_ONLY	0	8	0	0
004F0B58	FUN_004f0b58	4	NO_DIRECT_CALLER_REVIEW	sem caller direto reconhecido; revisar callback/vtable/import	UNMAPPED	CORPUS_ONLY	0	0	0	0
004F0B69	FUN_004f0b69	4	NO_DIRECT_CALLER_REVIEW	sem caller direto reconhecido; revisar callback/vtable/import	UNMAPPED	CORPUS_ONLY	0	0	0	0
004F0C20	FUN_004f0c20	4	NO_DIRECT_CALLER_REVIEW	sem caller direto reconhecido; revisar callback/vtable/import	UNMAPPED	CORPUS_ONLY	0	2	0	0
004F0D01	FUN_004f0d01	4	NO_DIRECT_CALLER_REVIEW	sem caller direto reconhecido; revisar callback/vtable/import	UNMAPPED	CORPUS_ONLY	0	1	0	0
004F0D86	FUN_004f0d86	4	NO_DIRECT_CALLER_REVIEW	sem caller direto reconhecido; revisar callback/vtable/import	UNMAPPED	CORPUS_ONLY	0	3	0	0
004F1500	FUN_004f1500	4	NO_DIRECT_CALLER_REVIEW	sem caller direto reconhecido; revisar callback/vtable/import	UNMAPPED	CORPUS_ONLY	0	2	0	0
004F159E	FUN_004f159e	4	NO_DIRECT_CALLER_REVIEW	sem caller direto reconhecido; revisar callback/vtable/import	UNMAPPED	CORPUS_ONLY	0	0	0	0
004F15AE	FUN_004f15ae	4	NO_DIRECT_CALLER_REVIEW	sem caller direto reconhecido; revisar callback/vtable/import	UNMAPPED	CORPUS_ONLY	0	10	0	0
004F1930	FUN_004f1930	4	NO_DIRECT_CALLER_REVIEW	sem caller direto reconhecido; revisar callback/vtable/import	UNMAPPED	CORPUS_ONLY	0	2	0	0
004F1A33	FUN_004f1a33	4	NO_DIRECT_CALLER_REVIEW	sem caller direto reconhecido; revisar callback/vtable/import	UNMAPPED	CORPUS_ONLY	0	3	0	0
004F2055	FUN_004f2055	4	NO_DIRECT_CALLER_REVIEW	sem caller direto reconhecido; revisar callback/vtable/import	UNMAPPED	CORPUS_ONLY	0	8	0	0
004F2B52	FUN_004f2b52	4	NO_DIRECT_CALLER_REVIEW	sem caller direto reconhecido; revisar callback/vtable/import	UNMAPPED	CORPUS_ONLY	0	7	0	0
004F2F93	FUN_004f2f93	4	NO_DIRECT_CALLER_REVIEW	sem caller direto reconhecido; revisar callback/vtable/import	UNMAPPED	CORPUS_ONLY	0	2	0	0
004F3055	FUN_004f3055	4	NO_DIRECT_CALLER_REVIEW	sem caller direto reconhecido; revisar callback/vtable/import	UNMAPPED	CORPUS_ONLY	0	5	0	0
004F37A0	FUN_004f37a0	4	NO_DIRECT_CALLER_REVIEW	sem caller direto reconhecido; revisar callback/vtable/import	UNMAPPED	CORPUS_ONLY	0	2	0	0
004F37D0	FUN_004f37d0	4	NO_DIRECT_CALLER_REVIEW	sem caller direto reconhecido; revisar callback/vtable/import	UNMAPPED	CORPUS_ONLY	0	1	0	0
004F3D1A	FUN_004f3d1a	4	NO_DIRECT_CALLER_REVIEW	sem caller direto reconhecido; revisar callback/vtable/import	UNMAPPED	CORPUS_ONLY	0	7	0	0
004F58E8	FUN_004f58e8	4	NO_DIRECT_CALLER_REVIEW	sem caller direto reconhecido; revisar callback/vtable/import	UNMAPPED	CORPUS_ONLY	0	1	0	0
004F77F0	FUN_004f77f0	4	NO_DIRECT_CALLER_REVIEW	sem caller direto reconhecido; revisar callback/vtable/import	UNMAPPED	CORPUS_ONLY	0	2	0	0
004F7820	FUN_004f7820	4	NO_DIRECT_CALLER_REVIEW	sem caller direto reconhecido; revisar callback/vtable/import	UNMAPPED	CORPUS_ONLY	0	1	0	0
004FF370	FUN_004ff370	4	NO_DIRECT_CALLER_REVIEW	sem caller direto reconhecido; revisar callback/vtable/import	UNMAPPED	CORPUS_ONLY	0	0	0	0
00500AFB	FUN_00500afb	4	NO_DIRECT_CALLER_REVIEW	sem caller direto reconhecido; revisar callback/vtable/import	UNMAPPED	CORPUS_ONLY	0	3	0	0
00500C02	FUN_00500c02	4	NO_DIRECT_CALLER_REVIEW	sem caller direto reconhecido; revisar callback/vtable/import	UNMAPPED	CORPUS_ONLY	0	3	0	0
00500D50	FUN_00500d50	4	NO_DIRECT_CALLER_REVIEW	sem caller direto reconhecido; revisar callback/vtable/import	UNMAPPED	CORPUS_ONLY	0	1	0	0
00500E15	FUN_00500e15	4	NO_DIRECT_CALLER_REVIEW	sem caller direto reconhecido; revisar callback/vtable/import	UNMAPPED	CORPUS_ONLY	0	1	0	0
00503A8C	FUN_00503a8c	4	NO_DIRECT_CALLER_REVIEW	sem caller direto reconhecido; revisar callback/vtable/import	UNMAPPED	CORPUS_ONLY	0	5	0	0
0051BA48	FUN_0051ba48	4	NO_DIRECT_CALLER_REVIEW	sem caller direto reconhecido; revisar callback/vtable/import	UNMAPPED	CORPUS_ONLY	0	1	0	0
0051F296	FUN_0051f296	4	NO_DIRECT_CALLER_REVIEW	sem caller direto reconhecido; revisar callback/vtable/import	UNMAPPED	CORPUS_ONLY	0	10	0	0
0051FCAB	FUN_0051fcab	4	NO_DIRECT_CALLER_REVIEW	sem caller direto reconhecido; revisar callback/vtable/import	UNMAPPED	CORPUS_ONLY	0	6	0	0
005201E9	FUN_005201e9	4	NO_DIRECT_CALLER_REVIEW	sem caller direto reconhecido; revisar callback/vtable/import	UNMAPPED	CORPUS_ONLY	0	1	0	0
0052142D	FUN_0052142d	4	NO_DIRECT_CALLER_REVIEW	sem caller direto reconhecido; revisar callback/vtable/import	UNMAPPED	CORPUS_ONLY	0	10	0	0
00524A51	FUN_00524a51	4	NO_DIRECT_CALLER_REVIEW	sem caller direto reconhecido; revisar callback/vtable/import	UNMAPPED	CORPUS_ONLY	0	2	0	0
00524B16	FUN_00524b16	4	NO_DIRECT_CALLER_REVIEW	sem caller direto reconhecido; revisar callback/vtable/import	UNMAPPED	CORPUS_ONLY	0	1	0	0
00524BBB	FUN_00524bbb	4	NO_DIRECT_CALLER_REVIEW	sem caller direto reconhecido; revisar callback/vtable/import	UNMAPPED	CORPUS_ONLY	0	3	0	0
0052EE94	FUN_0052ee94	4	NO_DIRECT_CALLER_REVIEW	sem caller direto reconhecido; revisar callback/vtable/import	UNMAPPED	CORPUS_ONLY	0	10	1	0
0052FAB0	FUN_0052fab0	4	NO_DIRECT_CALLER_REVIEW	sem caller direto reconhecido; revisar callback/vtable/import	UNMAPPED	CORPUS_ONLY	0	2	0	0
0052FCE6	FUN_0052fce6	4	NO_DIRECT_CALLER_REVIEW	sem caller direto reconhecido; revisar callback/vtable/import	UNMAPPED	CORPUS_ONLY	0	1	0	0
0052FD1F	FUN_0052fd1f	4	NO_DIRECT_CALLER_REVIEW	sem caller direto reconhecido; revisar callback/vtable/import	UNMAPPED	CORPUS_ONLY	0	4	0	0
0052FF30	FUN_0052ff30	4	NO_DIRECT_CALLER_REVIEW	sem caller direto reconhecido; revisar callback/vtable/import	UNMAPPED	CORPUS_ONLY	0	2	0	0
0053015F	FUN_0053015f	4	NO_DIRECT_CALLER_REVIEW	sem caller direto reconhecido; revisar callback/vtable/import	UNMAPPED	CORPUS_ONLY	0	3	0	0
00530361	FUN_00530361	4	NO_DIRECT_CALLER_REVIEW	sem caller direto reconhecido; revisar callback/vtable/import	UNMAPPED	CORPUS_ONLY	0	1	0	0
005303BF	FUN_005303bf	4	NO_DIRECT_CALLER_REVIEW	sem caller direto reconhecido; revisar callback/vtable/import	UNMAPPED	CORPUS_ONLY	0	1	0	0
005305BB	FUN_005305bb	4	NO_DIRECT_CALLER_REVIEW	sem caller direto reconhecido; revisar callback/vtable/import	UNMAPPED	CORPUS_ONLY	0	9	0	0
00530E7A	FUN_00530e7a	4	NO_DIRECT_CALLER_REVIEW	sem caller direto reconhecido; revisar callback/vtable/import	UNMAPPED	CORPUS_ONLY	0	3	0	0
00530F2C	FUN_00530f2c	4	NO_DIRECT_CALLER_REVIEW	sem caller direto reconhecido; revisar callback/vtable/import	UNMAPPED	CORPUS_ONLY	0	1	0	0
00530F4B	FUN_00530f4b	4	NO_DIRECT_CALLER_REVIEW	sem caller direto reconhecido; revisar callback/vtable/import	UNMAPPED	CORPUS_ONLY	0	1	0	0
00530F70	FUN_00530f70	4	NO_DIRECT_CALLER_REVIEW	sem caller direto reconhecido; revisar callback/vtable/import	UNMAPPED	CORPUS_ONLY	0	2	0	0
00531162	FUN_00531162	4	NO_DIRECT_CALLER_REVIEW	sem caller direto reconhecido; revisar callback/vtable/import	UNMAPPED	CORPUS_ONLY	0	3	0	0
00531267	FUN_00531267	4	NO_DIRECT_CALLER_REVIEW	sem caller direto reconhecido; revisar callback/vtable/import	UNMAPPED	CORPUS_ONLY	0	1	0	0
005312C5	FUN_005312c5	4	NO_DIRECT_CALLER_REVIEW	sem caller direto reconhecido; revisar callback/vtable/import	UNMAPPED	CORPUS_ONLY	0	1	0	0
0053134E	FUN_0053134e	4	NO_DIRECT_CALLER_REVIEW	sem caller direto reconhecido; revisar callback/vtable/import	UNMAPPED	CORPUS_ONLY	0	6	0	0
00531842	FUN_00531842	4	NO_DIRECT_CALLER_REVIEW	sem caller direto reconhecido; revisar callback/vtable/import	UNMAPPED	CORPUS_ONLY	0	3	0	0
005318F6	FUN_005318f6	4	NO_DIRECT_CALLER_REVIEW	sem caller direto reconhecido; revisar callback/vtable/import	UNMAPPED	CORPUS_ONLY	0	1	0	0
00531915	FUN_00531915	4	NO_DIRECT_CALLER_REVIEW	sem caller direto reconhecido; revisar callback/vtable/import	UNMAPPED	CORPUS_ONLY	0	1	0	0
00531940	FUN_00531940	4	NO_DIRECT_CALLER_REVIEW	sem caller direto reconhecido; revisar callback/vtable/import	UNMAPPED	CORPUS_ONLY	0	2	0	0
00531ADD	FUN_00531add	4	NO_DIRECT_CALLER_REVIEW	sem caller direto reconhecido; revisar callback/vtable/import	UNMAPPED	CORPUS_ONLY	0	6	0	0
00531DA0	FUN_00531da0	4	NO_DIRECT_CALLER_REVIEW	sem caller direto reconhecido; revisar callback/vtable/import	UNMAPPED	CORPUS_ONLY	0	1	0	0
00531DFA	FUN_00531dfa	4	NO_DIRECT_CALLER_REVIEW	sem caller direto reconhecido; revisar callback/vtable/import	UNMAPPED	CORPUS_ONLY	0	1	0	0
00531FBB	FUN_00531fbb	4	NO_DIRECT_CALLER_REVIEW	sem caller direto reconhecido; revisar callback/vtable/import	UNMAPPED	CORPUS_ONLY	0	4	0	0
0053226F	FUN_0053226f	4	NO_DIRECT_CALLER_REVIEW	sem caller direto reconhecido; revisar callback/vtable/import	UNMAPPED	CORPUS_ONLY	0	3	0	0
00532331	FUN_00532331	4	NO_DIRECT_CALLER_REVIEW	sem caller direto reconhecido; revisar callback/vtable/import	UNMAPPED	CORPUS_ONLY	0	1	0	0
00532360	FUN_00532360	4	NO_DIRECT_CALLER_REVIEW	sem caller direto reconhecido; revisar callback/vtable/import	UNMAPPED	CORPUS_ONLY	0	2	0	0
0053276B	FUN_0053276b	4	NO_DIRECT_CALLER_REVIEW	sem caller direto reconhecido; revisar callback/vtable/import	UNMAPPED	CORPUS_ONLY	0	1	0	0
00538536	FUN_00538536	4	NO_DIRECT_CALLER_REVIEW	sem caller direto reconhecido; revisar callback/vtable/import	UNMAPPED	CORPUS_ONLY	0	2	0	0
005396D7	FUN_005396d7	4	NO_DIRECT_CALLER_REVIEW	sem caller direto reconhecido; revisar callback/vtable/import	UNMAPPED	CORPUS_ONLY	0	0	0	0
0053993D	FUN_0053993d	4	NO_DIRECT_CALLER_REVIEW	sem caller direto reconhecido; revisar callback/vtable/import	UNMAPPED	CORPUS_ONLY	0	1	0	0
0053A950	FUN_0053a950	4	NO_DIRECT_CALLER_REVIEW	sem caller direto reconhecido; revisar callback/vtable/import	UNMAPPED	CORPUS_ONLY	0	2	0	0
0053A980	CTraceSnapshot	4	NO_DIRECT_CALLER_REVIEW	sem caller direto reconhecido; revisar callback/vtable/import	UNMAPPED	CORPUS_ONLY	0	1	0	0
0053AAED	FUN_0053aaed	4	NO_DIRECT_CALLER_REVIEW	sem caller direto reconhecido; revisar callback/vtable/import	UNMAPPED	CORPUS_ONLY	0	1	0	0
0053AC91	FUN_0053ac91	4	NO_DIRECT_CALLER_REVIEW	sem caller direto reconhecido; revisar callback/vtable/import	UNMAPPED	CORPUS_ONLY	0	3	0	0
0053AD6D	FUN_0053ad6d	4	NO_DIRECT_CALLER_REVIEW	sem caller direto reconhecido; revisar callback/vtable/import	UNMAPPED	CORPUS_ONLY	0	6	0	0
0053AEBF	FUN_0053aebf	4	NO_DIRECT_CALLER_REVIEW	sem caller direto reconhecido; revisar callback/vtable/import	UNMAPPED	CORPUS_ONLY	0	4	0	0
0053CD10	FUN_0053cd10	4	NO_DIRECT_CALLER_REVIEW	sem caller direto reconhecido; revisar callback/vtable/import	UNMAPPED	CORPUS_ONLY	0	2	0	0
0053CDC5	FUN_0053cdc5	4	NO_DIRECT_CALLER_REVIEW	sem caller direto reconhecido; revisar callback/vtable/import	UNMAPPED	CORPUS_ONLY	0	3	0	0
0053CE90	FUN_0053ce90	4	NO_DIRECT_CALLER_REVIEW	sem caller direto reconhecido; revisar callback/vtable/import	UNMAPPED	CORPUS_ONLY	0	1	0	0
0053CEB1	FUN_0053ceb1	4	NO_DIRECT_CALLER_REVIEW	sem caller direto reconhecido; revisar callback/vtable/import	UNMAPPED	CORPUS_ONLY	0	5	0	0
0053D3B0	FUN_0053d3b0	4	NO_DIRECT_CALLER_REVIEW	sem caller direto reconhecido; revisar callback/vtable/import	UNMAPPED	CORPUS_ONLY	0	6	0	0
0053D5B4	FUN_0053d5b4	4	NO_DIRECT_CALLER_REVIEW	sem caller direto reconhecido; revisar callback/vtable/import	UNMAPPED	CORPUS_ONLY	0	3	0	0
0053D666	FUN_0053d666	4	NO_DIRECT_CALLER_REVIEW	sem caller direto reconhecido; revisar callback/vtable/import	UNMAPPED	CORPUS_ONLY	0	1	0	0
0053D690	FUN_0053d690	4	NO_DIRECT_CALLER_REVIEW	sem caller direto reconhecido; revisar callback/vtable/import	UNMAPPED	CORPUS_ONLY	0	2	0	0
0053D8DD	FUN_0053d8dd	4	NO_DIRECT_CALLER_REVIEW	sem caller direto reconhecido; revisar callback/vtable/import	UNMAPPED	CORPUS_ONLY	0	3	0	0
0053D9E4	FUN_0053d9e4	4	NO_DIRECT_CALLER_REVIEW	sem caller direto reconhecido; revisar callback/vtable/import	UNMAPPED	CORPUS_ONLY	0	1	0	0
0053DAE4	FUN_0053dae4	4	NO_DIRECT_CALLER_REVIEW	sem caller direto reconhecido; revisar callback/vtable/import	UNMAPPED	CORPUS_ONLY	0	1	0	0
0053DF10	FUN_0053df10	4	NO_DIRECT_CALLER_REVIEW	sem caller direto reconhecido; revisar callback/vtable/import	UNMAPPED	CORPUS_ONLY	0	2	0	0
0053E4A1	FUN_0053e4a1	4	NO_DIRECT_CALLER_REVIEW	sem caller direto reconhecido; revisar callback/vtable/import	UNMAPPED	CORPUS_ONLY	0	0	0	0
0053E4AE	FUN_0053e4ae	4	NO_DIRECT_CALLER_REVIEW	sem caller direto reconhecido; revisar callback/vtable/import	UNMAPPED	CORPUS_ONLY	0	0	0	0
0053E55A	FUN_0053e55a	4	NO_DIRECT_CALLER_REVIEW	sem caller direto reconhecido; revisar callback/vtable/import	UNMAPPED	CORPUS_ONLY	0	4	0	0
0053E9AE	FUN_0053e9ae	4	NO_DIRECT_CALLER_REVIEW	sem caller direto reconhecido; revisar callback/vtable/import	UNMAPPED	CORPUS_ONLY	0	1	0	0
0053F6B0	FUN_0053f6b0	4	NO_DIRECT_CALLER_REVIEW	sem caller direto reconhecido; revisar callback/vtable/import	UNMAPPED	CORPUS_ONLY	0	3	0	0
0053F852	FUN_0053f852	4	NO_DIRECT_CALLER_REVIEW	sem caller direto reconhecido; revisar callback/vtable/import	UNMAPPED	CORPUS_ONLY	0	3	0	0
0053F933	FUN_0053f933	4	NO_DIRECT_CALLER_REVIEW	sem caller direto reconhecido; revisar callback/vtable/import	UNMAPPED	CORPUS_ONLY	0	1	0	0
0053F985	FUN_0053f985	4	NO_DIRECT_CALLER_REVIEW	sem caller direto reconhecido; revisar callback/vtable/import	UNMAPPED	CORPUS_ONLY	0	3	0	0
0054056D	FUN_0054056d	4	NO_DIRECT_CALLER_REVIEW	sem caller direto reconhecido; revisar callback/vtable/import	UNMAPPED	CORPUS_ONLY	0	1	0	0
0054552E	FUN_0054552e	4	NO_DIRECT_CALLER_REVIEW	sem caller direto reconhecido; revisar callback/vtable/import	UNMAPPED	CORPUS_ONLY	0	2	0	0
0054567A	FUN_0054567a	4	NO_DIRECT_CALLER_REVIEW	sem caller direto reconhecido; revisar callback/vtable/import	UNMAPPED	CORPUS_ONLY	0	0	0	0
005456D0	FUN_005456d0	4	NO_DIRECT_CALLER_REVIEW	sem caller direto reconhecido; revisar callback/vtable/import	UNMAPPED	CORPUS_ONLY	0	2	0	0
00545700	FUN_00545700	4	NO_DIRECT_CALLER_REVIEW	sem caller direto reconhecido; revisar callback/vtable/import	UNMAPPED	CORPUS_ONLY	0	2	0	0
00545838	FUN_00545838	4	NO_DIRECT_CALLER_REVIEW	sem caller direto reconhecido; revisar callback/vtable/import	UNMAPPED	CORPUS_ONLY	0	2	0	0
005458CE	FUN_005458ce	4	NO_DIRECT_CALLER_REVIEW	sem caller direto reconhecido; revisar callback/vtable/import	UNMAPPED	CORPUS_ONLY	0	2	0	0
00546007	FUN_00546007	4	NO_DIRECT_CALLER_REVIEW	sem caller direto reconhecido; revisar callback/vtable/import	UNMAPPED	CORPUS_ONLY	0	7	0	0
005469D7	FUN_005469d7	4	NO_DIRECT_CALLER_REVIEW	sem caller direto reconhecido; revisar callback/vtable/import	UNMAPPED	CORPUS_ONLY	0	2	0	0
00546E94	FUN_00546e94	4	NO_DIRECT_CALLER_REVIEW	sem caller direto reconhecido; revisar callback/vtable/import	UNMAPPED	CORPUS_ONLY	0	5	0	0
00547210	FUN_00547210	4	NO_DIRECT_CALLER_REVIEW	sem caller direto reconhecido; revisar callback/vtable/import	UNMAPPED	CORPUS_ONLY	0	2	0	0
0054737D	FUN_0054737d	4	NO_DIRECT_CALLER_REVIEW	sem caller direto reconhecido; revisar callback/vtable/import	UNMAPPED	CORPUS_ONLY	0	3	0	0
00547434	FUN_00547434	4	NO_DIRECT_CALLER_REVIEW	sem caller direto reconhecido; revisar callback/vtable/import	UNMAPPED	CORPUS_ONLY	0	2	0	0
0054746A	FUN_0054746a	4	NO_DIRECT_CALLER_REVIEW	sem caller direto reconhecido; revisar callback/vtable/import	UNMAPPED	CORPUS_ONLY	0	1	0	0
005474C1	FUN_005474c1	4	NO_DIRECT_CALLER_REVIEW	sem caller direto reconhecido; revisar callback/vtable/import	UNMAPPED	CORPUS_ONLY	0	2	0	0
0054757E	FUN_0054757e	4	NO_DIRECT_CALLER_REVIEW	sem caller direto reconhecido; revisar callback/vtable/import	UNMAPPED	CORPUS_ONLY	0	2	0	0
005476D7	FUN_005476d7	4	NO_DIRECT_CALLER_REVIEW	sem caller direto reconhecido; revisar callback/vtable/import	UNMAPPED	CORPUS_ONLY	0	3	0	0
0054778B	FUN_0054778b	4	NO_DIRECT_CALLER_REVIEW	sem caller direto reconhecido; revisar callback/vtable/import	UNMAPPED	CORPUS_ONLY	0	1	0	0
005477AA	FUN_005477aa	4	NO_DIRECT_CALLER_REVIEW	sem caller direto reconhecido; revisar callback/vtable/import	UNMAPPED	CORPUS_ONLY	0	3	0	0
00547860	FUN_00547860	4	NO_DIRECT_CALLER_REVIEW	sem caller direto reconhecido; revisar callback/vtable/import	UNMAPPED	CORPUS_ONLY	0	2	0	0
00547E7F	FUN_00547e7f	4	NO_DIRECT_CALLER_REVIEW	sem caller direto reconhecido; revisar callback/vtable/import	UNMAPPED	CORPUS_ONLY	0	0	0	0
00547E8A	FUN_00547e8a	4	NO_DIRECT_CALLER_REVIEW	sem caller direto reconhecido; revisar callback/vtable/import	UNMAPPED	CORPUS_ONLY	0	8	0	0
005484D1	FUN_005484d1	4	NO_DIRECT_CALLER_REVIEW	sem caller direto reconhecido; revisar callback/vtable/import	UNMAPPED	CORPUS_ONLY	0	7	0	0
00549CF0	FUN_00549cf0	4	NO_DIRECT_CALLER_REVIEW	sem caller direto reconhecido; revisar callback/vtable/import	UNMAPPED	CORPUS_ONLY	0	2	0	0
00549D20	FUN_00549d20	4	NO_DIRECT_CALLER_REVIEW	sem caller direto reconhecido; revisar callback/vtable/import	UNMAPPED	CORPUS_ONLY	0	1	0	0
00549FC8	FUN_00549fc8	4	NO_DIRECT_CALLER_REVIEW	sem caller direto reconhecido; revisar callback/vtable/import	UNMAPPED	CORPUS_ONLY	0	3	0	0
0054A097	FUN_0054a097	4	NO_DIRECT_CALLER_REVIEW	sem caller direto reconhecido; revisar callback/vtable/import	UNMAPPED	CORPUS_ONLY	0	3	0	0
0054A0F0	FUN_0054a0f0	4	NO_DIRECT_CALLER_REVIEW	sem caller direto reconhecido; revisar callback/vtable/import	UNMAPPED	CORPUS_ONLY	0	3	0	0
0054A46D	FUN_0054a46d	4	NO_DIRECT_CALLER_REVIEW	sem caller direto reconhecido; revisar callback/vtable/import	UNMAPPED	CORPUS_ONLY	0	8	0	0
0054A8B6	FUN_0054a8b6	4	NO_DIRECT_CALLER_REVIEW	sem caller direto reconhecido; revisar callback/vtable/import	UNMAPPED	CORPUS_ONLY	0	3	0	0
0054A96A	FUN_0054a96a	4	NO_DIRECT_CALLER_REVIEW	sem caller direto reconhecido; revisar callback/vtable/import	UNMAPPED	CORPUS_ONLY	0	1	0	0
0054A989	FUN_0054a989	4	NO_DIRECT_CALLER_REVIEW	sem caller direto reconhecido; revisar callback/vtable/import	UNMAPPED	CORPUS_ONLY	0	1	0	0
0054A9B0	FUN_0054a9b0	4	NO_DIRECT_CALLER_REVIEW	sem caller direto reconhecido; revisar callback/vtable/import	UNMAPPED	CORPUS_ONLY	0	2	0	0
0054AB75	FUN_0054ab75	4	NO_DIRECT_CALLER_REVIEW	sem caller direto reconhecido; revisar callback/vtable/import	UNMAPPED	CORPUS_ONLY	0	0	0	0
0054AB84	FUN_0054ab84	4	NO_DIRECT_CALLER_REVIEW	sem caller direto reconhecido; revisar callback/vtable/import	UNMAPPED	CORPUS_ONLY	0	0	0	0
0054AB93	FUN_0054ab93	4	NO_DIRECT_CALLER_REVIEW	sem caller direto reconhecido; revisar callback/vtable/import	UNMAPPED	CORPUS_ONLY	0	0	0	0
0054ABA5	FUN_0054aba5	4	NO_DIRECT_CALLER_REVIEW	sem caller direto reconhecido; revisar callback/vtable/import	UNMAPPED	CORPUS_ONLY	0	0	0	0
0054ABB5	FUN_0054abb5	4	NO_DIRECT_CALLER_REVIEW	sem caller direto reconhecido; revisar callback/vtable/import	UNMAPPED	CORPUS_ONLY	0	0	0	0
0054ABC0	FUN_0054abc0	4	NO_DIRECT_CALLER_REVIEW	sem caller direto reconhecido; revisar callback/vtable/import	UNMAPPED	CORPUS_ONLY	0	0	0	0
0054ABCB	FUN_0054abcb	4	NO_DIRECT_CALLER_REVIEW	sem caller direto reconhecido; revisar callback/vtable/import	UNMAPPED	CORPUS_ONLY	0	0	0	0
0054ABD6	FUN_0054abd6	4	NO_DIRECT_CALLER_REVIEW	sem caller direto reconhecido; revisar callback/vtable/import	UNMAPPED	CORPUS_ONLY	0	0	0	0
0054AC49	FUN_0054ac49	4	NO_DIRECT_CALLER_REVIEW	sem caller direto reconhecido; revisar callback/vtable/import	UNMAPPED	CORPUS_ONLY	0	0	0	0
0054AE40	FUN_0054ae40	4	NO_DIRECT_CALLER_REVIEW	sem caller direto reconhecido; revisar callback/vtable/import	UNMAPPED	CORPUS_ONLY	0	7	0	0
0054B01F	FUN_0054b01f	4	NO_DIRECT_CALLER_REVIEW	sem caller direto reconhecido; revisar callback/vtable/import	UNMAPPED	CORPUS_ONLY	0	0	0	0
0054B02F	FUN_0054b02f	4	NO_DIRECT_CALLER_REVIEW	sem caller direto reconhecido; revisar callback/vtable/import	UNMAPPED	CORPUS_ONLY	0	3	0	0
0054B110	FUN_0054b110	4	NO_DIRECT_CALLER_REVIEW	sem caller direto reconhecido; revisar callback/vtable/import	UNMAPPED	CORPUS_ONLY	0	2	0	0
0054B2FD	FUN_0054b2fd	4	NO_DIRECT_CALLER_REVIEW	sem caller direto reconhecido; revisar callback/vtable/import	UNMAPPED	CORPUS_ONLY	0	0	0	0
0054B359	FUN_0054b359	4	NO_DIRECT_CALLER_REVIEW	sem caller direto reconhecido; revisar callback/vtable/import	UNMAPPED	CORPUS_ONLY	0	3	0	0
0054B6B5	FUN_0054b6b5	4	NO_DIRECT_CALLER_REVIEW	sem caller direto reconhecido; revisar callback/vtable/import	UNMAPPED	CORPUS_ONLY	0	2	0	0
0054B8C6	FUN_0054b8c6	4	NO_DIRECT_CALLER_REVIEW	sem caller direto reconhecido; revisar callback/vtable/import	UNMAPPED	CORPUS_ONLY	0	3	0	0
0054BC4F	FUN_0054bc4f	4	NO_DIRECT_CALLER_REVIEW	sem caller direto reconhecido; revisar callback/vtable/import	UNMAPPED	CORPUS_ONLY	0	2	0	0
0054BD4B	FUN_0054bd4b	4	NO_DIRECT_CALLER_REVIEW	sem caller direto reconhecido; revisar callback/vtable/import	UNMAPPED	CORPUS_ONLY	0	1	0	0
0054BD92	FUN_0054bd92	4	NO_DIRECT_CALLER_REVIEW	sem caller direto reconhecido; revisar callback/vtable/import	UNMAPPED	CORPUS_ONLY	0	1	0	0
0054BE92	FUN_0054be92	4	NO_DIRECT_CALLER_REVIEW	sem caller direto reconhecido; revisar callback/vtable/import	UNMAPPED	CORPUS_ONLY	0	2	0	0
0054BF7E	FUN_0054bf7e	4	NO_DIRECT_CALLER_REVIEW	sem caller direto reconhecido; revisar callback/vtable/import	UNMAPPED	CORPUS_ONLY	0	0	1	0
0054BFB7	FUN_0054bfb7	4	NO_DIRECT_CALLER_REVIEW	sem caller direto reconhecido; revisar callback/vtable/import	UNMAPPED	CORPUS_ONLY	0	1	0	0
0054C084	FUN_0054c084	4	NO_DIRECT_CALLER_REVIEW	sem caller direto reconhecido; revisar callback/vtable/import	UNMAPPED	CORPUS_ONLY	0	2	0	0
0054C0C4	FUN_0054c0c4	4	NO_DIRECT_CALLER_REVIEW	sem caller direto reconhecido; revisar callback/vtable/import	UNMAPPED	CORPUS_ONLY	0	2	0	0
0054C108	FUN_0054c108	4	NO_DIRECT_CALLER_REVIEW	sem caller direto reconhecido; revisar callback/vtable/import	UNMAPPED	CORPUS_ONLY	0	2	0	0
0054C14F	FUN_0054c14f	4	NO_DIRECT_CALLER_REVIEW	sem caller direto reconhecido; revisar callback/vtable/import	UNMAPPED	CORPUS_ONLY	0	2	0	0
0054C193	FUN_0054c193	4	NO_DIRECT_CALLER_REVIEW	sem caller direto reconhecido; revisar callback/vtable/import	UNMAPPED	CORPUS_ONLY	0	2	0	0
0054C1DA	FUN_0054c1da	4	NO_DIRECT_CALLER_REVIEW	sem caller direto reconhecido; revisar callback/vtable/import	UNMAPPED	CORPUS_ONLY	0	2	0	0
0054C221	FUN_0054c221	4	NO_DIRECT_CALLER_REVIEW	sem caller direto reconhecido; revisar callback/vtable/import	UNMAPPED	CORPUS_ONLY	0	2	0	0
0054C268	FUN_0054c268	4	NO_DIRECT_CALLER_REVIEW	sem caller direto reconhecido; revisar callback/vtable/import	UNMAPPED	CORPUS_ONLY	0	6	0	0
0054C57D	FUN_0054c57d	4	NO_DIRECT_CALLER_REVIEW	sem caller direto reconhecido; revisar callback/vtable/import	UNMAPPED	CORPUS_ONLY	0	1	0	0
0054C63F	FUN_0054c63f	4	NO_DIRECT_CALLER_REVIEW	sem caller direto reconhecido; revisar callback/vtable/import	UNMAPPED	CORPUS_ONLY	0	4	0	0
0054C6FE	FUN_0054c6fe	4	NO_DIRECT_CALLER_REVIEW	sem caller direto reconhecido; revisar callback/vtable/import	UNMAPPED	CORPUS_ONLY	0	1	0	0
0054DE1F	FUN_0054de1f	4	NO_DIRECT_CALLER_REVIEW	sem caller direto reconhecido; revisar callback/vtable/import	UNMAPPED	CORPUS_ONLY	0	0	0	0
0054E268	FUN_0054e268	4	NO_DIRECT_CALLER_REVIEW	sem caller direto reconhecido; revisar callback/vtable/import	UNMAPPED	CORPUS_ONLY	0	0	0	0
0054E5C2	FUN_0054e5c2	4	NO_DIRECT_CALLER_REVIEW	sem caller direto reconhecido; revisar callback/vtable/import	UNMAPPED	CORPUS_ONLY	0	3	0	0
0054E709	FUN_0054e709	4	NO_DIRECT_CALLER_REVIEW	sem caller direto reconhecido; revisar callback/vtable/import	UNMAPPED	CORPUS_ONLY	0	0	0	0
0054EA78	FUN_0054ea78	4	NO_DIRECT_CALLER_REVIEW	sem caller direto reconhecido; revisar callback/vtable/import	UNMAPPED	CORPUS_ONLY	0	0	0	0
0054EE5B	FUN_0054ee5b	4	NO_DIRECT_CALLER_REVIEW	sem caller direto reconhecido; revisar callback/vtable/import	UNMAPPED	CORPUS_ONLY	0	1	0	0
0054EF8F	FUN_0054ef8f	4	NO_DIRECT_CALLER_REVIEW	sem caller direto reconhecido; revisar callback/vtable/import	UNMAPPED	CORPUS_ONLY	0	1	0	0
0054F08B	FUN_0054f08b	4	NO_DIRECT_CALLER_REVIEW	sem caller direto reconhecido; revisar callback/vtable/import	UNMAPPED	CORPUS_ONLY	0	0	0	0
0054F4D6	FUN_0054f4d6	4	NO_DIRECT_CALLER_REVIEW	sem caller direto reconhecido; revisar callback/vtable/import	UNMAPPED	CORPUS_ONLY	0	4	0	0
0054FC3D	FUN_0054fc3d	4	NO_DIRECT_CALLER_REVIEW	sem caller direto reconhecido; revisar callback/vtable/import	UNMAPPED	CORPUS_ONLY	0	1	0	0
0054FCE1	FUN_0054fce1	4	NO_DIRECT_CALLER_REVIEW	sem caller direto reconhecido; revisar callback/vtable/import	UNMAPPED	CORPUS_ONLY	0	2	0	0
0054FDB9	FUN_0054fdb9	4	NO_DIRECT_CALLER_REVIEW	sem caller direto reconhecido; revisar callback/vtable/import	UNMAPPED	CORPUS_ONLY	0	5	0	0
00552A6E	FUN_00552a6e	4	NO_DIRECT_CALLER_REVIEW	sem caller direto reconhecido; revisar callback/vtable/import	UNMAPPED	CORPUS_ONLY	0	1	0	0
00552CC8	FUN_00552cc8	4	NO_DIRECT_CALLER_REVIEW	sem caller direto reconhecido; revisar callback/vtable/import	UNMAPPED	CORPUS_ONLY	0	0	0	0
00552E5B	FUN_00552e5b	4	NO_DIRECT_CALLER_REVIEW	sem caller direto reconhecido; revisar callback/vtable/import	UNMAPPED	CORPUS_ONLY	0	0	0	0
00552ECB	FUN_00552ecb	4	NO_DIRECT_CALLER_REVIEW	sem caller direto reconhecido; revisar callback/vtable/import	UNMAPPED	CORPUS_ONLY	0	0	0	0
00552FB2	FUN_00552fb2	4	NO_DIRECT_CALLER_REVIEW	sem caller direto reconhecido; revisar callback/vtable/import	UNMAPPED	CORPUS_ONLY	0	0	0	0
00553681	FUN_00553681	4	NO_DIRECT_CALLER_REVIEW	sem caller direto reconhecido; revisar callback/vtable/import	UNMAPPED	CORPUS_ONLY	0	3	0	0
00553AB1	FUN_00553ab1	4	NO_DIRECT_CALLER_REVIEW	sem caller direto reconhecido; revisar callback/vtable/import	UNMAPPED	CORPUS_ONLY	0	4	0	0
00553C2B	FUN_00553c2b	4	NO_DIRECT_CALLER_REVIEW	sem caller direto reconhecido; revisar callback/vtable/import	UNMAPPED	CORPUS_ONLY	0	9	0	0
00553EB8	FUN_00553eb8	4	NO_DIRECT_CALLER_REVIEW	sem caller direto reconhecido; revisar callback/vtable/import	UNMAPPED	CORPUS_ONLY	0	10	0	0
00554513	FUN_00554513	4	NO_DIRECT_CALLER_REVIEW	sem caller direto reconhecido; revisar callback/vtable/import	UNMAPPED	CORPUS_ONLY	0	5	0	0
005552E3	FUN_005552e3	4	NO_DIRECT_CALLER_REVIEW	sem caller direto reconhecido; revisar callback/vtable/import	UNMAPPED	CORPUS_ONLY	0	0	0	0
005555ED	FUN_005555ed	4	NO_DIRECT_CALLER_REVIEW	sem caller direto reconhecido; revisar callback/vtable/import	UNMAPPED	CORPUS_ONLY	0	0	0	0
005557DF	FUN_005557df	4	NO_DIRECT_CALLER_REVIEW	sem caller direto reconhecido; revisar callback/vtable/import	UNMAPPED	CORPUS_ONLY	0	0	0	0
005558AB	FUN_005558ab	4	NO_DIRECT_CALLER_REVIEW	sem caller direto reconhecido; revisar callback/vtable/import	UNMAPPED	CORPUS_ONLY	0	0	0	0
005558E1	FUN_005558e1	4	NO_DIRECT_CALLER_REVIEW	sem caller direto reconhecido; revisar callback/vtable/import	UNMAPPED	CORPUS_ONLY	0	0	0	0
005581E6	FUN_005581e6	4	NO_DIRECT_CALLER_REVIEW	sem caller direto reconhecido; revisar callback/vtable/import	UNMAPPED	CORPUS_ONLY	0	2	0	0
005588E2	FUN_005588e2	4	NO_DIRECT_CALLER_REVIEW	sem caller direto reconhecido; revisar callback/vtable/import	UNMAPPED	CORPUS_ONLY	0	0	0	0
00559F1E	FUN_00559f1e	4	NO_DIRECT_CALLER_REVIEW	sem caller direto reconhecido; revisar callback/vtable/import	UNMAPPED	CORPUS_ONLY	0	0	0	0
0055A00B	FUN_0055a00b	4	NO_DIRECT_CALLER_REVIEW	sem caller direto reconhecido; revisar callback/vtable/import	UNMAPPED	CORPUS_ONLY	0	0	0	0
0055F470	FUN_0055f470	4	NO_DIRECT_CALLER_REVIEW	sem caller direto reconhecido; revisar callback/vtable/import	UNMAPPED	CORPUS_ONLY	0	3	0	0
0055F657	FUN_0055f657	4	NO_DIRECT_CALLER_REVIEW	sem caller direto reconhecido; revisar callback/vtable/import	UNMAPPED	CORPUS_ONLY	0	3	0	0
00560FA0	FUN_00560fa0	4	NO_DIRECT_CALLER_REVIEW	sem caller direto reconhecido; revisar callback/vtable/import	UNMAPPED	CORPUS_ONLY	0	1	2	0
00560FDD	FUN_00560fdd	4	NO_DIRECT_CALLER_REVIEW	sem caller direto reconhecido; revisar callback/vtable/import	UNMAPPED	CORPUS_ONLY	0	0	0	0
00561095	FUN_00561095	4	NO_DIRECT_CALLER_REVIEW	sem caller direto reconhecido; revisar callback/vtable/import	UNMAPPED	CORPUS_ONLY	0	0	0	0
00561173	FUN_00561173	4	NO_DIRECT_CALLER_REVIEW	sem caller direto reconhecido; revisar callback/vtable/import	UNMAPPED	CORPUS_ONLY	0	0	0	0
005611DD	FUN_005611dd	4	NO_DIRECT_CALLER_REVIEW	sem caller direto reconhecido; revisar callback/vtable/import	UNMAPPED	CORPUS_ONLY	0	1	2	0
0056121A	FUN_0056121a	4	NO_DIRECT_CALLER_REVIEW	sem caller direto reconhecido; revisar callback/vtable/import	UNMAPPED	CORPUS_ONLY	0	0	0	0
005612F2	FUN_005612f2	4	NO_DIRECT_CALLER_REVIEW	sem caller direto reconhecido; revisar callback/vtable/import	UNMAPPED	CORPUS_ONLY	0	0	0	0
005613F2	FUN_005613f2	4	NO_DIRECT_CALLER_REVIEW	sem caller direto reconhecido; revisar callback/vtable/import	UNMAPPED	CORPUS_ONLY	0	0	0	0
0056144F	FUN_0056144f	4	NO_DIRECT_CALLER_REVIEW	sem caller direto reconhecido; revisar callback/vtable/import	UNMAPPED	CORPUS_ONLY	0	1	2	0
00561462	FUN_00561462	4	NO_DIRECT_CALLER_REVIEW	sem caller direto reconhecido; revisar callback/vtable/import	UNMAPPED	CORPUS_ONLY	0	1	2	0
005614E8	FUN_005614e8	4	NO_DIRECT_CALLER_REVIEW	sem caller direto reconhecido; revisar callback/vtable/import	UNMAPPED	CORPUS_ONLY	0	1	2	0
00561644	FUN_00561644	4	NO_DIRECT_CALLER_REVIEW	sem caller direto reconhecido; revisar callback/vtable/import	UNMAPPED	CORPUS_ONLY	0	0	0	0
0056173F	FUN_0056173f	4	NO_DIRECT_CALLER_REVIEW	sem caller direto reconhecido; revisar callback/vtable/import	UNMAPPED	CORPUS_ONLY	0	0	0	0
00561861	FUN_00561861	4	NO_DIRECT_CALLER_REVIEW	sem caller direto reconhecido; revisar callback/vtable/import	UNMAPPED	CORPUS_ONLY	0	0	0	0
00561A5B	FUN_00561a5b	4	NO_DIRECT_CALLER_REVIEW	sem caller direto reconhecido; revisar callback/vtable/import	UNMAPPED	CORPUS_ONLY	0	1	2	0
00561CA4	FUN_00561ca4	4	NO_DIRECT_CALLER_REVIEW	sem caller direto reconhecido; revisar callback/vtable/import	UNMAPPED	CORPUS_ONLY	0	1	2	0
00561D24	FUN_00561d24	4	NO_DIRECT_CALLER_REVIEW	sem caller direto reconhecido; revisar callback/vtable/import	UNMAPPED	CORPUS_ONLY	0	1	2	0
00561F6D	FUN_00561f6d	4	NO_DIRECT_CALLER_REVIEW	sem caller direto reconhecido; revisar callback/vtable/import	UNMAPPED	CORPUS_ONLY	0	1	2	0
0056272C	FUN_0056272c	4	NO_DIRECT_CALLER_REVIEW	sem caller direto reconhecido; revisar callback/vtable/import	UNMAPPED	CORPUS_ONLY	0	1	2	0
00562855	FUN_00562855	4	NO_DIRECT_CALLER_REVIEW	sem caller direto reconhecido; revisar callback/vtable/import	UNMAPPED	CORPUS_ONLY	0	1	2	0
00562893	FUN_00562893	4	NO_DIRECT_CALLER_REVIEW	sem caller direto reconhecido; revisar callback/vtable/import	UNMAPPED	CORPUS_ONLY	0	2	0	0
00562AD1	FUN_00562ad1	4	NO_DIRECT_CALLER_REVIEW	sem caller direto reconhecido; revisar callback/vtable/import	UNMAPPED	CORPUS_ONLY	0	1	2	0
00562C38	FUN_00562c38	4	NO_DIRECT_CALLER_REVIEW	sem caller direto reconhecido; revisar callback/vtable/import	UNMAPPED	CORPUS_ONLY	0	1	0	0
00562DA1	FUN_00562da1	4	NO_DIRECT_CALLER_REVIEW	sem caller direto reconhecido; revisar callback/vtable/import	UNMAPPED	CORPUS_ONLY	0	1	2	0
00562DAE	thunk_FUN_00562da1	4	NO_DIRECT_CALLER_REVIEW	sem caller direto reconhecido; revisar callback/vtable/import	UNMAPPED	CORPUS_ONLY	0	0	6	0
00562F10	FUN_00562f10	4	NO_DIRECT_CALLER_REVIEW	sem caller direto reconhecido; revisar callback/vtable/import	UNMAPPED	CORPUS_ONLY	0	1	2	0
00562F1D	thunk_FUN_00562f10	4	NO_DIRECT_CALLER_REVIEW	sem caller direto reconhecido; revisar callback/vtable/import	UNMAPPED	CORPUS_ONLY	0	0	2	0
00562FD7	FUN_00562fd7	4	NO_DIRECT_CALLER_REVIEW	sem caller direto reconhecido; revisar callback/vtable/import	UNMAPPED	CORPUS_ONLY	0	0	4	0
0056305B	FUN_0056305b	4	NO_DIRECT_CALLER_REVIEW	sem caller direto reconhecido; revisar callback/vtable/import	UNMAPPED	CORPUS_ONLY	0	0	2	0
00563233	FUN_00563233	4	NO_DIRECT_CALLER_REVIEW	sem caller direto reconhecido; revisar callback/vtable/import	UNMAPPED	CORPUS_ONLY	0	1	0	0
0056328A	FUN_0056328a	4	NO_DIRECT_CALLER_REVIEW	sem caller direto reconhecido; revisar callback/vtable/import	UNMAPPED	CORPUS_ONLY	0	1	1	0
005632CA	FUN_005632ca	4	NO_DIRECT_CALLER_REVIEW	sem caller direto reconhecido; revisar callback/vtable/import	UNMAPPED	CORPUS_ONLY	0	2	0	0
00563355	FUN_00563355	4	NO_DIRECT_CALLER_REVIEW	sem caller direto reconhecido; revisar callback/vtable/import	UNMAPPED	CORPUS_ONLY	0	1	2	0
0056365B	FUN_0056365b	4	NO_DIRECT_CALLER_REVIEW	sem caller direto reconhecido; revisar callback/vtable/import	UNMAPPED	CORPUS_ONLY	0	1	0	0
005636E8	FUN_005636e8	4	NO_DIRECT_CALLER_REVIEW	sem caller direto reconhecido; revisar callback/vtable/import	UNMAPPED	CORPUS_ONLY	0	0	0	0
00563753	FUN_00563753	4	NO_DIRECT_CALLER_REVIEW	sem caller direto reconhecido; revisar callback/vtable/import	UNMAPPED	CORPUS_ONLY	0	1	0	0
005637D3	FUN_005637d3	4	NO_DIRECT_CALLER_REVIEW	sem caller direto reconhecido; revisar callback/vtable/import	UNMAPPED	CORPUS_ONLY	0	0	0	0
0056380F	FUN_0056380f	4	NO_DIRECT_CALLER_REVIEW	sem caller direto reconhecido; revisar callback/vtable/import	UNMAPPED	CORPUS_ONLY	0	1	0	0
005638AF	FUN_005638af	4	NO_DIRECT_CALLER_REVIEW	sem caller direto reconhecido; revisar callback/vtable/import	UNMAPPED	CORPUS_ONLY	0	0	0	0
0056393A	FUN_0056393a	4	NO_DIRECT_CALLER_REVIEW	sem caller direto reconhecido; revisar callback/vtable/import	UNMAPPED	CORPUS_ONLY	0	1	0	0
005639F9	FUN_005639f9	4	NO_DIRECT_CALLER_REVIEW	sem caller direto reconhecido; revisar callback/vtable/import	UNMAPPED	CORPUS_ONLY	0	2	0	0
00563B86	FUN_00563b86	4	NO_DIRECT_CALLER_REVIEW	sem caller direto reconhecido; revisar callback/vtable/import	UNMAPPED	CORPUS_ONLY	0	3	0	0
00563D2C	FUN_00563d2c	4	NO_DIRECT_CALLER_REVIEW	sem caller direto reconhecido; revisar callback/vtable/import	UNMAPPED	CORPUS_ONLY	0	1	0	0
00563DE5	FUN_00563de5	4	NO_DIRECT_CALLER_REVIEW	sem caller direto reconhecido; revisar callback/vtable/import	UNMAPPED	CORPUS_ONLY	0	2	0	0
00563E1E	FUN_00563e1e	4	NO_DIRECT_CALLER_REVIEW	sem caller direto reconhecido; revisar callback/vtable/import	UNMAPPED	CORPUS_ONLY	0	3	0	0
0056421A	FUN_0056421a	4	NO_DIRECT_CALLER_REVIEW	sem caller direto reconhecido; revisar callback/vtable/import	UNMAPPED	CORPUS_ONLY	0	1	0	0
005642F4	FUN_005642f4	4	NO_DIRECT_CALLER_REVIEW	sem caller direto reconhecido; revisar callback/vtable/import	UNMAPPED	CORPUS_ONLY	0	1	0	0
005655DF	FUN_005655df	4	NO_DIRECT_CALLER_REVIEW	sem caller direto reconhecido; revisar callback/vtable/import	UNMAPPED	CORPUS_ONLY	0	1	0	0
00567AFA	FUN_00567afa	4	NO_DIRECT_CALLER_REVIEW	sem caller direto reconhecido; revisar callback/vtable/import	UNMAPPED	CORPUS_ONLY	0	0	1	0
00567BE2	FUN_00567be2	4	NO_DIRECT_CALLER_REVIEW	sem caller direto reconhecido; revisar callback/vtable/import	UNMAPPED	CORPUS_ONLY	0	1	2	0
0056B4E9	FUN_0056b4e9	4	NO_DIRECT_CALLER_REVIEW	sem caller direto reconhecido; revisar callback/vtable/import	UNMAPPED	CORPUS_ONLY	0	5	0	0
0056BB52	FUN_0056bb52	4	NO_DIRECT_CALLER_REVIEW	sem caller direto reconhecido; revisar callback/vtable/import	UNMAPPED	CORPUS_ONLY	0	2	0	0
0056BBE9	FUN_0056bbe9	4	NO_DIRECT_CALLER_REVIEW	sem caller direto reconhecido; revisar callback/vtable/import	UNMAPPED	CORPUS_ONLY	0	1	0	0
0056BD25	FUN_0056bd25	4	NO_DIRECT_CALLER_REVIEW	sem caller direto reconhecido; revisar callback/vtable/import	UNMAPPED	CORPUS_ONLY	0	2	0	0
0056BE11	FUN_0056be11	4	NO_DIRECT_CALLER_REVIEW	sem caller direto reconhecido; revisar callback/vtable/import	UNMAPPED	CORPUS_ONLY	0	2	0	0
0056BF34	FUN_0056bf34	4	NO_DIRECT_CALLER_REVIEW	sem caller direto reconhecido; revisar callback/vtable/import	UNMAPPED	CORPUS_ONLY	0	2	0	0
0056C035	FUN_0056c035	4	NO_DIRECT_CALLER_REVIEW	sem caller direto reconhecido; revisar callback/vtable/import	UNMAPPED	CORPUS_ONLY	0	2	0	0
0056C136	FUN_0056c136	4	NO_DIRECT_CALLER_REVIEW	sem caller direto reconhecido; revisar callback/vtable/import	UNMAPPED	CORPUS_ONLY	0	2	0	0
0056C237	FUN_0056c237	4	NO_DIRECT_CALLER_REVIEW	sem caller direto reconhecido; revisar callback/vtable/import	UNMAPPED	CORPUS_ONLY	0	2	0	0
0056C354	FUN_0056c354	4	NO_DIRECT_CALLER_REVIEW	sem caller direto reconhecido; revisar callback/vtable/import	UNMAPPED	CORPUS_ONLY	0	2	0	0
0056C477	FUN_0056c477	4	NO_DIRECT_CALLER_REVIEW	sem caller direto reconhecido; revisar callback/vtable/import	UNMAPPED	CORPUS_ONLY	0	2	0	0
0056C575	FUN_0056c575	4	NO_DIRECT_CALLER_REVIEW	sem caller direto reconhecido; revisar callback/vtable/import	UNMAPPED	CORPUS_ONLY	0	2	0	0
0056C61E	FUN_0056c61e	4	NO_DIRECT_CALLER_REVIEW	sem caller direto reconhecido; revisar callback/vtable/import	UNMAPPED	CORPUS_ONLY	0	2	0	0
0056C741	FUN_0056c741	4	NO_DIRECT_CALLER_REVIEW	sem caller direto reconhecido; revisar callback/vtable/import	UNMAPPED	CORPUS_ONLY	0	2	0	0
0056C842	FUN_0056c842	4	NO_DIRECT_CALLER_REVIEW	sem caller direto reconhecido; revisar callback/vtable/import	UNMAPPED	CORPUS_ONLY	0	2	0	0
0056C965	FUN_0056c965	4	NO_DIRECT_CALLER_REVIEW	sem caller direto reconhecido; revisar callback/vtable/import	UNMAPPED	CORPUS_ONLY	0	2	0	0
0056CA35	FUN_0056ca35	4	NO_DIRECT_CALLER_REVIEW	sem caller direto reconhecido; revisar callback/vtable/import	UNMAPPED	CORPUS_ONLY	0	2	0	0
0056CB4D	FUN_0056cb4d	4	NO_DIRECT_CALLER_REVIEW	sem caller direto reconhecido; revisar callback/vtable/import	UNMAPPED	CORPUS_ONLY	0	1	0	0
0056CC12	FUN_0056cc12	4	NO_DIRECT_CALLER_REVIEW	sem caller direto reconhecido; revisar callback/vtable/import	UNMAPPED	CORPUS_ONLY	0	2	0	0
0056CCD7	FUN_0056ccd7	4	NO_DIRECT_CALLER_REVIEW	sem caller direto reconhecido; revisar callback/vtable/import	UNMAPPED	CORPUS_ONLY	0	2	0	0
0056CDCD	FUN_0056cdcd	4	NO_DIRECT_CALLER_REVIEW	sem caller direto reconhecido; revisar callback/vtable/import	UNMAPPED	CORPUS_ONLY	0	2	0	0
0056CEB8	FUN_0056ceb8	4	NO_DIRECT_CALLER_REVIEW	sem caller direto reconhecido; revisar callback/vtable/import	UNMAPPED	CORPUS_ONLY	0	2	0	0
0056CF8D	FUN_0056cf8d	4	NO_DIRECT_CALLER_REVIEW	sem caller direto reconhecido; revisar callback/vtable/import	UNMAPPED	CORPUS_ONLY	0	2	0	0
0056D092	FUN_0056d092	4	NO_DIRECT_CALLER_REVIEW	sem caller direto reconhecido; revisar callback/vtable/import	UNMAPPED	CORPUS_ONLY	0	2	0	0
0056D19D	FUN_0056d19d	4	NO_DIRECT_CALLER_REVIEW	sem caller direto reconhecido; revisar callback/vtable/import	UNMAPPED	CORPUS_ONLY	0	2	0	0
0056D2D7	FUN_0056d2d7	4	NO_DIRECT_CALLER_REVIEW	sem caller direto reconhecido; revisar callback/vtable/import	UNMAPPED	CORPUS_ONLY	0	2	0	0
0056D3AD	FUN_0056d3ad	4	NO_DIRECT_CALLER_REVIEW	sem caller direto reconhecido; revisar callback/vtable/import	UNMAPPED	CORPUS_ONLY	0	2	0	0
0056D4B7	FUN_0056d4b7	4	NO_DIRECT_CALLER_REVIEW	sem caller direto reconhecido; revisar callback/vtable/import	UNMAPPED	CORPUS_ONLY	0	2	0	0
0056D5ED	FUN_0056d5ed	4	NO_DIRECT_CALLER_REVIEW	sem caller direto reconhecido; revisar callback/vtable/import	UNMAPPED	CORPUS_ONLY	0	2	0	0
0056D6B4	FUN_0056d6b4	4	NO_DIRECT_CALLER_REVIEW	sem caller direto reconhecido; revisar callback/vtable/import	UNMAPPED	CORPUS_ONLY	0	2	0	0
0056D77B	FUN_0056d77b	4	NO_DIRECT_CALLER_REVIEW	sem caller direto reconhecido; revisar callback/vtable/import	UNMAPPED	CORPUS_ONLY	0	2	0	0
0056D869	FUN_0056d869	4	NO_DIRECT_CALLER_REVIEW	sem caller direto reconhecido; revisar callback/vtable/import	UNMAPPED	CORPUS_ONLY	0	2	0	0
0056D958	FUN_0056d958	4	NO_DIRECT_CALLER_REVIEW	sem caller direto reconhecido; revisar callback/vtable/import	UNMAPPED	CORPUS_ONLY	0	2	0	0
0056DAB4	FUN_0056dab4	4	NO_DIRECT_CALLER_REVIEW	sem caller direto reconhecido; revisar callback/vtable/import	UNMAPPED	CORPUS_ONLY	0	1	0	0
0056DB40	FUN_0056db40	4	NO_DIRECT_CALLER_REVIEW	sem caller direto reconhecido; revisar callback/vtable/import	UNMAPPED	CORPUS_ONLY	0	1	0	0
0056DBE6	FUN_0056dbe6	4	NO_DIRECT_CALLER_REVIEW	sem caller direto reconhecido; revisar callback/vtable/import	UNMAPPED	CORPUS_ONLY	0	1	0	0
0056DC82	FUN_0056dc82	4	NO_DIRECT_CALLER_REVIEW	sem caller direto reconhecido; revisar callback/vtable/import	UNMAPPED	CORPUS_ONLY	0	1	0	0
0056DD27	FUN_0056dd27	4	NO_DIRECT_CALLER_REVIEW	sem caller direto reconhecido; revisar callback/vtable/import	UNMAPPED	CORPUS_ONLY	0	1	0	0
0056DDC9	FUN_0056ddc9	4	NO_DIRECT_CALLER_REVIEW	sem caller direto reconhecido; revisar callback/vtable/import	UNMAPPED	CORPUS_ONLY	0	1	0	0
0056DE79	FUN_0056de79	4	NO_DIRECT_CALLER_REVIEW	sem caller direto reconhecido; revisar callback/vtable/import	UNMAPPED	CORPUS_ONLY	0	1	0	0
0056DF28	FUN_0056df28	4	NO_DIRECT_CALLER_REVIEW	sem caller direto reconhecido; revisar callback/vtable/import	UNMAPPED	CORPUS_ONLY	0	1	0	0
0056DFFE	FUN_0056dffe	4	NO_DIRECT_CALLER_REVIEW	sem caller direto reconhecido; revisar callback/vtable/import	UNMAPPED	CORPUS_ONLY	0	1	0	0
0056E090	FUN_0056e090	4	NO_DIRECT_CALLER_REVIEW	sem caller direto reconhecido; revisar callback/vtable/import	UNMAPPED	CORPUS_ONLY	0	1	0	0
0056E132	FUN_0056e132	4	NO_DIRECT_CALLER_REVIEW	sem caller direto reconhecido; revisar callback/vtable/import	UNMAPPED	CORPUS_ONLY	0	1	0	0
0056E1A4	FUN_0056e1a4	4	NO_DIRECT_CALLER_REVIEW	sem caller direto reconhecido; revisar callback/vtable/import	UNMAPPED	CORPUS_ONLY	0	1	0	0
0056E256	FUN_0056e256	4	NO_DIRECT_CALLER_REVIEW	sem caller direto reconhecido; revisar callback/vtable/import	UNMAPPED	CORPUS_ONLY	0	1	0	0
0056E2F5	FUN_0056e2f5	4	NO_DIRECT_CALLER_REVIEW	sem caller direto reconhecido; revisar callback/vtable/import	UNMAPPED	CORPUS_ONLY	0	1	0	0
0056E3E0	FUN_0056e3e0	4	NO_DIRECT_CALLER_REVIEW	sem caller direto reconhecido; revisar callback/vtable/import	UNMAPPED	CORPUS_ONLY	0	1	0	0
0056E44E	FUN_0056e44e	4	NO_DIRECT_CALLER_REVIEW	sem caller direto reconhecido; revisar callback/vtable/import	UNMAPPED	CORPUS_ONLY	0	1	0	0
0056E4D7	FUN_0056e4d7	4	NO_DIRECT_CALLER_REVIEW	sem caller direto reconhecido; revisar callback/vtable/import	UNMAPPED	CORPUS_ONLY	0	1	0	0
0056E560	FUN_0056e560	4	NO_DIRECT_CALLER_REVIEW	sem caller direto reconhecido; revisar callback/vtable/import	UNMAPPED	CORPUS_ONLY	0	1	0	0
0056E5E2	FUN_0056e5e2	4	NO_DIRECT_CALLER_REVIEW	sem caller direto reconhecido; revisar callback/vtable/import	UNMAPPED	CORPUS_ONLY	0	1	0	0
0056E693	FUN_0056e693	4	NO_DIRECT_CALLER_REVIEW	sem caller direto reconhecido; revisar callback/vtable/import	UNMAPPED	CORPUS_ONLY	0	1	0	0
0056E724	FUN_0056e724	4	NO_DIRECT_CALLER_REVIEW	sem caller direto reconhecido; revisar callback/vtable/import	UNMAPPED	CORPUS_ONLY	0	1	0	0
0056E7BB	FUN_0056e7bb	4	NO_DIRECT_CALLER_REVIEW	sem caller direto reconhecido; revisar callback/vtable/import	UNMAPPED	CORPUS_ONLY	0	1	0	0
0056E83E	FUN_0056e83e	4	NO_DIRECT_CALLER_REVIEW	sem caller direto reconhecido; revisar callback/vtable/import	UNMAPPED	CORPUS_ONLY	0	1	0	0
0056E8F8	FUN_0056e8f8	4	NO_DIRECT_CALLER_REVIEW	sem caller direto reconhecido; revisar callback/vtable/import	UNMAPPED	CORPUS_ONLY	0	1	0	0
0056E9CB	FUN_0056e9cb	4	NO_DIRECT_CALLER_REVIEW	sem caller direto reconhecido; revisar callback/vtable/import	UNMAPPED	CORPUS_ONLY	0	1	0	0
0056EA3B	FUN_0056ea3b	4	NO_DIRECT_CALLER_REVIEW	sem caller direto reconhecido; revisar callback/vtable/import	UNMAPPED	CORPUS_ONLY	0	1	0	0
0056EAC9	FUN_0056eac9	4	NO_DIRECT_CALLER_REVIEW	sem caller direto reconhecido; revisar callback/vtable/import	UNMAPPED	CORPUS_ONLY	0	1	0	0
0056EB55	FUN_0056eb55	4	NO_DIRECT_CALLER_REVIEW	sem caller direto reconhecido; revisar callback/vtable/import	UNMAPPED	CORPUS_ONLY	0	2	0	0
0056F25A	FUN_0056f25a	4	NO_DIRECT_CALLER_REVIEW	sem caller direto reconhecido; revisar callback/vtable/import	UNMAPPED	CORPUS_ONLY	0	2	0	0
0056F302	FUN_0056f302	4	NO_DIRECT_CALLER_REVIEW	sem caller direto reconhecido; revisar callback/vtable/import	UNMAPPED	CORPUS_ONLY	0	2	0	0
0056F67C	FUN_0056f67c	4	NO_DIRECT_CALLER_REVIEW	sem caller direto reconhecido; revisar callback/vtable/import	UNMAPPED	CORPUS_ONLY	0	2	0	0
0056F6D0	FUN_0056f6d0	4	NO_DIRECT_CALLER_REVIEW	sem caller direto reconhecido; revisar callback/vtable/import	UNMAPPED	CORPUS_ONLY	0	0	0	0
0056F8B6	FUN_0056f8b6	4	NO_DIRECT_CALLER_REVIEW	sem caller direto reconhecido; revisar callback/vtable/import	UNMAPPED	CORPUS_ONLY	0	4	0	0
0056FC84	FUN_0056fc84	4	NO_DIRECT_CALLER_REVIEW	sem caller direto reconhecido; revisar callback/vtable/import	UNMAPPED	CORPUS_ONLY	0	2	0	0
0056FCA0	FUN_0056fca0	4	NO_DIRECT_CALLER_REVIEW	sem caller direto reconhecido; revisar callback/vtable/import	UNMAPPED	CORPUS_ONLY	0	4	2	0
00570491	FUN_00570491	4	NO_DIRECT_CALLER_REVIEW	sem caller direto reconhecido; revisar callback/vtable/import	UNMAPPED	CORPUS_ONLY	0	2	0	0
005706C2	FUN_005706c2	4	NO_DIRECT_CALLER_REVIEW	sem caller direto reconhecido; revisar callback/vtable/import	UNMAPPED	CORPUS_ONLY	0	0	0	0
005706ED	FUN_005706ed	4	NO_DIRECT_CALLER_REVIEW	sem caller direto reconhecido; revisar callback/vtable/import	UNMAPPED	CORPUS_ONLY	0	0	0	0
00570731	FUN_00570731	4	NO_DIRECT_CALLER_REVIEW	sem caller direto reconhecido; revisar callback/vtable/import	UNMAPPED	CORPUS_ONLY	0	0	0	0
0057078D	FUN_0057078d	4	NO_DIRECT_CALLER_REVIEW	sem caller direto reconhecido; revisar callback/vtable/import	UNMAPPED	CORPUS_ONLY	0	0	0	0
00570BC9	FUN_00570bc9	4	NO_DIRECT_CALLER_REVIEW	sem caller direto reconhecido; revisar callback/vtable/import	UNMAPPED	CORPUS_ONLY	0	1	0	0
0057121D	Catch@0057121d	4	NO_DIRECT_CALLER_REVIEW	sem caller direto reconhecido; revisar callback/vtable/import	UNMAPPED	CORPUS_ONLY	0	0	0	0
005714A7	FUN_005714a7	4	NO_DIRECT_CALLER_REVIEW	sem caller direto reconhecido; revisar callback/vtable/import	UNMAPPED	CORPUS_ONLY	0	2	0	0
005714C3	FUN_005714c3	4	NO_DIRECT_CALLER_REVIEW	sem caller direto reconhecido; revisar callback/vtable/import	UNMAPPED	CORPUS_ONLY	0	0	0	0
00571AEC	FUN_00571aec	4	NO_DIRECT_CALLER_REVIEW	sem caller direto reconhecido; revisar callback/vtable/import	UNMAPPED	CORPUS_ONLY	0	0	1	0
00571B7A	FUN_00571b7a	4	NO_DIRECT_CALLER_REVIEW	sem caller direto reconhecido; revisar callback/vtable/import	UNMAPPED	CORPUS_ONLY	0	0	1	0
00571E75	FUN_00571e75	4	NO_DIRECT_CALLER_REVIEW	sem caller direto reconhecido; revisar callback/vtable/import	UNMAPPED	CORPUS_ONLY	0	0	1	0
00572127	FUN_00572127	4	NO_DIRECT_CALLER_REVIEW	sem caller direto reconhecido; revisar callback/vtable/import	UNMAPPED	CORPUS_ONLY	0	0	0	0
00572363	FUN_00572363	4	NO_DIRECT_CALLER_REVIEW	sem caller direto reconhecido; revisar callback/vtable/import	UNMAPPED	CORPUS_ONLY	0	0	0	0
005724DD	FUN_005724dd	4	NO_DIRECT_CALLER_REVIEW	sem caller direto reconhecido; revisar callback/vtable/import	UNMAPPED	CORPUS_ONLY	0	0	1	0
00572634	FUN_00572634	4	NO_DIRECT_CALLER_REVIEW	sem caller direto reconhecido; revisar callback/vtable/import	UNMAPPED	CORPUS_ONLY	0	1	1	0
005728C8	FUN_005728c8	4	NO_DIRECT_CALLER_REVIEW	sem caller direto reconhecido; revisar callback/vtable/import	UNMAPPED	CORPUS_ONLY	0	1	1	0
00572AF1	FUN_00572af1	4	NO_DIRECT_CALLER_REVIEW	sem caller direto reconhecido; revisar callback/vtable/import	UNMAPPED	CORPUS_ONLY	0	0	1	0
00572BC8	FUN_00572bc8	4	NO_DIRECT_CALLER_REVIEW	sem caller direto reconhecido; revisar callback/vtable/import	UNMAPPED	CORPUS_ONLY	0	0	1	0
00572D3B	FUN_00572d3b	4	NO_DIRECT_CALLER_REVIEW	sem caller direto reconhecido; revisar callback/vtable/import	UNMAPPED	CORPUS_ONLY	0	0	1	0
00572FBF	FUN_00572fbf	4	NO_DIRECT_CALLER_REVIEW	sem caller direto reconhecido; revisar callback/vtable/import	UNMAPPED	CORPUS_ONLY	0	1	0	0
005731D3	FUN_005731d3	4	NO_DIRECT_CALLER_REVIEW	sem caller direto reconhecido; revisar callback/vtable/import	UNMAPPED	CORPUS_ONLY	0	2	0	0
00575917	FUN_00575917	4	NO_DIRECT_CALLER_REVIEW	sem caller direto reconhecido; revisar callback/vtable/import	UNMAPPED	CORPUS_ONLY	0	0	2	0
00576C94	FUN_00576c94	4	NO_DIRECT_CALLER_REVIEW	sem caller direto reconhecido; revisar callback/vtable/import	UNMAPPED	CORPUS_ONLY	0	1	1	0
00576D17	FUN_00576d17	4	NO_DIRECT_CALLER_REVIEW	sem caller direto reconhecido; revisar callback/vtable/import	UNMAPPED	CORPUS_ONLY	0	1	1	0
00577417	FUN_00577417	4	NO_DIRECT_CALLER_REVIEW	sem caller direto reconhecido; revisar callback/vtable/import	UNMAPPED	CORPUS_ONLY	0	2	0	0
0057744B	FUN_0057744b	4	NO_DIRECT_CALLER_REVIEW	sem caller direto reconhecido; revisar callback/vtable/import	UNMAPPED	CORPUS_ONLY	0	2	0	0
00577EA0	FUN_00577ea0	4	NO_DIRECT_CALLER_REVIEW	sem caller direto reconhecido; revisar callback/vtable/import	UNMAPPED	CORPUS_ONLY	0	0	1	0
00577F0F	FUN_00577f0f	4	NO_DIRECT_CALLER_REVIEW	sem caller direto reconhecido; revisar callback/vtable/import	UNMAPPED	CORPUS_ONLY	0	1	1	0
005782D2	FUN_005782d2	4	NO_DIRECT_CALLER_REVIEW	sem caller direto reconhecido; revisar callback/vtable/import	UNMAPPED	CORPUS_ONLY	0	2	1	0
0057839F	FUN_0057839f	4	NO_DIRECT_CALLER_REVIEW	sem caller direto reconhecido; revisar callback/vtable/import	UNMAPPED	CORPUS_ONLY	0	0	0	0
005786F7	FUN_005786f7	4	NO_DIRECT_CALLER_REVIEW	sem caller direto reconhecido; revisar callback/vtable/import	UNMAPPED	CORPUS_ONLY	0	1	0	0
00578758	FUN_00578758	4	NO_DIRECT_CALLER_REVIEW	sem caller direto reconhecido; revisar callback/vtable/import	UNMAPPED	CORPUS_ONLY	0	1	0	0
005787B9	FUN_005787b9	4	NO_DIRECT_CALLER_REVIEW	sem caller direto reconhecido; revisar callback/vtable/import	UNMAPPED	CORPUS_ONLY	0	4	0	0
00578A4B	FUN_00578a4b	4	NO_DIRECT_CALLER_REVIEW	sem caller direto reconhecido; revisar callback/vtable/import	UNMAPPED	CORPUS_ONLY	0	2	0	0
00578B69	FUN_00578b69	4	NO_DIRECT_CALLER_REVIEW	sem caller direto reconhecido; revisar callback/vtable/import	UNMAPPED	CORPUS_ONLY	0	2	0	0
00578D6D	FUN_00578d6d	4	NO_DIRECT_CALLER_REVIEW	sem caller direto reconhecido; revisar callback/vtable/import	UNMAPPED	CORPUS_ONLY	0	3	0	0
0057AEB0	FUN_0057aeb0	4	NO_DIRECT_CALLER_REVIEW	sem caller direto reconhecido; revisar callback/vtable/import	UNMAPPED	CORPUS_ONLY	0	0	0	0
0057AEF0	FUN_0057aef0	4	NO_DIRECT_CALLER_REVIEW	sem caller direto reconhecido; revisar callback/vtable/import	UNMAPPED	CORPUS_ONLY	0	0	0	0
0057DA56	FUN_0057da56	4	NO_DIRECT_CALLER_REVIEW	sem caller direto reconhecido; revisar callback/vtable/import	UNMAPPED	CORPUS_ONLY	0	1	0	0
0057DFFF	FUN_0057dfff	4	NO_DIRECT_CALLER_REVIEW	sem caller direto reconhecido; revisar callback/vtable/import	UNMAPPED	CORPUS_ONLY	0	2	0	0
0057E1A2	FUN_0057e1a2	4	NO_DIRECT_CALLER_REVIEW	sem caller direto reconhecido; revisar callback/vtable/import	UNMAPPED	CORPUS_ONLY	0	1	0	0
0057E22F	FUN_0057e22f	4	NO_DIRECT_CALLER_REVIEW	sem caller direto reconhecido; revisar callback/vtable/import	UNMAPPED	CORPUS_ONLY	0	1	0	0
0057E325	FUN_0057e325	4	NO_DIRECT_CALLER_REVIEW	sem caller direto reconhecido; revisar callback/vtable/import	UNMAPPED	CORPUS_ONLY	0	2	0	0
0057E471	FUN_0057e471	4	NO_DIRECT_CALLER_REVIEW	sem caller direto reconhecido; revisar callback/vtable/import	UNMAPPED	CORPUS_ONLY	0	3	0	0
0057F752	FUN_0057f752	4	NO_DIRECT_CALLER_REVIEW	sem caller direto reconhecido; revisar callback/vtable/import	UNMAPPED	CORPUS_ONLY	0	0	0	0
005808EA	FUN_005808ea	4	NO_DIRECT_CALLER_REVIEW	sem caller direto reconhecido; revisar callback/vtable/import	UNMAPPED	CORPUS_ONLY	0	1	0	0
00580FC3	FUN_00580fc3	4	NO_DIRECT_CALLER_REVIEW	sem caller direto reconhecido; revisar callback/vtable/import	UNMAPPED	CORPUS_ONLY	0	2	0	0
005810DC	FUN_005810dc	4	NO_DIRECT_CALLER_REVIEW	sem caller direto reconhecido; revisar callback/vtable/import	UNMAPPED	CORPUS_ONLY	0	0	0	0
00583217	FUN_00583217	4	NO_DIRECT_CALLER_REVIEW	sem caller direto reconhecido; revisar callback/vtable/import	UNMAPPED	CORPUS_ONLY	0	2	0	0
0058339F	FUN_0058339f	4	NO_DIRECT_CALLER_REVIEW	sem caller direto reconhecido; revisar callback/vtable/import	UNMAPPED	CORPUS_ONLY	0	3	0	0
005835C5	FUN_005835c5	4	NO_DIRECT_CALLER_REVIEW	sem caller direto reconhecido; revisar callback/vtable/import	UNMAPPED	CORPUS_ONLY	0	4	0	0
00583FE8	FUN_00583fe8	4	NO_DIRECT_CALLER_REVIEW	sem caller direto reconhecido; revisar callback/vtable/import	UNMAPPED	CORPUS_ONLY	0	0	2	0
00584199	FUN_00584199	4	NO_DIRECT_CALLER_REVIEW	sem caller direto reconhecido; revisar callback/vtable/import	UNMAPPED	CORPUS_ONLY	0	0	1	0
00584434	FUN_00584434	4	NO_DIRECT_CALLER_REVIEW	sem caller direto reconhecido; revisar callback/vtable/import	UNMAPPED	CORPUS_ONLY	0	0	0	0
0058449C	FUN_0058449c	4	NO_DIRECT_CALLER_REVIEW	sem caller direto reconhecido; revisar callback/vtable/import	UNMAPPED	CORPUS_ONLY	0	2	0	0
00584751	FUN_00584751	4	NO_DIRECT_CALLER_REVIEW	sem caller direto reconhecido; revisar callback/vtable/import	UNMAPPED	CORPUS_ONLY	0	2	0	0
0058492E	FUN_0058492e	4	NO_DIRECT_CALLER_REVIEW	sem caller direto reconhecido; revisar callback/vtable/import	UNMAPPED	CORPUS_ONLY	0	1	0	0
00584ACD	FUN_00584acd	4	NO_DIRECT_CALLER_REVIEW	sem caller direto reconhecido; revisar callback/vtable/import	UNMAPPED	CORPUS_ONLY	0	0	0	0
00585233	FUN_00585233	4	NO_DIRECT_CALLER_REVIEW	sem caller direto reconhecido; revisar callback/vtable/import	UNMAPPED	CORPUS_ONLY	0	1	0	0
00585742	FUN_00585742	4	NO_DIRECT_CALLER_REVIEW	sem caller direto reconhecido; revisar callback/vtable/import	UNMAPPED	CORPUS_ONLY	0	3	0	0
00585B0F	FUN_00585b0f	4	NO_DIRECT_CALLER_REVIEW	sem caller direto reconhecido; revisar callback/vtable/import	UNMAPPED	CORPUS_ONLY	0	1	0	0
00585CD3	FUN_00585cd3	4	NO_DIRECT_CALLER_REVIEW	sem caller direto reconhecido; revisar callback/vtable/import	UNMAPPED	CORPUS_ONLY	0	3	0	0
00585ED0	FUN_00585ed0	4	NO_DIRECT_CALLER_REVIEW	sem caller direto reconhecido; revisar callback/vtable/import	UNMAPPED	CORPUS_ONLY	0	3	0	0
005860F9	FUN_005860f9	4	NO_DIRECT_CALLER_REVIEW	sem caller direto reconhecido; revisar callback/vtable/import	UNMAPPED	CORPUS_ONLY	0	2	0	0
005861DB	FUN_005861db	4	NO_DIRECT_CALLER_REVIEW	sem caller direto reconhecido; revisar callback/vtable/import	UNMAPPED	CORPUS_ONLY	0	3	0	0
00586549	FUN_00586549	4	NO_DIRECT_CALLER_REVIEW	sem caller direto reconhecido; revisar callback/vtable/import	UNMAPPED	CORPUS_ONLY	0	1	0	0
0058684D	FUN_0058684d	4	NO_DIRECT_CALLER_REVIEW	sem caller direto reconhecido; revisar callback/vtable/import	UNMAPPED	CORPUS_ONLY	0	0	0	0
00586A78	FUN_00586a78	4	NO_DIRECT_CALLER_REVIEW	sem caller direto reconhecido; revisar callback/vtable/import	UNMAPPED	CORPUS_ONLY	0	0	0	0
00586ADD	FUN_00586add	4	NO_DIRECT_CALLER_REVIEW	sem caller direto reconhecido; revisar callback/vtable/import	UNMAPPED	CORPUS_ONLY	0	0	0	0
00586B6D	FUN_00586b6d	4	NO_DIRECT_CALLER_REVIEW	sem caller direto reconhecido; revisar callback/vtable/import	UNMAPPED	CORPUS_ONLY	0	0	0	0
00586D3C	FUN_00586d3c	4	NO_DIRECT_CALLER_REVIEW	sem caller direto reconhecido; revisar callback/vtable/import	UNMAPPED	CORPUS_ONLY	0	0	0	0
00586E15	FUN_00586e15	4	NO_DIRECT_CALLER_REVIEW	sem caller direto reconhecido; revisar callback/vtable/import	UNMAPPED	CORPUS_ONLY	0	1	0	0
00586EF2	FUN_00586ef2	4	NO_DIRECT_CALLER_REVIEW	sem caller direto reconhecido; revisar callback/vtable/import	UNMAPPED	CORPUS_ONLY	0	0	0	0
00586F49	FUN_00586f49	4	NO_DIRECT_CALLER_REVIEW	sem caller direto reconhecido; revisar callback/vtable/import	UNMAPPED	CORPUS_ONLY	0	1	0	0
00586FB3	FUN_00586fb3	4	NO_DIRECT_CALLER_REVIEW	sem caller direto reconhecido; revisar callback/vtable/import	UNMAPPED	CORPUS_ONLY	0	0	0	0
00587057	FUN_00587057	4	NO_DIRECT_CALLER_REVIEW	sem caller direto reconhecido; revisar callback/vtable/import	UNMAPPED	CORPUS_ONLY	0	0	0	0
005873CF	FUN_005873cf	4	NO_DIRECT_CALLER_REVIEW	sem caller direto reconhecido; revisar callback/vtable/import	UNMAPPED	CORPUS_ONLY	0	0	0	0
0058743A	FUN_0058743a	4	NO_DIRECT_CALLER_REVIEW	sem caller direto reconhecido; revisar callback/vtable/import	UNMAPPED	CORPUS_ONLY	0	1	0	0
0058745D	FUN_0058745d	4	NO_DIRECT_CALLER_REVIEW	sem caller direto reconhecido; revisar callback/vtable/import	UNMAPPED	CORPUS_ONLY	0	0	0	0
005876CC	FUN_005876cc	4	NO_DIRECT_CALLER_REVIEW	sem caller direto reconhecido; revisar callback/vtable/import	UNMAPPED	CORPUS_ONLY	0	1	0	0
00587AD0	FUN_00587ad0	4	NO_DIRECT_CALLER_REVIEW	sem caller direto reconhecido; revisar callback/vtable/import	UNMAPPED	CORPUS_ONLY	0	1	0	0
00587B76	FUN_00587b76	4	NO_DIRECT_CALLER_REVIEW	sem caller direto reconhecido; revisar callback/vtable/import	UNMAPPED	CORPUS_ONLY	0	0	0	0
00587BA7	FUN_00587ba7	4	NO_DIRECT_CALLER_REVIEW	sem caller direto reconhecido; revisar callback/vtable/import	UNMAPPED	CORPUS_ONLY	0	0	0	0
00587CFD	FUN_00587cfd	4	NO_DIRECT_CALLER_REVIEW	sem caller direto reconhecido; revisar callback/vtable/import	UNMAPPED	CORPUS_ONLY	0	0	0	0
00587F58	FUN_00587f58	4	NO_DIRECT_CALLER_REVIEW	sem caller direto reconhecido; revisar callback/vtable/import	UNMAPPED	CORPUS_ONLY	0	0	0	0
00588587	FUN_00588587	4	NO_DIRECT_CALLER_REVIEW	sem caller direto reconhecido; revisar callback/vtable/import	UNMAPPED	CORPUS_ONLY	0	3	1	0
0058897E	FUN_0058897e	4	NO_DIRECT_CALLER_REVIEW	sem caller direto reconhecido; revisar callback/vtable/import	UNMAPPED	CORPUS_ONLY	0	1	0	0
00588A27	FUN_00588a27	4	NO_DIRECT_CALLER_REVIEW	sem caller direto reconhecido; revisar callback/vtable/import	UNMAPPED	CORPUS_ONLY	0	1	0	0
00588D47	FUN_00588d47	4	NO_DIRECT_CALLER_REVIEW	sem caller direto reconhecido; revisar callback/vtable/import	UNMAPPED	CORPUS_ONLY	0	2	0	0
00589353	FUN_00589353	4	NO_DIRECT_CALLER_REVIEW	sem caller direto reconhecido; revisar callback/vtable/import	UNMAPPED	CORPUS_ONLY	0	0	0	0
005893DB	FUN_005893db	4	NO_DIRECT_CALLER_REVIEW	sem caller direto reconhecido; revisar callback/vtable/import	UNMAPPED	CORPUS_ONLY	0	0	0	0
00589468	FUN_00589468	4	NO_DIRECT_CALLER_REVIEW	sem caller direto reconhecido; revisar callback/vtable/import	UNMAPPED	CORPUS_ONLY	0	1	0	0
00589553	FUN_00589553	4	NO_DIRECT_CALLER_REVIEW	sem caller direto reconhecido; revisar callback/vtable/import	UNMAPPED	CORPUS_ONLY	0	0	0	0
00589652	FUN_00589652	4	NO_DIRECT_CALLER_REVIEW	sem caller direto reconhecido; revisar callback/vtable/import	UNMAPPED	CORPUS_ONLY	0	1	0	0
0058980C	FUN_0058980c	4	NO_DIRECT_CALLER_REVIEW	sem caller direto reconhecido; revisar callback/vtable/import	UNMAPPED	CORPUS_ONLY	0	4	0	0
0058A238	FUN_0058a238	4	NO_DIRECT_CALLER_REVIEW	sem caller direto reconhecido; revisar callback/vtable/import	UNMAPPED	CORPUS_ONLY	0	0	0	0
0058A370	FUN_0058a370	4	NO_DIRECT_CALLER_REVIEW	sem caller direto reconhecido; revisar callback/vtable/import	UNMAPPED	CORPUS_ONLY	0	0	1	0
0058A560	FUN_0058a560	4	NO_DIRECT_CALLER_REVIEW	sem caller direto reconhecido; revisar callback/vtable/import	UNMAPPED	CORPUS_ONLY	0	0	2	0
0058A650	FUN_0058a650	4	NO_DIRECT_CALLER_REVIEW	sem caller direto reconhecido; revisar callback/vtable/import	UNMAPPED	CORPUS_ONLY	0	0	1	0
0058B418	FUN_0058b418	4	NO_DIRECT_CALLER_REVIEW	sem caller direto reconhecido; revisar callback/vtable/import	UNMAPPED	CORPUS_ONLY	0	0	0	0
0058B72D	FUN_0058b72d	4	NO_DIRECT_CALLER_REVIEW	sem caller direto reconhecido; revisar callback/vtable/import	UNMAPPED	CORPUS_ONLY	0	0	0	0
0058B8EB	FUN_0058b8eb	4	NO_DIRECT_CALLER_REVIEW	sem caller direto reconhecido; revisar callback/vtable/import	UNMAPPED	CORPUS_ONLY	0	0	0	0
0058B928	FUN_0058b928	4	NO_DIRECT_CALLER_REVIEW	sem caller direto reconhecido; revisar callback/vtable/import	UNMAPPED	CORPUS_ONLY	0	2	0	0
0058B974	FUN_0058b974	4	NO_DIRECT_CALLER_REVIEW	sem caller direto reconhecido; revisar callback/vtable/import	UNMAPPED	CORPUS_ONLY	0	2	0	0
0058B9C0	FUN_0058b9c0	4	NO_DIRECT_CALLER_REVIEW	sem caller direto reconhecido; revisar callback/vtable/import	UNMAPPED	CORPUS_ONLY	0	1	0	0
0058EAD6	FUN_0058ead6	4	NO_DIRECT_CALLER_REVIEW	sem caller direto reconhecido; revisar callback/vtable/import	UNMAPPED	CORPUS_ONLY	0	1	316	0
0058EB60	FUN_0058eb60	4	NO_DIRECT_CALLER_REVIEW	sem caller direto reconhecido; revisar callback/vtable/import	UNMAPPED	CORPUS_ONLY	0	1	0	0
0058EC3B	FUN_0058ec3b	4	NO_DIRECT_CALLER_REVIEW	sem caller direto reconhecido; revisar callback/vtable/import	UNMAPPED	CORPUS_ONLY	0	2	0	0
0058FDF0	FUN_0058fdf0	4	NO_DIRECT_CALLER_REVIEW	sem caller direto reconhecido; revisar callback/vtable/import	UNMAPPED	CORPUS_ONLY	0	2	0	0
00591000	FUN_00591000	4	NO_DIRECT_CALLER_REVIEW	sem caller direto reconhecido; revisar callback/vtable/import	UNMAPPED	CORPUS_ONLY	0	2	0	0
00591600	FUN_00591600	4	NO_DIRECT_CALLER_REVIEW	sem caller direto reconhecido; revisar callback/vtable/import	UNMAPPED	CORPUS_ONLY	0	2	0	0
00592920	FUN_00592920	4	NO_DIRECT_CALLER_REVIEW	sem caller direto reconhecido; revisar callback/vtable/import	UNMAPPED	CORPUS_ONLY	0	2	2	0
005929EB	FUN_005929eb	4	NO_DIRECT_CALLER_REVIEW	sem caller direto reconhecido; revisar callback/vtable/import	UNMAPPED	CORPUS_ONLY	0	0	2	0
00593078	FUN_00593078	4	NO_DIRECT_CALLER_REVIEW	sem caller direto reconhecido; revisar callback/vtable/import	UNMAPPED	CORPUS_ONLY	0	2	0	0
005953D6	FUN_005953d6	4	NO_DIRECT_CALLER_REVIEW	sem caller direto reconhecido; revisar callback/vtable/import	UNMAPPED	CORPUS_ONLY	0	0	1	0
00595493	FUN_00595493	4	NO_DIRECT_CALLER_REVIEW	sem caller direto reconhecido; revisar callback/vtable/import	UNMAPPED	CORPUS_ONLY	0	0	1	0
00595630	FUN_00595630	4	NO_DIRECT_CALLER_REVIEW	sem caller direto reconhecido; revisar callback/vtable/import	UNMAPPED	CORPUS_ONLY	0	0	0	0
00596BE9	FUN_00596be9	4	NO_DIRECT_CALLER_REVIEW	sem caller direto reconhecido; revisar callback/vtable/import	UNMAPPED	CORPUS_ONLY	0	1	0	0
00597E3C	FUN_00597e3c	4	NO_DIRECT_CALLER_REVIEW	sem caller direto reconhecido; revisar callback/vtable/import	UNMAPPED	CORPUS_ONLY	0	0	1	0
00597E80	__cintrindisp2	4	NO_DIRECT_CALLER_REVIEW	sem caller direto reconhecido; revisar callback/vtable/import	UNMAPPED	CORPUS_ONLY	0	2	0	0
00597EBE	__cintrindisp1	4	NO_DIRECT_CALLER_REVIEW	sem caller direto reconhecido; revisar callback/vtable/import	UNMAPPED	CORPUS_ONLY	0	2	0	0
0059A3DD	FUN_0059a3dd	4	NO_DIRECT_CALLER_REVIEW	sem caller direto reconhecido; revisar callback/vtable/import	UNMAPPED	CORPUS_ONLY	0	1	0	0
0059A580	FUN_0059a580	4	NO_DIRECT_CALLER_REVIEW	sem caller direto reconhecido; revisar callback/vtable/import	UNMAPPED	CORPUS_ONLY	0	0	0	0
0059ACB2	FUN_0059acb2	4	NO_DIRECT_CALLER_REVIEW	sem caller direto reconhecido; revisar callback/vtable/import	UNMAPPED	CORPUS_ONLY	0	2	0	0
0059CA90	FUN_0059ca90	4	NO_DIRECT_CALLER_REVIEW	sem caller direto reconhecido; revisar callback/vtable/import	UNMAPPED	CORPUS_ONLY	0	3	0	0
0059DDD0	FUN_0059ddd0	4	NO_DIRECT_CALLER_REVIEW	sem caller direto reconhecido; revisar callback/vtable/import	UNMAPPED	CORPUS_ONLY	0	0	2	0
0059E36B	FUN_0059e36b	4	NO_DIRECT_CALLER_REVIEW	sem caller direto reconhecido; revisar callback/vtable/import	UNMAPPED	CORPUS_ONLY	0	2	0	0
0059E3C5	FUN_0059e3c5	4	NO_DIRECT_CALLER_REVIEW	sem caller direto reconhecido; revisar callback/vtable/import	UNMAPPED	CORPUS_ONLY	0	2	0	0
0059E43E	FUN_0059e43e	4	NO_DIRECT_CALLER_REVIEW	sem caller direto reconhecido; revisar callback/vtable/import	UNMAPPED	CORPUS_ONLY	0	3	1	0
0059E47B	FUN_0059e47b	4	NO_DIRECT_CALLER_REVIEW	sem caller direto reconhecido; revisar callback/vtable/import	UNMAPPED	CORPUS_ONLY	0	2	0	0
0059E526	FUN_0059e526	4	NO_DIRECT_CALLER_REVIEW	sem caller direto reconhecido; revisar callback/vtable/import	UNMAPPED	CORPUS_ONLY	0	3	1	0
0059E563	FUN_0059e563	4	NO_DIRECT_CALLER_REVIEW	sem caller direto reconhecido; revisar callback/vtable/import	UNMAPPED	CORPUS_ONLY	0	2	0	0
0059E5DE	FUN_0059e5de	4	NO_DIRECT_CALLER_REVIEW	sem caller direto reconhecido; revisar callback/vtable/import	UNMAPPED	CORPUS_ONLY	0	1	1	0
0059E5EA	FUN_0059e5ea	4	NO_DIRECT_CALLER_REVIEW	sem caller direto reconhecido; revisar callback/vtable/import	UNMAPPED	CORPUS_ONLY	0	1	1	0
0059E732	FUN_0059e732	4	NO_DIRECT_CALLER_REVIEW	sem caller direto reconhecido; revisar callback/vtable/import	UNMAPPED	CORPUS_ONLY	0	2	0	0
0059E821	FUN_0059e821	4	NO_DIRECT_CALLER_REVIEW	sem caller direto reconhecido; revisar callback/vtable/import	UNMAPPED	CORPUS_ONLY	0	2	0	0
0059E880	Unwind@0059e880	4	NO_DIRECT_CALLER_REVIEW	sem caller direto reconhecido; revisar callback/vtable/import	UNMAPPED	CORPUS_ONLY	0	1	0	0
0059E893	Unwind@0059e893	4	NO_DIRECT_CALLER_REVIEW	sem caller direto reconhecido; revisar callback/vtable/import	UNMAPPED	CORPUS_ONLY	0	1	0	0
0059E8A6	Unwind@0059e8a6	4	NO_DIRECT_CALLER_REVIEW	sem caller direto reconhecido; revisar callback/vtable/import	UNMAPPED	CORPUS_ONLY	0	1	0	0
0059E8B9	Unwind@0059e8b9	4	NO_DIRECT_CALLER_REVIEW	sem caller direto reconhecido; revisar callback/vtable/import	UNMAPPED	CORPUS_ONLY	0	1	0	0
0059E8CC	Unwind@0059e8cc	4	NO_DIRECT_CALLER_REVIEW	sem caller direto reconhecido; revisar callback/vtable/import	UNMAPPED	CORPUS_ONLY	0	1	0	0
0059E8D5	Unwind@0059e8d5	4	NO_DIRECT_CALLER_REVIEW	sem caller direto reconhecido; revisar callback/vtable/import	UNMAPPED	CORPUS_ONLY	0	1	0	0
0059E8E1	Unwind@0059e8e1	4	NO_DIRECT_CALLER_REVIEW	sem caller direto reconhecido; revisar callback/vtable/import	UNMAPPED	CORPUS_ONLY	0	1	0	0
0059E8F0	Unwind@0059e8f0	4	NO_DIRECT_CALLER_REVIEW	sem caller direto reconhecido; revisar callback/vtable/import	UNMAPPED	CORPUS_ONLY	0	1	0	0
0059E8FF	Unwind@0059e8ff	4	NO_DIRECT_CALLER_REVIEW	sem caller direto reconhecido; revisar callback/vtable/import	UNMAPPED	CORPUS_ONLY	0	1	0	0
0059E918	Unwind@0059e918	4	NO_DIRECT_CALLER_REVIEW	sem caller direto reconhecido; revisar callback/vtable/import	UNMAPPED	CORPUS_ONLY	0	1	0	0
0059E921	Unwind@0059e921	4	NO_DIRECT_CALLER_REVIEW	sem caller direto reconhecido; revisar callback/vtable/import	UNMAPPED	CORPUS_ONLY	0	1	0	0
0059E92D	Unwind@0059e92d	4	NO_DIRECT_CALLER_REVIEW	sem caller direto reconhecido; revisar callback/vtable/import	UNMAPPED	CORPUS_ONLY	0	1	0	0
0059E93C	Unwind@0059e93c	4	NO_DIRECT_CALLER_REVIEW	sem caller direto reconhecido; revisar callback/vtable/import	UNMAPPED	CORPUS_ONLY	0	1	0	0
0059E94B	Unwind@0059e94b	4	NO_DIRECT_CALLER_REVIEW	sem caller direto reconhecido; revisar callback/vtable/import	UNMAPPED	CORPUS_ONLY	0	1	0	0
0059E964	Unwind@0059e964	4	NO_DIRECT_CALLER_REVIEW	sem caller direto reconhecido; revisar callback/vtable/import	UNMAPPED	CORPUS_ONLY	0	1	0	0
0059E96D	Unwind@0059e96d	4	NO_DIRECT_CALLER_REVIEW	sem caller direto reconhecido; revisar callback/vtable/import	UNMAPPED	CORPUS_ONLY	0	1	0	0
0059E978	Unwind@0059e978	4	NO_DIRECT_CALLER_REVIEW	sem caller direto reconhecido; revisar callback/vtable/import	UNMAPPED	CORPUS_ONLY	0	1	0	0
0059E98D	Unwind@0059e98d	4	NO_DIRECT_CALLER_REVIEW	sem caller direto reconhecido; revisar callback/vtable/import	UNMAPPED	CORPUS_ONLY	0	1	0	0
0059E9A0	Unwind@0059e9a0	4	NO_DIRECT_CALLER_REVIEW	sem caller direto reconhecido; revisar callback/vtable/import	UNMAPPED	CORPUS_ONLY	0	1	0	0
0059E9A9	Unwind@0059e9a9	4	NO_DIRECT_CALLER_REVIEW	sem caller direto reconhecido; revisar callback/vtable/import	UNMAPPED	CORPUS_ONLY	0	1	0	0
0059E9B4	Unwind@0059e9b4	4	NO_DIRECT_CALLER_REVIEW	sem caller direto reconhecido; revisar callback/vtable/import	UNMAPPED	CORPUS_ONLY	0	1	0	0
0059E9BF	Unwind@0059e9bf	4	NO_DIRECT_CALLER_REVIEW	sem caller direto reconhecido; revisar callback/vtable/import	UNMAPPED	CORPUS_ONLY	0	1	0	0
0059E9CA	Unwind@0059e9ca	4	NO_DIRECT_CALLER_REVIEW	sem caller direto reconhecido; revisar callback/vtable/import	UNMAPPED	CORPUS_ONLY	0	1	0	0
0059E9D5	Unwind@0059e9d5	4	NO_DIRECT_CALLER_REVIEW	sem caller direto reconhecido; revisar callback/vtable/import	UNMAPPED	CORPUS_ONLY	0	1	0	0
0059E9E0	Unwind@0059e9e0	4	NO_DIRECT_CALLER_REVIEW	sem caller direto reconhecido; revisar callback/vtable/import	UNMAPPED	CORPUS_ONLY	0	1	0	0
0059E9F5	Unwind@0059e9f5	4	NO_DIRECT_CALLER_REVIEW	sem caller direto reconhecido; revisar callback/vtable/import	UNMAPPED	CORPUS_ONLY	0	1	0	0
0059EA08	Unwind@0059ea08	4	NO_DIRECT_CALLER_REVIEW	sem caller direto reconhecido; revisar callback/vtable/import	UNMAPPED	CORPUS_ONLY	0	1	0	0
0059EA14	Unwind@0059ea14	4	NO_DIRECT_CALLER_REVIEW	sem caller direto reconhecido; revisar callback/vtable/import	UNMAPPED	CORPUS_ONLY	0	1	0	0
0059EA1F	Unwind@0059ea1f	4	NO_DIRECT_CALLER_REVIEW	sem caller direto reconhecido; revisar callback/vtable/import	UNMAPPED	CORPUS_ONLY	0	1	0	0
0059EA2A	Unwind@0059ea2a	4	NO_DIRECT_CALLER_REVIEW	sem caller direto reconhecido; revisar callback/vtable/import	UNMAPPED	CORPUS_ONLY	0	1	0	0
0059EA35	Unwind@0059ea35	4	NO_DIRECT_CALLER_REVIEW	sem caller direto reconhecido; revisar callback/vtable/import	UNMAPPED	CORPUS_ONLY	0	1	0	0
0059EA40	Unwind@0059ea40	4	NO_DIRECT_CALLER_REVIEW	sem caller direto reconhecido; revisar callback/vtable/import	UNMAPPED	CORPUS_ONLY	0	1	0	0
0059EA4B	Unwind@0059ea4b	4	NO_DIRECT_CALLER_REVIEW	sem caller direto reconhecido; revisar callback/vtable/import	UNMAPPED	CORPUS_ONLY	0	1	0	0
0059EA56	Unwind@0059ea56	4	NO_DIRECT_CALLER_REVIEW	sem caller direto reconhecido; revisar callback/vtable/import	UNMAPPED	CORPUS_ONLY	0	1	0	0
0059EA61	Unwind@0059ea61	4	NO_DIRECT_CALLER_REVIEW	sem caller direto reconhecido; revisar callback/vtable/import	UNMAPPED	CORPUS_ONLY	0	1	0	0
0059EA6C	Unwind@0059ea6c	4	NO_DIRECT_CALLER_REVIEW	sem caller direto reconhecido; revisar callback/vtable/import	UNMAPPED	CORPUS_ONLY	0	1	0	0
0059EA77	Unwind@0059ea77	4	NO_DIRECT_CALLER_REVIEW	sem caller direto reconhecido; revisar callback/vtable/import	UNMAPPED	CORPUS_ONLY	0	1	0	0
0059EA82	Unwind@0059ea82	4	NO_DIRECT_CALLER_REVIEW	sem caller direto reconhecido; revisar callback/vtable/import	UNMAPPED	CORPUS_ONLY	0	1	0	0
0059EA8D	Unwind@0059ea8d	4	NO_DIRECT_CALLER_REVIEW	sem caller direto reconhecido; revisar callback/vtable/import	UNMAPPED	CORPUS_ONLY	0	1	0	0
0059EA98	Unwind@0059ea98	4	NO_DIRECT_CALLER_REVIEW	sem caller direto reconhecido; revisar callback/vtable/import	UNMAPPED	CORPUS_ONLY	0	1	0	0
0059EAA3	Unwind@0059eaa3	4	NO_DIRECT_CALLER_REVIEW	sem caller direto reconhecido; revisar callback/vtable/import	UNMAPPED	CORPUS_ONLY	0	1	0	0
0059EAAE	Unwind@0059eaae	4	NO_DIRECT_CALLER_REVIEW	sem caller direto reconhecido; revisar callback/vtable/import	UNMAPPED	CORPUS_ONLY	0	1	0	0
0059EABC	Unwind@0059eabc	4	NO_DIRECT_CALLER_REVIEW	sem caller direto reconhecido; revisar callback/vtable/import	UNMAPPED	CORPUS_ONLY	0	1	0	0
0059EAD4	Unwind@0059ead4	4	NO_DIRECT_CALLER_REVIEW	sem caller direto reconhecido; revisar callback/vtable/import	UNMAPPED	CORPUS_ONLY	0	1	0	0
0059EAE7	Unwind@0059eae7	4	NO_DIRECT_CALLER_REVIEW	sem caller direto reconhecido; revisar callback/vtable/import	UNMAPPED	CORPUS_ONLY	0	1	0	0
0059EAFA	Unwind@0059eafa	4	NO_DIRECT_CALLER_REVIEW	sem caller direto reconhecido; revisar callback/vtable/import	UNMAPPED	CORPUS_ONLY	0	1	0	0
0059EB06	Unwind@0059eb06	4	NO_DIRECT_CALLER_REVIEW	sem caller direto reconhecido; revisar callback/vtable/import	UNMAPPED	CORPUS_ONLY	0	1	0	0
0059EB11	Unwind@0059eb11	4	NO_DIRECT_CALLER_REVIEW	sem caller direto reconhecido; revisar callback/vtable/import	UNMAPPED	CORPUS_ONLY	0	1	0	0
0059EB1C	Unwind@0059eb1c	4	NO_DIRECT_CALLER_REVIEW	sem caller direto reconhecido; revisar callback/vtable/import	UNMAPPED	CORPUS_ONLY	0	1	0	0
0059EB27	Unwind@0059eb27	4	NO_DIRECT_CALLER_REVIEW	sem caller direto reconhecido; revisar callback/vtable/import	UNMAPPED	CORPUS_ONLY	0	1	0	0
0059EB32	Unwind@0059eb32	4	NO_DIRECT_CALLER_REVIEW	sem caller direto reconhecido; revisar callback/vtable/import	UNMAPPED	CORPUS_ONLY	0	1	0	0
0059EB3D	Unwind@0059eb3d	4	NO_DIRECT_CALLER_REVIEW	sem caller direto reconhecido; revisar callback/vtable/import	UNMAPPED	CORPUS_ONLY	0	1	0	0
0059EB48	Unwind@0059eb48	4	NO_DIRECT_CALLER_REVIEW	sem caller direto reconhecido; revisar callback/vtable/import	UNMAPPED	CORPUS_ONLY	0	1	0	0
0059EB53	Unwind@0059eb53	4	NO_DIRECT_CALLER_REVIEW	sem caller direto reconhecido; revisar callback/vtable/import	UNMAPPED	CORPUS_ONLY	0	1	0	0
0059EB5E	Unwind@0059eb5e	4	NO_DIRECT_CALLER_REVIEW	sem caller direto reconhecido; revisar callback/vtable/import	UNMAPPED	CORPUS_ONLY	0	1	0	0
0059EB6C	Unwind@0059eb6c	4	NO_DIRECT_CALLER_REVIEW	sem caller direto reconhecido; revisar callback/vtable/import	UNMAPPED	CORPUS_ONLY	0	1	0	0
0059EB7A	Unwind@0059eb7a	4	NO_DIRECT_CALLER_REVIEW	sem caller direto reconhecido; revisar callback/vtable/import	UNMAPPED	CORPUS_ONLY	0	1	0	0
0059EB88	Unwind@0059eb88	4	NO_DIRECT_CALLER_REVIEW	sem caller direto reconhecido; revisar callback/vtable/import	UNMAPPED	CORPUS_ONLY	0	1	0	0
0059EBA0	Unwind@0059eba0	4	NO_DIRECT_CALLER_REVIEW	sem caller direto reconhecido; revisar callback/vtable/import	UNMAPPED	CORPUS_ONLY	0	1	0	0
0059EBB3	Unwind@0059ebb3	4	NO_DIRECT_CALLER_REVIEW	sem caller direto reconhecido; revisar callback/vtable/import	UNMAPPED	CORPUS_ONLY	0	1	0	0
0059EBBC	Unwind@0059ebbc	4	NO_DIRECT_CALLER_REVIEW	sem caller direto reconhecido; revisar callback/vtable/import	UNMAPPED	CORPUS_ONLY	0	1	0	0
0059EBC7	Unwind@0059ebc7	4	NO_DIRECT_CALLER_REVIEW	sem caller direto reconhecido; revisar callback/vtable/import	UNMAPPED	CORPUS_ONLY	0	1	0	0
0059EBD2	Unwind@0059ebd2	4	NO_DIRECT_CALLER_REVIEW	sem caller direto reconhecido; revisar callback/vtable/import	UNMAPPED	CORPUS_ONLY	0	1	0	0
0059EBDD	Unwind@0059ebdd	4	NO_DIRECT_CALLER_REVIEW	sem caller direto reconhecido; revisar callback/vtable/import	UNMAPPED	CORPUS_ONLY	0	1	0	0
0059EBF2	Unwind@0059ebf2	4	NO_DIRECT_CALLER_REVIEW	sem caller direto reconhecido; revisar callback/vtable/import	UNMAPPED	CORPUS_ONLY	0	1	0	0
0059EC05	Unwind@0059ec05	4	NO_DIRECT_CALLER_REVIEW	sem caller direto reconhecido; revisar callback/vtable/import	UNMAPPED	CORPUS_ONLY	0	1	0	0
0059EC11	Unwind@0059ec11	4	NO_DIRECT_CALLER_REVIEW	sem caller direto reconhecido; revisar callback/vtable/import	UNMAPPED	CORPUS_ONLY	0	1	0	0
0059EC1C	Unwind@0059ec1c	4	NO_DIRECT_CALLER_REVIEW	sem caller direto reconhecido; revisar callback/vtable/import	UNMAPPED	CORPUS_ONLY	0	1	0	0
0059EC2A	Unwind@0059ec2a	4	NO_DIRECT_CALLER_REVIEW	sem caller direto reconhecido; revisar callback/vtable/import	UNMAPPED	CORPUS_ONLY	0	1	0	0
0059EC42	Unwind@0059ec42	4	NO_DIRECT_CALLER_REVIEW	sem caller direto reconhecido; revisar callback/vtable/import	UNMAPPED	CORPUS_ONLY	0	1	0	0
0059EC55	Unwind@0059ec55	4	NO_DIRECT_CALLER_REVIEW	sem caller direto reconhecido; revisar callback/vtable/import	UNMAPPED	CORPUS_ONLY	0	1	0	0
0059EC5E	Unwind@0059ec5e	4	NO_DIRECT_CALLER_REVIEW	sem caller direto reconhecido; revisar callback/vtable/import	UNMAPPED	CORPUS_ONLY	0	1	0	0
0059EC69	Unwind@0059ec69	4	NO_DIRECT_CALLER_REVIEW	sem caller direto reconhecido; revisar callback/vtable/import	UNMAPPED	CORPUS_ONLY	0	1	0	0
0059EC74	Unwind@0059ec74	4	NO_DIRECT_CALLER_REVIEW	sem caller direto reconhecido; revisar callback/vtable/import	UNMAPPED	CORPUS_ONLY	0	1	0	0
0059EC7F	Unwind@0059ec7f	4	NO_DIRECT_CALLER_REVIEW	sem caller direto reconhecido; revisar callback/vtable/import	UNMAPPED	CORPUS_ONLY	0	1	0	0
0059EC8A	Unwind@0059ec8a	4	NO_DIRECT_CALLER_REVIEW	sem caller direto reconhecido; revisar callback/vtable/import	UNMAPPED	CORPUS_ONLY	0	1	0	0
0059EC9F	Unwind@0059ec9f	4	NO_DIRECT_CALLER_REVIEW	sem caller direto reconhecido; revisar callback/vtable/import	UNMAPPED	CORPUS_ONLY	0	1	0	0
0059ECB2	Unwind@0059ecb2	4	NO_DIRECT_CALLER_REVIEW	sem caller direto reconhecido; revisar callback/vtable/import	UNMAPPED	CORPUS_ONLY	0	1	0	0
0059ECBE	Unwind@0059ecbe	4	NO_DIRECT_CALLER_REVIEW	sem caller direto reconhecido; revisar callback/vtable/import	UNMAPPED	CORPUS_ONLY	0	1	0	0
0059ECD6	Unwind@0059ecd6	4	NO_DIRECT_CALLER_REVIEW	sem caller direto reconhecido; revisar callback/vtable/import	UNMAPPED	CORPUS_ONLY	0	1	0	0
0059ECDF	Unwind@0059ecdf	4	NO_DIRECT_CALLER_REVIEW	sem caller direto reconhecido; revisar callback/vtable/import	UNMAPPED	CORPUS_ONLY	0	1	0	0
0059ECEA	Unwind@0059ecea	4	NO_DIRECT_CALLER_REVIEW	sem caller direto reconhecido; revisar callback/vtable/import	UNMAPPED	CORPUS_ONLY	0	1	0	0
0059ECFF	Unwind@0059ecff	4	NO_DIRECT_CALLER_REVIEW	sem caller direto reconhecido; revisar callback/vtable/import	UNMAPPED	CORPUS_ONLY	0	1	0	0
0059ED12	Unwind@0059ed12	4	NO_DIRECT_CALLER_REVIEW	sem caller direto reconhecido; revisar callback/vtable/import	UNMAPPED	CORPUS_ONLY	0	1	0	0
0059ED27	Unwind@0059ed27	4	NO_DIRECT_CALLER_REVIEW	sem caller direto reconhecido; revisar callback/vtable/import	UNMAPPED	CORPUS_ONLY	0	1	0	0
0059ED3C	Unwind@0059ed3c	4	NO_DIRECT_CALLER_REVIEW	sem caller direto reconhecido; revisar callback/vtable/import	UNMAPPED	CORPUS_ONLY	0	1	0	0
0059ED4F	Unwind@0059ed4f	4	NO_DIRECT_CALLER_REVIEW	sem caller direto reconhecido; revisar callback/vtable/import	UNMAPPED	CORPUS_ONLY	0	1	0	0
0059ED62	Unwind@0059ed62	4	NO_DIRECT_CALLER_REVIEW	sem caller direto reconhecido; revisar callback/vtable/import	UNMAPPED	CORPUS_ONLY	0	1	0	0
0059ED6B	Unwind@0059ed6b	4	NO_DIRECT_CALLER_REVIEW	sem caller direto reconhecido; revisar callback/vtable/import	UNMAPPED	CORPUS_ONLY	0	1	0	0
0059ED76	Unwind@0059ed76	4	NO_DIRECT_CALLER_REVIEW	sem caller direto reconhecido; revisar callback/vtable/import	UNMAPPED	CORPUS_ONLY	0	1	0	0
0059ED81	Unwind@0059ed81	4	NO_DIRECT_CALLER_REVIEW	sem caller direto reconhecido; revisar callback/vtable/import	UNMAPPED	CORPUS_ONLY	0	1	0	0
0059ED8C	Unwind@0059ed8c	4	NO_DIRECT_CALLER_REVIEW	sem caller direto reconhecido; revisar callback/vtable/import	UNMAPPED	CORPUS_ONLY	0	1	0	0
0059ED97	Unwind@0059ed97	4	NO_DIRECT_CALLER_REVIEW	sem caller direto reconhecido; revisar callback/vtable/import	UNMAPPED	CORPUS_ONLY	0	1	0	0
0059EDA2	Unwind@0059eda2	4	NO_DIRECT_CALLER_REVIEW	sem caller direto reconhecido; revisar callback/vtable/import	UNMAPPED	CORPUS_ONLY	0	1	0	0
0059EDAD	Unwind@0059edad	4	NO_DIRECT_CALLER_REVIEW	sem caller direto reconhecido; revisar callback/vtable/import	UNMAPPED	CORPUS_ONLY	0	1	0	0
0059EDB8	Unwind@0059edb8	4	NO_DIRECT_CALLER_REVIEW	sem caller direto reconhecido; revisar callback/vtable/import	UNMAPPED	CORPUS_ONLY	0	1	0	0
0059EDD0	Unwind@0059edd0	4	NO_DIRECT_CALLER_REVIEW	sem caller direto reconhecido; revisar callback/vtable/import	UNMAPPED	CORPUS_ONLY	0	1	0	0
0059EDD9	Unwind@0059edd9	4	NO_DIRECT_CALLER_REVIEW	sem caller direto reconhecido; revisar callback/vtable/import	UNMAPPED	CORPUS_ONLY	0	1	0	0
0059EDE4	Unwind@0059ede4	4	NO_DIRECT_CALLER_REVIEW	sem caller direto reconhecido; revisar callback/vtable/import	UNMAPPED	CORPUS_ONLY	0	1	0	0
0059EDF9	Unwind@0059edf9	4	NO_DIRECT_CALLER_REVIEW	sem caller direto reconhecido; revisar callback/vtable/import	UNMAPPED	CORPUS_ONLY	0	1	0	0
0059EE10	Unwind@0059ee10	4	NO_DIRECT_CALLER_REVIEW	sem caller direto reconhecido; revisar callback/vtable/import	UNMAPPED	CORPUS_ONLY	0	1	0	0
0059EE19	Unwind@0059ee19	4	NO_DIRECT_CALLER_REVIEW	sem caller direto reconhecido; revisar callback/vtable/import	UNMAPPED	CORPUS_ONLY	0	1	0	0
0059EE32	Unwind@0059ee32	4	NO_DIRECT_CALLER_REVIEW	sem caller direto reconhecido; revisar callback/vtable/import	UNMAPPED	CORPUS_ONLY	0	1	0	0
0059EE3B	Unwind@0059ee3b	4	NO_DIRECT_CALLER_REVIEW	sem caller direto reconhecido; revisar callback/vtable/import	UNMAPPED	CORPUS_ONLY	0	1	0	0
0059EE54	Unwind@0059ee54	4	NO_DIRECT_CALLER_REVIEW	sem caller direto reconhecido; revisar callback/vtable/import	UNMAPPED	CORPUS_ONLY	0	1	0	0
0059EE5D	Unwind@0059ee5d	4	NO_DIRECT_CALLER_REVIEW	sem caller direto reconhecido; revisar callback/vtable/import	UNMAPPED	CORPUS_ONLY	0	1	0	0
0059EE72	Unwind@0059ee72	4	NO_DIRECT_CALLER_REVIEW	sem caller direto reconhecido; revisar callback/vtable/import	UNMAPPED	CORPUS_ONLY	0	1	0	0
0059EE85	Unwind@0059ee85	4	NO_DIRECT_CALLER_REVIEW	sem caller direto reconhecido; revisar callback/vtable/import	UNMAPPED	CORPUS_ONLY	0	1	0	0
0059EE9D	Unwind@0059ee9d	4	NO_DIRECT_CALLER_REVIEW	sem caller direto reconhecido; revisar callback/vtable/import	UNMAPPED	CORPUS_ONLY	0	1	0	0
0059EEAB	Unwind@0059eeab	4	NO_DIRECT_CALLER_REVIEW	sem caller direto reconhecido; revisar callback/vtable/import	UNMAPPED	CORPUS_ONLY	0	1	0	0
0059EEB9	Unwind@0059eeb9	4	NO_DIRECT_CALLER_REVIEW	sem caller direto reconhecido; revisar callback/vtable/import	UNMAPPED	CORPUS_ONLY	0	1	0	0
0059EEC7	Unwind@0059eec7	4	NO_DIRECT_CALLER_REVIEW	sem caller direto reconhecido; revisar callback/vtable/import	UNMAPPED	CORPUS_ONLY	0	1	0	0
0059EED5	Unwind@0059eed5	4	NO_DIRECT_CALLER_REVIEW	sem caller direto reconhecido; revisar callback/vtable/import	UNMAPPED	CORPUS_ONLY	0	1	0	0
0059EEE3	Unwind@0059eee3	4	NO_DIRECT_CALLER_REVIEW	sem caller direto reconhecido; revisar callback/vtable/import	UNMAPPED	CORPUS_ONLY	0	1	0	0
0059EEF1	Unwind@0059eef1	4	NO_DIRECT_CALLER_REVIEW	sem caller direto reconhecido; revisar callback/vtable/import	UNMAPPED	CORPUS_ONLY	0	1	0	0
0059EEFF	Unwind@0059eeff	4	NO_DIRECT_CALLER_REVIEW	sem caller direto reconhecido; revisar callback/vtable/import	UNMAPPED	CORPUS_ONLY	0	1	0	0
0059EF0D	Unwind@0059ef0d	4	NO_DIRECT_CALLER_REVIEW	sem caller direto reconhecido; revisar callback/vtable/import	UNMAPPED	CORPUS_ONLY	0	1	0	0
0059EF1B	Unwind@0059ef1b	4	NO_DIRECT_CALLER_REVIEW	sem caller direto reconhecido; revisar callback/vtable/import	UNMAPPED	CORPUS_ONLY	0	1	0	0
0059EF29	Unwind@0059ef29	4	NO_DIRECT_CALLER_REVIEW	sem caller direto reconhecido; revisar callback/vtable/import	UNMAPPED	CORPUS_ONLY	0	1	0	0
0059EF37	Unwind@0059ef37	4	NO_DIRECT_CALLER_REVIEW	sem caller direto reconhecido; revisar callback/vtable/import	UNMAPPED	CORPUS_ONLY	0	1	0	0
0059EF45	Unwind@0059ef45	4	NO_DIRECT_CALLER_REVIEW	sem caller direto reconhecido; revisar callback/vtable/import	UNMAPPED	CORPUS_ONLY	0	1	0	0
0059EF53	Unwind@0059ef53	4	NO_DIRECT_CALLER_REVIEW	sem caller direto reconhecido; revisar callback/vtable/import	UNMAPPED	CORPUS_ONLY	0	1	0	0
0059EF6B	Unwind@0059ef6b	4	NO_DIRECT_CALLER_REVIEW	sem caller direto reconhecido; revisar callback/vtable/import	UNMAPPED	CORPUS_ONLY	0	1	0	0
0059EF83	Unwind@0059ef83	4	NO_DIRECT_CALLER_REVIEW	sem caller direto reconhecido; revisar callback/vtable/import	UNMAPPED	CORPUS_ONLY	0	1	0	0
0059EFA0	Unwind@0059efa0	4	NO_DIRECT_CALLER_REVIEW	sem caller direto reconhecido; revisar callback/vtable/import	UNMAPPED	CORPUS_ONLY	0	1	0	0
0059EFA9	Unwind@0059efa9	4	NO_DIRECT_CALLER_REVIEW	sem caller direto reconhecido; revisar callback/vtable/import	UNMAPPED	CORPUS_ONLY	0	1	0	0
0059EFC2	Unwind@0059efc2	4	NO_DIRECT_CALLER_REVIEW	sem caller direto reconhecido; revisar callback/vtable/import	UNMAPPED	CORPUS_ONLY	0	1	0	0
0059EFE0	Unwind@0059efe0	4	NO_DIRECT_CALLER_REVIEW	sem caller direto reconhecido; revisar callback/vtable/import	UNMAPPED	CORPUS_ONLY	0	1	0	0
0059F000	Unwind@0059f000	4	NO_DIRECT_CALLER_REVIEW	sem caller direto reconhecido; revisar callback/vtable/import	UNMAPPED	CORPUS_ONLY	0	1	0	0
0059F00B	Unwind@0059f00b	4	NO_DIRECT_CALLER_REVIEW	sem caller direto reconhecido; revisar callback/vtable/import	UNMAPPED	CORPUS_ONLY	0	1	0	0
0059F020	Unwind@0059f020	4	NO_DIRECT_CALLER_REVIEW	sem caller direto reconhecido; revisar callback/vtable/import	UNMAPPED	CORPUS_ONLY	0	1	0	0
0059F02B	Unwind@0059f02b	4	NO_DIRECT_CALLER_REVIEW	sem caller direto reconhecido; revisar callback/vtable/import	UNMAPPED	CORPUS_ONLY	0	1	0	0
0059F040	Unwind@0059f040	4	NO_DIRECT_CALLER_REVIEW	sem caller direto reconhecido; revisar callback/vtable/import	UNMAPPED	CORPUS_ONLY	0	1	0	0
0059F04B	Unwind@0059f04b	4	NO_DIRECT_CALLER_REVIEW	sem caller direto reconhecido; revisar callback/vtable/import	UNMAPPED	CORPUS_ONLY	0	1	0	0
0059F060	Unwind@0059f060	4	NO_DIRECT_CALLER_REVIEW	sem caller direto reconhecido; revisar callback/vtable/import	UNMAPPED	CORPUS_ONLY	0	1	0	0
0059F073	Unwind@0059f073	4	NO_DIRECT_CALLER_REVIEW	sem caller direto reconhecido; revisar callback/vtable/import	UNMAPPED	CORPUS_ONLY	0	1	0	0
0059F086	Unwind@0059f086	4	NO_DIRECT_CALLER_REVIEW	sem caller direto reconhecido; revisar callback/vtable/import	UNMAPPED	CORPUS_ONLY	0	1	0	0
0059F09B	Unwind@0059f09b	4	NO_DIRECT_CALLER_REVIEW	sem caller direto reconhecido; revisar callback/vtable/import	UNMAPPED	CORPUS_ONLY	0	1	0	0
0059F0A9	Unwind@0059f0a9	4	NO_DIRECT_CALLER_REVIEW	sem caller direto reconhecido; revisar callback/vtable/import	UNMAPPED	CORPUS_ONLY	0	1	0	0
0059F0D0	Unwind@0059f0d0	4	NO_DIRECT_CALLER_REVIEW	sem caller direto reconhecido; revisar callback/vtable/import	UNMAPPED	CORPUS_ONLY	0	1	0	0
0059F0D9	Unwind@0059f0d9	4	NO_DIRECT_CALLER_REVIEW	sem caller direto reconhecido; revisar callback/vtable/import	UNMAPPED	CORPUS_ONLY	0	1	0	0
0059F0EE	Unwind@0059f0ee	4	NO_DIRECT_CALLER_REVIEW	sem caller direto reconhecido; revisar callback/vtable/import	UNMAPPED	CORPUS_ONLY	0	1	0	0
0059F101	Unwind@0059f101	4	NO_DIRECT_CALLER_REVIEW	sem caller direto reconhecido; revisar callback/vtable/import	UNMAPPED	CORPUS_ONLY	0	1	0	0
0059F116	Unwind@0059f116	4	NO_DIRECT_CALLER_REVIEW	sem caller direto reconhecido; revisar callback/vtable/import	UNMAPPED	CORPUS_ONLY	0	1	0	0
0059F124	Unwind@0059f124	4	NO_DIRECT_CALLER_REVIEW	sem caller direto reconhecido; revisar callback/vtable/import	UNMAPPED	CORPUS_ONLY	0	1	0	0
0059F132	Unwind@0059f132	4	NO_DIRECT_CALLER_REVIEW	sem caller direto reconhecido; revisar callback/vtable/import	UNMAPPED	CORPUS_ONLY	0	1	0	0
0059F140	Unwind@0059f140	4	NO_DIRECT_CALLER_REVIEW	sem caller direto reconhecido; revisar callback/vtable/import	UNMAPPED	CORPUS_ONLY	0	1	0	0
0059F14E	Unwind@0059f14e	4	NO_DIRECT_CALLER_REVIEW	sem caller direto reconhecido; revisar callback/vtable/import	UNMAPPED	CORPUS_ONLY	0	1	0	0
0059F15C	Unwind@0059f15c	4	NO_DIRECT_CALLER_REVIEW	sem caller direto reconhecido; revisar callback/vtable/import	UNMAPPED	CORPUS_ONLY	0	1	0	0
0059F16A	Unwind@0059f16a	4	NO_DIRECT_CALLER_REVIEW	sem caller direto reconhecido; revisar callback/vtable/import	UNMAPPED	CORPUS_ONLY	0	1	0	0
0059F178	Unwind@0059f178	4	NO_DIRECT_CALLER_REVIEW	sem caller direto reconhecido; revisar callback/vtable/import	UNMAPPED	CORPUS_ONLY	0	1	0	0
0059F190	Unwind@0059f190	4	NO_DIRECT_CALLER_REVIEW	sem caller direto reconhecido; revisar callback/vtable/import	UNMAPPED	CORPUS_ONLY	0	1	0	0
0059F1B0	Unwind@0059f1b0	4	NO_DIRECT_CALLER_REVIEW	sem caller direto reconhecido; revisar callback/vtable/import	UNMAPPED	CORPUS_ONLY	0	1	0	0
0059F1C3	Unwind@0059f1c3	4	NO_DIRECT_CALLER_REVIEW	sem caller direto reconhecido; revisar callback/vtable/import	UNMAPPED	CORPUS_ONLY	0	1	0	0
0059F1D6	Unwind@0059f1d6	4	NO_DIRECT_CALLER_REVIEW	sem caller direto reconhecido; revisar callback/vtable/import	UNMAPPED	CORPUS_ONLY	0	1	0	0
0059F1E4	Unwind@0059f1e4	4	NO_DIRECT_CALLER_REVIEW	sem caller direto reconhecido; revisar callback/vtable/import	UNMAPPED	CORPUS_ONLY	0	1	0	0
0059F1F2	Unwind@0059f1f2	4	NO_DIRECT_CALLER_REVIEW	sem caller direto reconhecido; revisar callback/vtable/import	UNMAPPED	CORPUS_ONLY	0	1	0	0
0059F200	Unwind@0059f200	4	NO_DIRECT_CALLER_REVIEW	sem caller direto reconhecido; revisar callback/vtable/import	UNMAPPED	CORPUS_ONLY	0	1	0	0
0059F20E	Unwind@0059f20e	4	NO_DIRECT_CALLER_REVIEW	sem caller direto reconhecido; revisar callback/vtable/import	UNMAPPED	CORPUS_ONLY	0	1	0	0
0059F21C	Unwind@0059f21c	4	NO_DIRECT_CALLER_REVIEW	sem caller direto reconhecido; revisar callback/vtable/import	UNMAPPED	CORPUS_ONLY	0	1	0	0
0059F22A	Unwind@0059f22a	4	NO_DIRECT_CALLER_REVIEW	sem caller direto reconhecido; revisar callback/vtable/import	UNMAPPED	CORPUS_ONLY	0	1	0	0
0059F238	Unwind@0059f238	4	NO_DIRECT_CALLER_REVIEW	sem caller direto reconhecido; revisar callback/vtable/import	UNMAPPED	CORPUS_ONLY	0	1	0	0
0059F246	Unwind@0059f246	4	NO_DIRECT_CALLER_REVIEW	sem caller direto reconhecido; revisar callback/vtable/import	UNMAPPED	CORPUS_ONLY	0	1	0	0
0059F254	Unwind@0059f254	4	NO_DIRECT_CALLER_REVIEW	sem caller direto reconhecido; revisar callback/vtable/import	UNMAPPED	CORPUS_ONLY	0	1	0	0
0059F262	Unwind@0059f262	4	NO_DIRECT_CALLER_REVIEW	sem caller direto reconhecido; revisar callback/vtable/import	UNMAPPED	CORPUS_ONLY	0	1	0	0
0059F270	Unwind@0059f270	4	NO_DIRECT_CALLER_REVIEW	sem caller direto reconhecido; revisar callback/vtable/import	UNMAPPED	CORPUS_ONLY	0	1	0	0
0059F27E	Unwind@0059f27e	4	NO_DIRECT_CALLER_REVIEW	sem caller direto reconhecido; revisar callback/vtable/import	UNMAPPED	CORPUS_ONLY	0	1	0	0
0059F28C	Unwind@0059f28c	4	NO_DIRECT_CALLER_REVIEW	sem caller direto reconhecido; revisar callback/vtable/import	UNMAPPED	CORPUS_ONLY	0	1	0	0
0059F29A	Unwind@0059f29a	4	NO_DIRECT_CALLER_REVIEW	sem caller direto reconhecido; revisar callback/vtable/import	UNMAPPED	CORPUS_ONLY	0	1	0	0
0059F2A8	Unwind@0059f2a8	4	NO_DIRECT_CALLER_REVIEW	sem caller direto reconhecido; revisar callback/vtable/import	UNMAPPED	CORPUS_ONLY	0	1	0	0
0059F2B6	Unwind@0059f2b6	4	NO_DIRECT_CALLER_REVIEW	sem caller direto reconhecido; revisar callback/vtable/import	UNMAPPED	CORPUS_ONLY	0	1	0	0
0059F2C4	Unwind@0059f2c4	4	NO_DIRECT_CALLER_REVIEW	sem caller direto reconhecido; revisar callback/vtable/import	UNMAPPED	CORPUS_ONLY	0	1	0	0
0059F2D2	Unwind@0059f2d2	4	NO_DIRECT_CALLER_REVIEW	sem caller direto reconhecido; revisar callback/vtable/import	UNMAPPED	CORPUS_ONLY	0	1	0	0
0059F2E0	Unwind@0059f2e0	4	NO_DIRECT_CALLER_REVIEW	sem caller direto reconhecido; revisar callback/vtable/import	UNMAPPED	CORPUS_ONLY	0	1	0	0
0059F2EE	Unwind@0059f2ee	4	NO_DIRECT_CALLER_REVIEW	sem caller direto reconhecido; revisar callback/vtable/import	UNMAPPED	CORPUS_ONLY	0	1	0	0
0059F2FC	Unwind@0059f2fc	4	NO_DIRECT_CALLER_REVIEW	sem caller direto reconhecido; revisar callback/vtable/import	UNMAPPED	CORPUS_ONLY	0	1	0	0
0059F30A	Unwind@0059f30a	4	NO_DIRECT_CALLER_REVIEW	sem caller direto reconhecido; revisar callback/vtable/import	UNMAPPED	CORPUS_ONLY	0	1	0	0
0059F318	Unwind@0059f318	4	NO_DIRECT_CALLER_REVIEW	sem caller direto reconhecido; revisar callback/vtable/import	UNMAPPED	CORPUS_ONLY	0	1	0	0
0059F326	Unwind@0059f326	4	NO_DIRECT_CALLER_REVIEW	sem caller direto reconhecido; revisar callback/vtable/import	UNMAPPED	CORPUS_ONLY	0	1	0	0
0059F334	Unwind@0059f334	4	NO_DIRECT_CALLER_REVIEW	sem caller direto reconhecido; revisar callback/vtable/import	UNMAPPED	CORPUS_ONLY	0	1	0	0
0059F342	Unwind@0059f342	4	NO_DIRECT_CALLER_REVIEW	sem caller direto reconhecido; revisar callback/vtable/import	UNMAPPED	CORPUS_ONLY	0	1	0	0
0059F350	Unwind@0059f350	4	NO_DIRECT_CALLER_REVIEW	sem caller direto reconhecido; revisar callback/vtable/import	UNMAPPED	CORPUS_ONLY	0	1	0	0
0059F35E	Unwind@0059f35e	4	NO_DIRECT_CALLER_REVIEW	sem caller direto reconhecido; revisar callback/vtable/import	UNMAPPED	CORPUS_ONLY	0	1	0	0
0059F36C	Unwind@0059f36c	4	NO_DIRECT_CALLER_REVIEW	sem caller direto reconhecido; revisar callback/vtable/import	UNMAPPED	CORPUS_ONLY	0	1	0	0
0059F37A	Unwind@0059f37a	4	NO_DIRECT_CALLER_REVIEW	sem caller direto reconhecido; revisar callback/vtable/import	UNMAPPED	CORPUS_ONLY	0	1	0	0
0059F388	Unwind@0059f388	4	NO_DIRECT_CALLER_REVIEW	sem caller direto reconhecido; revisar callback/vtable/import	UNMAPPED	CORPUS_ONLY	0	1	0	0
0059F396	Unwind@0059f396	4	NO_DIRECT_CALLER_REVIEW	sem caller direto reconhecido; revisar callback/vtable/import	UNMAPPED	CORPUS_ONLY	0	1	0	0
0059F3A4	Unwind@0059f3a4	4	NO_DIRECT_CALLER_REVIEW	sem caller direto reconhecido; revisar callback/vtable/import	UNMAPPED	CORPUS_ONLY	0	1	0	0
0059F3B2	Unwind@0059f3b2	4	NO_DIRECT_CALLER_REVIEW	sem caller direto reconhecido; revisar callback/vtable/import	UNMAPPED	CORPUS_ONLY	0	1	0	0
0059F3C0	Unwind@0059f3c0	4	NO_DIRECT_CALLER_REVIEW	sem caller direto reconhecido; revisar callback/vtable/import	UNMAPPED	CORPUS_ONLY	0	1	0	0
0059F3CE	Unwind@0059f3ce	4	NO_DIRECT_CALLER_REVIEW	sem caller direto reconhecido; revisar callback/vtable/import	UNMAPPED	CORPUS_ONLY	0	1	0	0
0059F3DC	Unwind@0059f3dc	4	NO_DIRECT_CALLER_REVIEW	sem caller direto reconhecido; revisar callback/vtable/import	UNMAPPED	CORPUS_ONLY	0	1	0	0
0059F3EA	Unwind@0059f3ea	4	NO_DIRECT_CALLER_REVIEW	sem caller direto reconhecido; revisar callback/vtable/import	UNMAPPED	CORPUS_ONLY	0	1	0	0
0059F3F8	Unwind@0059f3f8	4	NO_DIRECT_CALLER_REVIEW	sem caller direto reconhecido; revisar callback/vtable/import	UNMAPPED	CORPUS_ONLY	0	1	0	0
0059F406	Unwind@0059f406	4	NO_DIRECT_CALLER_REVIEW	sem caller direto reconhecido; revisar callback/vtable/import	UNMAPPED	CORPUS_ONLY	0	1	0	0
0059F414	Unwind@0059f414	4	NO_DIRECT_CALLER_REVIEW	sem caller direto reconhecido; revisar callback/vtable/import	UNMAPPED	CORPUS_ONLY	0	1	0	0
0059F422	Unwind@0059f422	4	NO_DIRECT_CALLER_REVIEW	sem caller direto reconhecido; revisar callback/vtable/import	UNMAPPED	CORPUS_ONLY	0	1	0	0
0059F430	Unwind@0059f430	4	NO_DIRECT_CALLER_REVIEW	sem caller direto reconhecido; revisar callback/vtable/import	UNMAPPED	CORPUS_ONLY	0	1	0	0
0059F43E	Unwind@0059f43e	4	NO_DIRECT_CALLER_REVIEW	sem caller direto reconhecido; revisar callback/vtable/import	UNMAPPED	CORPUS_ONLY	0	1	0	0
0059F44C	Unwind@0059f44c	4	NO_DIRECT_CALLER_REVIEW	sem caller direto reconhecido; revisar callback/vtable/import	UNMAPPED	CORPUS_ONLY	0	1	0	0
0059F45A	Unwind@0059f45a	4	NO_DIRECT_CALLER_REVIEW	sem caller direto reconhecido; revisar callback/vtable/import	UNMAPPED	CORPUS_ONLY	0	1	0	0
0059F468	Unwind@0059f468	4	NO_DIRECT_CALLER_REVIEW	sem caller direto reconhecido; revisar callback/vtable/import	UNMAPPED	CORPUS_ONLY	0	1	0	0
0059F476	Unwind@0059f476	4	NO_DIRECT_CALLER_REVIEW	sem caller direto reconhecido; revisar callback/vtable/import	UNMAPPED	CORPUS_ONLY	0	1	0	0
0059F484	Unwind@0059f484	4	NO_DIRECT_CALLER_REVIEW	sem caller direto reconhecido; revisar callback/vtable/import	UNMAPPED	CORPUS_ONLY	0	1	0	0
0059F492	Unwind@0059f492	4	NO_DIRECT_CALLER_REVIEW	sem caller direto reconhecido; revisar callback/vtable/import	UNMAPPED	CORPUS_ONLY	0	1	0	0
0059F4A0	Unwind@0059f4a0	4	NO_DIRECT_CALLER_REVIEW	sem caller direto reconhecido; revisar callback/vtable/import	UNMAPPED	CORPUS_ONLY	0	1	0	0
0059F4AE	Unwind@0059f4ae	4	NO_DIRECT_CALLER_REVIEW	sem caller direto reconhecido; revisar callback/vtable/import	UNMAPPED	CORPUS_ONLY	0	1	0	0
0059F4BC	Unwind@0059f4bc	4	NO_DIRECT_CALLER_REVIEW	sem caller direto reconhecido; revisar callback/vtable/import	UNMAPPED	CORPUS_ONLY	0	1	0	0
0059F4CA	Unwind@0059f4ca	4	NO_DIRECT_CALLER_REVIEW	sem caller direto reconhecido; revisar callback/vtable/import	UNMAPPED	CORPUS_ONLY	0	1	0	0
0059F4D8	Unwind@0059f4d8	4	NO_DIRECT_CALLER_REVIEW	sem caller direto reconhecido; revisar callback/vtable/import	UNMAPPED	CORPUS_ONLY	0	1	0	0
0059F4E6	Unwind@0059f4e6	4	NO_DIRECT_CALLER_REVIEW	sem caller direto reconhecido; revisar callback/vtable/import	UNMAPPED	CORPUS_ONLY	0	1	0	0
0059F4F4	Unwind@0059f4f4	4	NO_DIRECT_CALLER_REVIEW	sem caller direto reconhecido; revisar callback/vtable/import	UNMAPPED	CORPUS_ONLY	0	1	0	0
0059F502	Unwind@0059f502	4	NO_DIRECT_CALLER_REVIEW	sem caller direto reconhecido; revisar callback/vtable/import	UNMAPPED	CORPUS_ONLY	0	1	0	0
0059F510	Unwind@0059f510	4	NO_DIRECT_CALLER_REVIEW	sem caller direto reconhecido; revisar callback/vtable/import	UNMAPPED	CORPUS_ONLY	0	1	0	0
0059F51E	Unwind@0059f51e	4	NO_DIRECT_CALLER_REVIEW	sem caller direto reconhecido; revisar callback/vtable/import	UNMAPPED	CORPUS_ONLY	0	1	0	0
0059F52C	Unwind@0059f52c	4	NO_DIRECT_CALLER_REVIEW	sem caller direto reconhecido; revisar callback/vtable/import	UNMAPPED	CORPUS_ONLY	0	1	0	0
0059F53A	Unwind@0059f53a	4	NO_DIRECT_CALLER_REVIEW	sem caller direto reconhecido; revisar callback/vtable/import	UNMAPPED	CORPUS_ONLY	0	1	0	0
0059F552	Unwind@0059f552	4	NO_DIRECT_CALLER_REVIEW	sem caller direto reconhecido; revisar callback/vtable/import	UNMAPPED	CORPUS_ONLY	0	1	0	0
0059F560	Unwind@0059f560	4	NO_DIRECT_CALLER_REVIEW	sem caller direto reconhecido; revisar callback/vtable/import	UNMAPPED	CORPUS_ONLY	0	1	0	0
0059F56E	Unwind@0059f56e	4	NO_DIRECT_CALLER_REVIEW	sem caller direto reconhecido; revisar callback/vtable/import	UNMAPPED	CORPUS_ONLY	0	1	0	0
0059F586	Unwind@0059f586	4	NO_DIRECT_CALLER_REVIEW	sem caller direto reconhecido; revisar callback/vtable/import	UNMAPPED	CORPUS_ONLY	0	1	0	0
0059F59E	Unwind@0059f59e	4	NO_DIRECT_CALLER_REVIEW	sem caller direto reconhecido; revisar callback/vtable/import	UNMAPPED	CORPUS_ONLY	0	1	0	0
0059F5AC	Unwind@0059f5ac	4	NO_DIRECT_CALLER_REVIEW	sem caller direto reconhecido; revisar callback/vtable/import	UNMAPPED	CORPUS_ONLY	0	1	0	0
0059F5C4	Unwind@0059f5c4	4	NO_DIRECT_CALLER_REVIEW	sem caller direto reconhecido; revisar callback/vtable/import	UNMAPPED	CORPUS_ONLY	0	1	0	0
0059F5CF	Unwind@0059f5cf	4	NO_DIRECT_CALLER_REVIEW	sem caller direto reconhecido; revisar callback/vtable/import	UNMAPPED	CORPUS_ONLY	0	1	0	0
0059F5E4	Unwind@0059f5e4	4	NO_DIRECT_CALLER_REVIEW	sem caller direto reconhecido; revisar callback/vtable/import	UNMAPPED	CORPUS_ONLY	0	1	0	0
0059F5EF	Unwind@0059f5ef	4	NO_DIRECT_CALLER_REVIEW	sem caller direto reconhecido; revisar callback/vtable/import	UNMAPPED	CORPUS_ONLY	0	1	0	0
0059F604	Unwind@0059f604	4	NO_DIRECT_CALLER_REVIEW	sem caller direto reconhecido; revisar callback/vtable/import	UNMAPPED	CORPUS_ONLY	0	1	0	0
0059F619	Unwind@0059f619	4	NO_DIRECT_CALLER_REVIEW	sem caller direto reconhecido; revisar callback/vtable/import	UNMAPPED	CORPUS_ONLY	0	1	0	0
0059F627	Unwind@0059f627	4	NO_DIRECT_CALLER_REVIEW	sem caller direto reconhecido; revisar callback/vtable/import	UNMAPPED	CORPUS_ONLY	0	1	0	0
0059F635	Unwind@0059f635	4	NO_DIRECT_CALLER_REVIEW	sem caller direto reconhecido; revisar callback/vtable/import	UNMAPPED	CORPUS_ONLY	0	1	0	0
0059F64D	Unwind@0059f64d	4	NO_DIRECT_CALLER_REVIEW	sem caller direto reconhecido; revisar callback/vtable/import	UNMAPPED	CORPUS_ONLY	0	1	0	0
0059F65B	Unwind@0059f65b	4	NO_DIRECT_CALLER_REVIEW	sem caller direto reconhecido; revisar callback/vtable/import	UNMAPPED	CORPUS_ONLY	0	1	0	0
0059F669	Unwind@0059f669	4	NO_DIRECT_CALLER_REVIEW	sem caller direto reconhecido; revisar callback/vtable/import	UNMAPPED	CORPUS_ONLY	0	1	0	0
0059F677	Unwind@0059f677	4	NO_DIRECT_CALLER_REVIEW	sem caller direto reconhecido; revisar callback/vtable/import	UNMAPPED	CORPUS_ONLY	0	1	0	0
0059F68F	Unwind@0059f68f	4	NO_DIRECT_CALLER_REVIEW	sem caller direto reconhecido; revisar callback/vtable/import	UNMAPPED	CORPUS_ONLY	0	1	0	0
0059F69D	Unwind@0059f69d	4	NO_DIRECT_CALLER_REVIEW	sem caller direto reconhecido; revisar callback/vtable/import	UNMAPPED	CORPUS_ONLY	0	1	0	0
0059F6B5	Unwind@0059f6b5	4	NO_DIRECT_CALLER_REVIEW	sem caller direto reconhecido; revisar callback/vtable/import	UNMAPPED	CORPUS_ONLY	0	1	0	0
0059F6C3	Unwind@0059f6c3	4	NO_DIRECT_CALLER_REVIEW	sem caller direto reconhecido; revisar callback/vtable/import	UNMAPPED	CORPUS_ONLY	0	1	0	0
0059F6D1	Unwind@0059f6d1	4	NO_DIRECT_CALLER_REVIEW	sem caller direto reconhecido; revisar callback/vtable/import	UNMAPPED	CORPUS_ONLY	0	1	0	0
0059F6DF	Unwind@0059f6df	4	NO_DIRECT_CALLER_REVIEW	sem caller direto reconhecido; revisar callback/vtable/import	UNMAPPED	CORPUS_ONLY	0	1	0	0
0059F6ED	Unwind@0059f6ed	4	NO_DIRECT_CALLER_REVIEW	sem caller direto reconhecido; revisar callback/vtable/import	UNMAPPED	CORPUS_ONLY	0	1	0	0
0059F6FB	Unwind@0059f6fb	4	NO_DIRECT_CALLER_REVIEW	sem caller direto reconhecido; revisar callback/vtable/import	UNMAPPED	CORPUS_ONLY	0	1	0	0
0059F709	Unwind@0059f709	4	NO_DIRECT_CALLER_REVIEW	sem caller direto reconhecido; revisar callback/vtable/import	UNMAPPED	CORPUS_ONLY	0	1	0	0
0059F717	Unwind@0059f717	4	NO_DIRECT_CALLER_REVIEW	sem caller direto reconhecido; revisar callback/vtable/import	UNMAPPED	CORPUS_ONLY	0	1	0	0
0059F725	Unwind@0059f725	4	NO_DIRECT_CALLER_REVIEW	sem caller direto reconhecido; revisar callback/vtable/import	UNMAPPED	CORPUS_ONLY	0	1	0	0
0059F73D	Unwind@0059f73d	4	NO_DIRECT_CALLER_REVIEW	sem caller direto reconhecido; revisar callback/vtable/import	UNMAPPED	CORPUS_ONLY	0	1	0	0
0059F755	Unwind@0059f755	4	NO_DIRECT_CALLER_REVIEW	sem caller direto reconhecido; revisar callback/vtable/import	UNMAPPED	CORPUS_ONLY	0	1	0	0
0059F763	Unwind@0059f763	4	NO_DIRECT_CALLER_REVIEW	sem caller direto reconhecido; revisar callback/vtable/import	UNMAPPED	CORPUS_ONLY	0	1	0	0
0059F77B	Unwind@0059f77b	4	NO_DIRECT_CALLER_REVIEW	sem caller direto reconhecido; revisar callback/vtable/import	UNMAPPED	CORPUS_ONLY	0	1	0	0
0059F790	Unwind@0059f790	4	NO_DIRECT_CALLER_REVIEW	sem caller direto reconhecido; revisar callback/vtable/import	UNMAPPED	CORPUS_ONLY	0	1	0	0
0059F79B	Unwind@0059f79b	4	NO_DIRECT_CALLER_REVIEW	sem caller direto reconhecido; revisar callback/vtable/import	UNMAPPED	CORPUS_ONLY	0	1	0	0
0059F7A9	Unwind@0059f7a9	4	NO_DIRECT_CALLER_REVIEW	sem caller direto reconhecido; revisar callback/vtable/import	UNMAPPED	CORPUS_ONLY	0	1	0	0
0059F7C1	Unwind@0059f7c1	4	NO_DIRECT_CALLER_REVIEW	sem caller direto reconhecido; revisar callback/vtable/import	UNMAPPED	CORPUS_ONLY	0	1	0	0
0059F7CF	Unwind@0059f7cf	4	NO_DIRECT_CALLER_REVIEW	sem caller direto reconhecido; revisar callback/vtable/import	UNMAPPED	CORPUS_ONLY	0	1	0	0
0059F7DD	Unwind@0059f7dd	4	NO_DIRECT_CALLER_REVIEW	sem caller direto reconhecido; revisar callback/vtable/import	UNMAPPED	CORPUS_ONLY	0	1	0	0
0059F7EB	Unwind@0059f7eb	4	NO_DIRECT_CALLER_REVIEW	sem caller direto reconhecido; revisar callback/vtable/import	UNMAPPED	CORPUS_ONLY	0	1	0	0
0059F803	Unwind@0059f803	4	NO_DIRECT_CALLER_REVIEW	sem caller direto reconhecido; revisar callback/vtable/import	UNMAPPED	CORPUS_ONLY	0	1	0	0
0059F811	Unwind@0059f811	4	NO_DIRECT_CALLER_REVIEW	sem caller direto reconhecido; revisar callback/vtable/import	UNMAPPED	CORPUS_ONLY	0	1	0	0
0059F81F	Unwind@0059f81f	4	NO_DIRECT_CALLER_REVIEW	sem caller direto reconhecido; revisar callback/vtable/import	UNMAPPED	CORPUS_ONLY	0	1	0	0
0059F82D	Unwind@0059f82d	4	NO_DIRECT_CALLER_REVIEW	sem caller direto reconhecido; revisar callback/vtable/import	UNMAPPED	CORPUS_ONLY	0	1	0	0
0059F83B	Unwind@0059f83b	4	NO_DIRECT_CALLER_REVIEW	sem caller direto reconhecido; revisar callback/vtable/import	UNMAPPED	CORPUS_ONLY	0	1	0	0
0059F849	Unwind@0059f849	4	NO_DIRECT_CALLER_REVIEW	sem caller direto reconhecido; revisar callback/vtable/import	UNMAPPED	CORPUS_ONLY	0	1	0	0
0059F857	Unwind@0059f857	4	NO_DIRECT_CALLER_REVIEW	sem caller direto reconhecido; revisar callback/vtable/import	UNMAPPED	CORPUS_ONLY	0	1	0	0
0059F865	Unwind@0059f865	4	NO_DIRECT_CALLER_REVIEW	sem caller direto reconhecido; revisar callback/vtable/import	UNMAPPED	CORPUS_ONLY	0	1	0	0
0059F873	Unwind@0059f873	4	NO_DIRECT_CALLER_REVIEW	sem caller direto reconhecido; revisar callback/vtable/import	UNMAPPED	CORPUS_ONLY	0	1	0	0
0059F881	Unwind@0059f881	4	NO_DIRECT_CALLER_REVIEW	sem caller direto reconhecido; revisar callback/vtable/import	UNMAPPED	CORPUS_ONLY	0	1	0	0
0059F88F	Unwind@0059f88f	4	NO_DIRECT_CALLER_REVIEW	sem caller direto reconhecido; revisar callback/vtable/import	UNMAPPED	CORPUS_ONLY	0	1	0	0
0059F89D	Unwind@0059f89d	4	NO_DIRECT_CALLER_REVIEW	sem caller direto reconhecido; revisar callback/vtable/import	UNMAPPED	CORPUS_ONLY	0	1	0	0
0059F8AB	Unwind@0059f8ab	4	NO_DIRECT_CALLER_REVIEW	sem caller direto reconhecido; revisar callback/vtable/import	UNMAPPED	CORPUS_ONLY	0	1	0	0
0059F8B9	Unwind@0059f8b9	4	NO_DIRECT_CALLER_REVIEW	sem caller direto reconhecido; revisar callback/vtable/import	UNMAPPED	CORPUS_ONLY	0	1	0	0
0059F8C7	Unwind@0059f8c7	4	NO_DIRECT_CALLER_REVIEW	sem caller direto reconhecido; revisar callback/vtable/import	UNMAPPED	CORPUS_ONLY	0	1	0	0
0059F8D5	Unwind@0059f8d5	4	NO_DIRECT_CALLER_REVIEW	sem caller direto reconhecido; revisar callback/vtable/import	UNMAPPED	CORPUS_ONLY	0	1	0	0
0059F8E3	Unwind@0059f8e3	4	NO_DIRECT_CALLER_REVIEW	sem caller direto reconhecido; revisar callback/vtable/import	UNMAPPED	CORPUS_ONLY	0	1	0	0
0059F8F1	Unwind@0059f8f1	4	NO_DIRECT_CALLER_REVIEW	sem caller direto reconhecido; revisar callback/vtable/import	UNMAPPED	CORPUS_ONLY	0	1	0	0
0059F909	Unwind@0059f909	4	NO_DIRECT_CALLER_REVIEW	sem caller direto reconhecido; revisar callback/vtable/import	UNMAPPED	CORPUS_ONLY	0	1	0	0
0059F914	Unwind@0059f914	4	NO_DIRECT_CALLER_REVIEW	sem caller direto reconhecido; revisar callback/vtable/import	UNMAPPED	CORPUS_ONLY	0	1	0	0
0059F91F	Unwind@0059f91f	4	NO_DIRECT_CALLER_REVIEW	sem caller direto reconhecido; revisar callback/vtable/import	UNMAPPED	CORPUS_ONLY	0	1	0	0
0059F92A	Unwind@0059f92a	4	NO_DIRECT_CALLER_REVIEW	sem caller direto reconhecido; revisar callback/vtable/import	UNMAPPED	CORPUS_ONLY	0	1	0	0
0059F935	Unwind@0059f935	4	NO_DIRECT_CALLER_REVIEW	sem caller direto reconhecido; revisar callback/vtable/import	UNMAPPED	CORPUS_ONLY	0	1	0	0
0059F94D	Unwind@0059f94d	4	NO_DIRECT_CALLER_REVIEW	sem caller direto reconhecido; revisar callback/vtable/import	UNMAPPED	CORPUS_ONLY	0	1	0	0
0059F962	Unwind@0059f962	4	NO_DIRECT_CALLER_REVIEW	sem caller direto reconhecido; revisar callback/vtable/import	UNMAPPED	CORPUS_ONLY	0	1	0	0
0059F977	Unwind@0059f977	4	NO_DIRECT_CALLER_REVIEW	sem caller direto reconhecido; revisar callback/vtable/import	UNMAPPED	CORPUS_ONLY	0	1	0	0
0059F98F	Unwind@0059f98f	4	NO_DIRECT_CALLER_REVIEW	sem caller direto reconhecido; revisar callback/vtable/import	UNMAPPED	CORPUS_ONLY	0	1	0	0
0059F99D	Unwind@0059f99d	4	NO_DIRECT_CALLER_REVIEW	sem caller direto reconhecido; revisar callback/vtable/import	UNMAPPED	CORPUS_ONLY	0	1	0	0
0059F9AB	Unwind@0059f9ab	4	NO_DIRECT_CALLER_REVIEW	sem caller direto reconhecido; revisar callback/vtable/import	UNMAPPED	CORPUS_ONLY	0	1	0	0
0059F9B9	Unwind@0059f9b9	4	NO_DIRECT_CALLER_REVIEW	sem caller direto reconhecido; revisar callback/vtable/import	UNMAPPED	CORPUS_ONLY	0	1	0	0
0059F9D1	Unwind@0059f9d1	4	NO_DIRECT_CALLER_REVIEW	sem caller direto reconhecido; revisar callback/vtable/import	UNMAPPED	CORPUS_ONLY	0	1	0	0
0059F9E9	Unwind@0059f9e9	4	NO_DIRECT_CALLER_REVIEW	sem caller direto reconhecido; revisar callback/vtable/import	UNMAPPED	CORPUS_ONLY	0	1	0	0
0059F9F7	Unwind@0059f9f7	4	NO_DIRECT_CALLER_REVIEW	sem caller direto reconhecido; revisar callback/vtable/import	UNMAPPED	CORPUS_ONLY	0	1	0	0
0059FA05	Unwind@0059fa05	4	NO_DIRECT_CALLER_REVIEW	sem caller direto reconhecido; revisar callback/vtable/import	UNMAPPED	CORPUS_ONLY	0	1	0	0
0059FA13	Unwind@0059fa13	4	NO_DIRECT_CALLER_REVIEW	sem caller direto reconhecido; revisar callback/vtable/import	UNMAPPED	CORPUS_ONLY	0	1	0	0
0059FA2B	Unwind@0059fa2b	4	NO_DIRECT_CALLER_REVIEW	sem caller direto reconhecido; revisar callback/vtable/import	UNMAPPED	CORPUS_ONLY	0	1	0	0
0059FA40	Unwind@0059fa40	4	NO_DIRECT_CALLER_REVIEW	sem caller direto reconhecido; revisar callback/vtable/import	UNMAPPED	CORPUS_ONLY	0	1	0	0
0059FA4E	Unwind@0059fa4e	4	NO_DIRECT_CALLER_REVIEW	sem caller direto reconhecido; revisar callback/vtable/import	UNMAPPED	CORPUS_ONLY	0	1	0	0
0059FA5C	Unwind@0059fa5c	4	NO_DIRECT_CALLER_REVIEW	sem caller direto reconhecido; revisar callback/vtable/import	UNMAPPED	CORPUS_ONLY	0	1	0	0
0059FA6A	Unwind@0059fa6a	4	NO_DIRECT_CALLER_REVIEW	sem caller direto reconhecido; revisar callback/vtable/import	UNMAPPED	CORPUS_ONLY	0	1	0	0
0059FA78	Unwind@0059fa78	4	NO_DIRECT_CALLER_REVIEW	sem caller direto reconhecido; revisar callback/vtable/import	UNMAPPED	CORPUS_ONLY	0	1	0	0
0059FA86	Unwind@0059fa86	4	NO_DIRECT_CALLER_REVIEW	sem caller direto reconhecido; revisar callback/vtable/import	UNMAPPED	CORPUS_ONLY	0	1	0	0
0059FA94	Unwind@0059fa94	4	NO_DIRECT_CALLER_REVIEW	sem caller direto reconhecido; revisar callback/vtable/import	UNMAPPED	CORPUS_ONLY	0	1	0	0
0059FAA2	Unwind@0059faa2	4	NO_DIRECT_CALLER_REVIEW	sem caller direto reconhecido; revisar callback/vtable/import	UNMAPPED	CORPUS_ONLY	0	1	0	0
0059FABA	Unwind@0059faba	4	NO_DIRECT_CALLER_REVIEW	sem caller direto reconhecido; revisar callback/vtable/import	UNMAPPED	CORPUS_ONLY	0	1	0	0
0059FAC5	Unwind@0059fac5	4	NO_DIRECT_CALLER_REVIEW	sem caller direto reconhecido; revisar callback/vtable/import	UNMAPPED	CORPUS_ONLY	0	1	0	0
0059FAD0	Unwind@0059fad0	4	NO_DIRECT_CALLER_REVIEW	sem caller direto reconhecido; revisar callback/vtable/import	UNMAPPED	CORPUS_ONLY	0	1	0	0
0059FAE5	Unwind@0059fae5	4	NO_DIRECT_CALLER_REVIEW	sem caller direto reconhecido; revisar callback/vtable/import	UNMAPPED	CORPUS_ONLY	0	1	0	0
0059FAFA	Unwind@0059fafa	4	NO_DIRECT_CALLER_REVIEW	sem caller direto reconhecido; revisar callback/vtable/import	UNMAPPED	CORPUS_ONLY	0	1	0	0
0059FB12	Unwind@0059fb12	4	NO_DIRECT_CALLER_REVIEW	sem caller direto reconhecido; revisar callback/vtable/import	UNMAPPED	CORPUS_ONLY	0	1	0	0
0059FB1D	Unwind@0059fb1d	4	NO_DIRECT_CALLER_REVIEW	sem caller direto reconhecido; revisar callback/vtable/import	UNMAPPED	CORPUS_ONLY	0	1	0	0
0059FB32	Unwind@0059fb32	4	NO_DIRECT_CALLER_REVIEW	sem caller direto reconhecido; revisar callback/vtable/import	UNMAPPED	CORPUS_ONLY	0	1	0	0
0059FB47	Unwind@0059fb47	4	NO_DIRECT_CALLER_REVIEW	sem caller direto reconhecido; revisar callback/vtable/import	UNMAPPED	CORPUS_ONLY	0	1	0	0
0059FB5C	Unwind@0059fb5c	4	NO_DIRECT_CALLER_REVIEW	sem caller direto reconhecido; revisar callback/vtable/import	UNMAPPED	CORPUS_ONLY	0	1	0	0
0059FB6A	Unwind@0059fb6a	4	NO_DIRECT_CALLER_REVIEW	sem caller direto reconhecido; revisar callback/vtable/import	UNMAPPED	CORPUS_ONLY	0	1	0	0
0059FB78	Unwind@0059fb78	4	NO_DIRECT_CALLER_REVIEW	sem caller direto reconhecido; revisar callback/vtable/import	UNMAPPED	CORPUS_ONLY	0	1	0	0
0059FB90	Unwind@0059fb90	4	NO_DIRECT_CALLER_REVIEW	sem caller direto reconhecido; revisar callback/vtable/import	UNMAPPED	CORPUS_ONLY	0	1	0	0
0059FBA5	Unwind@0059fba5	4	NO_DIRECT_CALLER_REVIEW	sem caller direto reconhecido; revisar callback/vtable/import	UNMAPPED	CORPUS_ONLY	0	1	0	0
0059FBBA	Unwind@0059fbba	4	NO_DIRECT_CALLER_REVIEW	sem caller direto reconhecido; revisar callback/vtable/import	UNMAPPED	CORPUS_ONLY	0	1	0	0
0059FBC8	Unwind@0059fbc8	4	NO_DIRECT_CALLER_REVIEW	sem caller direto reconhecido; revisar callback/vtable/import	UNMAPPED	CORPUS_ONLY	0	1	0	0
0059FBD6	Unwind@0059fbd6	4	NO_DIRECT_CALLER_REVIEW	sem caller direto reconhecido; revisar callback/vtable/import	UNMAPPED	CORPUS_ONLY	0	1	0	0
0059FBE4	Unwind@0059fbe4	4	NO_DIRECT_CALLER_REVIEW	sem caller direto reconhecido; revisar callback/vtable/import	UNMAPPED	CORPUS_ONLY	0	1	0	0
0059FBF2	Unwind@0059fbf2	4	NO_DIRECT_CALLER_REVIEW	sem caller direto reconhecido; revisar callback/vtable/import	UNMAPPED	CORPUS_ONLY	0	1	0	0
0059FC00	Unwind@0059fc00	4	NO_DIRECT_CALLER_REVIEW	sem caller direto reconhecido; revisar callback/vtable/import	UNMAPPED	CORPUS_ONLY	0	1	0	0
0059FC0E	Unwind@0059fc0e	4	NO_DIRECT_CALLER_REVIEW	sem caller direto reconhecido; revisar callback/vtable/import	UNMAPPED	CORPUS_ONLY	0	1	0	0
0059FC1C	Unwind@0059fc1c	4	NO_DIRECT_CALLER_REVIEW	sem caller direto reconhecido; revisar callback/vtable/import	UNMAPPED	CORPUS_ONLY	0	1	0	0
0059FC2A	Unwind@0059fc2a	4	NO_DIRECT_CALLER_REVIEW	sem caller direto reconhecido; revisar callback/vtable/import	UNMAPPED	CORPUS_ONLY	0	1	0	0
0059FC38	Unwind@0059fc38	4	NO_DIRECT_CALLER_REVIEW	sem caller direto reconhecido; revisar callback/vtable/import	UNMAPPED	CORPUS_ONLY	0	1	0	0
0059FC46	Unwind@0059fc46	4	NO_DIRECT_CALLER_REVIEW	sem caller direto reconhecido; revisar callback/vtable/import	UNMAPPED	CORPUS_ONLY	0	1	0	0
0059FC54	Unwind@0059fc54	4	NO_DIRECT_CALLER_REVIEW	sem caller direto reconhecido; revisar callback/vtable/import	UNMAPPED	CORPUS_ONLY	0	1	0	0
0059FC62	Unwind@0059fc62	4	NO_DIRECT_CALLER_REVIEW	sem caller direto reconhecido; revisar callback/vtable/import	UNMAPPED	CORPUS_ONLY	0	1	0	0
0059FC70	Unwind@0059fc70	4	NO_DIRECT_CALLER_REVIEW	sem caller direto reconhecido; revisar callback/vtable/import	UNMAPPED	CORPUS_ONLY	0	1	0	0
0059FC7E	Unwind@0059fc7e	4	NO_DIRECT_CALLER_REVIEW	sem caller direto reconhecido; revisar callback/vtable/import	UNMAPPED	CORPUS_ONLY	0	1	0	0
0059FC8C	Unwind@0059fc8c	4	NO_DIRECT_CALLER_REVIEW	sem caller direto reconhecido; revisar callback/vtable/import	UNMAPPED	CORPUS_ONLY	0	1	0	0
0059FC9A	Unwind@0059fc9a	4	NO_DIRECT_CALLER_REVIEW	sem caller direto reconhecido; revisar callback/vtable/import	UNMAPPED	CORPUS_ONLY	0	1	0	0
0059FCA8	Unwind@0059fca8	4	NO_DIRECT_CALLER_REVIEW	sem caller direto reconhecido; revisar callback/vtable/import	UNMAPPED	CORPUS_ONLY	0	1	0	0
0059FCB6	Unwind@0059fcb6	4	NO_DIRECT_CALLER_REVIEW	sem caller direto reconhecido; revisar callback/vtable/import	UNMAPPED	CORPUS_ONLY	0	1	0	0
0059FCC4	Unwind@0059fcc4	4	NO_DIRECT_CALLER_REVIEW	sem caller direto reconhecido; revisar callback/vtable/import	UNMAPPED	CORPUS_ONLY	0	1	0	0
0059FCD2	Unwind@0059fcd2	4	NO_DIRECT_CALLER_REVIEW	sem caller direto reconhecido; revisar callback/vtable/import	UNMAPPED	CORPUS_ONLY	0	1	0	0
0059FCE0	Unwind@0059fce0	4	NO_DIRECT_CALLER_REVIEW	sem caller direto reconhecido; revisar callback/vtable/import	UNMAPPED	CORPUS_ONLY	0	1	0	0
0059FCEE	Unwind@0059fcee	4	NO_DIRECT_CALLER_REVIEW	sem caller direto reconhecido; revisar callback/vtable/import	UNMAPPED	CORPUS_ONLY	0	1	0	0
0059FCFC	Unwind@0059fcfc	4	NO_DIRECT_CALLER_REVIEW	sem caller direto reconhecido; revisar callback/vtable/import	UNMAPPED	CORPUS_ONLY	0	1	0	0
0059FD0A	Unwind@0059fd0a	4	NO_DIRECT_CALLER_REVIEW	sem caller direto reconhecido; revisar callback/vtable/import	UNMAPPED	CORPUS_ONLY	0	1	0	0
0059FD18	Unwind@0059fd18	4	NO_DIRECT_CALLER_REVIEW	sem caller direto reconhecido; revisar callback/vtable/import	UNMAPPED	CORPUS_ONLY	0	1	0	0
0059FD26	Unwind@0059fd26	4	NO_DIRECT_CALLER_REVIEW	sem caller direto reconhecido; revisar callback/vtable/import	UNMAPPED	CORPUS_ONLY	0	1	0	0
0059FD34	Unwind@0059fd34	4	NO_DIRECT_CALLER_REVIEW	sem caller direto reconhecido; revisar callback/vtable/import	UNMAPPED	CORPUS_ONLY	0	1	0	0
0059FD42	Unwind@0059fd42	4	NO_DIRECT_CALLER_REVIEW	sem caller direto reconhecido; revisar callback/vtable/import	UNMAPPED	CORPUS_ONLY	0	1	0	0
0059FD50	Unwind@0059fd50	4	NO_DIRECT_CALLER_REVIEW	sem caller direto reconhecido; revisar callback/vtable/import	UNMAPPED	CORPUS_ONLY	0	1	0	0
0059FD5E	Unwind@0059fd5e	4	NO_DIRECT_CALLER_REVIEW	sem caller direto reconhecido; revisar callback/vtable/import	UNMAPPED	CORPUS_ONLY	0	1	0	0
0059FD6C	Unwind@0059fd6c	4	NO_DIRECT_CALLER_REVIEW	sem caller direto reconhecido; revisar callback/vtable/import	UNMAPPED	CORPUS_ONLY	0	1	0	0
0059FD7A	Unwind@0059fd7a	4	NO_DIRECT_CALLER_REVIEW	sem caller direto reconhecido; revisar callback/vtable/import	UNMAPPED	CORPUS_ONLY	0	1	0	0
0059FD88	Unwind@0059fd88	4	NO_DIRECT_CALLER_REVIEW	sem caller direto reconhecido; revisar callback/vtable/import	UNMAPPED	CORPUS_ONLY	0	1	0	0
0059FD96	Unwind@0059fd96	4	NO_DIRECT_CALLER_REVIEW	sem caller direto reconhecido; revisar callback/vtable/import	UNMAPPED	CORPUS_ONLY	0	1	0	0
0059FDA4	Unwind@0059fda4	4	NO_DIRECT_CALLER_REVIEW	sem caller direto reconhecido; revisar callback/vtable/import	UNMAPPED	CORPUS_ONLY	0	1	0	0
0059FDB2	Unwind@0059fdb2	4	NO_DIRECT_CALLER_REVIEW	sem caller direto reconhecido; revisar callback/vtable/import	UNMAPPED	CORPUS_ONLY	0	1	0	0
0059FDC0	Unwind@0059fdc0	4	NO_DIRECT_CALLER_REVIEW	sem caller direto reconhecido; revisar callback/vtable/import	UNMAPPED	CORPUS_ONLY	0	1	0	0
0059FDCE	Unwind@0059fdce	4	NO_DIRECT_CALLER_REVIEW	sem caller direto reconhecido; revisar callback/vtable/import	UNMAPPED	CORPUS_ONLY	0	1	0	0
0059FDDC	Unwind@0059fddc	4	NO_DIRECT_CALLER_REVIEW	sem caller direto reconhecido; revisar callback/vtable/import	UNMAPPED	CORPUS_ONLY	0	1	0	0
0059FDEA	Unwind@0059fdea	4	NO_DIRECT_CALLER_REVIEW	sem caller direto reconhecido; revisar callback/vtable/import	UNMAPPED	CORPUS_ONLY	0	1	0	0
0059FDF8	Unwind@0059fdf8	4	NO_DIRECT_CALLER_REVIEW	sem caller direto reconhecido; revisar callback/vtable/import	UNMAPPED	CORPUS_ONLY	0	1	0	0
0059FE06	Unwind@0059fe06	4	NO_DIRECT_CALLER_REVIEW	sem caller direto reconhecido; revisar callback/vtable/import	UNMAPPED	CORPUS_ONLY	0	1	0	0
0059FE14	Unwind@0059fe14	4	NO_DIRECT_CALLER_REVIEW	sem caller direto reconhecido; revisar callback/vtable/import	UNMAPPED	CORPUS_ONLY	0	1	0	0
0059FE22	Unwind@0059fe22	4	NO_DIRECT_CALLER_REVIEW	sem caller direto reconhecido; revisar callback/vtable/import	UNMAPPED	CORPUS_ONLY	0	1	0	0
0059FE30	Unwind@0059fe30	4	NO_DIRECT_CALLER_REVIEW	sem caller direto reconhecido; revisar callback/vtable/import	UNMAPPED	CORPUS_ONLY	0	1	0	0
0059FE3E	Unwind@0059fe3e	4	NO_DIRECT_CALLER_REVIEW	sem caller direto reconhecido; revisar callback/vtable/import	UNMAPPED	CORPUS_ONLY	0	1	0	0
0059FE4C	Unwind@0059fe4c	4	NO_DIRECT_CALLER_REVIEW	sem caller direto reconhecido; revisar callback/vtable/import	UNMAPPED	CORPUS_ONLY	0	1	0	0
0059FE5A	Unwind@0059fe5a	4	NO_DIRECT_CALLER_REVIEW	sem caller direto reconhecido; revisar callback/vtable/import	UNMAPPED	CORPUS_ONLY	0	1	0	0
0059FE68	Unwind@0059fe68	4	NO_DIRECT_CALLER_REVIEW	sem caller direto reconhecido; revisar callback/vtable/import	UNMAPPED	CORPUS_ONLY	0	1	0	0
0059FE76	Unwind@0059fe76	4	NO_DIRECT_CALLER_REVIEW	sem caller direto reconhecido; revisar callback/vtable/import	UNMAPPED	CORPUS_ONLY	0	1	0	0
0059FE84	Unwind@0059fe84	4	NO_DIRECT_CALLER_REVIEW	sem caller direto reconhecido; revisar callback/vtable/import	UNMAPPED	CORPUS_ONLY	0	1	0	0
0059FE92	Unwind@0059fe92	4	NO_DIRECT_CALLER_REVIEW	sem caller direto reconhecido; revisar callback/vtable/import	UNMAPPED	CORPUS_ONLY	0	1	0	0
0059FEA0	Unwind@0059fea0	4	NO_DIRECT_CALLER_REVIEW	sem caller direto reconhecido; revisar callback/vtable/import	UNMAPPED	CORPUS_ONLY	0	1	0	0
0059FEAE	Unwind@0059feae	4	NO_DIRECT_CALLER_REVIEW	sem caller direto reconhecido; revisar callback/vtable/import	UNMAPPED	CORPUS_ONLY	0	1	0	0
0059FEBC	Unwind@0059febc	4	NO_DIRECT_CALLER_REVIEW	sem caller direto reconhecido; revisar callback/vtable/import	UNMAPPED	CORPUS_ONLY	0	1	0	0
0059FECA	Unwind@0059feca	4	NO_DIRECT_CALLER_REVIEW	sem caller direto reconhecido; revisar callback/vtable/import	UNMAPPED	CORPUS_ONLY	0	1	0	0
0059FED8	Unwind@0059fed8	4	NO_DIRECT_CALLER_REVIEW	sem caller direto reconhecido; revisar callback/vtable/import	UNMAPPED	CORPUS_ONLY	0	1	0	0
0059FEF0	Unwind@0059fef0	4	NO_DIRECT_CALLER_REVIEW	sem caller direto reconhecido; revisar callback/vtable/import	UNMAPPED	CORPUS_ONLY	0	1	0	0
0059FF10	Unwind@0059ff10	4	NO_DIRECT_CALLER_REVIEW	sem caller direto reconhecido; revisar callback/vtable/import	UNMAPPED	CORPUS_ONLY	0	1	0	0
0059FF1C	Unwind@0059ff1c	4	NO_DIRECT_CALLER_REVIEW	sem caller direto reconhecido; revisar callback/vtable/import	UNMAPPED	CORPUS_ONLY	0	1	0	0
0059FF27	Unwind@0059ff27	4	NO_DIRECT_CALLER_REVIEW	sem caller direto reconhecido; revisar callback/vtable/import	UNMAPPED	CORPUS_ONLY	0	1	0	0
0059FF32	Unwind@0059ff32	4	NO_DIRECT_CALLER_REVIEW	sem caller direto reconhecido; revisar callback/vtable/import	UNMAPPED	CORPUS_ONLY	0	1	0	0
0059FF3D	Unwind@0059ff3d	4	NO_DIRECT_CALLER_REVIEW	sem caller direto reconhecido; revisar callback/vtable/import	UNMAPPED	CORPUS_ONLY	0	1	0	0
0059FF48	Unwind@0059ff48	4	NO_DIRECT_CALLER_REVIEW	sem caller direto reconhecido; revisar callback/vtable/import	UNMAPPED	CORPUS_ONLY	0	1	0	0
0059FF53	Unwind@0059ff53	4	NO_DIRECT_CALLER_REVIEW	sem caller direto reconhecido; revisar callback/vtable/import	UNMAPPED	CORPUS_ONLY	0	1	0	0
0059FF5E	Unwind@0059ff5e	4	NO_DIRECT_CALLER_REVIEW	sem caller direto reconhecido; revisar callback/vtable/import	UNMAPPED	CORPUS_ONLY	0	1	0	0
0059FF69	Unwind@0059ff69	4	NO_DIRECT_CALLER_REVIEW	sem caller direto reconhecido; revisar callback/vtable/import	UNMAPPED	CORPUS_ONLY	0	1	0	0
0059FF74	Unwind@0059ff74	4	NO_DIRECT_CALLER_REVIEW	sem caller direto reconhecido; revisar callback/vtable/import	UNMAPPED	CORPUS_ONLY	0	1	0	0
0059FF7F	Unwind@0059ff7f	4	NO_DIRECT_CALLER_REVIEW	sem caller direto reconhecido; revisar callback/vtable/import	UNMAPPED	CORPUS_ONLY	0	1	0	0
0059FF8A	Unwind@0059ff8a	4	NO_DIRECT_CALLER_REVIEW	sem caller direto reconhecido; revisar callback/vtable/import	UNMAPPED	CORPUS_ONLY	0	1	0	0
0059FF95	Unwind@0059ff95	4	NO_DIRECT_CALLER_REVIEW	sem caller direto reconhecido; revisar callback/vtable/import	UNMAPPED	CORPUS_ONLY	0	1	0	0
0059FFA0	Unwind@0059ffa0	4	NO_DIRECT_CALLER_REVIEW	sem caller direto reconhecido; revisar callback/vtable/import	UNMAPPED	CORPUS_ONLY	0	1	0	0
0059FFAB	Unwind@0059ffab	4	NO_DIRECT_CALLER_REVIEW	sem caller direto reconhecido; revisar callback/vtable/import	UNMAPPED	CORPUS_ONLY	0	1	0	0
0059FFB9	Unwind@0059ffb9	4	NO_DIRECT_CALLER_REVIEW	sem caller direto reconhecido; revisar callback/vtable/import	UNMAPPED	CORPUS_ONLY	0	1	0	0
0059FFD1	Unwind@0059ffd1	4	NO_DIRECT_CALLER_REVIEW	sem caller direto reconhecido; revisar callback/vtable/import	UNMAPPED	CORPUS_ONLY	0	1	0	0
0059FFE4	Unwind@0059ffe4	4	NO_DIRECT_CALLER_REVIEW	sem caller direto reconhecido; revisar callback/vtable/import	UNMAPPED	CORPUS_ONLY	0	1	0	0
0059FFFC	Unwind@0059fffc	4	NO_DIRECT_CALLER_REVIEW	sem caller direto reconhecido; revisar callback/vtable/import	UNMAPPED	CORPUS_ONLY	0	1	0	0
005A000A	Unwind@005a000a	4	NO_DIRECT_CALLER_REVIEW	sem caller direto reconhecido; revisar callback/vtable/import	UNMAPPED	CORPUS_ONLY	0	1	0	0
005A0018	Unwind@005a0018	4	NO_DIRECT_CALLER_REVIEW	sem caller direto reconhecido; revisar callback/vtable/import	UNMAPPED	CORPUS_ONLY	0	1	0	0
005A0026	Unwind@005a0026	4	NO_DIRECT_CALLER_REVIEW	sem caller direto reconhecido; revisar callback/vtable/import	UNMAPPED	CORPUS_ONLY	0	1	0	0
005A0034	Unwind@005a0034	4	NO_DIRECT_CALLER_REVIEW	sem caller direto reconhecido; revisar callback/vtable/import	UNMAPPED	CORPUS_ONLY	0	1	0	0
005A0042	Unwind@005a0042	4	NO_DIRECT_CALLER_REVIEW	sem caller direto reconhecido; revisar callback/vtable/import	UNMAPPED	CORPUS_ONLY	0	1	0	0
005A0050	Unwind@005a0050	4	NO_DIRECT_CALLER_REVIEW	sem caller direto reconhecido; revisar callback/vtable/import	UNMAPPED	CORPUS_ONLY	0	1	0	0
005A005E	Unwind@005a005e	4	NO_DIRECT_CALLER_REVIEW	sem caller direto reconhecido; revisar callback/vtable/import	UNMAPPED	CORPUS_ONLY	0	1	0	0
005A006C	Unwind@005a006c	4	NO_DIRECT_CALLER_REVIEW	sem caller direto reconhecido; revisar callback/vtable/import	UNMAPPED	CORPUS_ONLY	0	1	0	0
005A0084	Unwind@005a0084	4	NO_DIRECT_CALLER_REVIEW	sem caller direto reconhecido; revisar callback/vtable/import	UNMAPPED	CORPUS_ONLY	0	1	0	0
005A0092	Unwind@005a0092	4	NO_DIRECT_CALLER_REVIEW	sem caller direto reconhecido; revisar callback/vtable/import	UNMAPPED	CORPUS_ONLY	0	1	0	0
005A00A0	Unwind@005a00a0	4	NO_DIRECT_CALLER_REVIEW	sem caller direto reconhecido; revisar callback/vtable/import	UNMAPPED	CORPUS_ONLY	0	1	0	0
005A00AE	Unwind@005a00ae	4	NO_DIRECT_CALLER_REVIEW	sem caller direto reconhecido; revisar callback/vtable/import	UNMAPPED	CORPUS_ONLY	0	1	0	0
005A00BC	Unwind@005a00bc	4	NO_DIRECT_CALLER_REVIEW	sem caller direto reconhecido; revisar callback/vtable/import	UNMAPPED	CORPUS_ONLY	0	1	0	0
005A00CA	Unwind@005a00ca	4	NO_DIRECT_CALLER_REVIEW	sem caller direto reconhecido; revisar callback/vtable/import	UNMAPPED	CORPUS_ONLY	0	1	0	0
005A00D8	Unwind@005a00d8	4	NO_DIRECT_CALLER_REVIEW	sem caller direto reconhecido; revisar callback/vtable/import	UNMAPPED	CORPUS_ONLY	0	1	0	0
005A00E6	Unwind@005a00e6	4	NO_DIRECT_CALLER_REVIEW	sem caller direto reconhecido; revisar callback/vtable/import	UNMAPPED	CORPUS_ONLY	0	1	0	0
005A00F4	Unwind@005a00f4	4	NO_DIRECT_CALLER_REVIEW	sem caller direto reconhecido; revisar callback/vtable/import	UNMAPPED	CORPUS_ONLY	0	1	0	0
005A010C	Unwind@005a010c	4	NO_DIRECT_CALLER_REVIEW	sem caller direto reconhecido; revisar callback/vtable/import	UNMAPPED	CORPUS_ONLY	0	1	0	0
005A011A	Unwind@005a011a	4	NO_DIRECT_CALLER_REVIEW	sem caller direto reconhecido; revisar callback/vtable/import	UNMAPPED	CORPUS_ONLY	0	1	0	0
005A0128	Unwind@005a0128	4	NO_DIRECT_CALLER_REVIEW	sem caller direto reconhecido; revisar callback/vtable/import	UNMAPPED	CORPUS_ONLY	0	1	0	0
005A0136	Unwind@005a0136	4	NO_DIRECT_CALLER_REVIEW	sem caller direto reconhecido; revisar callback/vtable/import	UNMAPPED	CORPUS_ONLY	0	1	0	0
005A0144	Unwind@005a0144	4	NO_DIRECT_CALLER_REVIEW	sem caller direto reconhecido; revisar callback/vtable/import	UNMAPPED	CORPUS_ONLY	0	1	0	0
005A0152	Unwind@005a0152	4	NO_DIRECT_CALLER_REVIEW	sem caller direto reconhecido; revisar callback/vtable/import	UNMAPPED	CORPUS_ONLY	0	1	0	0
005A016A	Unwind@005a016a	4	NO_DIRECT_CALLER_REVIEW	sem caller direto reconhecido; revisar callback/vtable/import	UNMAPPED	CORPUS_ONLY	0	1	0	0
005A0178	Unwind@005a0178	4	NO_DIRECT_CALLER_REVIEW	sem caller direto reconhecido; revisar callback/vtable/import	UNMAPPED	CORPUS_ONLY	0	1	0	0
005A0190	Unwind@005a0190	4	NO_DIRECT_CALLER_REVIEW	sem caller direto reconhecido; revisar callback/vtable/import	UNMAPPED	CORPUS_ONLY	0	1	0	0
005A019E	Unwind@005a019e	4	NO_DIRECT_CALLER_REVIEW	sem caller direto reconhecido; revisar callback/vtable/import	UNMAPPED	CORPUS_ONLY	0	1	0	0
005A01B6	Unwind@005a01b6	4	NO_DIRECT_CALLER_REVIEW	sem caller direto reconhecido; revisar callback/vtable/import	UNMAPPED	CORPUS_ONLY	0	1	0	0
005A01CE	Unwind@005a01ce	4	NO_DIRECT_CALLER_REVIEW	sem caller direto reconhecido; revisar callback/vtable/import	UNMAPPED	CORPUS_ONLY	0	1	0	0
005A01E6	Unwind@005a01e6	4	NO_DIRECT_CALLER_REVIEW	sem caller direto reconhecido; revisar callback/vtable/import	UNMAPPED	CORPUS_ONLY	0	1	0	0
005A01F4	Unwind@005a01f4	4	NO_DIRECT_CALLER_REVIEW	sem caller direto reconhecido; revisar callback/vtable/import	UNMAPPED	CORPUS_ONLY	0	1	0	0
005A0210	Unwind@005a0210	4	NO_DIRECT_CALLER_REVIEW	sem caller direto reconhecido; revisar callback/vtable/import	UNMAPPED	CORPUS_ONLY	0	1	0	0
005A0223	Unwind@005a0223	4	NO_DIRECT_CALLER_REVIEW	sem caller direto reconhecido; revisar callback/vtable/import	UNMAPPED	CORPUS_ONLY	0	1	0	0
005A0236	Unwind@005a0236	4	NO_DIRECT_CALLER_REVIEW	sem caller direto reconhecido; revisar callback/vtable/import	UNMAPPED	CORPUS_ONLY	0	1	0	0
005A0244	Unwind@005a0244	4	NO_DIRECT_CALLER_REVIEW	sem caller direto reconhecido; revisar callback/vtable/import	UNMAPPED	CORPUS_ONLY	0	1	0	0
005A0252	Unwind@005a0252	4	NO_DIRECT_CALLER_REVIEW	sem caller direto reconhecido; revisar callback/vtable/import	UNMAPPED	CORPUS_ONLY	0	1	0	0
005A0260	Unwind@005a0260	4	NO_DIRECT_CALLER_REVIEW	sem caller direto reconhecido; revisar callback/vtable/import	UNMAPPED	CORPUS_ONLY	0	1	0	0
005A026E	Unwind@005a026e	4	NO_DIRECT_CALLER_REVIEW	sem caller direto reconhecido; revisar callback/vtable/import	UNMAPPED	CORPUS_ONLY	0	1	0	0
005A027C	Unwind@005a027c	4	NO_DIRECT_CALLER_REVIEW	sem caller direto reconhecido; revisar callback/vtable/import	UNMAPPED	CORPUS_ONLY	0	1	0	0
005A028A	Unwind@005a028a	4	NO_DIRECT_CALLER_REVIEW	sem caller direto reconhecido; revisar callback/vtable/import	UNMAPPED	CORPUS_ONLY	0	1	0	0
005A02A2	Unwind@005a02a2	4	NO_DIRECT_CALLER_REVIEW	sem caller direto reconhecido; revisar callback/vtable/import	UNMAPPED	CORPUS_ONLY	0	1	0	0
005A02B0	Unwind@005a02b0	4	NO_DIRECT_CALLER_REVIEW	sem caller direto reconhecido; revisar callback/vtable/import	UNMAPPED	CORPUS_ONLY	0	1	0	0
005A02BE	Unwind@005a02be	4	NO_DIRECT_CALLER_REVIEW	sem caller direto reconhecido; revisar callback/vtable/import	UNMAPPED	CORPUS_ONLY	0	1	0	0
005A02E0	Unwind@005a02e0	4	NO_DIRECT_CALLER_REVIEW	sem caller direto reconhecido; revisar callback/vtable/import	UNMAPPED	CORPUS_ONLY	0	1	0	0
005A02F3	Unwind@005a02f3	4	NO_DIRECT_CALLER_REVIEW	sem caller direto reconhecido; revisar callback/vtable/import	UNMAPPED	CORPUS_ONLY	0	1	0	0
005A0306	Unwind@005a0306	4	NO_DIRECT_CALLER_REVIEW	sem caller direto reconhecido; revisar callback/vtable/import	UNMAPPED	CORPUS_ONLY	0	1	0	0
005A0314	Unwind@005a0314	4	NO_DIRECT_CALLER_REVIEW	sem caller direto reconhecido; revisar callback/vtable/import	UNMAPPED	CORPUS_ONLY	0	1	0	0
005A0322	Unwind@005a0322	4	NO_DIRECT_CALLER_REVIEW	sem caller direto reconhecido; revisar callback/vtable/import	UNMAPPED	CORPUS_ONLY	0	1	0	0
005A0330	Unwind@005a0330	4	NO_DIRECT_CALLER_REVIEW	sem caller direto reconhecido; revisar callback/vtable/import	UNMAPPED	CORPUS_ONLY	0	1	0	0
005A033E	Unwind@005a033e	4	NO_DIRECT_CALLER_REVIEW	sem caller direto reconhecido; revisar callback/vtable/import	UNMAPPED	CORPUS_ONLY	0	1	0	0
005A034C	Unwind@005a034c	4	NO_DIRECT_CALLER_REVIEW	sem caller direto reconhecido; revisar callback/vtable/import	UNMAPPED	CORPUS_ONLY	0	1	0	0
005A035A	Unwind@005a035a	4	NO_DIRECT_CALLER_REVIEW	sem caller direto reconhecido; revisar callback/vtable/import	UNMAPPED	CORPUS_ONLY	0	1	0	0
005A0368	Unwind@005a0368	4	NO_DIRECT_CALLER_REVIEW	sem caller direto reconhecido; revisar callback/vtable/import	UNMAPPED	CORPUS_ONLY	0	1	0	0
005A0376	Unwind@005a0376	4	NO_DIRECT_CALLER_REVIEW	sem caller direto reconhecido; revisar callback/vtable/import	UNMAPPED	CORPUS_ONLY	0	1	0	0
005A0384	Unwind@005a0384	4	NO_DIRECT_CALLER_REVIEW	sem caller direto reconhecido; revisar callback/vtable/import	UNMAPPED	CORPUS_ONLY	0	1	0	0
005A0392	Unwind@005a0392	4	NO_DIRECT_CALLER_REVIEW	sem caller direto reconhecido; revisar callback/vtable/import	UNMAPPED	CORPUS_ONLY	0	1	0	0
005A03A0	Unwind@005a03a0	4	NO_DIRECT_CALLER_REVIEW	sem caller direto reconhecido; revisar callback/vtable/import	UNMAPPED	CORPUS_ONLY	0	1	0	0
005A03AE	Unwind@005a03ae	4	NO_DIRECT_CALLER_REVIEW	sem caller direto reconhecido; revisar callback/vtable/import	UNMAPPED	CORPUS_ONLY	0	1	0	0
005A03C6	Unwind@005a03c6	4	NO_DIRECT_CALLER_REVIEW	sem caller direto reconhecido; revisar callback/vtable/import	UNMAPPED	CORPUS_ONLY	0	1	0	0
005A03DB	Unwind@005a03db	4	NO_DIRECT_CALLER_REVIEW	sem caller direto reconhecido; revisar callback/vtable/import	UNMAPPED	CORPUS_ONLY	0	1	0	0
005A03E9	Unwind@005a03e9	4	NO_DIRECT_CALLER_REVIEW	sem caller direto reconhecido; revisar callback/vtable/import	UNMAPPED	CORPUS_ONLY	0	1	0	0
005A0410	Unwind@005a0410	4	NO_DIRECT_CALLER_REVIEW	sem caller direto reconhecido; revisar callback/vtable/import	UNMAPPED	CORPUS_ONLY	0	1	0	0
005A0430	Unwind@005a0430	4	NO_DIRECT_CALLER_REVIEW	sem caller direto reconhecido; revisar callback/vtable/import	UNMAPPED	CORPUS_ONLY	0	1	0	0
005A043B	Unwind@005a043b	4	NO_DIRECT_CALLER_REVIEW	sem caller direto reconhecido; revisar callback/vtable/import	UNMAPPED	CORPUS_ONLY	0	1	0	0
005A0450	Unwind@005a0450	4	NO_DIRECT_CALLER_REVIEW	sem caller direto reconhecido; revisar callback/vtable/import	UNMAPPED	CORPUS_ONLY	0	1	0	0
005A045B	Unwind@005a045b	4	NO_DIRECT_CALLER_REVIEW	sem caller direto reconhecido; revisar callback/vtable/import	UNMAPPED	CORPUS_ONLY	0	1	0	0
005A0466	Unwind@005a0466	4	NO_DIRECT_CALLER_REVIEW	sem caller direto reconhecido; revisar callback/vtable/import	UNMAPPED	CORPUS_ONLY	0	1	0	0
005A0471	Unwind@005a0471	4	NO_DIRECT_CALLER_REVIEW	sem caller direto reconhecido; revisar callback/vtable/import	UNMAPPED	CORPUS_ONLY	0	1	0	0
005A0490	Unwind@005a0490	4	NO_DIRECT_CALLER_REVIEW	sem caller direto reconhecido; revisar callback/vtable/import	UNMAPPED	CORPUS_ONLY	0	1	0	0
005A0499	Unwind@005a0499	4	NO_DIRECT_CALLER_REVIEW	sem caller direto reconhecido; revisar callback/vtable/import	UNMAPPED	CORPUS_ONLY	0	1	0	0
005A04BA	Unwind@005a04ba	4	NO_DIRECT_CALLER_REVIEW	sem caller direto reconhecido; revisar callback/vtable/import	UNMAPPED	CORPUS_ONLY	0	1	0	0
005A04C6	Unwind@005a04c6	4	NO_DIRECT_CALLER_REVIEW	sem caller direto reconhecido; revisar callback/vtable/import	UNMAPPED	CORPUS_ONLY	0	1	0	0
005A04D2	Unwind@005a04d2	4	NO_DIRECT_CALLER_REVIEW	sem caller direto reconhecido; revisar callback/vtable/import	UNMAPPED	CORPUS_ONLY	0	1	0	0
005A04DE	Unwind@005a04de	4	NO_DIRECT_CALLER_REVIEW	sem caller direto reconhecido; revisar callback/vtable/import	UNMAPPED	CORPUS_ONLY	0	1	0	0
005A04EA	Unwind@005a04ea	4	NO_DIRECT_CALLER_REVIEW	sem caller direto reconhecido; revisar callback/vtable/import	UNMAPPED	CORPUS_ONLY	0	1	0	0
005A04F6	Unwind@005a04f6	4	NO_DIRECT_CALLER_REVIEW	sem caller direto reconhecido; revisar callback/vtable/import	UNMAPPED	CORPUS_ONLY	0	1	0	0
005A0502	Unwind@005a0502	4	NO_DIRECT_CALLER_REVIEW	sem caller direto reconhecido; revisar callback/vtable/import	UNMAPPED	CORPUS_ONLY	0	1	0	0
005A050E	Unwind@005a050e	4	NO_DIRECT_CALLER_REVIEW	sem caller direto reconhecido; revisar callback/vtable/import	UNMAPPED	CORPUS_ONLY	0	1	0	0
005A051A	Unwind@005a051a	4	NO_DIRECT_CALLER_REVIEW	sem caller direto reconhecido; revisar callback/vtable/import	UNMAPPED	CORPUS_ONLY	0	1	0	0
005A0526	Unwind@005a0526	4	NO_DIRECT_CALLER_REVIEW	sem caller direto reconhecido; revisar callback/vtable/import	UNMAPPED	CORPUS_ONLY	0	1	0	0
005A0532	Unwind@005a0532	4	NO_DIRECT_CALLER_REVIEW	sem caller direto reconhecido; revisar callback/vtable/import	UNMAPPED	CORPUS_ONLY	0	1	0	0
005A053E	Unwind@005a053e	4	NO_DIRECT_CALLER_REVIEW	sem caller direto reconhecido; revisar callback/vtable/import	UNMAPPED	CORPUS_ONLY	0	1	0	0
005A054A	Unwind@005a054a	4	NO_DIRECT_CALLER_REVIEW	sem caller direto reconhecido; revisar callback/vtable/import	UNMAPPED	CORPUS_ONLY	0	1	0	0
005A0556	Unwind@005a0556	4	NO_DIRECT_CALLER_REVIEW	sem caller direto reconhecido; revisar callback/vtable/import	UNMAPPED	CORPUS_ONLY	0	1	0	0
005A0562	Unwind@005a0562	4	NO_DIRECT_CALLER_REVIEW	sem caller direto reconhecido; revisar callback/vtable/import	UNMAPPED	CORPUS_ONLY	0	1	0	0
005A056E	Unwind@005a056e	4	NO_DIRECT_CALLER_REVIEW	sem caller direto reconhecido; revisar callback/vtable/import	UNMAPPED	CORPUS_ONLY	0	1	0	0
005A0584	Unwind@005a0584	4	NO_DIRECT_CALLER_REVIEW	sem caller direto reconhecido; revisar callback/vtable/import	UNMAPPED	CORPUS_ONLY	0	1	0	0
005A0597	Unwind@005a0597	4	NO_DIRECT_CALLER_REVIEW	sem caller direto reconhecido; revisar callback/vtable/import	UNMAPPED	CORPUS_ONLY	0	1	0	0
005A05B0	Unwind@005a05b0	4	NO_DIRECT_CALLER_REVIEW	sem caller direto reconhecido; revisar callback/vtable/import	UNMAPPED	CORPUS_ONLY	0	1	0	0
005A05D0	Unwind@005a05d0	4	NO_DIRECT_CALLER_REVIEW	sem caller direto reconhecido; revisar callback/vtable/import	UNMAPPED	CORPUS_ONLY	0	1	0	0
005A0600	Unwind@005a0600	4	NO_DIRECT_CALLER_REVIEW	sem caller direto reconhecido; revisar callback/vtable/import	UNMAPPED	CORPUS_ONLY	0	1	0	0
005A0609	Unwind@005a0609	4	NO_DIRECT_CALLER_REVIEW	sem caller direto reconhecido; revisar callback/vtable/import	UNMAPPED	CORPUS_ONLY	0	1	0	0
005A0630	Unwind@005a0630	4	NO_DIRECT_CALLER_REVIEW	sem caller direto reconhecido; revisar callback/vtable/import	UNMAPPED	CORPUS_ONLY	0	1	0	0
005A0650	Unwind@005a0650	4	NO_DIRECT_CALLER_REVIEW	sem caller direto reconhecido; revisar callback/vtable/import	UNMAPPED	CORPUS_ONLY	0	1	0	0
005A0670	Unwind@005a0670	4	NO_DIRECT_CALLER_REVIEW	sem caller direto reconhecido; revisar callback/vtable/import	UNMAPPED	CORPUS_ONLY	0	1	0	0
005A0690	Unwind@005a0690	4	NO_DIRECT_CALLER_REVIEW	sem caller direto reconhecido; revisar callback/vtable/import	UNMAPPED	CORPUS_ONLY	0	1	0	0
005A069E	Unwind@005a069e	4	NO_DIRECT_CALLER_REVIEW	sem caller direto reconhecido; revisar callback/vtable/import	UNMAPPED	CORPUS_ONLY	0	1	0	0
005A06AC	Unwind@005a06ac	4	NO_DIRECT_CALLER_REVIEW	sem caller direto reconhecido; revisar callback/vtable/import	UNMAPPED	CORPUS_ONLY	0	1	0	0
005A06C4	Unwind@005a06c4	4	NO_DIRECT_CALLER_REVIEW	sem caller direto reconhecido; revisar callback/vtable/import	UNMAPPED	CORPUS_ONLY	0	1	0	0
005A06D9	Unwind@005a06d9	4	NO_DIRECT_CALLER_REVIEW	sem caller direto reconhecido; revisar callback/vtable/import	UNMAPPED	CORPUS_ONLY	0	1	0	0
005A06F0	Unwind@005a06f0	4	NO_DIRECT_CALLER_REVIEW	sem caller direto reconhecido; revisar callback/vtable/import	UNMAPPED	CORPUS_ONLY	0	1	0	0
005A06F9	Unwind@005a06f9	4	NO_DIRECT_CALLER_REVIEW	sem caller direto reconhecido; revisar callback/vtable/import	UNMAPPED	CORPUS_ONLY	0	1	0	0
005A0704	Unwind@005a0704	4	NO_DIRECT_CALLER_REVIEW	sem caller direto reconhecido; revisar callback/vtable/import	UNMAPPED	CORPUS_ONLY	0	1	0	0
005A070F	Unwind@005a070f	4	NO_DIRECT_CALLER_REVIEW	sem caller direto reconhecido; revisar callback/vtable/import	UNMAPPED	CORPUS_ONLY	0	1	0	0
005A0724	Unwind@005a0724	4	NO_DIRECT_CALLER_REVIEW	sem caller direto reconhecido; revisar callback/vtable/import	UNMAPPED	CORPUS_ONLY	0	1	0	0
005A0732	Unwind@005a0732	4	NO_DIRECT_CALLER_REVIEW	sem caller direto reconhecido; revisar callback/vtable/import	UNMAPPED	CORPUS_ONLY	0	1	0	0
005A0740	Unwind@005a0740	4	NO_DIRECT_CALLER_REVIEW	sem caller direto reconhecido; revisar callback/vtable/import	UNMAPPED	CORPUS_ONLY	0	1	0	0
005A074E	Unwind@005a074e	4	NO_DIRECT_CALLER_REVIEW	sem caller direto reconhecido; revisar callback/vtable/import	UNMAPPED	CORPUS_ONLY	0	1	0	0
005A075C	Unwind@005a075c	4	NO_DIRECT_CALLER_REVIEW	sem caller direto reconhecido; revisar callback/vtable/import	UNMAPPED	CORPUS_ONLY	0	1	0	0
005A076A	Unwind@005a076a	4	NO_DIRECT_CALLER_REVIEW	sem caller direto reconhecido; revisar callback/vtable/import	UNMAPPED	CORPUS_ONLY	0	1	0	0
005A0778	Unwind@005a0778	4	NO_DIRECT_CALLER_REVIEW	sem caller direto reconhecido; revisar callback/vtable/import	UNMAPPED	CORPUS_ONLY	0	1	0	0
005A0786	Unwind@005a0786	4	NO_DIRECT_CALLER_REVIEW	sem caller direto reconhecido; revisar callback/vtable/import	UNMAPPED	CORPUS_ONLY	0	1	0	0
005A0794	Unwind@005a0794	4	NO_DIRECT_CALLER_REVIEW	sem caller direto reconhecido; revisar callback/vtable/import	UNMAPPED	CORPUS_ONLY	0	1	0	0
005A07A2	Unwind@005a07a2	4	NO_DIRECT_CALLER_REVIEW	sem caller direto reconhecido; revisar callback/vtable/import	UNMAPPED	CORPUS_ONLY	0	1	0	0
005A07BA	Unwind@005a07ba	4	NO_DIRECT_CALLER_REVIEW	sem caller direto reconhecido; revisar callback/vtable/import	UNMAPPED	CORPUS_ONLY	0	1	0	0
005A07C5	Unwind@005a07c5	4	NO_DIRECT_CALLER_REVIEW	sem caller direto reconhecido; revisar callback/vtable/import	UNMAPPED	CORPUS_ONLY	0	1	0	0
005A07E0	Unwind@005a07e0	4	NO_DIRECT_CALLER_REVIEW	sem caller direto reconhecido; revisar callback/vtable/import	UNMAPPED	CORPUS_ONLY	0	1	0	0
005A0800	Unwind@005a0800	4	NO_DIRECT_CALLER_REVIEW	sem caller direto reconhecido; revisar callback/vtable/import	UNMAPPED	CORPUS_ONLY	0	1	0	0
005A0813	Unwind@005a0813	4	NO_DIRECT_CALLER_REVIEW	sem caller direto reconhecido; revisar callback/vtable/import	UNMAPPED	CORPUS_ONLY	0	1	0	0
005A0826	Unwind@005a0826	4	NO_DIRECT_CALLER_REVIEW	sem caller direto reconhecido; revisar callback/vtable/import	UNMAPPED	CORPUS_ONLY	0	1	0	0
005A0840	Unwind@005a0840	4	NO_DIRECT_CALLER_REVIEW	sem caller direto reconhecido; revisar callback/vtable/import	UNMAPPED	CORPUS_ONLY	0	1	0	0
005A0860	Unwind@005a0860	4	NO_DIRECT_CALLER_REVIEW	sem caller direto reconhecido; revisar callback/vtable/import	UNMAPPED	CORPUS_ONLY	0	1	0	0
005A0880	Unwind@005a0880	4	NO_DIRECT_CALLER_REVIEW	sem caller direto reconhecido; revisar callback/vtable/import	UNMAPPED	CORPUS_ONLY	0	1	0	0
005A08A0	Unwind@005a08a0	4	NO_DIRECT_CALLER_REVIEW	sem caller direto reconhecido; revisar callback/vtable/import	UNMAPPED	CORPUS_ONLY	0	1	0	0
005A08C0	Unwind@005a08c0	4	NO_DIRECT_CALLER_REVIEW	sem caller direto reconhecido; revisar callback/vtable/import	UNMAPPED	CORPUS_ONLY	0	1	0	0
005A08C9	Unwind@005a08c9	4	NO_DIRECT_CALLER_REVIEW	sem caller direto reconhecido; revisar callback/vtable/import	UNMAPPED	CORPUS_ONLY	0	1	0	0
005A08DE	Unwind@005a08de	4	NO_DIRECT_CALLER_REVIEW	sem caller direto reconhecido; revisar callback/vtable/import	UNMAPPED	CORPUS_ONLY	0	1	0	0
005A08EC	Unwind@005a08ec	4	NO_DIRECT_CALLER_REVIEW	sem caller direto reconhecido; revisar callback/vtable/import	UNMAPPED	CORPUS_ONLY	0	1	0	0
005A08FA	Unwind@005a08fa	4	NO_DIRECT_CALLER_REVIEW	sem caller direto reconhecido; revisar callback/vtable/import	UNMAPPED	CORPUS_ONLY	0	1	0	0
005A0920	Unwind@005a0920	4	NO_DIRECT_CALLER_REVIEW	sem caller direto reconhecido; revisar callback/vtable/import	UNMAPPED	CORPUS_ONLY	0	1	0	0
005A0940	Unwind@005a0940	4	NO_DIRECT_CALLER_REVIEW	sem caller direto reconhecido; revisar callback/vtable/import	UNMAPPED	CORPUS_ONLY	0	1	0	0
005A094C	Unwind@005a094c	4	NO_DIRECT_CALLER_REVIEW	sem caller direto reconhecido; revisar callback/vtable/import	UNMAPPED	CORPUS_ONLY	0	1	0	0
005A095A	Unwind@005a095a	4	NO_DIRECT_CALLER_REVIEW	sem caller direto reconhecido; revisar callback/vtable/import	UNMAPPED	CORPUS_ONLY	0	1	0	0
005A0968	Unwind@005a0968	4	NO_DIRECT_CALLER_REVIEW	sem caller direto reconhecido; revisar callback/vtable/import	UNMAPPED	CORPUS_ONLY	0	1	0	0
005A0976	Unwind@005a0976	4	NO_DIRECT_CALLER_REVIEW	sem caller direto reconhecido; revisar callback/vtable/import	UNMAPPED	CORPUS_ONLY	0	1	0	0
005A0984	Unwind@005a0984	4	NO_DIRECT_CALLER_REVIEW	sem caller direto reconhecido; revisar callback/vtable/import	UNMAPPED	CORPUS_ONLY	0	1	0	0
005A09A0	Unwind@005a09a0	4	NO_DIRECT_CALLER_REVIEW	sem caller direto reconhecido; revisar callback/vtable/import	UNMAPPED	CORPUS_ONLY	0	1	0	0
005A09C0	Unwind@005a09c0	4	NO_DIRECT_CALLER_REVIEW	sem caller direto reconhecido; revisar callback/vtable/import	UNMAPPED	CORPUS_ONLY	0	1	0	0
005A09C9	Unwind@005a09c9	4	NO_DIRECT_CALLER_REVIEW	sem caller direto reconhecido; revisar callback/vtable/import	UNMAPPED	CORPUS_ONLY	0	1	0	0
005A09D4	Unwind@005a09d4	4	NO_DIRECT_CALLER_REVIEW	sem caller direto reconhecido; revisar callback/vtable/import	UNMAPPED	CORPUS_ONLY	0	1	0	0
005A09E9	Unwind@005a09e9	4	NO_DIRECT_CALLER_REVIEW	sem caller direto reconhecido; revisar callback/vtable/import	UNMAPPED	CORPUS_ONLY	0	1	0	0
005A09FC	Unwind@005a09fc	4	NO_DIRECT_CALLER_REVIEW	sem caller direto reconhecido; revisar callback/vtable/import	UNMAPPED	CORPUS_ONLY	0	1	0	0
005A0A07	Unwind@005a0a07	4	NO_DIRECT_CALLER_REVIEW	sem caller direto reconhecido; revisar callback/vtable/import	UNMAPPED	CORPUS_ONLY	0	1	0	0
005A0A12	Unwind@005a0a12	4	NO_DIRECT_CALLER_REVIEW	sem caller direto reconhecido; revisar callback/vtable/import	UNMAPPED	CORPUS_ONLY	0	1	0	0
005A0A30	Unwind@005a0a30	4	NO_DIRECT_CALLER_REVIEW	sem caller direto reconhecido; revisar callback/vtable/import	UNMAPPED	CORPUS_ONLY	0	1	0	0
005A0A3C	Unwind@005a0a3c	4	NO_DIRECT_CALLER_REVIEW	sem caller direto reconhecido; revisar callback/vtable/import	UNMAPPED	CORPUS_ONLY	0	1	0	0
005A0A60	Unwind@005a0a60	4	NO_DIRECT_CALLER_REVIEW	sem caller direto reconhecido; revisar callback/vtable/import	UNMAPPED	CORPUS_ONLY	0	1	0	0
005A0A73	Unwind@005a0a73	4	NO_DIRECT_CALLER_REVIEW	sem caller direto reconhecido; revisar callback/vtable/import	UNMAPPED	CORPUS_ONLY	0	1	0	0
005A0A7C	Unwind@005a0a7c	4	NO_DIRECT_CALLER_REVIEW	sem caller direto reconhecido; revisar callback/vtable/import	UNMAPPED	CORPUS_ONLY	0	1	0	0
005A0A87	Unwind@005a0a87	4	NO_DIRECT_CALLER_REVIEW	sem caller direto reconhecido; revisar callback/vtable/import	UNMAPPED	CORPUS_ONLY	0	1	0	0
005A0A9C	Unwind@005a0a9c	4	NO_DIRECT_CALLER_REVIEW	sem caller direto reconhecido; revisar callback/vtable/import	UNMAPPED	CORPUS_ONLY	0	1	0	0
005A0AA7	Unwind@005a0aa7	4	NO_DIRECT_CALLER_REVIEW	sem caller direto reconhecido; revisar callback/vtable/import	UNMAPPED	CORPUS_ONLY	0	1	0	0
005A0AB2	Unwind@005a0ab2	4	NO_DIRECT_CALLER_REVIEW	sem caller direto reconhecido; revisar callback/vtable/import	UNMAPPED	CORPUS_ONLY	0	1	0	0
005A0AC7	Unwind@005a0ac7	4	NO_DIRECT_CALLER_REVIEW	sem caller direto reconhecido; revisar callback/vtable/import	UNMAPPED	CORPUS_ONLY	0	1	0	0
005A0AD5	Unwind@005a0ad5	4	NO_DIRECT_CALLER_REVIEW	sem caller direto reconhecido; revisar callback/vtable/import	UNMAPPED	CORPUS_ONLY	0	1	0	0
005A0AE3	Unwind@005a0ae3	4	NO_DIRECT_CALLER_REVIEW	sem caller direto reconhecido; revisar callback/vtable/import	UNMAPPED	CORPUS_ONLY	0	1	0	0
005A0AF1	Unwind@005a0af1	4	NO_DIRECT_CALLER_REVIEW	sem caller direto reconhecido; revisar callback/vtable/import	UNMAPPED	CORPUS_ONLY	0	1	0	0
005A0AFF	Unwind@005a0aff	4	NO_DIRECT_CALLER_REVIEW	sem caller direto reconhecido; revisar callback/vtable/import	UNMAPPED	CORPUS_ONLY	0	1	0	0
005A0B0D	Unwind@005a0b0d	4	NO_DIRECT_CALLER_REVIEW	sem caller direto reconhecido; revisar callback/vtable/import	UNMAPPED	CORPUS_ONLY	0	1	0	0
005A0B1B	Unwind@005a0b1b	4	NO_DIRECT_CALLER_REVIEW	sem caller direto reconhecido; revisar callback/vtable/import	UNMAPPED	CORPUS_ONLY	0	1	0	0
005A0B29	Unwind@005a0b29	4	NO_DIRECT_CALLER_REVIEW	sem caller direto reconhecido; revisar callback/vtable/import	UNMAPPED	CORPUS_ONLY	0	1	0	0
005A0B41	Unwind@005a0b41	4	NO_DIRECT_CALLER_REVIEW	sem caller direto reconhecido; revisar callback/vtable/import	UNMAPPED	CORPUS_ONLY	0	1	0	0
005A0B4C	Unwind@005a0b4c	4	NO_DIRECT_CALLER_REVIEW	sem caller direto reconhecido; revisar callback/vtable/import	UNMAPPED	CORPUS_ONLY	0	1	0	0
005A0B70	Unwind@005a0b70	4	NO_DIRECT_CALLER_REVIEW	sem caller direto reconhecido; revisar callback/vtable/import	UNMAPPED	CORPUS_ONLY	0	1	0	0
005A0B79	Unwind@005a0b79	4	NO_DIRECT_CALLER_REVIEW	sem caller direto reconhecido; revisar callback/vtable/import	UNMAPPED	CORPUS_ONLY	0	1	0	0
005A0B84	Unwind@005a0b84	4	NO_DIRECT_CALLER_REVIEW	sem caller direto reconhecido; revisar callback/vtable/import	UNMAPPED	CORPUS_ONLY	0	1	0	0
005A0BA0	Unwind@005a0ba0	4	NO_DIRECT_CALLER_REVIEW	sem caller direto reconhecido; revisar callback/vtable/import	UNMAPPED	CORPUS_ONLY	0	1	0	0
005A0BA9	Unwind@005a0ba9	4	NO_DIRECT_CALLER_REVIEW	sem caller direto reconhecido; revisar callback/vtable/import	UNMAPPED	CORPUS_ONLY	0	1	0	0
005A0BC0	Unwind@005a0bc0	4	NO_DIRECT_CALLER_REVIEW	sem caller direto reconhecido; revisar callback/vtable/import	UNMAPPED	CORPUS_ONLY	0	1	0	0
005A0BC9	Unwind@005a0bc9	4	NO_DIRECT_CALLER_REVIEW	sem caller direto reconhecido; revisar callback/vtable/import	UNMAPPED	CORPUS_ONLY	0	1	0	0
005A0BE0	Unwind@005a0be0	4	NO_DIRECT_CALLER_REVIEW	sem caller direto reconhecido; revisar callback/vtable/import	UNMAPPED	CORPUS_ONLY	0	1	0	0
005A0BF3	Unwind@005a0bf3	4	NO_DIRECT_CALLER_REVIEW	sem caller direto reconhecido; revisar callback/vtable/import	UNMAPPED	CORPUS_ONLY	0	1	0	0
005A0C01	Unwind@005a0c01	4	NO_DIRECT_CALLER_REVIEW	sem caller direto reconhecido; revisar callback/vtable/import	UNMAPPED	CORPUS_ONLY	0	1	0	0
005A0C0F	Unwind@005a0c0f	4	NO_DIRECT_CALLER_REVIEW	sem caller direto reconhecido; revisar callback/vtable/import	UNMAPPED	CORPUS_ONLY	0	1	0	0
005A0C1D	Unwind@005a0c1d	4	NO_DIRECT_CALLER_REVIEW	sem caller direto reconhecido; revisar callback/vtable/import	UNMAPPED	CORPUS_ONLY	0	1	0	0
005A0C2B	Unwind@005a0c2b	4	NO_DIRECT_CALLER_REVIEW	sem caller direto reconhecido; revisar callback/vtable/import	UNMAPPED	CORPUS_ONLY	0	1	0	0
005A0C39	Unwind@005a0c39	4	NO_DIRECT_CALLER_REVIEW	sem caller direto reconhecido; revisar callback/vtable/import	UNMAPPED	CORPUS_ONLY	0	1	0	0
005A0C47	Unwind@005a0c47	4	NO_DIRECT_CALLER_REVIEW	sem caller direto reconhecido; revisar callback/vtable/import	UNMAPPED	CORPUS_ONLY	0	1	0	0
005A0C55	Unwind@005a0c55	4	NO_DIRECT_CALLER_REVIEW	sem caller direto reconhecido; revisar callback/vtable/import	UNMAPPED	CORPUS_ONLY	0	1	0	0
005A0C63	Unwind@005a0c63	4	NO_DIRECT_CALLER_REVIEW	sem caller direto reconhecido; revisar callback/vtable/import	UNMAPPED	CORPUS_ONLY	0	1	0	0
005A0C71	Unwind@005a0c71	4	NO_DIRECT_CALLER_REVIEW	sem caller direto reconhecido; revisar callback/vtable/import	UNMAPPED	CORPUS_ONLY	0	1	0	0
005A0C7F	Unwind@005a0c7f	4	NO_DIRECT_CALLER_REVIEW	sem caller direto reconhecido; revisar callback/vtable/import	UNMAPPED	CORPUS_ONLY	0	1	0	0
005A0C8D	Unwind@005a0c8d	4	NO_DIRECT_CALLER_REVIEW	sem caller direto reconhecido; revisar callback/vtable/import	UNMAPPED	CORPUS_ONLY	0	1	0	0
005A0C9B	Unwind@005a0c9b	4	NO_DIRECT_CALLER_REVIEW	sem caller direto reconhecido; revisar callback/vtable/import	UNMAPPED	CORPUS_ONLY	0	1	0	0
005A0CC0	Unwind@005a0cc0	4	NO_DIRECT_CALLER_REVIEW	sem caller direto reconhecido; revisar callback/vtable/import	UNMAPPED	CORPUS_ONLY	0	1	0	0
005A0CD3	Unwind@005a0cd3	4	NO_DIRECT_CALLER_REVIEW	sem caller direto reconhecido; revisar callback/vtable/import	UNMAPPED	CORPUS_ONLY	0	1	0	0
005A0CF0	Unwind@005a0cf0	4	NO_DIRECT_CALLER_REVIEW	sem caller direto reconhecido; revisar callback/vtable/import	UNMAPPED	CORPUS_ONLY	0	1	0	0
005A0D03	Unwind@005a0d03	4	NO_DIRECT_CALLER_REVIEW	sem caller direto reconhecido; revisar callback/vtable/import	UNMAPPED	CORPUS_ONLY	0	1	0	0
005A0D18	Unwind@005a0d18	4	NO_DIRECT_CALLER_REVIEW	sem caller direto reconhecido; revisar callback/vtable/import	UNMAPPED	CORPUS_ONLY	0	1	0	0
005A0D2B	Unwind@005a0d2b	4	NO_DIRECT_CALLER_REVIEW	sem caller direto reconhecido; revisar callback/vtable/import	UNMAPPED	CORPUS_ONLY	0	1	0	0
005A0D40	Unwind@005a0d40	4	NO_DIRECT_CALLER_REVIEW	sem caller direto reconhecido; revisar callback/vtable/import	UNMAPPED	CORPUS_ONLY	0	1	0	0
005A0D60	Unwind@005a0d60	4	NO_DIRECT_CALLER_REVIEW	sem caller direto reconhecido; revisar callback/vtable/import	UNMAPPED	CORPUS_ONLY	0	1	0	0
005A0D80	Unwind@005a0d80	4	NO_DIRECT_CALLER_REVIEW	sem caller direto reconhecido; revisar callback/vtable/import	UNMAPPED	CORPUS_ONLY	0	1	0	0
005A0D93	Unwind@005a0d93	4	NO_DIRECT_CALLER_REVIEW	sem caller direto reconhecido; revisar callback/vtable/import	UNMAPPED	CORPUS_ONLY	0	1	0	0
005A0D9C	Unwind@005a0d9c	4	NO_DIRECT_CALLER_REVIEW	sem caller direto reconhecido; revisar callback/vtable/import	UNMAPPED	CORPUS_ONLY	0	1	0	0
005A0DB1	Unwind@005a0db1	4	NO_DIRECT_CALLER_REVIEW	sem caller direto reconhecido; revisar callback/vtable/import	UNMAPPED	CORPUS_ONLY	0	1	0	0
005A0DD0	Unwind@005a0dd0	4	NO_DIRECT_CALLER_REVIEW	sem caller direto reconhecido; revisar callback/vtable/import	UNMAPPED	CORPUS_ONLY	0	1	0	0
005A0DD9	Unwind@005a0dd9	4	NO_DIRECT_CALLER_REVIEW	sem caller direto reconhecido; revisar callback/vtable/import	UNMAPPED	CORPUS_ONLY	0	1	0	0
005A0DE4	Unwind@005a0de4	4	NO_DIRECT_CALLER_REVIEW	sem caller direto reconhecido; revisar callback/vtable/import	UNMAPPED	CORPUS_ONLY	0	1	0	0
005A0DEF	Unwind@005a0def	4	NO_DIRECT_CALLER_REVIEW	sem caller direto reconhecido; revisar callback/vtable/import	UNMAPPED	CORPUS_ONLY	0	1	0	0
005A0E10	Unwind@005a0e10	4	NO_DIRECT_CALLER_REVIEW	sem caller direto reconhecido; revisar callback/vtable/import	UNMAPPED	CORPUS_ONLY	0	1	0	0
005A0E19	Unwind@005a0e19	4	NO_DIRECT_CALLER_REVIEW	sem caller direto reconhecido; revisar callback/vtable/import	UNMAPPED	CORPUS_ONLY	0	1	0	0
005A0E24	Unwind@005a0e24	4	NO_DIRECT_CALLER_REVIEW	sem caller direto reconhecido; revisar callback/vtable/import	UNMAPPED	CORPUS_ONLY	0	1	0	0
005A0E2F	Unwind@005a0e2f	4	NO_DIRECT_CALLER_REVIEW	sem caller direto reconhecido; revisar callback/vtable/import	UNMAPPED	CORPUS_ONLY	0	1	0	0
005A0E3A	Unwind@005a0e3a	4	NO_DIRECT_CALLER_REVIEW	sem caller direto reconhecido; revisar callback/vtable/import	UNMAPPED	CORPUS_ONLY	0	1	0	0
005A0E45	Unwind@005a0e45	4	NO_DIRECT_CALLER_REVIEW	sem caller direto reconhecido; revisar callback/vtable/import	UNMAPPED	CORPUS_ONLY	0	1	0	0
005A0E50	Unwind@005a0e50	4	NO_DIRECT_CALLER_REVIEW	sem caller direto reconhecido; revisar callback/vtable/import	UNMAPPED	CORPUS_ONLY	0	1	0	0
005A0E5B	Unwind@005a0e5b	4	NO_DIRECT_CALLER_REVIEW	sem caller direto reconhecido; revisar callback/vtable/import	UNMAPPED	CORPUS_ONLY	0	1	0	0
005A0E70	Unwind@005a0e70	4	NO_DIRECT_CALLER_REVIEW	sem caller direto reconhecido; revisar callback/vtable/import	UNMAPPED	CORPUS_ONLY	0	1	0	0
005A0E83	Unwind@005a0e83	4	NO_DIRECT_CALLER_REVIEW	sem caller direto reconhecido; revisar callback/vtable/import	UNMAPPED	CORPUS_ONLY	0	1	0	0
005A0EA0	Unwind@005a0ea0	4	NO_DIRECT_CALLER_REVIEW	sem caller direto reconhecido; revisar callback/vtable/import	UNMAPPED	CORPUS_ONLY	0	1	0	0
005A0EA9	Unwind@005a0ea9	4	NO_DIRECT_CALLER_REVIEW	sem caller direto reconhecido; revisar callback/vtable/import	UNMAPPED	CORPUS_ONLY	0	1	0	0
005A0EBE	Unwind@005a0ebe	4	NO_DIRECT_CALLER_REVIEW	sem caller direto reconhecido; revisar callback/vtable/import	UNMAPPED	CORPUS_ONLY	0	1	0	0
005A0EC9	Unwind@005a0ec9	4	NO_DIRECT_CALLER_REVIEW	sem caller direto reconhecido; revisar callback/vtable/import	UNMAPPED	CORPUS_ONLY	0	1	0	0
005A0ED4	Unwind@005a0ed4	4	NO_DIRECT_CALLER_REVIEW	sem caller direto reconhecido; revisar callback/vtable/import	UNMAPPED	CORPUS_ONLY	0	1	0	0
005A0EF0	Unwind@005a0ef0	4	NO_DIRECT_CALLER_REVIEW	sem caller direto reconhecido; revisar callback/vtable/import	UNMAPPED	CORPUS_ONLY	0	1	0	0
005A0EF9	Unwind@005a0ef9	4	NO_DIRECT_CALLER_REVIEW	sem caller direto reconhecido; revisar callback/vtable/import	UNMAPPED	CORPUS_ONLY	0	1	0	0
005A0F04	Unwind@005a0f04	4	NO_DIRECT_CALLER_REVIEW	sem caller direto reconhecido; revisar callback/vtable/import	UNMAPPED	CORPUS_ONLY	0	1	0	0
005A0F19	Unwind@005a0f19	4	NO_DIRECT_CALLER_REVIEW	sem caller direto reconhecido; revisar callback/vtable/import	UNMAPPED	CORPUS_ONLY	0	1	0	0
005A0F24	Unwind@005a0f24	4	NO_DIRECT_CALLER_REVIEW	sem caller direto reconhecido; revisar callback/vtable/import	UNMAPPED	CORPUS_ONLY	0	1	0	0
005A0F2F	Unwind@005a0f2f	4	NO_DIRECT_CALLER_REVIEW	sem caller direto reconhecido; revisar callback/vtable/import	UNMAPPED	CORPUS_ONLY	0	1	0	0
005A0F3A	Unwind@005a0f3a	4	NO_DIRECT_CALLER_REVIEW	sem caller direto reconhecido; revisar callback/vtable/import	UNMAPPED	CORPUS_ONLY	0	1	0	0
005A0F45	Unwind@005a0f45	4	NO_DIRECT_CALLER_REVIEW	sem caller direto reconhecido; revisar callback/vtable/import	UNMAPPED	CORPUS_ONLY	0	1	0	0
005A0F50	Unwind@005a0f50	4	NO_DIRECT_CALLER_REVIEW	sem caller direto reconhecido; revisar callback/vtable/import	UNMAPPED	CORPUS_ONLY	0	1	0	0
005A0F5B	Unwind@005a0f5b	4	NO_DIRECT_CALLER_REVIEW	sem caller direto reconhecido; revisar callback/vtable/import	UNMAPPED	CORPUS_ONLY	0	1	0	0
005A0F66	Unwind@005a0f66	4	NO_DIRECT_CALLER_REVIEW	sem caller direto reconhecido; revisar callback/vtable/import	UNMAPPED	CORPUS_ONLY	0	1	0	0
005A0F80	Unwind@005a0f80	4	NO_DIRECT_CALLER_REVIEW	sem caller direto reconhecido; revisar callback/vtable/import	UNMAPPED	CORPUS_ONLY	0	1	0	0
005A0F8C	Unwind@005a0f8c	4	NO_DIRECT_CALLER_REVIEW	sem caller direto reconhecido; revisar callback/vtable/import	UNMAPPED	CORPUS_ONLY	0	1	0	0
005A0F97	Unwind@005a0f97	4	NO_DIRECT_CALLER_REVIEW	sem caller direto reconhecido; revisar callback/vtable/import	UNMAPPED	CORPUS_ONLY	0	1	0	0
005A0FA2	Unwind@005a0fa2	4	NO_DIRECT_CALLER_REVIEW	sem caller direto reconhecido; revisar callback/vtable/import	UNMAPPED	CORPUS_ONLY	0	1	0	0
005A0FAD	Unwind@005a0fad	4	NO_DIRECT_CALLER_REVIEW	sem caller direto reconhecido; revisar callback/vtable/import	UNMAPPED	CORPUS_ONLY	0	1	0	0
005A0FD0	Unwind@005a0fd0	4	NO_DIRECT_CALLER_REVIEW	sem caller direto reconhecido; revisar callback/vtable/import	UNMAPPED	CORPUS_ONLY	0	1	0	0
005A0FD9	Unwind@005a0fd9	4	NO_DIRECT_CALLER_REVIEW	sem caller direto reconhecido; revisar callback/vtable/import	UNMAPPED	CORPUS_ONLY	0	1	0	0
005A0FEE	Unwind@005a0fee	4	NO_DIRECT_CALLER_REVIEW	sem caller direto reconhecido; revisar callback/vtable/import	UNMAPPED	CORPUS_ONLY	0	1	0	0
005A0FF9	Unwind@005a0ff9	4	NO_DIRECT_CALLER_REVIEW	sem caller direto reconhecido; revisar callback/vtable/import	UNMAPPED	CORPUS_ONLY	0	1	0	0
005A1020	Unwind@005a1020	4	NO_DIRECT_CALLER_REVIEW	sem caller direto reconhecido; revisar callback/vtable/import	UNMAPPED	CORPUS_ONLY	0	1	0	0
005A1029	Unwind@005a1029	4	NO_DIRECT_CALLER_REVIEW	sem caller direto reconhecido; revisar callback/vtable/import	UNMAPPED	CORPUS_ONLY	0	1	0	0
005A1034	Unwind@005a1034	4	NO_DIRECT_CALLER_REVIEW	sem caller direto reconhecido; revisar callback/vtable/import	UNMAPPED	CORPUS_ONLY	0	1	0	0
005A1050	Unwind@005a1050	4	NO_DIRECT_CALLER_REVIEW	sem caller direto reconhecido; revisar callback/vtable/import	UNMAPPED	CORPUS_ONLY	0	1	0	0
005A1059	Unwind@005a1059	4	NO_DIRECT_CALLER_REVIEW	sem caller direto reconhecido; revisar callback/vtable/import	UNMAPPED	CORPUS_ONLY	0	1	0	0
005A1064	Unwind@005a1064	4	NO_DIRECT_CALLER_REVIEW	sem caller direto reconhecido; revisar callback/vtable/import	UNMAPPED	CORPUS_ONLY	0	1	0	0
005A1080	Unwind@005a1080	4	NO_DIRECT_CALLER_REVIEW	sem caller direto reconhecido; revisar callback/vtable/import	UNMAPPED	CORPUS_ONLY	0	1	0	0
005A1089	Unwind@005a1089	4	NO_DIRECT_CALLER_REVIEW	sem caller direto reconhecido; revisar callback/vtable/import	UNMAPPED	CORPUS_ONLY	0	1	0	0
005A10A0	Unwind@005a10a0	4	NO_DIRECT_CALLER_REVIEW	sem caller direto reconhecido; revisar callback/vtable/import	UNMAPPED	CORPUS_ONLY	0	1	0	0
005A10AC	Unwind@005a10ac	4	NO_DIRECT_CALLER_REVIEW	sem caller direto reconhecido; revisar callback/vtable/import	UNMAPPED	CORPUS_ONLY	0	1	0	0
005A10B7	Unwind@005a10b7	4	NO_DIRECT_CALLER_REVIEW	sem caller direto reconhecido; revisar callback/vtable/import	UNMAPPED	CORPUS_ONLY	0	1	0	0
005A10C2	Unwind@005a10c2	4	NO_DIRECT_CALLER_REVIEW	sem caller direto reconhecido; revisar callback/vtable/import	UNMAPPED	CORPUS_ONLY	0	1	0	0
005A10CD	Unwind@005a10cd	4	NO_DIRECT_CALLER_REVIEW	sem caller direto reconhecido; revisar callback/vtable/import	UNMAPPED	CORPUS_ONLY	0	1	0	0
005A10D8	Unwind@005a10d8	4	NO_DIRECT_CALLER_REVIEW	sem caller direto reconhecido; revisar callback/vtable/import	UNMAPPED	CORPUS_ONLY	0	1	0	0
005A10F0	Unwind@005a10f0	4	NO_DIRECT_CALLER_REVIEW	sem caller direto reconhecido; revisar callback/vtable/import	UNMAPPED	CORPUS_ONLY	0	1	0	0
005A10F9	Unwind@005a10f9	4	NO_DIRECT_CALLER_REVIEW	sem caller direto reconhecido; revisar callback/vtable/import	UNMAPPED	CORPUS_ONLY	0	1	0	0
005A110E	Unwind@005a110e	4	NO_DIRECT_CALLER_REVIEW	sem caller direto reconhecido; revisar callback/vtable/import	UNMAPPED	CORPUS_ONLY	0	1	0	0
005A1117	Unwind@005a1117	4	NO_DIRECT_CALLER_REVIEW	sem caller direto reconhecido; revisar callback/vtable/import	UNMAPPED	CORPUS_ONLY	0	1	0	0
005A1130	Unwind@005a1130	4	NO_DIRECT_CALLER_REVIEW	sem caller direto reconhecido; revisar callback/vtable/import	UNMAPPED	CORPUS_ONLY	0	1	0	0
005A113C	Unwind@005a113c	4	NO_DIRECT_CALLER_REVIEW	sem caller direto reconhecido; revisar callback/vtable/import	UNMAPPED	CORPUS_ONLY	0	1	0	0
005A1147	Unwind@005a1147	4	NO_DIRECT_CALLER_REVIEW	sem caller direto reconhecido; revisar callback/vtable/import	UNMAPPED	CORPUS_ONLY	0	1	0	0
005A1152	Unwind@005a1152	4	NO_DIRECT_CALLER_REVIEW	sem caller direto reconhecido; revisar callback/vtable/import	UNMAPPED	CORPUS_ONLY	0	1	0	0
005A115D	Unwind@005a115d	4	NO_DIRECT_CALLER_REVIEW	sem caller direto reconhecido; revisar callback/vtable/import	UNMAPPED	CORPUS_ONLY	0	1	0	0
005A1168	Unwind@005a1168	4	NO_DIRECT_CALLER_REVIEW	sem caller direto reconhecido; revisar callback/vtable/import	UNMAPPED	CORPUS_ONLY	0	1	0	0
005A1176	Unwind@005a1176	4	NO_DIRECT_CALLER_REVIEW	sem caller direto reconhecido; revisar callback/vtable/import	UNMAPPED	CORPUS_ONLY	0	1	0	0
005A1184	Unwind@005a1184	4	NO_DIRECT_CALLER_REVIEW	sem caller direto reconhecido; revisar callback/vtable/import	UNMAPPED	CORPUS_ONLY	0	1	0	0
005A1192	Unwind@005a1192	4	NO_DIRECT_CALLER_REVIEW	sem caller direto reconhecido; revisar callback/vtable/import	UNMAPPED	CORPUS_ONLY	0	1	0	0
005A11A0	Unwind@005a11a0	4	NO_DIRECT_CALLER_REVIEW	sem caller direto reconhecido; revisar callback/vtable/import	UNMAPPED	CORPUS_ONLY	0	1	0	0
005A11B8	Unwind@005a11b8	4	NO_DIRECT_CALLER_REVIEW	sem caller direto reconhecido; revisar callback/vtable/import	UNMAPPED	CORPUS_ONLY	0	1	0	0
005A11D0	Unwind@005a11d0	4	NO_DIRECT_CALLER_REVIEW	sem caller direto reconhecido; revisar callback/vtable/import	UNMAPPED	CORPUS_ONLY	0	1	0	0
005A11D9	Unwind@005a11d9	4	NO_DIRECT_CALLER_REVIEW	sem caller direto reconhecido; revisar callback/vtable/import	UNMAPPED	CORPUS_ONLY	0	1	0	0
005A11E4	Unwind@005a11e4	4	NO_DIRECT_CALLER_REVIEW	sem caller direto reconhecido; revisar callback/vtable/import	UNMAPPED	CORPUS_ONLY	0	1	0	0
005A11F9	Unwind@005a11f9	4	NO_DIRECT_CALLER_REVIEW	sem caller direto reconhecido; revisar callback/vtable/import	UNMAPPED	CORPUS_ONLY	0	1	0	0
005A1202	Unwind@005a1202	4	NO_DIRECT_CALLER_REVIEW	sem caller direto reconhecido; revisar callback/vtable/import	UNMAPPED	CORPUS_ONLY	0	1	0	0
005A120D	Unwind@005a120d	4	NO_DIRECT_CALLER_REVIEW	sem caller direto reconhecido; revisar callback/vtable/import	UNMAPPED	CORPUS_ONLY	0	1	0	0
005A1218	Unwind@005a1218	4	NO_DIRECT_CALLER_REVIEW	sem caller direto reconhecido; revisar callback/vtable/import	UNMAPPED	CORPUS_ONLY	0	1	0	0
005A1223	Unwind@005a1223	4	NO_DIRECT_CALLER_REVIEW	sem caller direto reconhecido; revisar callback/vtable/import	UNMAPPED	CORPUS_ONLY	0	1	0	0
005A1238	Unwind@005a1238	4	NO_DIRECT_CALLER_REVIEW	sem caller direto reconhecido; revisar callback/vtable/import	UNMAPPED	CORPUS_ONLY	0	1	0	0
005A1243	Unwind@005a1243	4	NO_DIRECT_CALLER_REVIEW	sem caller direto reconhecido; revisar callback/vtable/import	UNMAPPED	CORPUS_ONLY	0	1	0	0
005A1251	Unwind@005a1251	4	NO_DIRECT_CALLER_REVIEW	sem caller direto reconhecido; revisar callback/vtable/import	UNMAPPED	CORPUS_ONLY	0	1	0	0
005A125F	Unwind@005a125f	4	NO_DIRECT_CALLER_REVIEW	sem caller direto reconhecido; revisar callback/vtable/import	UNMAPPED	CORPUS_ONLY	0	1	0	0
005A1280	Unwind@005a1280	4	NO_DIRECT_CALLER_REVIEW	sem caller direto reconhecido; revisar callback/vtable/import	UNMAPPED	CORPUS_ONLY	0	1	0	0
005A12A0	Unwind@005a12a0	4	NO_DIRECT_CALLER_REVIEW	sem caller direto reconhecido; revisar callback/vtable/import	UNMAPPED	CORPUS_ONLY	0	1	0	0
005A12A9	Unwind@005a12a9	4	NO_DIRECT_CALLER_REVIEW	sem caller direto reconhecido; revisar callback/vtable/import	UNMAPPED	CORPUS_ONLY	0	1	0	0
005A12B4	Unwind@005a12b4	4	NO_DIRECT_CALLER_REVIEW	sem caller direto reconhecido; revisar callback/vtable/import	UNMAPPED	CORPUS_ONLY	0	1	0	0
005A12BF	Unwind@005a12bf	4	NO_DIRECT_CALLER_REVIEW	sem caller direto reconhecido; revisar callback/vtable/import	UNMAPPED	CORPUS_ONLY	0	1	0	0
005A12CA	Unwind@005a12ca	4	NO_DIRECT_CALLER_REVIEW	sem caller direto reconhecido; revisar callback/vtable/import	UNMAPPED	CORPUS_ONLY	0	1	0	0
005A12D5	Unwind@005a12d5	4	NO_DIRECT_CALLER_REVIEW	sem caller direto reconhecido; revisar callback/vtable/import	UNMAPPED	CORPUS_ONLY	0	1	0	0
005A12E0	Unwind@005a12e0	4	NO_DIRECT_CALLER_REVIEW	sem caller direto reconhecido; revisar callback/vtable/import	UNMAPPED	CORPUS_ONLY	0	1	0	0
005A12EB	Unwind@005a12eb	4	NO_DIRECT_CALLER_REVIEW	sem caller direto reconhecido; revisar callback/vtable/import	UNMAPPED	CORPUS_ONLY	0	1	0	0
005A12F6	Unwind@005a12f6	4	NO_DIRECT_CALLER_REVIEW	sem caller direto reconhecido; revisar callback/vtable/import	UNMAPPED	CORPUS_ONLY	0	1	0	0
005A1301	Unwind@005a1301	4	NO_DIRECT_CALLER_REVIEW	sem caller direto reconhecido; revisar callback/vtable/import	UNMAPPED	CORPUS_ONLY	0	1	0	0
005A130C	Unwind@005a130c	4	NO_DIRECT_CALLER_REVIEW	sem caller direto reconhecido; revisar callback/vtable/import	UNMAPPED	CORPUS_ONLY	0	1	0	0
005A1317	Unwind@005a1317	4	NO_DIRECT_CALLER_REVIEW	sem caller direto reconhecido; revisar callback/vtable/import	UNMAPPED	CORPUS_ONLY	0	1	0	0
005A1322	Unwind@005a1322	4	NO_DIRECT_CALLER_REVIEW	sem caller direto reconhecido; revisar callback/vtable/import	UNMAPPED	CORPUS_ONLY	0	1	0	0
005A1337	Unwind@005a1337	4	NO_DIRECT_CALLER_REVIEW	sem caller direto reconhecido; revisar callback/vtable/import	UNMAPPED	CORPUS_ONLY	0	1	0	0
005A1343	Unwind@005a1343	4	NO_DIRECT_CALLER_REVIEW	sem caller direto reconhecido; revisar callback/vtable/import	UNMAPPED	CORPUS_ONLY	0	1	0	0
005A134E	Unwind@005a134e	4	NO_DIRECT_CALLER_REVIEW	sem caller direto reconhecido; revisar callback/vtable/import	UNMAPPED	CORPUS_ONLY	0	1	0	0
005A1359	Unwind@005a1359	4	NO_DIRECT_CALLER_REVIEW	sem caller direto reconhecido; revisar callback/vtable/import	UNMAPPED	CORPUS_ONLY	0	1	0	0
005A1364	Unwind@005a1364	4	NO_DIRECT_CALLER_REVIEW	sem caller direto reconhecido; revisar callback/vtable/import	UNMAPPED	CORPUS_ONLY	0	1	0	0
005A136F	Unwind@005a136f	4	NO_DIRECT_CALLER_REVIEW	sem caller direto reconhecido; revisar callback/vtable/import	UNMAPPED	CORPUS_ONLY	0	1	0	0
005A137A	Unwind@005a137a	4	NO_DIRECT_CALLER_REVIEW	sem caller direto reconhecido; revisar callback/vtable/import	UNMAPPED	CORPUS_ONLY	0	1	0	0
005A1385	Unwind@005a1385	4	NO_DIRECT_CALLER_REVIEW	sem caller direto reconhecido; revisar callback/vtable/import	UNMAPPED	CORPUS_ONLY	0	1	0	0
005A1390	Unwind@005a1390	4	NO_DIRECT_CALLER_REVIEW	sem caller direto reconhecido; revisar callback/vtable/import	UNMAPPED	CORPUS_ONLY	0	1	0	0
005A139B	Unwind@005a139b	4	NO_DIRECT_CALLER_REVIEW	sem caller direto reconhecido; revisar callback/vtable/import	UNMAPPED	CORPUS_ONLY	0	1	0	0
005A13A6	Unwind@005a13a6	4	NO_DIRECT_CALLER_REVIEW	sem caller direto reconhecido; revisar callback/vtable/import	UNMAPPED	CORPUS_ONLY	0	1	0	0
005A13B4	Unwind@005a13b4	4	NO_DIRECT_CALLER_REVIEW	sem caller direto reconhecido; revisar callback/vtable/import	UNMAPPED	CORPUS_ONLY	0	1	0	0
005A13C2	Unwind@005a13c2	4	NO_DIRECT_CALLER_REVIEW	sem caller direto reconhecido; revisar callback/vtable/import	UNMAPPED	CORPUS_ONLY	0	1	0	0
005A13D0	Unwind@005a13d0	4	NO_DIRECT_CALLER_REVIEW	sem caller direto reconhecido; revisar callback/vtable/import	UNMAPPED	CORPUS_ONLY	0	1	0	0
005A13DE	Unwind@005a13de	4	NO_DIRECT_CALLER_REVIEW	sem caller direto reconhecido; revisar callback/vtable/import	UNMAPPED	CORPUS_ONLY	0	1	0	0
005A13EC	Unwind@005a13ec	4	NO_DIRECT_CALLER_REVIEW	sem caller direto reconhecido; revisar callback/vtable/import	UNMAPPED	CORPUS_ONLY	0	1	0	0
005A1404	Unwind@005a1404	4	NO_DIRECT_CALLER_REVIEW	sem caller direto reconhecido; revisar callback/vtable/import	UNMAPPED	CORPUS_ONLY	0	1	0	0
005A1412	Unwind@005a1412	4	NO_DIRECT_CALLER_REVIEW	sem caller direto reconhecido; revisar callback/vtable/import	UNMAPPED	CORPUS_ONLY	0	1	0	0
005A1430	Unwind@005a1430	4	NO_DIRECT_CALLER_REVIEW	sem caller direto reconhecido; revisar callback/vtable/import	UNMAPPED	CORPUS_ONLY	0	1	0	0
005A1439	Unwind@005a1439	4	NO_DIRECT_CALLER_REVIEW	sem caller direto reconhecido; revisar callback/vtable/import	UNMAPPED	CORPUS_ONLY	0	1	0	0
005A1444	Unwind@005a1444	4	NO_DIRECT_CALLER_REVIEW	sem caller direto reconhecido; revisar callback/vtable/import	UNMAPPED	CORPUS_ONLY	0	1	0	0
005A1460	Unwind@005a1460	4	NO_DIRECT_CALLER_REVIEW	sem caller direto reconhecido; revisar callback/vtable/import	UNMAPPED	CORPUS_ONLY	0	1	0	0
005A1473	Unwind@005a1473	4	NO_DIRECT_CALLER_REVIEW	sem caller direto reconhecido; revisar callback/vtable/import	UNMAPPED	CORPUS_ONLY	0	1	0	0
005A1490	Unwind@005a1490	4	NO_DIRECT_CALLER_REVIEW	sem caller direto reconhecido; revisar callback/vtable/import	UNMAPPED	CORPUS_ONLY	0	1	0	0
005A1499	Unwind@005a1499	4	NO_DIRECT_CALLER_REVIEW	sem caller direto reconhecido; revisar callback/vtable/import	UNMAPPED	CORPUS_ONLY	0	1	0	0
005A14A4	Unwind@005a14a4	4	NO_DIRECT_CALLER_REVIEW	sem caller direto reconhecido; revisar callback/vtable/import	UNMAPPED	CORPUS_ONLY	0	1	0	0
005A14AF	Unwind@005a14af	4	NO_DIRECT_CALLER_REVIEW	sem caller direto reconhecido; revisar callback/vtable/import	UNMAPPED	CORPUS_ONLY	0	1	0	0
005A14C4	Unwind@005a14c4	4	NO_DIRECT_CALLER_REVIEW	sem caller direto reconhecido; revisar callback/vtable/import	UNMAPPED	CORPUS_ONLY	0	1	0	0
005A14D7	Unwind@005a14d7	4	NO_DIRECT_CALLER_REVIEW	sem caller direto reconhecido; revisar callback/vtable/import	UNMAPPED	CORPUS_ONLY	0	1	0	0
005A14E2	Unwind@005a14e2	4	NO_DIRECT_CALLER_REVIEW	sem caller direto reconhecido; revisar callback/vtable/import	UNMAPPED	CORPUS_ONLY	0	1	0	0
005A1500	Unwind@005a1500	4	NO_DIRECT_CALLER_REVIEW	sem caller direto reconhecido; revisar callback/vtable/import	UNMAPPED	CORPUS_ONLY	0	1	0	0
005A1509	Unwind@005a1509	4	NO_DIRECT_CALLER_REVIEW	sem caller direto reconhecido; revisar callback/vtable/import	UNMAPPED	CORPUS_ONLY	0	1	0	0
005A1514	Unwind@005a1514	4	NO_DIRECT_CALLER_REVIEW	sem caller direto reconhecido; revisar callback/vtable/import	UNMAPPED	CORPUS_ONLY	0	1	0	0
005A151F	Unwind@005a151f	4	NO_DIRECT_CALLER_REVIEW	sem caller direto reconhecido; revisar callback/vtable/import	UNMAPPED	CORPUS_ONLY	0	1	0	0
005A1540	Unwind@005a1540	4	NO_DIRECT_CALLER_REVIEW	sem caller direto reconhecido; revisar callback/vtable/import	UNMAPPED	CORPUS_ONLY	0	1	0	0
005A154C	Unwind@005a154c	4	NO_DIRECT_CALLER_REVIEW	sem caller direto reconhecido; revisar callback/vtable/import	UNMAPPED	CORPUS_ONLY	0	1	0	0
005A1557	Unwind@005a1557	4	NO_DIRECT_CALLER_REVIEW	sem caller direto reconhecido; revisar callback/vtable/import	UNMAPPED	CORPUS_ONLY	0	1	0	0
005A1562	Unwind@005a1562	4	NO_DIRECT_CALLER_REVIEW	sem caller direto reconhecido; revisar callback/vtable/import	UNMAPPED	CORPUS_ONLY	0	1	0	0
005A156D	Unwind@005a156d	4	NO_DIRECT_CALLER_REVIEW	sem caller direto reconhecido; revisar callback/vtable/import	UNMAPPED	CORPUS_ONLY	0	1	0	0
005A1590	Unwind@005a1590	4	NO_DIRECT_CALLER_REVIEW	sem caller direto reconhecido; revisar callback/vtable/import	UNMAPPED	CORPUS_ONLY	0	1	0	0
005A15A3	Unwind@005a15a3	4	NO_DIRECT_CALLER_REVIEW	sem caller direto reconhecido; revisar callback/vtable/import	UNMAPPED	CORPUS_ONLY	0	1	0	0
005A15C0	Unwind@005a15c0	4	NO_DIRECT_CALLER_REVIEW	sem caller direto reconhecido; revisar callback/vtable/import	UNMAPPED	CORPUS_ONLY	0	1	0	0
005A15E0	Unwind@005a15e0	4	NO_DIRECT_CALLER_REVIEW	sem caller direto reconhecido; revisar callback/vtable/import	UNMAPPED	CORPUS_ONLY	0	1	0	0
005A1600	Unwind@005a1600	4	NO_DIRECT_CALLER_REVIEW	sem caller direto reconhecido; revisar callback/vtable/import	UNMAPPED	CORPUS_ONLY	0	1	0	0
005A1613	Unwind@005a1613	4	NO_DIRECT_CALLER_REVIEW	sem caller direto reconhecido; revisar callback/vtable/import	UNMAPPED	CORPUS_ONLY	0	1	0	0
005A161E	Unwind@005a161e	4	NO_DIRECT_CALLER_REVIEW	sem caller direto reconhecido; revisar callback/vtable/import	UNMAPPED	CORPUS_ONLY	0	1	0	0
005A1629	Unwind@005a1629	4	NO_DIRECT_CALLER_REVIEW	sem caller direto reconhecido; revisar callback/vtable/import	UNMAPPED	CORPUS_ONLY	0	1	0	0
005A1634	Unwind@005a1634	4	NO_DIRECT_CALLER_REVIEW	sem caller direto reconhecido; revisar callback/vtable/import	UNMAPPED	CORPUS_ONLY	0	1	0	0
005A1650	Unwind@005a1650	4	NO_DIRECT_CALLER_REVIEW	sem caller direto reconhecido; revisar callback/vtable/import	UNMAPPED	CORPUS_ONLY	0	1	0	0
005A165B	Unwind@005a165b	4	NO_DIRECT_CALLER_REVIEW	sem caller direto reconhecido; revisar callback/vtable/import	UNMAPPED	CORPUS_ONLY	0	1	0	0
005A1670	Unwind@005a1670	4	NO_DIRECT_CALLER_REVIEW	sem caller direto reconhecido; revisar callback/vtable/import	UNMAPPED	CORPUS_ONLY	0	1	0	0
005A1683	Unwind@005a1683	4	NO_DIRECT_CALLER_REVIEW	sem caller direto reconhecido; revisar callback/vtable/import	UNMAPPED	CORPUS_ONLY	0	1	0	0
005A16A0	Unwind@005a16a0	4	NO_DIRECT_CALLER_REVIEW	sem caller direto reconhecido; revisar callback/vtable/import	UNMAPPED	CORPUS_ONLY	0	1	0	0
005A16B3	Unwind@005a16b3	4	NO_DIRECT_CALLER_REVIEW	sem caller direto reconhecido; revisar callback/vtable/import	UNMAPPED	CORPUS_ONLY	0	1	0	0
005A16BE	Unwind@005a16be	4	NO_DIRECT_CALLER_REVIEW	sem caller direto reconhecido; revisar callback/vtable/import	UNMAPPED	CORPUS_ONLY	0	1	0	0
005A16D3	Unwind@005a16d3	4	NO_DIRECT_CALLER_REVIEW	sem caller direto reconhecido; revisar callback/vtable/import	UNMAPPED	CORPUS_ONLY	0	1	0	0
005A16E1	Unwind@005a16e1	4	NO_DIRECT_CALLER_REVIEW	sem caller direto reconhecido; revisar callback/vtable/import	UNMAPPED	CORPUS_ONLY	0	1	0	0
005A1700	Unwind@005a1700	4	NO_DIRECT_CALLER_REVIEW	sem caller direto reconhecido; revisar callback/vtable/import	UNMAPPED	CORPUS_ONLY	0	1	0	0
005A1709	Unwind@005a1709	4	NO_DIRECT_CALLER_REVIEW	sem caller direto reconhecido; revisar callback/vtable/import	UNMAPPED	CORPUS_ONLY	0	1	0	0
005A1714	Unwind@005a1714	4	NO_DIRECT_CALLER_REVIEW	sem caller direto reconhecido; revisar callback/vtable/import	UNMAPPED	CORPUS_ONLY	0	1	0	0
005A171F	Unwind@005a171f	4	NO_DIRECT_CALLER_REVIEW	sem caller direto reconhecido; revisar callback/vtable/import	UNMAPPED	CORPUS_ONLY	0	1	0	0
005A172A	Unwind@005a172a	4	NO_DIRECT_CALLER_REVIEW	sem caller direto reconhecido; revisar callback/vtable/import	UNMAPPED	CORPUS_ONLY	0	1	0	0
005A1735	Unwind@005a1735	4	NO_DIRECT_CALLER_REVIEW	sem caller direto reconhecido; revisar callback/vtable/import	UNMAPPED	CORPUS_ONLY	0	1	0	0
005A1740	Unwind@005a1740	4	NO_DIRECT_CALLER_REVIEW	sem caller direto reconhecido; revisar callback/vtable/import	UNMAPPED	CORPUS_ONLY	0	1	0	0
005A174B	Unwind@005a174b	4	NO_DIRECT_CALLER_REVIEW	sem caller direto reconhecido; revisar callback/vtable/import	UNMAPPED	CORPUS_ONLY	0	1	0	0
005A1756	Unwind@005a1756	4	NO_DIRECT_CALLER_REVIEW	sem caller direto reconhecido; revisar callback/vtable/import	UNMAPPED	CORPUS_ONLY	0	1	0	0
005A1761	Unwind@005a1761	4	NO_DIRECT_CALLER_REVIEW	sem caller direto reconhecido; revisar callback/vtable/import	UNMAPPED	CORPUS_ONLY	0	1	0	0
005A176C	Unwind@005a176c	4	NO_DIRECT_CALLER_REVIEW	sem caller direto reconhecido; revisar callback/vtable/import	UNMAPPED	CORPUS_ONLY	0	1	0	0
005A1777	Unwind@005a1777	4	NO_DIRECT_CALLER_REVIEW	sem caller direto reconhecido; revisar callback/vtable/import	UNMAPPED	CORPUS_ONLY	0	1	0	0
005A1782	Unwind@005a1782	4	NO_DIRECT_CALLER_REVIEW	sem caller direto reconhecido; revisar callback/vtable/import	UNMAPPED	CORPUS_ONLY	0	1	0	0
005A1797	Unwind@005a1797	4	NO_DIRECT_CALLER_REVIEW	sem caller direto reconhecido; revisar callback/vtable/import	UNMAPPED	CORPUS_ONLY	0	1	0	0
005A17AA	Unwind@005a17aa	4	NO_DIRECT_CALLER_REVIEW	sem caller direto reconhecido; revisar callback/vtable/import	UNMAPPED	CORPUS_ONLY	0	1	0	0
005A17BF	Unwind@005a17bf	4	NO_DIRECT_CALLER_REVIEW	sem caller direto reconhecido; revisar callback/vtable/import	UNMAPPED	CORPUS_ONLY	0	1	0	0
005A17CD	Unwind@005a17cd	4	NO_DIRECT_CALLER_REVIEW	sem caller direto reconhecido; revisar callback/vtable/import	UNMAPPED	CORPUS_ONLY	0	1	0	0
005A17DB	Unwind@005a17db	4	NO_DIRECT_CALLER_REVIEW	sem caller direto reconhecido; revisar callback/vtable/import	UNMAPPED	CORPUS_ONLY	0	1	0	0
005A17E9	Unwind@005a17e9	4	NO_DIRECT_CALLER_REVIEW	sem caller direto reconhecido; revisar callback/vtable/import	UNMAPPED	CORPUS_ONLY	0	1	0	0
005A17F7	Unwind@005a17f7	4	NO_DIRECT_CALLER_REVIEW	sem caller direto reconhecido; revisar callback/vtable/import	UNMAPPED	CORPUS_ONLY	0	1	0	0
005A1805	Unwind@005a1805	4	NO_DIRECT_CALLER_REVIEW	sem caller direto reconhecido; revisar callback/vtable/import	UNMAPPED	CORPUS_ONLY	0	1	0	0
005A1813	Unwind@005a1813	4	NO_DIRECT_CALLER_REVIEW	sem caller direto reconhecido; revisar callback/vtable/import	UNMAPPED	CORPUS_ONLY	0	1	0	0
005A1821	Unwind@005a1821	4	NO_DIRECT_CALLER_REVIEW	sem caller direto reconhecido; revisar callback/vtable/import	UNMAPPED	CORPUS_ONLY	0	1	0	0
005A182F	Unwind@005a182f	4	NO_DIRECT_CALLER_REVIEW	sem caller direto reconhecido; revisar callback/vtable/import	UNMAPPED	CORPUS_ONLY	0	1	0	0
005A183D	Unwind@005a183d	4	NO_DIRECT_CALLER_REVIEW	sem caller direto reconhecido; revisar callback/vtable/import	UNMAPPED	CORPUS_ONLY	0	1	0	0
005A184B	Unwind@005a184b	4	NO_DIRECT_CALLER_REVIEW	sem caller direto reconhecido; revisar callback/vtable/import	UNMAPPED	CORPUS_ONLY	0	1	0	0
005A1859	Unwind@005a1859	4	NO_DIRECT_CALLER_REVIEW	sem caller direto reconhecido; revisar callback/vtable/import	UNMAPPED	CORPUS_ONLY	0	1	0	0
005A1867	Unwind@005a1867	4	NO_DIRECT_CALLER_REVIEW	sem caller direto reconhecido; revisar callback/vtable/import	UNMAPPED	CORPUS_ONLY	0	1	0	0
005A1875	Unwind@005a1875	4	NO_DIRECT_CALLER_REVIEW	sem caller direto reconhecido; revisar callback/vtable/import	UNMAPPED	CORPUS_ONLY	0	1	0	0
005A1883	Unwind@005a1883	4	NO_DIRECT_CALLER_REVIEW	sem caller direto reconhecido; revisar callback/vtable/import	UNMAPPED	CORPUS_ONLY	0	1	0	0
005A1891	Unwind@005a1891	4	NO_DIRECT_CALLER_REVIEW	sem caller direto reconhecido; revisar callback/vtable/import	UNMAPPED	CORPUS_ONLY	0	1	0	0
005A189F	Unwind@005a189f	4	NO_DIRECT_CALLER_REVIEW	sem caller direto reconhecido; revisar callback/vtable/import	UNMAPPED	CORPUS_ONLY	0	1	0	0
005A18AD	Unwind@005a18ad	4	NO_DIRECT_CALLER_REVIEW	sem caller direto reconhecido; revisar callback/vtable/import	UNMAPPED	CORPUS_ONLY	0	1	0	0
005A18BB	Unwind@005a18bb	4	NO_DIRECT_CALLER_REVIEW	sem caller direto reconhecido; revisar callback/vtable/import	UNMAPPED	CORPUS_ONLY	0	1	0	0
005A18C9	Unwind@005a18c9	4	NO_DIRECT_CALLER_REVIEW	sem caller direto reconhecido; revisar callback/vtable/import	UNMAPPED	CORPUS_ONLY	0	1	0	0
005A18D7	Unwind@005a18d7	4	NO_DIRECT_CALLER_REVIEW	sem caller direto reconhecido; revisar callback/vtable/import	UNMAPPED	CORPUS_ONLY	0	1	0	0
005A18E5	Unwind@005a18e5	4	NO_DIRECT_CALLER_REVIEW	sem caller direto reconhecido; revisar callback/vtable/import	UNMAPPED	CORPUS_ONLY	0	1	0	0
005A18F3	Unwind@005a18f3	4	NO_DIRECT_CALLER_REVIEW	sem caller direto reconhecido; revisar callback/vtable/import	UNMAPPED	CORPUS_ONLY	0	1	0	0
005A1901	Unwind@005a1901	4	NO_DIRECT_CALLER_REVIEW	sem caller direto reconhecido; revisar callback/vtable/import	UNMAPPED	CORPUS_ONLY	0	1	0	0
005A190F	Unwind@005a190f	4	NO_DIRECT_CALLER_REVIEW	sem caller direto reconhecido; revisar callback/vtable/import	UNMAPPED	CORPUS_ONLY	0	1	0	0
005A191D	Unwind@005a191d	4	NO_DIRECT_CALLER_REVIEW	sem caller direto reconhecido; revisar callback/vtable/import	UNMAPPED	CORPUS_ONLY	0	1	0	0
005A192B	Unwind@005a192b	4	NO_DIRECT_CALLER_REVIEW	sem caller direto reconhecido; revisar callback/vtable/import	UNMAPPED	CORPUS_ONLY	0	1	0	0
005A1939	Unwind@005a1939	4	NO_DIRECT_CALLER_REVIEW	sem caller direto reconhecido; revisar callback/vtable/import	UNMAPPED	CORPUS_ONLY	0	1	0	0
005A1947	Unwind@005a1947	4	NO_DIRECT_CALLER_REVIEW	sem caller direto reconhecido; revisar callback/vtable/import	UNMAPPED	CORPUS_ONLY	0	1	0	0
005A1955	Unwind@005a1955	4	NO_DIRECT_CALLER_REVIEW	sem caller direto reconhecido; revisar callback/vtable/import	UNMAPPED	CORPUS_ONLY	0	1	0	0
005A196D	Unwind@005a196d	4	NO_DIRECT_CALLER_REVIEW	sem caller direto reconhecido; revisar callback/vtable/import	UNMAPPED	CORPUS_ONLY	0	1	0	0
005A1978	Unwind@005a1978	4	NO_DIRECT_CALLER_REVIEW	sem caller direto reconhecido; revisar callback/vtable/import	UNMAPPED	CORPUS_ONLY	0	1	0	0
005A1983	Unwind@005a1983	4	NO_DIRECT_CALLER_REVIEW	sem caller direto reconhecido; revisar callback/vtable/import	UNMAPPED	CORPUS_ONLY	0	1	0	0
005A198E	Unwind@005a198e	4	NO_DIRECT_CALLER_REVIEW	sem caller direto reconhecido; revisar callback/vtable/import	UNMAPPED	CORPUS_ONLY	0	1	0	0
005A1999	Unwind@005a1999	4	NO_DIRECT_CALLER_REVIEW	sem caller direto reconhecido; revisar callback/vtable/import	UNMAPPED	CORPUS_ONLY	0	1	0	0
005A19A4	Unwind@005a19a4	4	NO_DIRECT_CALLER_REVIEW	sem caller direto reconhecido; revisar callback/vtable/import	UNMAPPED	CORPUS_ONLY	0	1	0	0
005A19AF	Unwind@005a19af	4	NO_DIRECT_CALLER_REVIEW	sem caller direto reconhecido; revisar callback/vtable/import	UNMAPPED	CORPUS_ONLY	0	1	0	0
005A19BA	Unwind@005a19ba	4	NO_DIRECT_CALLER_REVIEW	sem caller direto reconhecido; revisar callback/vtable/import	UNMAPPED	CORPUS_ONLY	0	1	0	0
005A19C5	Unwind@005a19c5	4	NO_DIRECT_CALLER_REVIEW	sem caller direto reconhecido; revisar callback/vtable/import	UNMAPPED	CORPUS_ONLY	0	1	0	0
005A19D0	Unwind@005a19d0	4	NO_DIRECT_CALLER_REVIEW	sem caller direto reconhecido; revisar callback/vtable/import	UNMAPPED	CORPUS_ONLY	0	1	0	0
005A19E5	Unwind@005a19e5	4	NO_DIRECT_CALLER_REVIEW	sem caller direto reconhecido; revisar callback/vtable/import	UNMAPPED	CORPUS_ONLY	0	1	0	0
005A19F3	Unwind@005a19f3	4	NO_DIRECT_CALLER_REVIEW	sem caller direto reconhecido; revisar callback/vtable/import	UNMAPPED	CORPUS_ONLY	0	1	0	0
005A1A01	Unwind@005a1a01	4	NO_DIRECT_CALLER_REVIEW	sem caller direto reconhecido; revisar callback/vtable/import	UNMAPPED	CORPUS_ONLY	0	1	0	0
005A1A0F	Unwind@005a1a0f	4	NO_DIRECT_CALLER_REVIEW	sem caller direto reconhecido; revisar callback/vtable/import	UNMAPPED	CORPUS_ONLY	0	1	0	0
005A1A1D	Unwind@005a1a1d	4	NO_DIRECT_CALLER_REVIEW	sem caller direto reconhecido; revisar callback/vtable/import	UNMAPPED	CORPUS_ONLY	0	1	0	0
005A1A2B	Unwind@005a1a2b	4	NO_DIRECT_CALLER_REVIEW	sem caller direto reconhecido; revisar callback/vtable/import	UNMAPPED	CORPUS_ONLY	0	1	0	0
005A1A39	Unwind@005a1a39	4	NO_DIRECT_CALLER_REVIEW	sem caller direto reconhecido; revisar callback/vtable/import	UNMAPPED	CORPUS_ONLY	0	1	0	0
005A1A47	Unwind@005a1a47	4	NO_DIRECT_CALLER_REVIEW	sem caller direto reconhecido; revisar callback/vtable/import	UNMAPPED	CORPUS_ONLY	0	1	0	0
005A1A55	Unwind@005a1a55	4	NO_DIRECT_CALLER_REVIEW	sem caller direto reconhecido; revisar callback/vtable/import	UNMAPPED	CORPUS_ONLY	0	1	0	0
005A1A63	Unwind@005a1a63	4	NO_DIRECT_CALLER_REVIEW	sem caller direto reconhecido; revisar callback/vtable/import	UNMAPPED	CORPUS_ONLY	0	1	0	0
005A1A71	Unwind@005a1a71	4	NO_DIRECT_CALLER_REVIEW	sem caller direto reconhecido; revisar callback/vtable/import	UNMAPPED	CORPUS_ONLY	0	1	0	0
005A1A7F	Unwind@005a1a7f	4	NO_DIRECT_CALLER_REVIEW	sem caller direto reconhecido; revisar callback/vtable/import	UNMAPPED	CORPUS_ONLY	0	1	0	0
005A1A8D	Unwind@005a1a8d	4	NO_DIRECT_CALLER_REVIEW	sem caller direto reconhecido; revisar callback/vtable/import	UNMAPPED	CORPUS_ONLY	0	1	0	0
005A1A9B	Unwind@005a1a9b	4	NO_DIRECT_CALLER_REVIEW	sem caller direto reconhecido; revisar callback/vtable/import	UNMAPPED	CORPUS_ONLY	0	1	0	0
005A1AA9	Unwind@005a1aa9	4	NO_DIRECT_CALLER_REVIEW	sem caller direto reconhecido; revisar callback/vtable/import	UNMAPPED	CORPUS_ONLY	0	1	0	0
005A1AC1	Unwind@005a1ac1	4	NO_DIRECT_CALLER_REVIEW	sem caller direto reconhecido; revisar callback/vtable/import	UNMAPPED	CORPUS_ONLY	0	1	0	0
005A1ACF	Unwind@005a1acf	4	NO_DIRECT_CALLER_REVIEW	sem caller direto reconhecido; revisar callback/vtable/import	UNMAPPED	CORPUS_ONLY	0	1	0	0
005A1ADD	Unwind@005a1add	4	NO_DIRECT_CALLER_REVIEW	sem caller direto reconhecido; revisar callback/vtable/import	UNMAPPED	CORPUS_ONLY	0	1	0	0
005A1AEB	Unwind@005a1aeb	4	NO_DIRECT_CALLER_REVIEW	sem caller direto reconhecido; revisar callback/vtable/import	UNMAPPED	CORPUS_ONLY	0	1	0	0
005A1AF9	Unwind@005a1af9	4	NO_DIRECT_CALLER_REVIEW	sem caller direto reconhecido; revisar callback/vtable/import	UNMAPPED	CORPUS_ONLY	0	1	0	0
005A1B07	Unwind@005a1b07	4	NO_DIRECT_CALLER_REVIEW	sem caller direto reconhecido; revisar callback/vtable/import	UNMAPPED	CORPUS_ONLY	0	1	0	0
005A1B15	Unwind@005a1b15	4	NO_DIRECT_CALLER_REVIEW	sem caller direto reconhecido; revisar callback/vtable/import	UNMAPPED	CORPUS_ONLY	0	1	0	0
005A1B23	Unwind@005a1b23	4	NO_DIRECT_CALLER_REVIEW	sem caller direto reconhecido; revisar callback/vtable/import	UNMAPPED	CORPUS_ONLY	0	1	0	0
005A1B31	Unwind@005a1b31	4	NO_DIRECT_CALLER_REVIEW	sem caller direto reconhecido; revisar callback/vtable/import	UNMAPPED	CORPUS_ONLY	0	1	0	0
005A1B3F	Unwind@005a1b3f	4	NO_DIRECT_CALLER_REVIEW	sem caller direto reconhecido; revisar callback/vtable/import	UNMAPPED	CORPUS_ONLY	0	1	0	0
005A1B4D	Unwind@005a1b4d	4	NO_DIRECT_CALLER_REVIEW	sem caller direto reconhecido; revisar callback/vtable/import	UNMAPPED	CORPUS_ONLY	0	1	0	0
005A1B5B	Unwind@005a1b5b	4	NO_DIRECT_CALLER_REVIEW	sem caller direto reconhecido; revisar callback/vtable/import	UNMAPPED	CORPUS_ONLY	0	1	0	0
005A1B69	Unwind@005a1b69	4	NO_DIRECT_CALLER_REVIEW	sem caller direto reconhecido; revisar callback/vtable/import	UNMAPPED	CORPUS_ONLY	0	1	0	0
005A1B77	Unwind@005a1b77	4	NO_DIRECT_CALLER_REVIEW	sem caller direto reconhecido; revisar callback/vtable/import	UNMAPPED	CORPUS_ONLY	0	1	0	0
005A1B85	Unwind@005a1b85	4	NO_DIRECT_CALLER_REVIEW	sem caller direto reconhecido; revisar callback/vtable/import	UNMAPPED	CORPUS_ONLY	0	1	0	0
005A1B93	Unwind@005a1b93	4	NO_DIRECT_CALLER_REVIEW	sem caller direto reconhecido; revisar callback/vtable/import	UNMAPPED	CORPUS_ONLY	0	1	0	0
005A1BA1	Unwind@005a1ba1	4	NO_DIRECT_CALLER_REVIEW	sem caller direto reconhecido; revisar callback/vtable/import	UNMAPPED	CORPUS_ONLY	0	1	0	0
005A1BAF	Unwind@005a1baf	4	NO_DIRECT_CALLER_REVIEW	sem caller direto reconhecido; revisar callback/vtable/import	UNMAPPED	CORPUS_ONLY	0	1	0	0
005A1BBD	Unwind@005a1bbd	4	NO_DIRECT_CALLER_REVIEW	sem caller direto reconhecido; revisar callback/vtable/import	UNMAPPED	CORPUS_ONLY	0	1	0	0
005A1BCB	Unwind@005a1bcb	4	NO_DIRECT_CALLER_REVIEW	sem caller direto reconhecido; revisar callback/vtable/import	UNMAPPED	CORPUS_ONLY	0	1	0	0
005A1BD9	Unwind@005a1bd9	4	NO_DIRECT_CALLER_REVIEW	sem caller direto reconhecido; revisar callback/vtable/import	UNMAPPED	CORPUS_ONLY	0	1	0	0
005A1BE7	Unwind@005a1be7	4	NO_DIRECT_CALLER_REVIEW	sem caller direto reconhecido; revisar callback/vtable/import	UNMAPPED	CORPUS_ONLY	0	1	0	0
005A1BF5	Unwind@005a1bf5	4	NO_DIRECT_CALLER_REVIEW	sem caller direto reconhecido; revisar callback/vtable/import	UNMAPPED	CORPUS_ONLY	0	1	0	0
005A1C03	Unwind@005a1c03	4	NO_DIRECT_CALLER_REVIEW	sem caller direto reconhecido; revisar callback/vtable/import	UNMAPPED	CORPUS_ONLY	0	1	0	0
005A1C11	Unwind@005a1c11	4	NO_DIRECT_CALLER_REVIEW	sem caller direto reconhecido; revisar callback/vtable/import	UNMAPPED	CORPUS_ONLY	0	1	0	0
005A1C1F	Unwind@005a1c1f	4	NO_DIRECT_CALLER_REVIEW	sem caller direto reconhecido; revisar callback/vtable/import	UNMAPPED	CORPUS_ONLY	0	1	0	0
005A1C2D	Unwind@005a1c2d	4	NO_DIRECT_CALLER_REVIEW	sem caller direto reconhecido; revisar callback/vtable/import	UNMAPPED	CORPUS_ONLY	0	1	0	0
005A1C3B	Unwind@005a1c3b	4	NO_DIRECT_CALLER_REVIEW	sem caller direto reconhecido; revisar callback/vtable/import	UNMAPPED	CORPUS_ONLY	0	1	0	0
005A1C49	Unwind@005a1c49	4	NO_DIRECT_CALLER_REVIEW	sem caller direto reconhecido; revisar callback/vtable/import	UNMAPPED	CORPUS_ONLY	0	1	0	0
005A1C57	Unwind@005a1c57	4	NO_DIRECT_CALLER_REVIEW	sem caller direto reconhecido; revisar callback/vtable/import	UNMAPPED	CORPUS_ONLY	0	1	0	0
005A1C65	Unwind@005a1c65	4	NO_DIRECT_CALLER_REVIEW	sem caller direto reconhecido; revisar callback/vtable/import	UNMAPPED	CORPUS_ONLY	0	1	0	0
005A1C73	Unwind@005a1c73	4	NO_DIRECT_CALLER_REVIEW	sem caller direto reconhecido; revisar callback/vtable/import	UNMAPPED	CORPUS_ONLY	0	1	0	0
005A1C81	Unwind@005a1c81	4	NO_DIRECT_CALLER_REVIEW	sem caller direto reconhecido; revisar callback/vtable/import	UNMAPPED	CORPUS_ONLY	0	1	0	0
005A1C8F	Unwind@005a1c8f	4	NO_DIRECT_CALLER_REVIEW	sem caller direto reconhecido; revisar callback/vtable/import	UNMAPPED	CORPUS_ONLY	0	1	0	0
005A1C9D	Unwind@005a1c9d	4	NO_DIRECT_CALLER_REVIEW	sem caller direto reconhecido; revisar callback/vtable/import	UNMAPPED	CORPUS_ONLY	0	1	0	0
005A1CAB	Unwind@005a1cab	4	NO_DIRECT_CALLER_REVIEW	sem caller direto reconhecido; revisar callback/vtable/import	UNMAPPED	CORPUS_ONLY	0	1	0	0
005A1CB9	Unwind@005a1cb9	4	NO_DIRECT_CALLER_REVIEW	sem caller direto reconhecido; revisar callback/vtable/import	UNMAPPED	CORPUS_ONLY	0	1	0	0
005A1CC7	Unwind@005a1cc7	4	NO_DIRECT_CALLER_REVIEW	sem caller direto reconhecido; revisar callback/vtable/import	UNMAPPED	CORPUS_ONLY	0	1	0	0
005A1CD5	Unwind@005a1cd5	4	NO_DIRECT_CALLER_REVIEW	sem caller direto reconhecido; revisar callback/vtable/import	UNMAPPED	CORPUS_ONLY	0	1	0	0
005A1CE3	Unwind@005a1ce3	4	NO_DIRECT_CALLER_REVIEW	sem caller direto reconhecido; revisar callback/vtable/import	UNMAPPED	CORPUS_ONLY	0	1	0	0
005A1CF1	Unwind@005a1cf1	4	NO_DIRECT_CALLER_REVIEW	sem caller direto reconhecido; revisar callback/vtable/import	UNMAPPED	CORPUS_ONLY	0	1	0	0
005A1CFF	Unwind@005a1cff	4	NO_DIRECT_CALLER_REVIEW	sem caller direto reconhecido; revisar callback/vtable/import	UNMAPPED	CORPUS_ONLY	0	1	0	0
005A1D0D	Unwind@005a1d0d	4	NO_DIRECT_CALLER_REVIEW	sem caller direto reconhecido; revisar callback/vtable/import	UNMAPPED	CORPUS_ONLY	0	1	0	0
005A1D1B	Unwind@005a1d1b	4	NO_DIRECT_CALLER_REVIEW	sem caller direto reconhecido; revisar callback/vtable/import	UNMAPPED	CORPUS_ONLY	0	1	0	0
005A1D29	Unwind@005a1d29	4	NO_DIRECT_CALLER_REVIEW	sem caller direto reconhecido; revisar callback/vtable/import	UNMAPPED	CORPUS_ONLY	0	1	0	0
005A1D37	Unwind@005a1d37	4	NO_DIRECT_CALLER_REVIEW	sem caller direto reconhecido; revisar callback/vtable/import	UNMAPPED	CORPUS_ONLY	0	1	0	0
005A1D45	Unwind@005a1d45	4	NO_DIRECT_CALLER_REVIEW	sem caller direto reconhecido; revisar callback/vtable/import	UNMAPPED	CORPUS_ONLY	0	1	0	0
005A1D53	Unwind@005a1d53	4	NO_DIRECT_CALLER_REVIEW	sem caller direto reconhecido; revisar callback/vtable/import	UNMAPPED	CORPUS_ONLY	0	1	0	0
005A1D61	Unwind@005a1d61	4	NO_DIRECT_CALLER_REVIEW	sem caller direto reconhecido; revisar callback/vtable/import	UNMAPPED	CORPUS_ONLY	0	1	0	0
005A1D6F	Unwind@005a1d6f	4	NO_DIRECT_CALLER_REVIEW	sem caller direto reconhecido; revisar callback/vtable/import	UNMAPPED	CORPUS_ONLY	0	1	0	0
005A1D7D	Unwind@005a1d7d	4	NO_DIRECT_CALLER_REVIEW	sem caller direto reconhecido; revisar callback/vtable/import	UNMAPPED	CORPUS_ONLY	0	1	0	0
005A1D8B	Unwind@005a1d8b	4	NO_DIRECT_CALLER_REVIEW	sem caller direto reconhecido; revisar callback/vtable/import	UNMAPPED	CORPUS_ONLY	0	1	0	0
005A1D99	Unwind@005a1d99	4	NO_DIRECT_CALLER_REVIEW	sem caller direto reconhecido; revisar callback/vtable/import	UNMAPPED	CORPUS_ONLY	0	1	0	0
005A1DA7	Unwind@005a1da7	4	NO_DIRECT_CALLER_REVIEW	sem caller direto reconhecido; revisar callback/vtable/import	UNMAPPED	CORPUS_ONLY	0	1	0	0
005A1DB5	Unwind@005a1db5	4	NO_DIRECT_CALLER_REVIEW	sem caller direto reconhecido; revisar callback/vtable/import	UNMAPPED	CORPUS_ONLY	0	1	0	0
005A1DC3	Unwind@005a1dc3	4	NO_DIRECT_CALLER_REVIEW	sem caller direto reconhecido; revisar callback/vtable/import	UNMAPPED	CORPUS_ONLY	0	1	0	0
005A1DD1	Unwind@005a1dd1	4	NO_DIRECT_CALLER_REVIEW	sem caller direto reconhecido; revisar callback/vtable/import	UNMAPPED	CORPUS_ONLY	0	1	0	0
005A1DDF	Unwind@005a1ddf	4	NO_DIRECT_CALLER_REVIEW	sem caller direto reconhecido; revisar callback/vtable/import	UNMAPPED	CORPUS_ONLY	0	1	0	0
005A1DED	Unwind@005a1ded	4	NO_DIRECT_CALLER_REVIEW	sem caller direto reconhecido; revisar callback/vtable/import	UNMAPPED	CORPUS_ONLY	0	1	0	0
005A1DFB	Unwind@005a1dfb	4	NO_DIRECT_CALLER_REVIEW	sem caller direto reconhecido; revisar callback/vtable/import	UNMAPPED	CORPUS_ONLY	0	1	0	0
005A1E09	Unwind@005a1e09	4	NO_DIRECT_CALLER_REVIEW	sem caller direto reconhecido; revisar callback/vtable/import	UNMAPPED	CORPUS_ONLY	0	1	0	0
005A1E17	Unwind@005a1e17	4	NO_DIRECT_CALLER_REVIEW	sem caller direto reconhecido; revisar callback/vtable/import	UNMAPPED	CORPUS_ONLY	0	1	0	0
005A1E25	Unwind@005a1e25	4	NO_DIRECT_CALLER_REVIEW	sem caller direto reconhecido; revisar callback/vtable/import	UNMAPPED	CORPUS_ONLY	0	1	0	0
005A1E33	Unwind@005a1e33	4	NO_DIRECT_CALLER_REVIEW	sem caller direto reconhecido; revisar callback/vtable/import	UNMAPPED	CORPUS_ONLY	0	1	0	0
005A1E41	Unwind@005a1e41	4	NO_DIRECT_CALLER_REVIEW	sem caller direto reconhecido; revisar callback/vtable/import	UNMAPPED	CORPUS_ONLY	0	1	0	0
005A1E4F	Unwind@005a1e4f	4	NO_DIRECT_CALLER_REVIEW	sem caller direto reconhecido; revisar callback/vtable/import	UNMAPPED	CORPUS_ONLY	0	1	0	0
005A1E5D	Unwind@005a1e5d	4	NO_DIRECT_CALLER_REVIEW	sem caller direto reconhecido; revisar callback/vtable/import	UNMAPPED	CORPUS_ONLY	0	1	0	0
005A1E6B	Unwind@005a1e6b	4	NO_DIRECT_CALLER_REVIEW	sem caller direto reconhecido; revisar callback/vtable/import	UNMAPPED	CORPUS_ONLY	0	1	0	0
005A1E79	Unwind@005a1e79	4	NO_DIRECT_CALLER_REVIEW	sem caller direto reconhecido; revisar callback/vtable/import	UNMAPPED	CORPUS_ONLY	0	1	0	0
005A1E87	Unwind@005a1e87	4	NO_DIRECT_CALLER_REVIEW	sem caller direto reconhecido; revisar callback/vtable/import	UNMAPPED	CORPUS_ONLY	0	1	0	0
005A1E95	Unwind@005a1e95	4	NO_DIRECT_CALLER_REVIEW	sem caller direto reconhecido; revisar callback/vtable/import	UNMAPPED	CORPUS_ONLY	0	1	0	0
005A1EA3	Unwind@005a1ea3	4	NO_DIRECT_CALLER_REVIEW	sem caller direto reconhecido; revisar callback/vtable/import	UNMAPPED	CORPUS_ONLY	0	1	0	0
005A1EBB	Unwind@005a1ebb	4	NO_DIRECT_CALLER_REVIEW	sem caller direto reconhecido; revisar callback/vtable/import	UNMAPPED	CORPUS_ONLY	0	1	0	0
005A1EC6	Unwind@005a1ec6	4	NO_DIRECT_CALLER_REVIEW	sem caller direto reconhecido; revisar callback/vtable/import	UNMAPPED	CORPUS_ONLY	0	1	0	0
005A1ED1	Unwind@005a1ed1	4	NO_DIRECT_CALLER_REVIEW	sem caller direto reconhecido; revisar callback/vtable/import	UNMAPPED	CORPUS_ONLY	0	1	0	0
005A1EDC	Unwind@005a1edc	4	NO_DIRECT_CALLER_REVIEW	sem caller direto reconhecido; revisar callback/vtable/import	UNMAPPED	CORPUS_ONLY	0	1	0	0
005A1EF1	Unwind@005a1ef1	4	NO_DIRECT_CALLER_REVIEW	sem caller direto reconhecido; revisar callback/vtable/import	UNMAPPED	CORPUS_ONLY	0	1	0	0
005A1EFC	Unwind@005a1efc	4	NO_DIRECT_CALLER_REVIEW	sem caller direto reconhecido; revisar callback/vtable/import	UNMAPPED	CORPUS_ONLY	0	1	0	0
005A1F07	Unwind@005a1f07	4	NO_DIRECT_CALLER_REVIEW	sem caller direto reconhecido; revisar callback/vtable/import	UNMAPPED	CORPUS_ONLY	0	1	0	0
005A1F15	Unwind@005a1f15	4	NO_DIRECT_CALLER_REVIEW	sem caller direto reconhecido; revisar callback/vtable/import	UNMAPPED	CORPUS_ONLY	0	1	0	0
005A1F23	Unwind@005a1f23	4	NO_DIRECT_CALLER_REVIEW	sem caller direto reconhecido; revisar callback/vtable/import	UNMAPPED	CORPUS_ONLY	0	1	0	0
005A1F31	Unwind@005a1f31	4	NO_DIRECT_CALLER_REVIEW	sem caller direto reconhecido; revisar callback/vtable/import	UNMAPPED	CORPUS_ONLY	0	1	0	0
005A1F3F	Unwind@005a1f3f	4	NO_DIRECT_CALLER_REVIEW	sem caller direto reconhecido; revisar callback/vtable/import	UNMAPPED	CORPUS_ONLY	0	1	0	0
005A1F57	Unwind@005a1f57	4	NO_DIRECT_CALLER_REVIEW	sem caller direto reconhecido; revisar callback/vtable/import	UNMAPPED	CORPUS_ONLY	0	1	0	0
005A1F62	Unwind@005a1f62	4	NO_DIRECT_CALLER_REVIEW	sem caller direto reconhecido; revisar callback/vtable/import	UNMAPPED	CORPUS_ONLY	0	1	0	0
005A1F6D	Unwind@005a1f6d	4	NO_DIRECT_CALLER_REVIEW	sem caller direto reconhecido; revisar callback/vtable/import	UNMAPPED	CORPUS_ONLY	0	1	0	0
005A1F78	Unwind@005a1f78	4	NO_DIRECT_CALLER_REVIEW	sem caller direto reconhecido; revisar callback/vtable/import	UNMAPPED	CORPUS_ONLY	0	1	0	0
005A1F8D	Unwind@005a1f8d	4	NO_DIRECT_CALLER_REVIEW	sem caller direto reconhecido; revisar callback/vtable/import	UNMAPPED	CORPUS_ONLY	0	1	0	0
005A1F98	Unwind@005a1f98	4	NO_DIRECT_CALLER_REVIEW	sem caller direto reconhecido; revisar callback/vtable/import	UNMAPPED	CORPUS_ONLY	0	1	0	0
005A1FA3	Unwind@005a1fa3	4	NO_DIRECT_CALLER_REVIEW	sem caller direto reconhecido; revisar callback/vtable/import	UNMAPPED	CORPUS_ONLY	0	1	0	0
005A1FB8	Unwind@005a1fb8	4	NO_DIRECT_CALLER_REVIEW	sem caller direto reconhecido; revisar callback/vtable/import	UNMAPPED	CORPUS_ONLY	0	1	0	0
005A1FC6	Unwind@005a1fc6	4	NO_DIRECT_CALLER_REVIEW	sem caller direto reconhecido; revisar callback/vtable/import	UNMAPPED	CORPUS_ONLY	0	1	0	0
005A1FD4	Unwind@005a1fd4	4	NO_DIRECT_CALLER_REVIEW	sem caller direto reconhecido; revisar callback/vtable/import	UNMAPPED	CORPUS_ONLY	0	1	0	0
005A1FE2	Unwind@005a1fe2	4	NO_DIRECT_CALLER_REVIEW	sem caller direto reconhecido; revisar callback/vtable/import	UNMAPPED	CORPUS_ONLY	0	1	0	0
005A1FF0	Unwind@005a1ff0	4	NO_DIRECT_CALLER_REVIEW	sem caller direto reconhecido; revisar callback/vtable/import	UNMAPPED	CORPUS_ONLY	0	1	0	0
005A1FFE	Unwind@005a1ffe	4	NO_DIRECT_CALLER_REVIEW	sem caller direto reconhecido; revisar callback/vtable/import	UNMAPPED	CORPUS_ONLY	0	1	0	0
005A200C	Unwind@005a200c	4	NO_DIRECT_CALLER_REVIEW	sem caller direto reconhecido; revisar callback/vtable/import	UNMAPPED	CORPUS_ONLY	0	1	0	0
005A2024	Unwind@005a2024	4	NO_DIRECT_CALLER_REVIEW	sem caller direto reconhecido; revisar callback/vtable/import	UNMAPPED	CORPUS_ONLY	0	1	0	0
005A203C	Unwind@005a203c	4	NO_DIRECT_CALLER_REVIEW	sem caller direto reconhecido; revisar callback/vtable/import	UNMAPPED	CORPUS_ONLY	0	1	0	0
005A204A	Unwind@005a204a	4	NO_DIRECT_CALLER_REVIEW	sem caller direto reconhecido; revisar callback/vtable/import	UNMAPPED	CORPUS_ONLY	0	1	0	0
005A2058	Unwind@005a2058	4	NO_DIRECT_CALLER_REVIEW	sem caller direto reconhecido; revisar callback/vtable/import	UNMAPPED	CORPUS_ONLY	0	1	0	0
005A2066	Unwind@005a2066	4	NO_DIRECT_CALLER_REVIEW	sem caller direto reconhecido; revisar callback/vtable/import	UNMAPPED	CORPUS_ONLY	0	1	0	0
005A2074	Unwind@005a2074	4	NO_DIRECT_CALLER_REVIEW	sem caller direto reconhecido; revisar callback/vtable/import	UNMAPPED	CORPUS_ONLY	0	1	0	0
005A2082	Unwind@005a2082	4	NO_DIRECT_CALLER_REVIEW	sem caller direto reconhecido; revisar callback/vtable/import	UNMAPPED	CORPUS_ONLY	0	1	0	0
005A2090	Unwind@005a2090	4	NO_DIRECT_CALLER_REVIEW	sem caller direto reconhecido; revisar callback/vtable/import	UNMAPPED	CORPUS_ONLY	0	1	0	0
005A209E	Unwind@005a209e	4	NO_DIRECT_CALLER_REVIEW	sem caller direto reconhecido; revisar callback/vtable/import	UNMAPPED	CORPUS_ONLY	0	1	0	0
005A20AC	Unwind@005a20ac	4	NO_DIRECT_CALLER_REVIEW	sem caller direto reconhecido; revisar callback/vtable/import	UNMAPPED	CORPUS_ONLY	0	1	0	0
005A20BA	Unwind@005a20ba	4	NO_DIRECT_CALLER_REVIEW	sem caller direto reconhecido; revisar callback/vtable/import	UNMAPPED	CORPUS_ONLY	0	1	0	0
005A20C8	Unwind@005a20c8	4	NO_DIRECT_CALLER_REVIEW	sem caller direto reconhecido; revisar callback/vtable/import	UNMAPPED	CORPUS_ONLY	0	1	0	0
005A20D6	Unwind@005a20d6	4	NO_DIRECT_CALLER_REVIEW	sem caller direto reconhecido; revisar callback/vtable/import	UNMAPPED	CORPUS_ONLY	0	1	0	0
005A20E4	Unwind@005a20e4	4	NO_DIRECT_CALLER_REVIEW	sem caller direto reconhecido; revisar callback/vtable/import	UNMAPPED	CORPUS_ONLY	0	1	0	0
005A20F2	Unwind@005a20f2	4	NO_DIRECT_CALLER_REVIEW	sem caller direto reconhecido; revisar callback/vtable/import	UNMAPPED	CORPUS_ONLY	0	1	0	0
005A2100	Unwind@005a2100	4	NO_DIRECT_CALLER_REVIEW	sem caller direto reconhecido; revisar callback/vtable/import	UNMAPPED	CORPUS_ONLY	0	1	0	0
005A2118	Unwind@005a2118	4	NO_DIRECT_CALLER_REVIEW	sem caller direto reconhecido; revisar callback/vtable/import	UNMAPPED	CORPUS_ONLY	0	1	0	0
005A2123	Unwind@005a2123	4	NO_DIRECT_CALLER_REVIEW	sem caller direto reconhecido; revisar callback/vtable/import	UNMAPPED	CORPUS_ONLY	0	1	0	0
005A2138	Unwind@005a2138	4	NO_DIRECT_CALLER_REVIEW	sem caller direto reconhecido; revisar callback/vtable/import	UNMAPPED	CORPUS_ONLY	0	1	0	0
005A2143	Unwind@005a2143	4	NO_DIRECT_CALLER_REVIEW	sem caller direto reconhecido; revisar callback/vtable/import	UNMAPPED	CORPUS_ONLY	0	1	0	0
005A2158	Unwind@005a2158	4	NO_DIRECT_CALLER_REVIEW	sem caller direto reconhecido; revisar callback/vtable/import	UNMAPPED	CORPUS_ONLY	0	1	0	0
005A2170	Unwind@005a2170	4	NO_DIRECT_CALLER_REVIEW	sem caller direto reconhecido; revisar callback/vtable/import	UNMAPPED	CORPUS_ONLY	0	1	0	0
005A2188	Unwind@005a2188	4	NO_DIRECT_CALLER_REVIEW	sem caller direto reconhecido; revisar callback/vtable/import	UNMAPPED	CORPUS_ONLY	0	1	0	0
005A2193	Unwind@005a2193	4	NO_DIRECT_CALLER_REVIEW	sem caller direto reconhecido; revisar callback/vtable/import	UNMAPPED	CORPUS_ONLY	0	1	0	0
005A219E	Unwind@005a219e	4	NO_DIRECT_CALLER_REVIEW	sem caller direto reconhecido; revisar callback/vtable/import	UNMAPPED	CORPUS_ONLY	0	1	0	0
005A21B3	Unwind@005a21b3	4	NO_DIRECT_CALLER_REVIEW	sem caller direto reconhecido; revisar callback/vtable/import	UNMAPPED	CORPUS_ONLY	0	1	0	0
005A21BE	Unwind@005a21be	4	NO_DIRECT_CALLER_REVIEW	sem caller direto reconhecido; revisar callback/vtable/import	UNMAPPED	CORPUS_ONLY	0	1	0	0
005A21C9	Unwind@005a21c9	4	NO_DIRECT_CALLER_REVIEW	sem caller direto reconhecido; revisar callback/vtable/import	UNMAPPED	CORPUS_ONLY	0	1	0	0
005A21D4	Unwind@005a21d4	4	NO_DIRECT_CALLER_REVIEW	sem caller direto reconhecido; revisar callback/vtable/import	UNMAPPED	CORPUS_ONLY	0	1	0	0
005A21E2	Unwind@005a21e2	4	NO_DIRECT_CALLER_REVIEW	sem caller direto reconhecido; revisar callback/vtable/import	UNMAPPED	CORPUS_ONLY	0	1	0	0
005A21F0	Unwind@005a21f0	4	NO_DIRECT_CALLER_REVIEW	sem caller direto reconhecido; revisar callback/vtable/import	UNMAPPED	CORPUS_ONLY	0	1	0	0
005A21FE	Unwind@005a21fe	4	NO_DIRECT_CALLER_REVIEW	sem caller direto reconhecido; revisar callback/vtable/import	UNMAPPED	CORPUS_ONLY	0	1	0	0
005A220C	Unwind@005a220c	4	NO_DIRECT_CALLER_REVIEW	sem caller direto reconhecido; revisar callback/vtable/import	UNMAPPED	CORPUS_ONLY	0	1	0	0
005A2224	Unwind@005a2224	4	NO_DIRECT_CALLER_REVIEW	sem caller direto reconhecido; revisar callback/vtable/import	UNMAPPED	CORPUS_ONLY	0	1	0	0
005A2239	Unwind@005a2239	4	NO_DIRECT_CALLER_REVIEW	sem caller direto reconhecido; revisar callback/vtable/import	UNMAPPED	CORPUS_ONLY	0	1	0	0
005A2247	Unwind@005a2247	4	NO_DIRECT_CALLER_REVIEW	sem caller direto reconhecido; revisar callback/vtable/import	UNMAPPED	CORPUS_ONLY	0	1	0	0
005A2255	Unwind@005a2255	4	NO_DIRECT_CALLER_REVIEW	sem caller direto reconhecido; revisar callback/vtable/import	UNMAPPED	CORPUS_ONLY	0	1	0	0
005A2263	Unwind@005a2263	4	NO_DIRECT_CALLER_REVIEW	sem caller direto reconhecido; revisar callback/vtable/import	UNMAPPED	CORPUS_ONLY	0	1	0	0
005A2271	Unwind@005a2271	4	NO_DIRECT_CALLER_REVIEW	sem caller direto reconhecido; revisar callback/vtable/import	UNMAPPED	CORPUS_ONLY	0	1	0	0
005A227F	Unwind@005a227f	4	NO_DIRECT_CALLER_REVIEW	sem caller direto reconhecido; revisar callback/vtable/import	UNMAPPED	CORPUS_ONLY	0	1	0	0
005A228D	Unwind@005a228d	4	NO_DIRECT_CALLER_REVIEW	sem caller direto reconhecido; revisar callback/vtable/import	UNMAPPED	CORPUS_ONLY	0	1	0	0
005A229B	Unwind@005a229b	4	NO_DIRECT_CALLER_REVIEW	sem caller direto reconhecido; revisar callback/vtable/import	UNMAPPED	CORPUS_ONLY	0	1	0	0
005A22B3	Unwind@005a22b3	4	NO_DIRECT_CALLER_REVIEW	sem caller direto reconhecido; revisar callback/vtable/import	UNMAPPED	CORPUS_ONLY	0	1	0	0
005A22BE	Unwind@005a22be	4	NO_DIRECT_CALLER_REVIEW	sem caller direto reconhecido; revisar callback/vtable/import	UNMAPPED	CORPUS_ONLY	0	1	0	0
005A22D3	Unwind@005a22d3	4	NO_DIRECT_CALLER_REVIEW	sem caller direto reconhecido; revisar callback/vtable/import	UNMAPPED	CORPUS_ONLY	0	1	0	0
005A22E8	Unwind@005a22e8	4	NO_DIRECT_CALLER_REVIEW	sem caller direto reconhecido; revisar callback/vtable/import	UNMAPPED	CORPUS_ONLY	0	1	0	0
005A22F3	Unwind@005a22f3	4	NO_DIRECT_CALLER_REVIEW	sem caller direto reconhecido; revisar callback/vtable/import	UNMAPPED	CORPUS_ONLY	0	1	0	0
005A22FE	Unwind@005a22fe	4	NO_DIRECT_CALLER_REVIEW	sem caller direto reconhecido; revisar callback/vtable/import	UNMAPPED	CORPUS_ONLY	0	1	0	0
005A230C	Unwind@005a230c	4	NO_DIRECT_CALLER_REVIEW	sem caller direto reconhecido; revisar callback/vtable/import	UNMAPPED	CORPUS_ONLY	0	1	0	0
005A231A	Unwind@005a231a	4	NO_DIRECT_CALLER_REVIEW	sem caller direto reconhecido; revisar callback/vtable/import	UNMAPPED	CORPUS_ONLY	0	1	0	0
005A2332	Unwind@005a2332	4	NO_DIRECT_CALLER_REVIEW	sem caller direto reconhecido; revisar callback/vtable/import	UNMAPPED	CORPUS_ONLY	0	1	0	0
005A2340	Unwind@005a2340	4	NO_DIRECT_CALLER_REVIEW	sem caller direto reconhecido; revisar callback/vtable/import	UNMAPPED	CORPUS_ONLY	0	1	0	0
005A234E	Unwind@005a234e	4	NO_DIRECT_CALLER_REVIEW	sem caller direto reconhecido; revisar callback/vtable/import	UNMAPPED	CORPUS_ONLY	0	1	0	0
005A2366	Unwind@005a2366	4	NO_DIRECT_CALLER_REVIEW	sem caller direto reconhecido; revisar callback/vtable/import	UNMAPPED	CORPUS_ONLY	0	1	0	0
005A2371	Unwind@005a2371	4	NO_DIRECT_CALLER_REVIEW	sem caller direto reconhecido; revisar callback/vtable/import	UNMAPPED	CORPUS_ONLY	0	1	0	0
005A237F	Unwind@005a237f	4	NO_DIRECT_CALLER_REVIEW	sem caller direto reconhecido; revisar callback/vtable/import	UNMAPPED	CORPUS_ONLY	0	1	0	0
005A2397	Unwind@005a2397	4	NO_DIRECT_CALLER_REVIEW	sem caller direto reconhecido; revisar callback/vtable/import	UNMAPPED	CORPUS_ONLY	0	1	0	0
005A23AF	Unwind@005a23af	4	NO_DIRECT_CALLER_REVIEW	sem caller direto reconhecido; revisar callback/vtable/import	UNMAPPED	CORPUS_ONLY	0	1	0	0
005A23BD	Unwind@005a23bd	4	NO_DIRECT_CALLER_REVIEW	sem caller direto reconhecido; revisar callback/vtable/import	UNMAPPED	CORPUS_ONLY	0	1	0	0
005A23CB	Unwind@005a23cb	4	NO_DIRECT_CALLER_REVIEW	sem caller direto reconhecido; revisar callback/vtable/import	UNMAPPED	CORPUS_ONLY	0	1	0	0
005A23E3	Unwind@005a23e3	4	NO_DIRECT_CALLER_REVIEW	sem caller direto reconhecido; revisar callback/vtable/import	UNMAPPED	CORPUS_ONLY	0	1	0	0
005A23FB	Unwind@005a23fb	4	NO_DIRECT_CALLER_REVIEW	sem caller direto reconhecido; revisar callback/vtable/import	UNMAPPED	CORPUS_ONLY	0	1	0	0
005A2409	Unwind@005a2409	4	NO_DIRECT_CALLER_REVIEW	sem caller direto reconhecido; revisar callback/vtable/import	UNMAPPED	CORPUS_ONLY	0	1	0	0
005A2417	Unwind@005a2417	4	NO_DIRECT_CALLER_REVIEW	sem caller direto reconhecido; revisar callback/vtable/import	UNMAPPED	CORPUS_ONLY	0	1	0	0
005A2425	Unwind@005a2425	4	NO_DIRECT_CALLER_REVIEW	sem caller direto reconhecido; revisar callback/vtable/import	UNMAPPED	CORPUS_ONLY	0	1	0	0
005A243D	Unwind@005a243d	4	NO_DIRECT_CALLER_REVIEW	sem caller direto reconhecido; revisar callback/vtable/import	UNMAPPED	CORPUS_ONLY	0	1	0	0
005A2455	Unwind@005a2455	4	NO_DIRECT_CALLER_REVIEW	sem caller direto reconhecido; revisar callback/vtable/import	UNMAPPED	CORPUS_ONLY	0	1	0	0
005A246A	Unwind@005a246a	4	NO_DIRECT_CALLER_REVIEW	sem caller direto reconhecido; revisar callback/vtable/import	UNMAPPED	CORPUS_ONLY	0	1	0	0
005A2475	Unwind@005a2475	4	NO_DIRECT_CALLER_REVIEW	sem caller direto reconhecido; revisar callback/vtable/import	UNMAPPED	CORPUS_ONLY	0	1	0	0
005A2490	Unwind@005a2490	4	NO_DIRECT_CALLER_REVIEW	sem caller direto reconhecido; revisar callback/vtable/import	UNMAPPED	CORPUS_ONLY	0	1	0	0
005A24B0	Unwind@005a24b0	4	NO_DIRECT_CALLER_REVIEW	sem caller direto reconhecido; revisar callback/vtable/import	UNMAPPED	CORPUS_ONLY	0	1	0	0
005A24C3	Unwind@005a24c3	4	NO_DIRECT_CALLER_REVIEW	sem caller direto reconhecido; revisar callback/vtable/import	UNMAPPED	CORPUS_ONLY	0	1	0	0
005A24D8	Unwind@005a24d8	4	NO_DIRECT_CALLER_REVIEW	sem caller direto reconhecido; revisar callback/vtable/import	UNMAPPED	CORPUS_ONLY	0	1	0	0
005A24F0	Unwind@005a24f0	4	NO_DIRECT_CALLER_REVIEW	sem caller direto reconhecido; revisar callback/vtable/import	UNMAPPED	CORPUS_ONLY	0	1	0	0
005A2503	Unwind@005a2503	4	NO_DIRECT_CALLER_REVIEW	sem caller direto reconhecido; revisar callback/vtable/import	UNMAPPED	CORPUS_ONLY	0	1	0	0
005A2518	Unwind@005a2518	4	NO_DIRECT_CALLER_REVIEW	sem caller direto reconhecido; revisar callback/vtable/import	UNMAPPED	CORPUS_ONLY	0	1	0	0
005A2530	Unwind@005a2530	4	NO_DIRECT_CALLER_REVIEW	sem caller direto reconhecido; revisar callback/vtable/import	UNMAPPED	CORPUS_ONLY	0	1	0	0
005A2543	Unwind@005a2543	4	NO_DIRECT_CALLER_REVIEW	sem caller direto reconhecido; revisar callback/vtable/import	UNMAPPED	CORPUS_ONLY	0	1	0	0
005A254E	Unwind@005a254e	4	NO_DIRECT_CALLER_REVIEW	sem caller direto reconhecido; revisar callback/vtable/import	UNMAPPED	CORPUS_ONLY	0	1	0	0
005A2559	Unwind@005a2559	4	NO_DIRECT_CALLER_REVIEW	sem caller direto reconhecido; revisar callback/vtable/import	UNMAPPED	CORPUS_ONLY	0	1	0	0
005A256E	Unwind@005a256e	4	NO_DIRECT_CALLER_REVIEW	sem caller direto reconhecido; revisar callback/vtable/import	UNMAPPED	CORPUS_ONLY	0	1	0	0
005A2590	Unwind@005a2590	4	NO_DIRECT_CALLER_REVIEW	sem caller direto reconhecido; revisar callback/vtable/import	UNMAPPED	CORPUS_ONLY	0	1	0	0
005A25A3	Unwind@005a25a3	4	NO_DIRECT_CALLER_REVIEW	sem caller direto reconhecido; revisar callback/vtable/import	UNMAPPED	CORPUS_ONLY	0	1	0	0
005A25B1	Unwind@005a25b1	4	NO_DIRECT_CALLER_REVIEW	sem caller direto reconhecido; revisar callback/vtable/import	UNMAPPED	CORPUS_ONLY	0	1	0	0
005A25BF	Unwind@005a25bf	4	NO_DIRECT_CALLER_REVIEW	sem caller direto reconhecido; revisar callback/vtable/import	UNMAPPED	CORPUS_ONLY	0	1	0	0
005A25CD	Unwind@005a25cd	4	NO_DIRECT_CALLER_REVIEW	sem caller direto reconhecido; revisar callback/vtable/import	UNMAPPED	CORPUS_ONLY	0	1	0	0
005A25F0	Unwind@005a25f0	4	NO_DIRECT_CALLER_REVIEW	sem caller direto reconhecido; revisar callback/vtable/import	UNMAPPED	CORPUS_ONLY	0	1	0	0
005A2603	Unwind@005a2603	4	NO_DIRECT_CALLER_REVIEW	sem caller direto reconhecido; revisar callback/vtable/import	UNMAPPED	CORPUS_ONLY	0	1	0	0
005A2611	Unwind@005a2611	4	NO_DIRECT_CALLER_REVIEW	sem caller direto reconhecido; revisar callback/vtable/import	UNMAPPED	CORPUS_ONLY	0	1	0	0
005A261F	Unwind@005a261f	4	NO_DIRECT_CALLER_REVIEW	sem caller direto reconhecido; revisar callback/vtable/import	UNMAPPED	CORPUS_ONLY	0	1	0	0
005A262D	Unwind@005a262d	4	NO_DIRECT_CALLER_REVIEW	sem caller direto reconhecido; revisar callback/vtable/import	UNMAPPED	CORPUS_ONLY	0	1	0	0
005A2650	Unwind@005a2650	4	NO_DIRECT_CALLER_REVIEW	sem caller direto reconhecido; revisar callback/vtable/import	UNMAPPED	CORPUS_ONLY	0	1	0	0
005A2665	Unwind@005a2665	4	NO_DIRECT_CALLER_REVIEW	sem caller direto reconhecido; revisar callback/vtable/import	UNMAPPED	CORPUS_ONLY	0	1	0	0
005A2680	Unwind@005a2680	4	NO_DIRECT_CALLER_REVIEW	sem caller direto reconhecido; revisar callback/vtable/import	UNMAPPED	CORPUS_ONLY	0	1	0	0
005A2693	Unwind@005a2693	4	NO_DIRECT_CALLER_REVIEW	sem caller direto reconhecido; revisar callback/vtable/import	UNMAPPED	CORPUS_ONLY	0	1	0	0
005A26B0	Unwind@005a26b0	4	NO_DIRECT_CALLER_REVIEW	sem caller direto reconhecido; revisar callback/vtable/import	UNMAPPED	CORPUS_ONLY	0	1	0	0
005A26C3	Unwind@005a26c3	4	NO_DIRECT_CALLER_REVIEW	sem caller direto reconhecido; revisar callback/vtable/import	UNMAPPED	CORPUS_ONLY	0	1	0	0
005A26D6	Unwind@005a26d6	4	NO_DIRECT_CALLER_REVIEW	sem caller direto reconhecido; revisar callback/vtable/import	UNMAPPED	CORPUS_ONLY	0	1	0	0
005A26DF	Unwind@005a26df	4	NO_DIRECT_CALLER_REVIEW	sem caller direto reconhecido; revisar callback/vtable/import	UNMAPPED	CORPUS_ONLY	0	1	0	0
005A26F4	Unwind@005a26f4	4	NO_DIRECT_CALLER_REVIEW	sem caller direto reconhecido; revisar callback/vtable/import	UNMAPPED	CORPUS_ONLY	0	1	0	0
005A2707	Unwind@005a2707	4	NO_DIRECT_CALLER_REVIEW	sem caller direto reconhecido; revisar callback/vtable/import	UNMAPPED	CORPUS_ONLY	0	1	0	0
005A2715	Unwind@005a2715	4	NO_DIRECT_CALLER_REVIEW	sem caller direto reconhecido; revisar callback/vtable/import	UNMAPPED	CORPUS_ONLY	0	1	0	0
005A2723	Unwind@005a2723	4	NO_DIRECT_CALLER_REVIEW	sem caller direto reconhecido; revisar callback/vtable/import	UNMAPPED	CORPUS_ONLY	0	1	0	0
005A2731	Unwind@005a2731	4	NO_DIRECT_CALLER_REVIEW	sem caller direto reconhecido; revisar callback/vtable/import	UNMAPPED	CORPUS_ONLY	0	1	0	0
005A273F	Unwind@005a273f	4	NO_DIRECT_CALLER_REVIEW	sem caller direto reconhecido; revisar callback/vtable/import	UNMAPPED	CORPUS_ONLY	0	1	0	0
005A274D	Unwind@005a274d	4	NO_DIRECT_CALLER_REVIEW	sem caller direto reconhecido; revisar callback/vtable/import	UNMAPPED	CORPUS_ONLY	0	1	0	0
005A275B	Unwind@005a275b	4	NO_DIRECT_CALLER_REVIEW	sem caller direto reconhecido; revisar callback/vtable/import	UNMAPPED	CORPUS_ONLY	0	1	0	0
005A2769	Unwind@005a2769	4	NO_DIRECT_CALLER_REVIEW	sem caller direto reconhecido; revisar callback/vtable/import	UNMAPPED	CORPUS_ONLY	0	1	0	0
005A2777	Unwind@005a2777	4	NO_DIRECT_CALLER_REVIEW	sem caller direto reconhecido; revisar callback/vtable/import	UNMAPPED	CORPUS_ONLY	0	1	0	0
005A2785	Unwind@005a2785	4	NO_DIRECT_CALLER_REVIEW	sem caller direto reconhecido; revisar callback/vtable/import	UNMAPPED	CORPUS_ONLY	0	1	0	0
005A2793	Unwind@005a2793	4	NO_DIRECT_CALLER_REVIEW	sem caller direto reconhecido; revisar callback/vtable/import	UNMAPPED	CORPUS_ONLY	0	1	0	0
005A27A1	Unwind@005a27a1	4	NO_DIRECT_CALLER_REVIEW	sem caller direto reconhecido; revisar callback/vtable/import	UNMAPPED	CORPUS_ONLY	0	1	0	0
005A27AF	Unwind@005a27af	4	NO_DIRECT_CALLER_REVIEW	sem caller direto reconhecido; revisar callback/vtable/import	UNMAPPED	CORPUS_ONLY	0	1	0	0
005A27BD	Unwind@005a27bd	4	NO_DIRECT_CALLER_REVIEW	sem caller direto reconhecido; revisar callback/vtable/import	UNMAPPED	CORPUS_ONLY	0	1	0	0
005A27CB	Unwind@005a27cb	4	NO_DIRECT_CALLER_REVIEW	sem caller direto reconhecido; revisar callback/vtable/import	UNMAPPED	CORPUS_ONLY	0	1	0	0
005A27D9	Unwind@005a27d9	4	NO_DIRECT_CALLER_REVIEW	sem caller direto reconhecido; revisar callback/vtable/import	UNMAPPED	CORPUS_ONLY	0	1	0	0
005A27E7	Unwind@005a27e7	4	NO_DIRECT_CALLER_REVIEW	sem caller direto reconhecido; revisar callback/vtable/import	UNMAPPED	CORPUS_ONLY	0	1	0	0
005A27F5	Unwind@005a27f5	4	NO_DIRECT_CALLER_REVIEW	sem caller direto reconhecido; revisar callback/vtable/import	UNMAPPED	CORPUS_ONLY	0	1	0	0
005A2803	Unwind@005a2803	4	NO_DIRECT_CALLER_REVIEW	sem caller direto reconhecido; revisar callback/vtable/import	UNMAPPED	CORPUS_ONLY	0	1	0	0
005A2811	Unwind@005a2811	4	NO_DIRECT_CALLER_REVIEW	sem caller direto reconhecido; revisar callback/vtable/import	UNMAPPED	CORPUS_ONLY	0	1	0	0
005A281F	Unwind@005a281f	4	NO_DIRECT_CALLER_REVIEW	sem caller direto reconhecido; revisar callback/vtable/import	UNMAPPED	CORPUS_ONLY	0	1	0	0
005A282D	Unwind@005a282d	4	NO_DIRECT_CALLER_REVIEW	sem caller direto reconhecido; revisar callback/vtable/import	UNMAPPED	CORPUS_ONLY	0	1	0	0
005A283B	Unwind@005a283b	4	NO_DIRECT_CALLER_REVIEW	sem caller direto reconhecido; revisar callback/vtable/import	UNMAPPED	CORPUS_ONLY	0	1	0	0
005A2849	Unwind@005a2849	4	NO_DIRECT_CALLER_REVIEW	sem caller direto reconhecido; revisar callback/vtable/import	UNMAPPED	CORPUS_ONLY	0	1	0	0
005A2857	Unwind@005a2857	4	NO_DIRECT_CALLER_REVIEW	sem caller direto reconhecido; revisar callback/vtable/import	UNMAPPED	CORPUS_ONLY	0	1	0	0
005A2865	Unwind@005a2865	4	NO_DIRECT_CALLER_REVIEW	sem caller direto reconhecido; revisar callback/vtable/import	UNMAPPED	CORPUS_ONLY	0	1	0	0
005A2873	Unwind@005a2873	4	NO_DIRECT_CALLER_REVIEW	sem caller direto reconhecido; revisar callback/vtable/import	UNMAPPED	CORPUS_ONLY	0	1	0	0
005A2881	Unwind@005a2881	4	NO_DIRECT_CALLER_REVIEW	sem caller direto reconhecido; revisar callback/vtable/import	UNMAPPED	CORPUS_ONLY	0	1	0	0
005A288F	Unwind@005a288f	4	NO_DIRECT_CALLER_REVIEW	sem caller direto reconhecido; revisar callback/vtable/import	UNMAPPED	CORPUS_ONLY	0	1	0	0
005A289D	Unwind@005a289d	4	NO_DIRECT_CALLER_REVIEW	sem caller direto reconhecido; revisar callback/vtable/import	UNMAPPED	CORPUS_ONLY	0	1	0	0
005A28AB	Unwind@005a28ab	4	NO_DIRECT_CALLER_REVIEW	sem caller direto reconhecido; revisar callback/vtable/import	UNMAPPED	CORPUS_ONLY	0	1	0	0
005A28B9	Unwind@005a28b9	4	NO_DIRECT_CALLER_REVIEW	sem caller direto reconhecido; revisar callback/vtable/import	UNMAPPED	CORPUS_ONLY	0	1	0	0
005A28C7	Unwind@005a28c7	4	NO_DIRECT_CALLER_REVIEW	sem caller direto reconhecido; revisar callback/vtable/import	UNMAPPED	CORPUS_ONLY	0	1	0	0
005A28D5	Unwind@005a28d5	4	NO_DIRECT_CALLER_REVIEW	sem caller direto reconhecido; revisar callback/vtable/import	UNMAPPED	CORPUS_ONLY	0	1	0	0
005A28E3	Unwind@005a28e3	4	NO_DIRECT_CALLER_REVIEW	sem caller direto reconhecido; revisar callback/vtable/import	UNMAPPED	CORPUS_ONLY	0	1	0	0
005A28F1	Unwind@005a28f1	4	NO_DIRECT_CALLER_REVIEW	sem caller direto reconhecido; revisar callback/vtable/import	UNMAPPED	CORPUS_ONLY	0	1	0	0
005A28FF	Unwind@005a28ff	4	NO_DIRECT_CALLER_REVIEW	sem caller direto reconhecido; revisar callback/vtable/import	UNMAPPED	CORPUS_ONLY	0	1	0	0
005A290D	Unwind@005a290d	4	NO_DIRECT_CALLER_REVIEW	sem caller direto reconhecido; revisar callback/vtable/import	UNMAPPED	CORPUS_ONLY	0	1	0	0
005A291B	Unwind@005a291b	4	NO_DIRECT_CALLER_REVIEW	sem caller direto reconhecido; revisar callback/vtable/import	UNMAPPED	CORPUS_ONLY	0	1	0	0
005A2929	Unwind@005a2929	4	NO_DIRECT_CALLER_REVIEW	sem caller direto reconhecido; revisar callback/vtable/import	UNMAPPED	CORPUS_ONLY	0	1	0	0
005A2937	Unwind@005a2937	4	NO_DIRECT_CALLER_REVIEW	sem caller direto reconhecido; revisar callback/vtable/import	UNMAPPED	CORPUS_ONLY	0	1	0	0
005A2945	Unwind@005a2945	4	NO_DIRECT_CALLER_REVIEW	sem caller direto reconhecido; revisar callback/vtable/import	UNMAPPED	CORPUS_ONLY	0	1	0	0
005A2953	Unwind@005a2953	4	NO_DIRECT_CALLER_REVIEW	sem caller direto reconhecido; revisar callback/vtable/import	UNMAPPED	CORPUS_ONLY	0	1	0	0
005A2961	Unwind@005a2961	4	NO_DIRECT_CALLER_REVIEW	sem caller direto reconhecido; revisar callback/vtable/import	UNMAPPED	CORPUS_ONLY	0	1	0	0
005A296F	Unwind@005a296f	4	NO_DIRECT_CALLER_REVIEW	sem caller direto reconhecido; revisar callback/vtable/import	UNMAPPED	CORPUS_ONLY	0	1	0	0
005A297D	Unwind@005a297d	4	NO_DIRECT_CALLER_REVIEW	sem caller direto reconhecido; revisar callback/vtable/import	UNMAPPED	CORPUS_ONLY	0	1	0	0
005A298B	Unwind@005a298b	4	NO_DIRECT_CALLER_REVIEW	sem caller direto reconhecido; revisar callback/vtable/import	UNMAPPED	CORPUS_ONLY	0	1	0	0
005A2999	Unwind@005a2999	4	NO_DIRECT_CALLER_REVIEW	sem caller direto reconhecido; revisar callback/vtable/import	UNMAPPED	CORPUS_ONLY	0	1	0	0
005A29A7	Unwind@005a29a7	4	NO_DIRECT_CALLER_REVIEW	sem caller direto reconhecido; revisar callback/vtable/import	UNMAPPED	CORPUS_ONLY	0	1	0	0
005A29C0	Unwind@005a29c0	4	NO_DIRECT_CALLER_REVIEW	sem caller direto reconhecido; revisar callback/vtable/import	UNMAPPED	CORPUS_ONLY	0	1	0	0
005A29D3	Unwind@005a29d3	4	NO_DIRECT_CALLER_REVIEW	sem caller direto reconhecido; revisar callback/vtable/import	UNMAPPED	CORPUS_ONLY	0	1	0	0
005A29F0	Unwind@005a29f0	4	NO_DIRECT_CALLER_REVIEW	sem caller direto reconhecido; revisar callback/vtable/import	UNMAPPED	CORPUS_ONLY	0	1	0	0
005A2A03	Unwind@005a2a03	4	NO_DIRECT_CALLER_REVIEW	sem caller direto reconhecido; revisar callback/vtable/import	UNMAPPED	CORPUS_ONLY	0	1	0	0
005A2A18	Unwind@005a2a18	4	NO_DIRECT_CALLER_REVIEW	sem caller direto reconhecido; revisar callback/vtable/import	UNMAPPED	CORPUS_ONLY	0	1	0	0
005A2A30	Unwind@005a2a30	4	NO_DIRECT_CALLER_REVIEW	sem caller direto reconhecido; revisar callback/vtable/import	UNMAPPED	CORPUS_ONLY	0	1	0	0
005A2A39	Unwind@005a2a39	4	NO_DIRECT_CALLER_REVIEW	sem caller direto reconhecido; revisar callback/vtable/import	UNMAPPED	CORPUS_ONLY	0	1	0	0
005A2A54	Unwind@005a2a54	4	NO_DIRECT_CALLER_REVIEW	sem caller direto reconhecido; revisar callback/vtable/import	UNMAPPED	CORPUS_ONLY	0	1	0	0
005A2A79	Unwind@005a2a79	4	NO_DIRECT_CALLER_REVIEW	sem caller direto reconhecido; revisar callback/vtable/import	UNMAPPED	CORPUS_ONLY	0	1	0	0
005A2A82	Unwind@005a2a82	4	NO_DIRECT_CALLER_REVIEW	sem caller direto reconhecido; revisar callback/vtable/import	UNMAPPED	CORPUS_ONLY	0	1	0	0
005A2AB0	Unwind@005a2ab0	4	NO_DIRECT_CALLER_REVIEW	sem caller direto reconhecido; revisar callback/vtable/import	UNMAPPED	CORPUS_ONLY	0	1	0	0
005A2AC3	Unwind@005a2ac3	4	NO_DIRECT_CALLER_REVIEW	sem caller direto reconhecido; revisar callback/vtable/import	UNMAPPED	CORPUS_ONLY	0	1	0	0
005A2AD8	Unwind@005a2ad8	4	NO_DIRECT_CALLER_REVIEW	sem caller direto reconhecido; revisar callback/vtable/import	UNMAPPED	CORPUS_ONLY	0	1	0	0
005A2AED	Unwind@005a2aed	4	NO_DIRECT_CALLER_REVIEW	sem caller direto reconhecido; revisar callback/vtable/import	UNMAPPED	CORPUS_ONLY	0	1	0	0
005A2B10	Unwind@005a2b10	4	NO_DIRECT_CALLER_REVIEW	sem caller direto reconhecido; revisar callback/vtable/import	UNMAPPED	CORPUS_ONLY	0	1	0	0
005A2B19	Unwind@005a2b19	4	NO_DIRECT_CALLER_REVIEW	sem caller direto reconhecido; revisar callback/vtable/import	UNMAPPED	CORPUS_ONLY	0	1	0	0
005A2B2E	Unwind@005a2b2e	4	NO_DIRECT_CALLER_REVIEW	sem caller direto reconhecido; revisar callback/vtable/import	UNMAPPED	CORPUS_ONLY	0	1	0	0
005A2B50	Unwind@005a2b50	4	NO_DIRECT_CALLER_REVIEW	sem caller direto reconhecido; revisar callback/vtable/import	UNMAPPED	CORPUS_ONLY	0	1	0	0
005A2B68	Unwind@005a2b68	4	NO_DIRECT_CALLER_REVIEW	sem caller direto reconhecido; revisar callback/vtable/import	UNMAPPED	CORPUS_ONLY	0	1	0	0
005A2B73	Unwind@005a2b73	4	NO_DIRECT_CALLER_REVIEW	sem caller direto reconhecido; revisar callback/vtable/import	UNMAPPED	CORPUS_ONLY	0	1	0	0
005A2B7E	Unwind@005a2b7e	4	NO_DIRECT_CALLER_REVIEW	sem caller direto reconhecido; revisar callback/vtable/import	UNMAPPED	CORPUS_ONLY	0	1	0	0
005A2B89	Unwind@005a2b89	4	NO_DIRECT_CALLER_REVIEW	sem caller direto reconhecido; revisar callback/vtable/import	UNMAPPED	CORPUS_ONLY	0	1	0	0
005A2B94	Unwind@005a2b94	4	NO_DIRECT_CALLER_REVIEW	sem caller direto reconhecido; revisar callback/vtable/import	UNMAPPED	CORPUS_ONLY	0	1	0	0
005A2B9F	Unwind@005a2b9f	4	NO_DIRECT_CALLER_REVIEW	sem caller direto reconhecido; revisar callback/vtable/import	UNMAPPED	CORPUS_ONLY	0	1	0	0
005A2BAA	Unwind@005a2baa	4	NO_DIRECT_CALLER_REVIEW	sem caller direto reconhecido; revisar callback/vtable/import	UNMAPPED	CORPUS_ONLY	0	1	0	0
005A2BBF	Unwind@005a2bbf	4	NO_DIRECT_CALLER_REVIEW	sem caller direto reconhecido; revisar callback/vtable/import	UNMAPPED	CORPUS_ONLY	0	1	0	0
005A2BC7	Unwind@005a2bc7	4	NO_DIRECT_CALLER_REVIEW	sem caller direto reconhecido; revisar callback/vtable/import	UNMAPPED	CORPUS_ONLY	0	1	0	0
005A2BD9	Unwind@005a2bd9	4	NO_DIRECT_CALLER_REVIEW	sem caller direto reconhecido; revisar callback/vtable/import	UNMAPPED	CORPUS_ONLY	0	1	0	0
005A2BEE	Unwind@005a2bee	4	NO_DIRECT_CALLER_REVIEW	sem caller direto reconhecido; revisar callback/vtable/import	UNMAPPED	CORPUS_ONLY	0	1	0	0
005A2BF6	Unwind@005a2bf6	4	NO_DIRECT_CALLER_REVIEW	sem caller direto reconhecido; revisar callback/vtable/import	UNMAPPED	CORPUS_ONLY	0	1	0	0
005A2C08	Unwind@005a2c08	4	NO_DIRECT_CALLER_REVIEW	sem caller direto reconhecido; revisar callback/vtable/import	UNMAPPED	CORPUS_ONLY	0	1	0	0
005A2C12	Unwind@005a2c12	4	NO_DIRECT_CALLER_REVIEW	sem caller direto reconhecido; revisar callback/vtable/import	UNMAPPED	CORPUS_ONLY	0	1	0	0
005A2C1C	Unwind@005a2c1c	4	NO_DIRECT_CALLER_REVIEW	sem caller direto reconhecido; revisar callback/vtable/import	UNMAPPED	CORPUS_ONLY	0	1	0	0
005A2C30	Unwind@005a2c30	4	NO_DIRECT_CALLER_REVIEW	sem caller direto reconhecido; revisar callback/vtable/import	UNMAPPED	CORPUS_ONLY	0	1	0	0
005A2C44	Unwind@005a2c44	4	NO_DIRECT_CALLER_REVIEW	sem caller direto reconhecido; revisar callback/vtable/import	UNMAPPED	CORPUS_ONLY	0	1	0	0
005A2C4E	Unwind@005a2c4e	4	NO_DIRECT_CALLER_REVIEW	sem caller direto reconhecido; revisar callback/vtable/import	UNMAPPED	CORPUS_ONLY	0	1	0	0
005A2C62	Unwind@005a2c62	4	NO_DIRECT_CALLER_REVIEW	sem caller direto reconhecido; revisar callback/vtable/import	UNMAPPED	CORPUS_ONLY	0	1	0	0
005A2C6C	Unwind@005a2c6c	4	NO_DIRECT_CALLER_REVIEW	sem caller direto reconhecido; revisar callback/vtable/import	UNMAPPED	CORPUS_ONLY	0	1	0	0
005A2C80	Unwind@005a2c80	4	NO_DIRECT_CALLER_REVIEW	sem caller direto reconhecido; revisar callback/vtable/import	UNMAPPED	CORPUS_ONLY	0	1	0	0
005A2C8A	Unwind@005a2c8a	4	NO_DIRECT_CALLER_REVIEW	sem caller direto reconhecido; revisar callback/vtable/import	UNMAPPED	CORPUS_ONLY	0	1	0	0
005A2C94	Unwind@005a2c94	4	NO_DIRECT_CALLER_REVIEW	sem caller direto reconhecido; revisar callback/vtable/import	UNMAPPED	CORPUS_ONLY	0	1	0	0
005A2CA8	Unwind@005a2ca8	4	NO_DIRECT_CALLER_REVIEW	sem caller direto reconhecido; revisar callback/vtable/import	UNMAPPED	CORPUS_ONLY	0	1	0	0
005A2CB2	Unwind@005a2cb2	4	NO_DIRECT_CALLER_REVIEW	sem caller direto reconhecido; revisar callback/vtable/import	UNMAPPED	CORPUS_ONLY	0	1	0	0
005A2CBC	Unwind@005a2cbc	4	NO_DIRECT_CALLER_REVIEW	sem caller direto reconhecido; revisar callback/vtable/import	UNMAPPED	CORPUS_ONLY	0	1	0	0
005A2CD0	Unwind@005a2cd0	4	NO_DIRECT_CALLER_REVIEW	sem caller direto reconhecido; revisar callback/vtable/import	UNMAPPED	CORPUS_ONLY	0	1	0	0
005A2CDA	Unwind@005a2cda	4	NO_DIRECT_CALLER_REVIEW	sem caller direto reconhecido; revisar callback/vtable/import	UNMAPPED	CORPUS_ONLY	0	1	0	0
005A2CEE	Unwind@005a2cee	4	NO_DIRECT_CALLER_REVIEW	sem caller direto reconhecido; revisar callback/vtable/import	UNMAPPED	CORPUS_ONLY	0	1	0	0
005A2CF8	Unwind@005a2cf8	4	NO_DIRECT_CALLER_REVIEW	sem caller direto reconhecido; revisar callback/vtable/import	UNMAPPED	CORPUS_ONLY	0	1	0	0
005A2D0C	Unwind@005a2d0c	4	NO_DIRECT_CALLER_REVIEW	sem caller direto reconhecido; revisar callback/vtable/import	UNMAPPED	CORPUS_ONLY	0	1	0	0
005A2D16	Unwind@005a2d16	4	NO_DIRECT_CALLER_REVIEW	sem caller direto reconhecido; revisar callback/vtable/import	UNMAPPED	CORPUS_ONLY	0	1	0	0
005A2D20	Unwind@005a2d20	4	NO_DIRECT_CALLER_REVIEW	sem caller direto reconhecido; revisar callback/vtable/import	UNMAPPED	CORPUS_ONLY	0	1	0	0
005A2D34	Unwind@005a2d34	4	NO_DIRECT_CALLER_REVIEW	sem caller direto reconhecido; revisar callback/vtable/import	UNMAPPED	CORPUS_ONLY	0	1	0	0
005A2D46	Unwind@005a2d46	4	NO_DIRECT_CALLER_REVIEW	sem caller direto reconhecido; revisar callback/vtable/import	UNMAPPED	CORPUS_ONLY	0	1	0	0
005A2D5A	Unwind@005a2d5a	4	NO_DIRECT_CALLER_REVIEW	sem caller direto reconhecido; revisar callback/vtable/import	UNMAPPED	CORPUS_ONLY	0	1	0	0
005A2D6E	Unwind@005a2d6e	4	NO_DIRECT_CALLER_REVIEW	sem caller direto reconhecido; revisar callback/vtable/import	UNMAPPED	CORPUS_ONLY	0	1	0	0
005A2D76	Unwind@005a2d76	4	NO_DIRECT_CALLER_REVIEW	sem caller direto reconhecido; revisar callback/vtable/import	UNMAPPED	CORPUS_ONLY	0	1	0	0
005A2D8A	Unwind@005a2d8a	4	NO_DIRECT_CALLER_REVIEW	sem caller direto reconhecido; revisar callback/vtable/import	UNMAPPED	CORPUS_ONLY	0	1	0	0
005A2D9E	Unwind@005a2d9e	4	NO_DIRECT_CALLER_REVIEW	sem caller direto reconhecido; revisar callback/vtable/import	UNMAPPED	CORPUS_ONLY	0	1	0	0
005A2DB0	Unwind@005a2db0	4	NO_DIRECT_CALLER_REVIEW	sem caller direto reconhecido; revisar callback/vtable/import	UNMAPPED	CORPUS_ONLY	0	1	0	0
005A2DBA	Unwind@005a2dba	4	NO_DIRECT_CALLER_REVIEW	sem caller direto reconhecido; revisar callback/vtable/import	UNMAPPED	CORPUS_ONLY	0	1	0	0
005A2DC4	Unwind@005a2dc4	4	NO_DIRECT_CALLER_REVIEW	sem caller direto reconhecido; revisar callback/vtable/import	UNMAPPED	CORPUS_ONLY	0	1	0	0
005A2DCE	Unwind@005a2dce	4	NO_DIRECT_CALLER_REVIEW	sem caller direto reconhecido; revisar callback/vtable/import	UNMAPPED	CORPUS_ONLY	0	1	0	0
005A2DD8	Unwind@005a2dd8	4	NO_DIRECT_CALLER_REVIEW	sem caller direto reconhecido; revisar callback/vtable/import	UNMAPPED	CORPUS_ONLY	0	1	0	0
005A2DE2	Unwind@005a2de2	4	NO_DIRECT_CALLER_REVIEW	sem caller direto reconhecido; revisar callback/vtable/import	UNMAPPED	CORPUS_ONLY	0	1	0	0
005A2DEC	Unwind@005a2dec	4	NO_DIRECT_CALLER_REVIEW	sem caller direto reconhecido; revisar callback/vtable/import	UNMAPPED	CORPUS_ONLY	0	1	0	0
005A2DF6	Unwind@005a2df6	4	NO_DIRECT_CALLER_REVIEW	sem caller direto reconhecido; revisar callback/vtable/import	UNMAPPED	CORPUS_ONLY	0	1	0	0
005A2E00	Unwind@005a2e00	4	NO_DIRECT_CALLER_REVIEW	sem caller direto reconhecido; revisar callback/vtable/import	UNMAPPED	CORPUS_ONLY	0	1	0	0
005A2E0A	Unwind@005a2e0a	4	NO_DIRECT_CALLER_REVIEW	sem caller direto reconhecido; revisar callback/vtable/import	UNMAPPED	CORPUS_ONLY	0	1	0	0
005A2E14	Unwind@005a2e14	4	NO_DIRECT_CALLER_REVIEW	sem caller direto reconhecido; revisar callback/vtable/import	UNMAPPED	CORPUS_ONLY	0	1	0	0
005A2E1E	Unwind@005a2e1e	4	NO_DIRECT_CALLER_REVIEW	sem caller direto reconhecido; revisar callback/vtable/import	UNMAPPED	CORPUS_ONLY	0	1	0	0
005A2E28	Unwind@005a2e28	4	NO_DIRECT_CALLER_REVIEW	sem caller direto reconhecido; revisar callback/vtable/import	UNMAPPED	CORPUS_ONLY	0	1	0	0
005A2E32	Unwind@005a2e32	4	NO_DIRECT_CALLER_REVIEW	sem caller direto reconhecido; revisar callback/vtable/import	UNMAPPED	CORPUS_ONLY	0	1	0	0
005A2E3C	Unwind@005a2e3c	4	NO_DIRECT_CALLER_REVIEW	sem caller direto reconhecido; revisar callback/vtable/import	UNMAPPED	CORPUS_ONLY	0	1	0	0
005A2E46	Unwind@005a2e46	4	NO_DIRECT_CALLER_REVIEW	sem caller direto reconhecido; revisar callback/vtable/import	UNMAPPED	CORPUS_ONLY	0	1	0	0
005A2E50	Unwind@005a2e50	4	NO_DIRECT_CALLER_REVIEW	sem caller direto reconhecido; revisar callback/vtable/import	UNMAPPED	CORPUS_ONLY	0	1	0	0
005A2E5A	Unwind@005a2e5a	4	NO_DIRECT_CALLER_REVIEW	sem caller direto reconhecido; revisar callback/vtable/import	UNMAPPED	CORPUS_ONLY	0	1	0	0
005A2E64	Unwind@005a2e64	4	NO_DIRECT_CALLER_REVIEW	sem caller direto reconhecido; revisar callback/vtable/import	UNMAPPED	CORPUS_ONLY	0	1	0	0
005A2E6E	Unwind@005a2e6e	4	NO_DIRECT_CALLER_REVIEW	sem caller direto reconhecido; revisar callback/vtable/import	UNMAPPED	CORPUS_ONLY	0	1	0	0
005A2E78	Unwind@005a2e78	4	NO_DIRECT_CALLER_REVIEW	sem caller direto reconhecido; revisar callback/vtable/import	UNMAPPED	CORPUS_ONLY	0	1	0	0
005A2E82	Unwind@005a2e82	4	NO_DIRECT_CALLER_REVIEW	sem caller direto reconhecido; revisar callback/vtable/import	UNMAPPED	CORPUS_ONLY	0	1	0	0
005A2E8C	Unwind@005a2e8c	4	NO_DIRECT_CALLER_REVIEW	sem caller direto reconhecido; revisar callback/vtable/import	UNMAPPED	CORPUS_ONLY	0	1	0	0
005A2E96	Unwind@005a2e96	4	NO_DIRECT_CALLER_REVIEW	sem caller direto reconhecido; revisar callback/vtable/import	UNMAPPED	CORPUS_ONLY	0	1	0	0
005A2EA0	Unwind@005a2ea0	4	NO_DIRECT_CALLER_REVIEW	sem caller direto reconhecido; revisar callback/vtable/import	UNMAPPED	CORPUS_ONLY	0	1	0	0
005A2EAA	Unwind@005a2eaa	4	NO_DIRECT_CALLER_REVIEW	sem caller direto reconhecido; revisar callback/vtable/import	UNMAPPED	CORPUS_ONLY	0	1	0	0
005A2EB4	Unwind@005a2eb4	4	NO_DIRECT_CALLER_REVIEW	sem caller direto reconhecido; revisar callback/vtable/import	UNMAPPED	CORPUS_ONLY	0	1	0	0
005A2EBE	Unwind@005a2ebe	4	NO_DIRECT_CALLER_REVIEW	sem caller direto reconhecido; revisar callback/vtable/import	UNMAPPED	CORPUS_ONLY	0	1	0	0
005A2EC8	Unwind@005a2ec8	4	NO_DIRECT_CALLER_REVIEW	sem caller direto reconhecido; revisar callback/vtable/import	UNMAPPED	CORPUS_ONLY	0	1	0	0
005A2ED2	Unwind@005a2ed2	4	NO_DIRECT_CALLER_REVIEW	sem caller direto reconhecido; revisar callback/vtable/import	UNMAPPED	CORPUS_ONLY	0	1	0	0
005A2EDC	Unwind@005a2edc	4	NO_DIRECT_CALLER_REVIEW	sem caller direto reconhecido; revisar callback/vtable/import	UNMAPPED	CORPUS_ONLY	0	1	0	0
005A2EE6	Unwind@005a2ee6	4	NO_DIRECT_CALLER_REVIEW	sem caller direto reconhecido; revisar callback/vtable/import	UNMAPPED	CORPUS_ONLY	0	1	0	0
005A2EF0	Unwind@005a2ef0	4	NO_DIRECT_CALLER_REVIEW	sem caller direto reconhecido; revisar callback/vtable/import	UNMAPPED	CORPUS_ONLY	0	1	0	0
005A2EFA	Unwind@005a2efa	4	NO_DIRECT_CALLER_REVIEW	sem caller direto reconhecido; revisar callback/vtable/import	UNMAPPED	CORPUS_ONLY	0	1	0	0
005A2F04	Unwind@005a2f04	4	NO_DIRECT_CALLER_REVIEW	sem caller direto reconhecido; revisar callback/vtable/import	UNMAPPED	CORPUS_ONLY	0	1	0	0
005A2F0E	Unwind@005a2f0e	4	NO_DIRECT_CALLER_REVIEW	sem caller direto reconhecido; revisar callback/vtable/import	UNMAPPED	CORPUS_ONLY	0	1	0	0
005A2F18	Unwind@005a2f18	4	NO_DIRECT_CALLER_REVIEW	sem caller direto reconhecido; revisar callback/vtable/import	UNMAPPED	CORPUS_ONLY	0	1	0	0
005A2F38	Unwind@005a2f38	4	NO_DIRECT_CALLER_REVIEW	sem caller direto reconhecido; revisar callback/vtable/import	UNMAPPED	CORPUS_ONLY	0	1	0	0
005A2F4C	Unwind@005a2f4c	4	NO_DIRECT_CALLER_REVIEW	sem caller direto reconhecido; revisar callback/vtable/import	UNMAPPED	CORPUS_ONLY	0	1	0	0
005A2F60	Unwind@005a2f60	4	NO_DIRECT_CALLER_REVIEW	sem caller direto reconhecido; revisar callback/vtable/import	UNMAPPED	CORPUS_ONLY	0	1	0	0
005A2F74	Unwind@005a2f74	4	NO_DIRECT_CALLER_REVIEW	sem caller direto reconhecido; revisar callback/vtable/import	UNMAPPED	CORPUS_ONLY	0	1	0	0
005A2F88	Unwind@005a2f88	4	NO_DIRECT_CALLER_REVIEW	sem caller direto reconhecido; revisar callback/vtable/import	UNMAPPED	CORPUS_ONLY	0	1	0	0
005A2F9C	Unwind@005a2f9c	4	NO_DIRECT_CALLER_REVIEW	sem caller direto reconhecido; revisar callback/vtable/import	UNMAPPED	CORPUS_ONLY	0	1	0	0
005A2FB0	Unwind@005a2fb0	4	NO_DIRECT_CALLER_REVIEW	sem caller direto reconhecido; revisar callback/vtable/import	UNMAPPED	CORPUS_ONLY	0	1	0	0
00401000	FUN_00401000	5	CORPUS_REMAINDER	sem prioridade estrutural ou pista textual automática	UNMAPPED	CORPUS_ONLY	11	0	33	0
0040104C	FUN_0040104c	5	CORPUS_REMAINDER	sem prioridade estrutural ou pista textual automática	UNMAPPED	CORPUS_ONLY	6	1	6	0
0040116E	FUN_0040116e	5	CORPUS_REMAINDER	sem prioridade estrutural ou pista textual automática	UNMAPPED	CORPUS_ONLY	2	0	2	0
004011EB	FUN_004011eb	5	CORPUS_REMAINDER	sem prioridade estrutural ou pista textual automática	UNMAPPED	CORPUS_ONLY	1	1	2	0
00401224	FUN_00401224	5	CORPUS_REMAINDER	sem prioridade estrutural ou pista textual automática	UNMAPPED	CORPUS_ONLY	1	0	1	0
00401275	FUN_00401275	5	CORPUS_REMAINDER	sem prioridade estrutural ou pista textual automática	UNMAPPED	CORPUS_ONLY	2	0	2	0
004012C6	FUN_004012c6	5	CORPUS_REMAINDER	sem prioridade estrutural ou pista textual automática	UNMAPPED	CORPUS_ONLY	9	0	25	0
004012E5	FUN_004012e5	5	CORPUS_REMAINDER	sem prioridade estrutural ou pista textual automática	UNMAPPED	CORPUS_ONLY	1	0	2	0
00401304	FUN_00401304	5	CORPUS_REMAINDER	sem prioridade estrutural ou pista textual automática	UNMAPPED	CORPUS_ONLY	1	0	5	0
00401367	FUN_00401367	5	CORPUS_REMAINDER	sem prioridade estrutural ou pista textual automática	UNMAPPED	CORPUS_ONLY	1	0	1	0
0040137C	FUN_0040137c	5	CORPUS_REMAINDER	sem prioridade estrutural ou pista textual automática	UNMAPPED	CORPUS_ONLY	1	0	3	0
004013AD	FUN_004013ad	5	CORPUS_REMAINDER	sem prioridade estrutural ou pista textual automática	UNMAPPED	CORPUS_ONLY	1	0	1	0
004013C2	FUN_004013c2	5	CORPUS_REMAINDER	sem prioridade estrutural ou pista textual automática	UNMAPPED	CORPUS_ONLY	1	0	4	0
004013F3	FUN_004013f3	5	CORPUS_REMAINDER	sem prioridade estrutural ou pista textual automática	UNMAPPED	CORPUS_ONLY	1	0	1	0
00401466	FUN_00401466	5	CORPUS_REMAINDER	sem prioridade estrutural ou pista textual automática	UNMAPPED	CORPUS_ONLY	21	2	64	0
0040151A	FUN_0040151a	5	CORPUS_REMAINDER	sem prioridade estrutural ou pista textual automática	UNMAPPED	CORPUS_ONLY	24	2	24	0
004015DD	FUN_004015dd	5	CORPUS_REMAINDER	sem prioridade estrutural ou pista textual automática	UNMAPPED	CORPUS_ONLY	1	0	1	0
00401637	FUN_00401637	5	CORPUS_REMAINDER	sem prioridade estrutural ou pista textual automática	UNMAPPED	CORPUS_ONLY	6	1	6	0
00401726	FUN_00401726	5	CORPUS_REMAINDER	sem prioridade estrutural ou pista textual automática	UNMAPPED	CORPUS_ONLY	2	2	3	0
00401AC0	FUN_00401ac0	5	CORPUS_REMAINDER	sem prioridade estrutural ou pista textual automática	UNMAPPED	CORPUS_ONLY	3	2	3	0
00401B53	FUN_00401b53	5	CORPUS_REMAINDER	sem prioridade estrutural ou pista textual automática	UNMAPPED	CORPUS_ONLY	4	2	4	0
00401C40	FUN_00401c40	5	CORPUS_REMAINDER	sem prioridade estrutural ou pista textual automática	UNMAPPED	CORPUS_ONLY	1	1	1	0
00401D03	FUN_00401d03	5	CORPUS_REMAINDER	sem prioridade estrutural ou pista textual automática	UNMAPPED	CORPUS_ONLY	16	9	51	0
00401F85	FUN_00401f85	5	CORPUS_REMAINDER	sem prioridade estrutural ou pista textual automática	UNMAPPED	CORPUS_ONLY	4	3	4	0
004021F5	FUN_004021f5	5	CORPUS_REMAINDER	sem prioridade estrutural ou pista textual automática	UNMAPPED	CORPUS_ONLY	1	0	1	0
00402309	FUN_00402309	5	CORPUS_REMAINDER	sem prioridade estrutural ou pista textual automática	UNMAPPED	CORPUS_ONLY	1	7	2	0
0040268C	FUN_0040268c	5	CORPUS_REMAINDER	sem prioridade estrutural ou pista textual automática	UNMAPPED	CORPUS_ONLY	2	2	2	0
0040319C	FUN_0040319c	5	CORPUS_REMAINDER	sem prioridade estrutural ou pista textual automática	UNMAPPED	CORPUS_ONLY	1	1	1	0
00403853	FUN_00403853	5	CORPUS_REMAINDER	sem prioridade estrutural ou pista textual automática	UNMAPPED	CORPUS_ONLY	1	0	1	0
00403D07	FUN_00403d07	5	CORPUS_REMAINDER	sem prioridade estrutural ou pista textual automática	UNMAPPED	CORPUS_ONLY	1	1	1	0
00403DF2	FUN_00403df2	5	CORPUS_REMAINDER	sem prioridade estrutural ou pista textual automática	UNMAPPED	CORPUS_ONLY	35	0	177	0
00404BEA	FUN_00404bea	5	CORPUS_REMAINDER	sem prioridade estrutural ou pista textual automática	UNMAPPED	CORPUS_ONLY	1	1	1	0
00405065	FUN_00405065	5	CORPUS_REMAINDER	sem prioridade estrutural ou pista textual automática	UNMAPPED	CORPUS_ONLY	6	4	10	0
004052E3	FUN_004052e3	5	CORPUS_REMAINDER	sem prioridade estrutural ou pista textual automática	UNMAPPED	CORPUS_ONLY	1	3	1	0
00405376	FUN_00405376	5	CORPUS_REMAINDER	sem prioridade estrutural ou pista textual automática	UNMAPPED	CORPUS_ONLY	1	2	1	0
004054F2	FUN_004054f2	5	CORPUS_REMAINDER	sem prioridade estrutural ou pista textual automática	UNMAPPED	CORPUS_ONLY	1	0	1	0
0040586F	FUN_0040586f	5	CORPUS_REMAINDER	sem prioridade estrutural ou pista textual automática	UNMAPPED	CORPUS_ONLY	1	7	2	0
0040621D	FUN_0040621d	5	CORPUS_REMAINDER	sem prioridade estrutural ou pista textual automática	UNMAPPED	CORPUS_ONLY	1	1	1	0
004062A7	FUN_004062a7	5	CORPUS_REMAINDER	sem prioridade estrutural ou pista textual automática	UNMAPPED	CORPUS_ONLY	1	1	1	0
004067E9	FUN_004067e9	5	CORPUS_REMAINDER	sem prioridade estrutural ou pista textual automática	UNMAPPED	CORPUS_ONLY	3	5	3	0
0040696A	FUN_0040696a	5	CORPUS_REMAINDER	sem prioridade estrutural ou pista textual automática	UNMAPPED	CORPUS_ONLY	1	1	1	0
00407203	FUN_00407203	5	CORPUS_REMAINDER	sem prioridade estrutural ou pista textual automática	UNMAPPED	CORPUS_ONLY	32	1	59	0
00407265	FUN_00407265	5	CORPUS_REMAINDER	sem prioridade estrutural ou pista textual automática	UNMAPPED	CORPUS_ONLY	10	1	10	0
00407281	FUN_00407281	5	CORPUS_REMAINDER	sem prioridade estrutural ou pista textual automática	UNMAPPED	CORPUS_ONLY	3	1	3	0
004072F2	FUN_004072f2	5	CORPUS_REMAINDER	sem prioridade estrutural ou pista textual automática	UNMAPPED	CORPUS_ONLY	2	4	4	0
004075E6	FUN_004075e6	5	CORPUS_REMAINDER	sem prioridade estrutural ou pista textual automática	UNMAPPED	CORPUS_ONLY	1	1	1	0
004077CE	FUN_004077ce	5	CORPUS_REMAINDER	sem prioridade estrutural ou pista textual automática	UNMAPPED	CORPUS_ONLY	2	11	2	0
00407ADD	FUN_00407add	5	CORPUS_REMAINDER	sem prioridade estrutural ou pista textual automática	UNMAPPED	CORPUS_ONLY	1	1	1	0
00407D62	FUN_00407d62	5	CORPUS_REMAINDER	sem prioridade estrutural ou pista textual automática	UNMAPPED	CORPUS_ONLY	2	5	2	0
0040803A	FUN_0040803a	5	CORPUS_REMAINDER	sem prioridade estrutural ou pista textual automática	UNMAPPED	CORPUS_ONLY	1	1	1	0
0040833B	FUN_0040833b	5	CORPUS_REMAINDER	sem prioridade estrutural ou pista textual automática	UNMAPPED	CORPUS_ONLY	1	6	1	0
0040856B	FUN_0040856b	5	CORPUS_REMAINDER	sem prioridade estrutural ou pista textual automática	UNMAPPED	CORPUS_ONLY	1	1	1	0
004085CD	FUN_004085cd	5	CORPUS_REMAINDER	sem prioridade estrutural ou pista textual automática	UNMAPPED	CORPUS_ONLY	2	2	2	0
004087C4	FUN_004087c4	5	CORPUS_REMAINDER	sem prioridade estrutural ou pista textual automática	UNMAPPED	CORPUS_ONLY	2	7	2	0
00408B8F	FUN_00408b8f	5	CORPUS_REMAINDER	sem prioridade estrutural ou pista textual automática	UNMAPPED	CORPUS_ONLY	1	2	1	0
00408BED	FUN_00408bed	5	CORPUS_REMAINDER	sem prioridade estrutural ou pista textual automática	UNMAPPED	CORPUS_ONLY	2	3	2	0
00408D33	FUN_00408d33	5	CORPUS_REMAINDER	sem prioridade estrutural ou pista textual automática	UNMAPPED	CORPUS_ONLY	32	1	61	0
00408F1F	FUN_00408f1f	5	CORPUS_REMAINDER	sem prioridade estrutural ou pista textual automática	UNMAPPED	CORPUS_ONLY	1	0	1	0
00409046	FUN_00409046	5	CORPUS_REMAINDER	sem prioridade estrutural ou pista textual automática	UNMAPPED	CORPUS_ONLY	6	0	9	0
00409078	FUN_00409078	5	CORPUS_REMAINDER	sem prioridade estrutural ou pista textual automática	UNMAPPED	CORPUS_ONLY	2	0	2	0
004091AB	FUN_004091ab	5	CORPUS_REMAINDER	sem prioridade estrutural ou pista textual automática	UNMAPPED	CORPUS_ONLY	15	0	21	0
0040927A	FUN_0040927a	5	CORPUS_REMAINDER	sem prioridade estrutural ou pista textual automática	UNMAPPED	CORPUS_ONLY	2	0	2	0
0040981B	FUN_0040981b	5	CORPUS_REMAINDER	sem prioridade estrutural ou pista textual automática	UNMAPPED	CORPUS_ONLY	5	0	5	0
00409AB6	FUN_00409ab6	5	CORPUS_REMAINDER	sem prioridade estrutural ou pista textual automática	UNMAPPED	CORPUS_ONLY	2	1	2	0
00409B21	FUN_00409b21	5	CORPUS_REMAINDER	sem prioridade estrutural ou pista textual automática	UNMAPPED	CORPUS_ONLY	1	1	1	0
00409CBC	FUN_00409cbc	5	CORPUS_REMAINDER	sem prioridade estrutural ou pista textual automática	UNMAPPED	CORPUS_ONLY	1	2	1	0
00409D7F	FUN_00409d7f	5	CORPUS_REMAINDER	sem prioridade estrutural ou pista textual automática	UNMAPPED	CORPUS_ONLY	1	2	1	0
0040A189	FUN_0040a189	5	CORPUS_REMAINDER	sem prioridade estrutural ou pista textual automática	UNMAPPED	CORPUS_ONLY	1	8	4	0
0040A8C2	FUN_0040a8c2	5	CORPUS_REMAINDER	sem prioridade estrutural ou pista textual automática	UNMAPPED	CORPUS_ONLY	1	1	1	0
0040A8DE	FUN_0040a8de	5	CORPUS_REMAINDER	sem prioridade estrutural ou pista textual automática	UNMAPPED	CORPUS_ONLY	2	0	4	0
0040A9CC	FUN_0040a9cc	5	CORPUS_REMAINDER	sem prioridade estrutural ou pista textual automática	UNMAPPED	CORPUS_ONLY	1	2	1	0
0040AC07	FUN_0040ac07	5	CORPUS_REMAINDER	sem prioridade estrutural ou pista textual automática	UNMAPPED	CORPUS_ONLY	1	0	2	0
0040B67A	FUN_0040b67a	5	CORPUS_REMAINDER	sem prioridade estrutural ou pista textual automática	UNMAPPED	CORPUS_ONLY	1	0	1	0
0040BAD0	FUN_0040bad0	5	CORPUS_REMAINDER	sem prioridade estrutural ou pista textual automática	UNMAPPED	CORPUS_ONLY	4	0	4	0
0040BD30	FUN_0040bd30	5	CORPUS_REMAINDER	sem prioridade estrutural ou pista textual automática	UNMAPPED	CORPUS_ONLY	33	0	66	0
0040BD60	FUN_0040bd60	5	CORPUS_REMAINDER	sem prioridade estrutural ou pista textual automática	UNMAPPED	CORPUS_ONLY	2	1	2	0
0040BDB0	FUN_0040bdb0	5	CORPUS_REMAINDER	sem prioridade estrutural ou pista textual automática	UNMAPPED	CORPUS_ONLY	1	0	1	0
0040BEA0	FUN_0040bea0	5	CORPUS_REMAINDER	sem prioridade estrutural ou pista textual automática	UNMAPPED	CORPUS_ONLY	6	0	11	0
0040BF90	FUN_0040bf90	5	CORPUS_REMAINDER	sem prioridade estrutural ou pista textual automática	UNMAPPED	CORPUS_ONLY	4	0	4	0
0040BFB0	FUN_0040bfb0	5	CORPUS_REMAINDER	sem prioridade estrutural ou pista textual automática	UNMAPPED	CORPUS_ONLY	1	0	1	0
0040C060	FUN_0040c060	5	CORPUS_REMAINDER	sem prioridade estrutural ou pista textual automática	UNMAPPED	CORPUS_ONLY	1	0	1	0
0040C090	FUN_0040c090	5	CORPUS_REMAINDER	sem prioridade estrutural ou pista textual automática	UNMAPPED	CORPUS_ONLY	1	0	1	0
0040C110	FUN_0040c110	5	CORPUS_REMAINDER	sem prioridade estrutural ou pista textual automática	UNMAPPED	CORPUS_ONLY	6	1	11	0
0040C1B0	FUN_0040c1b0	5	CORPUS_REMAINDER	sem prioridade estrutural ou pista textual automática	UNMAPPED	CORPUS_ONLY	7	0	14	0
0040C26D	FUN_0040c26d	5	CORPUS_REMAINDER	sem prioridade estrutural ou pista textual automática	UNMAPPED	CORPUS_ONLY	7	0	18	0
0040C46F	FUN_0040c46f	5	CORPUS_REMAINDER	sem prioridade estrutural ou pista textual automática	UNMAPPED	CORPUS_ONLY	1	1	1	0
0040DB40	FUN_0040db40	5	CORPUS_REMAINDER	sem prioridade estrutural ou pista textual automática	UNMAPPED	CORPUS_ONLY	2	0	2	0
0040DB5D	FUN_0040db5d	5	CORPUS_REMAINDER	sem prioridade estrutural ou pista textual automática	UNMAPPED	CORPUS_ONLY	1	5	1	0
0040DEE8	FUN_0040dee8	5	CORPUS_REMAINDER	sem prioridade estrutural ou pista textual automática	UNMAPPED	CORPUS_ONLY	3	0	3	0
0040DF5A	FUN_0040df5a	5	CORPUS_REMAINDER	sem prioridade estrutural ou pista textual automática	UNMAPPED	CORPUS_ONLY	2	0	2	0
0040DF9E	FUN_0040df9e	5	CORPUS_REMAINDER	sem prioridade estrutural ou pista textual automática	UNMAPPED	CORPUS_ONLY	2	6	2	0
0040E2E6	FUN_0040e2e6	5	CORPUS_REMAINDER	sem prioridade estrutural ou pista textual automática	UNMAPPED	CORPUS_ONLY	1	4	1	0
0040E4EE	FUN_0040e4ee	5	CORPUS_REMAINDER	sem prioridade estrutural ou pista textual automática	UNMAPPED	CORPUS_ONLY	1	1	1	0
0040EAFC	FUN_0040eafc	5	CORPUS_REMAINDER	sem prioridade estrutural ou pista textual automática	UNMAPPED	CORPUS_ONLY	1	3	1	0
00416E8A	FUN_00416e8a	5	CORPUS_REMAINDER	sem prioridade estrutural ou pista textual automática	UNMAPPED	CORPUS_ONLY	1	5	1	0
004171C6	FUN_004171c6	5	CORPUS_REMAINDER	sem prioridade estrutural ou pista textual automática	UNMAPPED	CORPUS_ONLY	1	0	2	0
00417215	FUN_00417215	5	CORPUS_REMAINDER	sem prioridade estrutural ou pista textual automática	UNMAPPED	CORPUS_ONLY	2	6	5	0
004173CF	FUN_004173cf	5	CORPUS_REMAINDER	sem prioridade estrutural ou pista textual automática	UNMAPPED	CORPUS_ONLY	4	1	34	0
004175EB	FUN_004175eb	5	CORPUS_REMAINDER	sem prioridade estrutural ou pista textual automática	UNMAPPED	CORPUS_ONLY	2	0	4	0
00417920	FUN_00417920	5	CORPUS_REMAINDER	sem prioridade estrutural ou pista textual automática	UNMAPPED	CORPUS_ONLY	1	1	1	0
00417D9B	FUN_00417d9b	5	CORPUS_REMAINDER	sem prioridade estrutural ou pista textual automática	UNMAPPED	CORPUS_ONLY	1	3	1	0
00421910	FUN_00421910	5	CORPUS_REMAINDER	sem prioridade estrutural ou pista textual automática	UNMAPPED	CORPUS_ONLY	33	0	50	0
004219A0	FUN_004219a0	5	CORPUS_REMAINDER	sem prioridade estrutural ou pista textual automática	UNMAPPED	CORPUS_ONLY	6	1	9	0
00421A4B	FUN_00421a4b	5	CORPUS_REMAINDER	sem prioridade estrutural ou pista textual automática	UNMAPPED	CORPUS_ONLY	15	0	18	0
00421A90	FUN_00421a90	5	CORPUS_REMAINDER	sem prioridade estrutural ou pista textual automática	UNMAPPED	CORPUS_ONLY	2	1	4	0
00421B0F	FUN_00421b0f	5	CORPUS_REMAINDER	sem prioridade estrutural ou pista textual automática	UNMAPPED	CORPUS_ONLY	3	2	3	0
0042260E	FUN_0042260e	5	CORPUS_REMAINDER	sem prioridade estrutural ou pista textual automática	UNMAPPED	CORPUS_ONLY	2	0	2	0
0042261F	FUN_0042261f	5	CORPUS_REMAINDER	sem prioridade estrutural ou pista textual automática	UNMAPPED	CORPUS_ONLY	3	3	5	0
00422930	FUN_00422930	5	CORPUS_REMAINDER	sem prioridade estrutural ou pista textual automática	UNMAPPED	CORPUS_ONLY	3	9	17	0
00422FDD	~COleResizeBar	5	CORPUS_REMAINDER	sem prioridade estrutural ou pista textual automática	UNMAPPED	CORPUS_ONLY	1	2	1	0
00423B00	FUN_00423b00	5	CORPUS_REMAINDER	sem prioridade estrutural ou pista textual automática	UNMAPPED	CORPUS_ONLY	51	1	183	0
00423D3F	FUN_00423d3f	5	CORPUS_REMAINDER	sem prioridade estrutural ou pista textual automática	UNMAPPED	CORPUS_ONLY	1	1	1	0
00424642	FUN_00424642	5	CORPUS_REMAINDER	sem prioridade estrutural ou pista textual automática	UNMAPPED	CORPUS_ONLY	1	0	1	0
00425910	FUN_00425910	5	CORPUS_REMAINDER	sem prioridade estrutural ou pista textual automática	UNMAPPED	CORPUS_ONLY	1	0	1	0
00425A3F	FUN_00425a3f	5	CORPUS_REMAINDER	sem prioridade estrutural ou pista textual automática	UNMAPPED	CORPUS_ONLY	4	1	4	0
00426022	FUN_00426022	5	CORPUS_REMAINDER	sem prioridade estrutural ou pista textual automática	UNMAPPED	CORPUS_ONLY	1	3	1	0
00426CA6	FUN_00426ca6	5	CORPUS_REMAINDER	sem prioridade estrutural ou pista textual automática	UNMAPPED	CORPUS_ONLY	1	0	1	0
00426FDC	FUN_00426fdc	5	CORPUS_REMAINDER	sem prioridade estrutural ou pista textual automática	UNMAPPED	CORPUS_ONLY	2	2	2	0
00427C0C	FUN_00427c0c	5	CORPUS_REMAINDER	sem prioridade estrutural ou pista textual automática	UNMAPPED	CORPUS_ONLY	2	1	2	0
00427F1C	FUN_00427f1c	5	CORPUS_REMAINDER	sem prioridade estrutural ou pista textual automática	UNMAPPED	CORPUS_ONLY	1	2	2	0
004280D6	FUN_004280d6	5	CORPUS_REMAINDER	sem prioridade estrutural ou pista textual automática	UNMAPPED	CORPUS_ONLY	1	0	1	0
00428412	FUN_00428412	5	CORPUS_REMAINDER	sem prioridade estrutural ou pista textual automática	UNMAPPED	CORPUS_ONLY	3	1	3	0
00428747	FUN_00428747	5	CORPUS_REMAINDER	sem prioridade estrutural ou pista textual automática	UNMAPPED	CORPUS_ONLY	1	3	1	0
004287C2	FUN_004287c2	5	CORPUS_REMAINDER	sem prioridade estrutural ou pista textual automática	UNMAPPED	CORPUS_ONLY	4	2	13	0
00428A12	FUN_00428a12	5	CORPUS_REMAINDER	sem prioridade estrutural ou pista textual automática	UNMAPPED	CORPUS_ONLY	2	11	4	0
00428BA0	FUN_00428ba0	5	CORPUS_REMAINDER	sem prioridade estrutural ou pista textual automática	UNMAPPED	CORPUS_ONLY	5	6	13	0
00428C6E	FUN_00428c6e	5	CORPUS_REMAINDER	sem prioridade estrutural ou pista textual automática	UNMAPPED	CORPUS_ONLY	1	6	1	0
00428D3C	FUN_00428d3c	5	CORPUS_REMAINDER	sem prioridade estrutural ou pista textual automática	UNMAPPED	CORPUS_ONLY	1	7	1	0
00428FC1	FUN_00428fc1	5	CORPUS_REMAINDER	sem prioridade estrutural ou pista textual automática	UNMAPPED	CORPUS_ONLY	1	1	1	0
004292B0	FUN_004292b0	5	CORPUS_REMAINDER	sem prioridade estrutural ou pista textual automática	UNMAPPED	CORPUS_ONLY	2	3	2	0
00429320	FUN_00429320	5	CORPUS_REMAINDER	sem prioridade estrutural ou pista textual automática	UNMAPPED	CORPUS_ONLY	1	0	1	0
00429330	FUN_00429330	5	CORPUS_REMAINDER	sem prioridade estrutural ou pista textual automática	UNMAPPED	CORPUS_ONLY	2	0	2	0
00429360	FUN_00429360	5	CORPUS_REMAINDER	sem prioridade estrutural ou pista textual automática	UNMAPPED	CORPUS_ONLY	1	0	1	0
00429390	FUN_00429390	5	CORPUS_REMAINDER	sem prioridade estrutural ou pista textual automática	UNMAPPED	CORPUS_ONLY	4	0	4	0
004293C0	FUN_004293c0	5	CORPUS_REMAINDER	sem prioridade estrutural ou pista textual automática	UNMAPPED	CORPUS_ONLY	5	0	5	0
004293F0	FUN_004293f0	5	CORPUS_REMAINDER	sem prioridade estrutural ou pista textual automática	UNMAPPED	CORPUS_ONLY	2	0	2	0
00429420	FUN_00429420	5	CORPUS_REMAINDER	sem prioridade estrutural ou pista textual automática	UNMAPPED	CORPUS_ONLY	2	0	2	0
00429460	FUN_00429460	5	CORPUS_REMAINDER	sem prioridade estrutural ou pista textual automática	UNMAPPED	CORPUS_ONLY	2	1	4	0
00429480	FUN_00429480	5	CORPUS_REMAINDER	sem prioridade estrutural ou pista textual automática	UNMAPPED	CORPUS_ONLY	6	1	6	0
004294A0	FUN_004294a0	5	CORPUS_REMAINDER	sem prioridade estrutural ou pista textual automática	UNMAPPED	CORPUS_ONLY	6	1	16	0
004294D0	FUN_004294d0	5	CORPUS_REMAINDER	sem prioridade estrutural ou pista textual automática	UNMAPPED	CORPUS_ONLY	2	1	2	0
00429500	FUN_00429500	5	CORPUS_REMAINDER	sem prioridade estrutural ou pista textual automática	UNMAPPED	CORPUS_ONLY	1	0	1	0
00429530	FUN_00429530	5	CORPUS_REMAINDER	sem prioridade estrutural ou pista textual automática	UNMAPPED	CORPUS_ONLY	1	1	1	0
004295DE	FUN_004295de	5	CORPUS_REMAINDER	sem prioridade estrutural ou pista textual automática	UNMAPPED	CORPUS_ONLY	1	0	1	0
004296C2	FUN_004296c2	5	CORPUS_REMAINDER	sem prioridade estrutural ou pista textual automática	UNMAPPED	CORPUS_ONLY	1	2	1	0
00429C74	FUN_00429c74	5	CORPUS_REMAINDER	sem prioridade estrutural ou pista textual automática	UNMAPPED	CORPUS_ONLY	1	0	1	0
00429C84	FUN_00429c84	5	CORPUS_REMAINDER	sem prioridade estrutural ou pista textual automática	UNMAPPED	CORPUS_ONLY	1	1	1	0
00429D9A	FUN_00429d9a	5	CORPUS_REMAINDER	sem prioridade estrutural ou pista textual automática	UNMAPPED	CORPUS_ONLY	1	1	1	0
00429E77	FUN_00429e77	5	CORPUS_REMAINDER	sem prioridade estrutural ou pista textual automática	UNMAPPED	CORPUS_ONLY	1	8	1	0
0042A7D1	FUN_0042a7d1	5	CORPUS_REMAINDER	sem prioridade estrutural ou pista textual automática	UNMAPPED	CORPUS_ONLY	3	2	3	0
0042A8A4	FUN_0042a8a4	5	CORPUS_REMAINDER	sem prioridade estrutural ou pista textual automática	UNMAPPED	CORPUS_ONLY	2	2	2	0
0042A97C	FUN_0042a97c	5	CORPUS_REMAINDER	sem prioridade estrutural ou pista textual automática	UNMAPPED	CORPUS_ONLY	5	4	5	0
0042AB3F	FUN_0042ab3f	5	CORPUS_REMAINDER	sem prioridade estrutural ou pista textual automática	UNMAPPED	CORPUS_ONLY	5	1	5	0
0042ABE2	FUN_0042abe2	5	CORPUS_REMAINDER	sem prioridade estrutural ou pista textual automática	UNMAPPED	CORPUS_ONLY	2	1	2	0
0042AC98	FUN_0042ac98	5	CORPUS_REMAINDER	sem prioridade estrutural ou pista textual automática	UNMAPPED	CORPUS_ONLY	3	0	3	0
0042AEF6	FUN_0042aef6	5	CORPUS_REMAINDER	sem prioridade estrutural ou pista textual automática	UNMAPPED	CORPUS_ONLY	8	0	14	0
0042AF62	FUN_0042af62	5	CORPUS_REMAINDER	sem prioridade estrutural ou pista textual automática	UNMAPPED	CORPUS_ONLY	2	0	2	0
0042AFD0	FUN_0042afd0	5	CORPUS_REMAINDER	sem prioridade estrutural ou pista textual automática	UNMAPPED	CORPUS_ONLY	23	0	62	0
0042B05F	FUN_0042b05f	5	CORPUS_REMAINDER	sem prioridade estrutural ou pista textual automática	UNMAPPED	CORPUS_ONLY	1	1	1	0
0042B0BF	FUN_0042b0bf	5	CORPUS_REMAINDER	sem prioridade estrutural ou pista textual automática	UNMAPPED	CORPUS_ONLY	1	1	1	0
0042B492	FUN_0042b492	5	CORPUS_REMAINDER	sem prioridade estrutural ou pista textual automática	UNMAPPED	CORPUS_ONLY	3	0	3	0
0042B4CA	FUN_0042b4ca	5	CORPUS_REMAINDER	sem prioridade estrutural ou pista textual automática	UNMAPPED	CORPUS_ONLY	1	2	1	0
0042B74C	FUN_0042b74c	5	CORPUS_REMAINDER	sem prioridade estrutural ou pista textual automática	UNMAPPED	CORPUS_ONLY	1	0	1	0
0042B7A7	FUN_0042b7a7	5	CORPUS_REMAINDER	sem prioridade estrutural ou pista textual automática	UNMAPPED	CORPUS_ONLY	1	6	1	0
0042B9D8	FUN_0042b9d8	5	CORPUS_REMAINDER	sem prioridade estrutural ou pista textual automática	UNMAPPED	CORPUS_ONLY	2	0	3	0
0042BAE7	FUN_0042bae7	5	CORPUS_REMAINDER	sem prioridade estrutural ou pista textual automática	UNMAPPED	CORPUS_ONLY	2	4	4	0
0042C0B0	FUN_0042c0b0	5	CORPUS_REMAINDER	sem prioridade estrutural ou pista textual automática	UNMAPPED	CORPUS_ONLY	2	2	4	0
0042C140	FUN_0042c140	5	CORPUS_REMAINDER	sem prioridade estrutural ou pista textual automática	UNMAPPED	CORPUS_ONLY	3	0	3	0
0042C160	FUN_0042c160	5	CORPUS_REMAINDER	sem prioridade estrutural ou pista textual automática	UNMAPPED	CORPUS_ONLY	1	5	1	0
0042C4C0	FUN_0042c4c0	5	CORPUS_REMAINDER	sem prioridade estrutural ou pista textual automática	UNMAPPED	CORPUS_ONLY	1	2	1	0
0042E8A1	FUN_0042e8a1	5	CORPUS_REMAINDER	sem prioridade estrutural ou pista textual automática	UNMAPPED	CORPUS_ONLY	1	6	1	0
0042EEEA	FUN_0042eeea	5	CORPUS_REMAINDER	sem prioridade estrutural ou pista textual automática	UNMAPPED	CORPUS_ONLY	1	4	1	0
0042FAE6	FUN_0042fae6	5	CORPUS_REMAINDER	sem prioridade estrutural ou pista textual automática	UNMAPPED	CORPUS_ONLY	1	2	2	0
0042FBB1	FUN_0042fbb1	5	CORPUS_REMAINDER	sem prioridade estrutural ou pista textual automática	UNMAPPED	CORPUS_ONLY	1	2	2	0
0042FC6B	FUN_0042fc6b	5	CORPUS_REMAINDER	sem prioridade estrutural ou pista textual automática	UNMAPPED	CORPUS_ONLY	1	0	4	0
0042FE6C	FUN_0042fe6c	5	CORPUS_REMAINDER	sem prioridade estrutural ou pista textual automática	UNMAPPED	CORPUS_ONLY	1	0	1	0
0042FFD4	FUN_0042ffd4	5	CORPUS_REMAINDER	sem prioridade estrutural ou pista textual automática	UNMAPPED	CORPUS_ONLY	1	0	3	0
00430224	FUN_00430224	5	CORPUS_REMAINDER	sem prioridade estrutural ou pista textual automática	UNMAPPED	CORPUS_ONLY	1	1	1	0
004306CE	FUN_004306ce	5	CORPUS_REMAINDER	sem prioridade estrutural ou pista textual automática	UNMAPPED	CORPUS_ONLY	1	0	2	0
00430D79	FUN_00430d79	5	CORPUS_REMAINDER	sem prioridade estrutural ou pista textual automática	UNMAPPED	CORPUS_ONLY	3	3	12	0
00430F10	FUN_00430f10	5	CORPUS_REMAINDER	sem prioridade estrutural ou pista textual automática	UNMAPPED	CORPUS_ONLY	88	0	223	0
00430F20	FUN_00430f20	5	CORPUS_REMAINDER	sem prioridade estrutural ou pista textual automática	UNMAPPED	CORPUS_ONLY	83	0	241	0
00430F50	FUN_00430f50	5	CORPUS_REMAINDER	sem prioridade estrutural ou pista textual automática	UNMAPPED	CORPUS_ONLY	128	0	662	0
00430F80	FUN_00430f80	5	CORPUS_REMAINDER	sem prioridade estrutural ou pista textual automática	UNMAPPED	CORPUS_ONLY	2	0	4	0
00430FC0	FUN_00430fc0	5	CORPUS_REMAINDER	sem prioridade estrutural ou pista textual automática	UNMAPPED	CORPUS_ONLY	12	0	31	0
00431070	CSimpleArray<>	5	CORPUS_REMAINDER	sem prioridade estrutural ou pista textual automática	UNMAPPED	CORPUS_ONLY	47	0	105	0
004310A0	FUN_004310a0	5	CORPUS_REMAINDER	sem prioridade estrutural ou pista textual automática	UNMAPPED	CORPUS_ONLY	116	0	624	0
00431129	FUN_00431129	5	CORPUS_REMAINDER	sem prioridade estrutural ou pista textual automática	UNMAPPED	CORPUS_ONLY	3	1	6	0
0043113F	FUN_0043113f	5	CORPUS_REMAINDER	sem prioridade estrutural ou pista textual automática	UNMAPPED	CORPUS_ONLY	1	1	1	0
0043125A	FUN_0043125a	5	CORPUS_REMAINDER	sem prioridade estrutural ou pista textual automática	UNMAPPED	CORPUS_ONLY	4	3	5	0
00431320	FUN_00431320	5	CORPUS_REMAINDER	sem prioridade estrutural ou pista textual automática	UNMAPPED	CORPUS_ONLY	1	1	1	0
004313A9	FUN_004313a9	5	CORPUS_REMAINDER	sem prioridade estrutural ou pista textual automática	UNMAPPED	CORPUS_ONLY	1	1	1	0
0043172E	FUN_0043172e	5	CORPUS_REMAINDER	sem prioridade estrutural ou pista textual automática	UNMAPPED	CORPUS_ONLY	1	2	1	0
004317FC	FUN_004317fc	5	CORPUS_REMAINDER	sem prioridade estrutural ou pista textual automática	UNMAPPED	CORPUS_ONLY	1	2	2	0
0043192F	FUN_0043192f	5	CORPUS_REMAINDER	sem prioridade estrutural ou pista textual automática	UNMAPPED	CORPUS_ONLY	1	4	1	0
0043199B	FUN_0043199b	5	CORPUS_REMAINDER	sem prioridade estrutural ou pista textual automática	UNMAPPED	CORPUS_ONLY	4	1	5	0
00431A05	FUN_00431a05	5	CORPUS_REMAINDER	sem prioridade estrutural ou pista textual automática	UNMAPPED	CORPUS_ONLY	1	0	1	0
00431B5D	FUN_00431b5d	5	CORPUS_REMAINDER	sem prioridade estrutural ou pista textual automática	UNMAPPED	CORPUS_ONLY	1	0	1	0
00431C30	FUN_00431c30	5	CORPUS_REMAINDER	sem prioridade estrutural ou pista textual automática	UNMAPPED	CORPUS_ONLY	1	1	1	0
00431FAF	FUN_00431faf	5	CORPUS_REMAINDER	sem prioridade estrutural ou pista textual automática	UNMAPPED	CORPUS_ONLY	1	8	1	0
0043387D	FUN_0043387d	5	CORPUS_REMAINDER	sem prioridade estrutural ou pista textual automática	UNMAPPED	CORPUS_ONLY	1	2	1	0
00433A40	FUN_00433a40	5	CORPUS_REMAINDER	sem prioridade estrutural ou pista textual automática	UNMAPPED	CORPUS_ONLY	1	1	1	0
00433A60	FUN_00433a60	5	CORPUS_REMAINDER	sem prioridade estrutural ou pista textual automática	UNMAPPED	CORPUS_ONLY	4	0	5	0
00433BAE	FUN_00433bae	5	CORPUS_REMAINDER	sem prioridade estrutural ou pista textual automática	UNMAPPED	CORPUS_ONLY	1	4	1	0
00434228	FUN_00434228	5	CORPUS_REMAINDER	sem prioridade estrutural ou pista textual automática	UNMAPPED	CORPUS_ONLY	3	0	3	0
00434315	FUN_00434315	5	CORPUS_REMAINDER	sem prioridade estrutural ou pista textual automática	UNMAPPED	CORPUS_ONLY	3	0	9	0
00442DD0	FUN_00442dd0	5	CORPUS_REMAINDER	sem prioridade estrutural ou pista textual automática	UNMAPPED	CORPUS_ONLY	2	11	11	0
00442FF7	FUN_00442ff7	5	CORPUS_REMAINDER	sem prioridade estrutural ou pista textual automática	UNMAPPED	CORPUS_ONLY	4	2	5	0
00446F91	FUN_00446f91	5	CORPUS_REMAINDER	sem prioridade estrutural ou pista textual automática	UNMAPPED	CORPUS_ONLY	1	2	1	0
004470B9	FUN_004470b9	5	CORPUS_REMAINDER	sem prioridade estrutural ou pista textual automática	UNMAPPED	CORPUS_ONLY	5	3	5	0
00447469	FUN_00447469	5	CORPUS_REMAINDER	sem prioridade estrutural ou pista textual automática	UNMAPPED	CORPUS_ONLY	2	0	2	0
00447C73	FUN_00447c73	5	CORPUS_REMAINDER	sem prioridade estrutural ou pista textual automática	UNMAPPED	CORPUS_ONLY	12	9	13	0
00447F47	FUN_00447f47	5	CORPUS_REMAINDER	sem prioridade estrutural ou pista textual automática	UNMAPPED	CORPUS_ONLY	3	1	4	0
00447F6F	FUN_00447f6f	5	CORPUS_REMAINDER	sem prioridade estrutural ou pista textual automática	UNMAPPED	CORPUS_ONLY	18	0	32	0
004481C5	FUN_004481c5	5	CORPUS_REMAINDER	sem prioridade estrutural ou pista textual automática	UNMAPPED	CORPUS_ONLY	9	7	10	0
004487E2	FUN_004487e2	5	CORPUS_REMAINDER	sem prioridade estrutural ou pista textual automática	UNMAPPED	CORPUS_ONLY	2	2	4	0
004489C5	FUN_004489c5	5	CORPUS_REMAINDER	sem prioridade estrutural ou pista textual automática	UNMAPPED	CORPUS_ONLY	2	2	4	0
00448C38	FUN_00448c38	5	CORPUS_REMAINDER	sem prioridade estrutural ou pista textual automática	UNMAPPED	CORPUS_ONLY	2	2	4	0
00448E0B	FUN_00448e0b	5	CORPUS_REMAINDER	sem prioridade estrutural ou pista textual automática	UNMAPPED	CORPUS_ONLY	2	2	4	0
00448FDE	FUN_00448fde	5	CORPUS_REMAINDER	sem prioridade estrutural ou pista textual automática	UNMAPPED	CORPUS_ONLY	2	2	4	0
004491B1	FUN_004491b1	5	CORPUS_REMAINDER	sem prioridade estrutural ou pista textual automática	UNMAPPED	CORPUS_ONLY	2	2	4	0
00449384	FUN_00449384	5	CORPUS_REMAINDER	sem prioridade estrutural ou pista textual automática	UNMAPPED	CORPUS_ONLY	2	10	3	0
00449632	FUN_00449632	5	CORPUS_REMAINDER	sem prioridade estrutural ou pista textual automática	UNMAPPED	CORPUS_ONLY	2	10	2	0
004498E0	FUN_004498e0	5	CORPUS_REMAINDER	sem prioridade estrutural ou pista textual automática	UNMAPPED	CORPUS_ONLY	2	10	2	0
00449B8E	FUN_00449b8e	5	CORPUS_REMAINDER	sem prioridade estrutural ou pista textual automática	UNMAPPED	CORPUS_ONLY	2	10	2	0
00449E3C	FUN_00449e3c	5	CORPUS_REMAINDER	sem prioridade estrutural ou pista textual automática	UNMAPPED	CORPUS_ONLY	2	10	4	0
0044A0FB	FUN_0044a0fb	5	CORPUS_REMAINDER	sem prioridade estrutural ou pista textual automática	UNMAPPED	CORPUS_ONLY	1	10	1	0
0044A3A9	FUN_0044a3a9	5	CORPUS_REMAINDER	sem prioridade estrutural ou pista textual automática	UNMAPPED	CORPUS_ONLY	2	10	2	0
0044A745	FUN_0044a745	5	CORPUS_REMAINDER	sem prioridade estrutural ou pista textual automática	UNMAPPED	CORPUS_ONLY	7	10	9	0
0044A9E9	FUN_0044a9e9	5	CORPUS_REMAINDER	sem prioridade estrutural ou pista textual automática	UNMAPPED	CORPUS_ONLY	2	11	4	0
0044B890	FUN_0044b890	5	CORPUS_REMAINDER	sem prioridade estrutural ou pista textual automática	UNMAPPED	CORPUS_ONLY	13	9	17	0
0044C947	FUN_0044c947	5	CORPUS_REMAINDER	sem prioridade estrutural ou pista textual automática	UNMAPPED	CORPUS_ONLY	1	0	1	0
0044C9D6	FUN_0044c9d6	5	CORPUS_REMAINDER	sem prioridade estrutural ou pista textual automática	UNMAPPED	CORPUS_ONLY	1	0	1	0
0044CA65	FUN_0044ca65	5	CORPUS_REMAINDER	sem prioridade estrutural ou pista textual automática	UNMAPPED	CORPUS_ONLY	2	2	4	0
0044DA6F	FUN_0044da6f	5	CORPUS_REMAINDER	sem prioridade estrutural ou pista textual automática	UNMAPPED	CORPUS_ONLY	6	4	8	0
0044DC1F	FUN_0044dc1f	5	CORPUS_REMAINDER	sem prioridade estrutural ou pista textual automática	UNMAPPED	CORPUS_ONLY	2	0	5	0
0044E494	FUN_0044e494	5	CORPUS_REMAINDER	sem prioridade estrutural ou pista textual automática	UNMAPPED	CORPUS_ONLY	2	8	22	0
0044E896	FUN_0044e896	5	CORPUS_REMAINDER	sem prioridade estrutural ou pista textual automática	UNMAPPED	CORPUS_ONLY	1	1	1	0
0044E937	FUN_0044e937	5	CORPUS_REMAINDER	sem prioridade estrutural ou pista textual automática	UNMAPPED	CORPUS_ONLY	2	1	2	0
0044ECA3	FUN_0044eca3	5	CORPUS_REMAINDER	sem prioridade estrutural ou pista textual automática	UNMAPPED	CORPUS_ONLY	3	0	3	0
0044ECAE	FUN_0044ecae	5	CORPUS_REMAINDER	sem prioridade estrutural ou pista textual automática	UNMAPPED	CORPUS_ONLY	3	3	3	0
0044ED63	FUN_0044ed63	5	CORPUS_REMAINDER	sem prioridade estrutural ou pista textual automática	UNMAPPED	CORPUS_ONLY	2	0	2	0
0044EDBC	FUN_0044edbc	5	CORPUS_REMAINDER	sem prioridade estrutural ou pista textual automática	UNMAPPED	CORPUS_ONLY	1	0	2	0
0044EE1F	FUN_0044ee1f	5	CORPUS_REMAINDER	sem prioridade estrutural ou pista textual automática	UNMAPPED	CORPUS_ONLY	1	0	2	0
0044EE77	FUN_0044ee77	5	CORPUS_REMAINDER	sem prioridade estrutural ou pista textual automática	UNMAPPED	CORPUS_ONLY	1	0	2	0
0044EECF	FUN_0044eecf	5	CORPUS_REMAINDER	sem prioridade estrutural ou pista textual automática	UNMAPPED	CORPUS_ONLY	3	0	3	0
0044EF69	FUN_0044ef69	5	CORPUS_REMAINDER	sem prioridade estrutural ou pista textual automática	UNMAPPED	CORPUS_ONLY	1	2	1	0
0044EFFC	FUN_0044effc	5	CORPUS_REMAINDER	sem prioridade estrutural ou pista textual automática	UNMAPPED	CORPUS_ONLY	2	11	2	0
0044F46B	FUN_0044f46b	5	CORPUS_REMAINDER	sem prioridade estrutural ou pista textual automática	UNMAPPED	CORPUS_ONLY	2	11	2	0
0044FF33	FUN_0044ff33	5	CORPUS_REMAINDER	sem prioridade estrutural ou pista textual automática	UNMAPPED	CORPUS_ONLY	1	0	1	0
004502A7	FUN_004502a7	5	CORPUS_REMAINDER	sem prioridade estrutural ou pista textual automática	UNMAPPED	CORPUS_ONLY	1	10	1	0
0045061F	FUN_0045061f	5	CORPUS_REMAINDER	sem prioridade estrutural ou pista textual automática	UNMAPPED	CORPUS_ONLY	1	11	1	0
00450962	FUN_00450962	5	CORPUS_REMAINDER	sem prioridade estrutural ou pista textual automática	UNMAPPED	CORPUS_ONLY	3	1	3	0
00450976	FUN_00450976	5	CORPUS_REMAINDER	sem prioridade estrutural ou pista textual automática	UNMAPPED	CORPUS_ONLY	1	1	1	0
004509EB	FUN_004509eb	5	CORPUS_REMAINDER	sem prioridade estrutural ou pista textual automática	UNMAPPED	CORPUS_ONLY	1	0	1	0
004509FA	FUN_004509fa	5	CORPUS_REMAINDER	sem prioridade estrutural ou pista textual automática	UNMAPPED	CORPUS_ONLY	2	4	11	0
00452210	FUN_00452210	5	CORPUS_REMAINDER	sem prioridade estrutural ou pista textual automática	UNMAPPED	CORPUS_ONLY	2	1	2	0
00452271	FUN_00452271	5	CORPUS_REMAINDER	sem prioridade estrutural ou pista textual automática	UNMAPPED	CORPUS_ONLY	3	2	3	0
004523FA	FUN_004523fa	5	CORPUS_REMAINDER	sem prioridade estrutural ou pista textual automática	UNMAPPED	CORPUS_ONLY	1	1	1	0
0045243C	FUN_0045243c	5	CORPUS_REMAINDER	sem prioridade estrutural ou pista textual automática	UNMAPPED	CORPUS_ONLY	2	1	2	0
0045246C	FUN_0045246c	5	CORPUS_REMAINDER	sem prioridade estrutural ou pista textual automática	UNMAPPED	CORPUS_ONLY	2	1	2	0
004524AB	FUN_004524ab	5	CORPUS_REMAINDER	sem prioridade estrutural ou pista textual automática	UNMAPPED	CORPUS_ONLY	3	3	4	0
00452571	FUN_00452571	5	CORPUS_REMAINDER	sem prioridade estrutural ou pista textual automática	UNMAPPED	CORPUS_ONLY	2	1	2	0
004525D1	FUN_004525d1	5	CORPUS_REMAINDER	sem prioridade estrutural ou pista textual automática	UNMAPPED	CORPUS_ONLY	3	1	3	0
00452601	FUN_00452601	5	CORPUS_REMAINDER	sem prioridade estrutural ou pista textual automática	UNMAPPED	CORPUS_ONLY	3	1	3	0
00452631	FUN_00452631	5	CORPUS_REMAINDER	sem prioridade estrutural ou pista textual automática	UNMAPPED	CORPUS_ONLY	3	1	3	0
00452691	FUN_00452691	5	CORPUS_REMAINDER	sem prioridade estrutural ou pista textual automática	UNMAPPED	CORPUS_ONLY	2	0	2	0
004526EE	FUN_004526ee	5	CORPUS_REMAINDER	sem prioridade estrutural ou pista textual automática	UNMAPPED	CORPUS_ONLY	2	0	2	0
00452737	FUN_00452737	5	CORPUS_REMAINDER	sem prioridade estrutural ou pista textual automática	UNMAPPED	CORPUS_ONLY	3	0	3	0
0045288B	FUN_0045288b	5	CORPUS_REMAINDER	sem prioridade estrutural ou pista textual automática	UNMAPPED	CORPUS_ONLY	2	0	2	0
0045379F	FUN_0045379f	5	CORPUS_REMAINDER	sem prioridade estrutural ou pista textual automática	UNMAPPED	CORPUS_ONLY	2	2	2	0
00453802	FUN_00453802	5	CORPUS_REMAINDER	sem prioridade estrutural ou pista textual automática	UNMAPPED	CORPUS_ONLY	1	1	1	0
00453829	FUN_00453829	5	CORPUS_REMAINDER	sem prioridade estrutural ou pista textual automática	UNMAPPED	CORPUS_ONLY	2	2	3	0
004538C6	FUN_004538c6	5	CORPUS_REMAINDER	sem prioridade estrutural ou pista textual automática	UNMAPPED	CORPUS_ONLY	2	2	2	0
0045398C	FUN_0045398c	5	CORPUS_REMAINDER	sem prioridade estrutural ou pista textual automática	UNMAPPED	CORPUS_ONLY	2	1	2	0
004539BC	FUN_004539bc	5	CORPUS_REMAINDER	sem prioridade estrutural ou pista textual automática	UNMAPPED	CORPUS_ONLY	1	0	1	0
00453B35	FUN_00453b35	5	CORPUS_REMAINDER	sem prioridade estrutural ou pista textual automática	UNMAPPED	CORPUS_ONLY	2	1	2	0
00453B65	FUN_00453b65	5	CORPUS_REMAINDER	sem prioridade estrutural ou pista textual automática	UNMAPPED	CORPUS_ONLY	1	1	1	0
00455950	FUN_00455950	5	CORPUS_REMAINDER	sem prioridade estrutural ou pista textual automática	UNMAPPED	CORPUS_ONLY	2	2	11	0
00455B5B	FUN_00455b5b	5	CORPUS_REMAINDER	sem prioridade estrutural ou pista textual automática	UNMAPPED	CORPUS_ONLY	1	2	1	0
00455C38	FUN_00455c38	5	CORPUS_REMAINDER	sem prioridade estrutural ou pista textual automática	UNMAPPED	CORPUS_ONLY	1	3	1	0
00455D02	FUN_00455d02	5	CORPUS_REMAINDER	sem prioridade estrutural ou pista textual automática	UNMAPPED	CORPUS_ONLY	1	7	1	0
00455EA7	FUN_00455ea7	5	CORPUS_REMAINDER	sem prioridade estrutural ou pista textual automática	UNMAPPED	CORPUS_ONLY	3	5	13	0
004560BE	FUN_004560be	5	CORPUS_REMAINDER	sem prioridade estrutural ou pista textual automática	UNMAPPED	CORPUS_ONLY	1	0	1	0
004561E0	FUN_004561e0	5	CORPUS_REMAINDER	sem prioridade estrutural ou pista textual automática	UNMAPPED	CORPUS_ONLY	1	3	1	0
0045E762	FUN_0045e762	5	CORPUS_REMAINDER	sem prioridade estrutural ou pista textual automática	UNMAPPED	CORPUS_ONLY	1	1	1	0
0046049D	FUN_0046049d	5	CORPUS_REMAINDER	sem prioridade estrutural ou pista textual automática	UNMAPPED	CORPUS_ONLY	1	7	1	0
00461ED8	FUN_00461ed8	5	CORPUS_REMAINDER	sem prioridade estrutural ou pista textual automática	UNMAPPED	CORPUS_ONLY	1	5	1	0
0046218B	FUN_0046218b	5	CORPUS_REMAINDER	sem prioridade estrutural ou pista textual automática	UNMAPPED	CORPUS_ONLY	1	4	1	0
0046247E	FUN_0046247e	5	CORPUS_REMAINDER	sem prioridade estrutural ou pista textual automática	UNMAPPED	CORPUS_ONLY	1	3	1	0
00463752	FUN_00463752	5	CORPUS_REMAINDER	sem prioridade estrutural ou pista textual automática	UNMAPPED	CORPUS_ONLY	1	2	1	0
00463832	FUN_00463832	5	CORPUS_REMAINDER	sem prioridade estrutural ou pista textual automática	UNMAPPED	CORPUS_ONLY	1	1	1	0
00463899	FUN_00463899	5	CORPUS_REMAINDER	sem prioridade estrutural ou pista textual automática	UNMAPPED	CORPUS_ONLY	1	2	1	0
004639E6	FUN_004639e6	5	CORPUS_REMAINDER	sem prioridade estrutural ou pista textual automática	UNMAPPED	CORPUS_ONLY	1	2	1	0
00463AA8	FUN_00463aa8	5	CORPUS_REMAINDER	sem prioridade estrutural ou pista textual automática	UNMAPPED	CORPUS_ONLY	1	2	1	0
00464004	FUN_00464004	5	CORPUS_REMAINDER	sem prioridade estrutural ou pista textual automática	UNMAPPED	CORPUS_ONLY	1	2	1	0
004657AB	FUN_004657ab	5	CORPUS_REMAINDER	sem prioridade estrutural ou pista textual automática	UNMAPPED	CORPUS_ONLY	1	0	1	0
004658A7	FUN_004658a7	5	CORPUS_REMAINDER	sem prioridade estrutural ou pista textual automática	UNMAPPED	CORPUS_ONLY	1	1	1	0
00465B05	FUN_00465b05	5	CORPUS_REMAINDER	sem prioridade estrutural ou pista textual automática	UNMAPPED	CORPUS_ONLY	1	9	1	0
00465F85	FUN_00465f85	5	CORPUS_REMAINDER	sem prioridade estrutural ou pista textual automática	UNMAPPED	CORPUS_ONLY	2	10	2	0
00470D43	FUN_00470d43	5	CORPUS_REMAINDER	sem prioridade estrutural ou pista textual automática	UNMAPPED	CORPUS_ONLY	1	0	1	0
00470DCB	FUN_00470dcb	5	CORPUS_REMAINDER	sem prioridade estrutural ou pista textual automática	UNMAPPED	CORPUS_ONLY	1	0	1	0
00471267	FUN_00471267	5	CORPUS_REMAINDER	sem prioridade estrutural ou pista textual automática	UNMAPPED	CORPUS_ONLY	1	0	1	0
00472651	FUN_00472651	5	CORPUS_REMAINDER	sem prioridade estrutural ou pista textual automática	UNMAPPED	CORPUS_ONLY	2	2	2	0
004727CC	FUN_004727cc	5	CORPUS_REMAINDER	sem prioridade estrutural ou pista textual automática	UNMAPPED	CORPUS_ONLY	1	5	1	0
00472966	FUN_00472966	5	CORPUS_REMAINDER	sem prioridade estrutural ou pista textual automática	UNMAPPED	CORPUS_ONLY	2	2	2	0
0047461C	FUN_0047461c	5	CORPUS_REMAINDER	sem prioridade estrutural ou pista textual automática	UNMAPPED	CORPUS_ONLY	1	5	1	0
00474802	FUN_00474802	5	CORPUS_REMAINDER	sem prioridade estrutural ou pista textual automática	UNMAPPED	CORPUS_ONLY	1	1	2	0
00474896	FUN_00474896	5	CORPUS_REMAINDER	sem prioridade estrutural ou pista textual automática	UNMAPPED	CORPUS_ONLY	1	8	2	0
00474CE2	FUN_00474ce2	5	CORPUS_REMAINDER	sem prioridade estrutural ou pista textual automática	UNMAPPED	CORPUS_ONLY	1	11	2	0
004754E0	FUN_004754e0	5	CORPUS_REMAINDER	sem prioridade estrutural ou pista textual automática	UNMAPPED	CORPUS_ONLY	1	8	1	0
00477513	FUN_00477513	5	CORPUS_REMAINDER	sem prioridade estrutural ou pista textual automática	UNMAPPED	CORPUS_ONLY	2	1	2	0
0047DEE5	FUN_0047dee5	5	CORPUS_REMAINDER	sem prioridade estrutural ou pista textual automática	UNMAPPED	CORPUS_ONLY	5	7	6	0
0047E12A	FUN_0047e12a	5	CORPUS_REMAINDER	sem prioridade estrutural ou pista textual automática	UNMAPPED	CORPUS_ONLY	1	0	1	0
0047E191	FUN_0047e191	5	CORPUS_REMAINDER	sem prioridade estrutural ou pista textual automática	UNMAPPED	CORPUS_ONLY	1	1	1	0
0047E21D	FUN_0047e21d	5	CORPUS_REMAINDER	sem prioridade estrutural ou pista textual automática	UNMAPPED	CORPUS_ONLY	1	0	1	0
0047E26A	FUN_0047e26a	5	CORPUS_REMAINDER	sem prioridade estrutural ou pista textual automática	UNMAPPED	CORPUS_ONLY	1	0	1	0
0047E2B3	FUN_0047e2b3	5	CORPUS_REMAINDER	sem prioridade estrutural ou pista textual automática	UNMAPPED	CORPUS_ONLY	1	0	1	0
0047E3FD	FUN_0047e3fd	5	CORPUS_REMAINDER	sem prioridade estrutural ou pista textual automática	UNMAPPED	CORPUS_ONLY	1	1	1	0
0047E8E2	FUN_0047e8e2	5	CORPUS_REMAINDER	sem prioridade estrutural ou pista textual automática	UNMAPPED	CORPUS_ONLY	1	2	1	0
0047EF1D	FUN_0047ef1d	5	CORPUS_REMAINDER	sem prioridade estrutural ou pista textual automática	UNMAPPED	CORPUS_ONLY	1	7	1	0
0047F7DA	FUN_0047f7da	5	CORPUS_REMAINDER	sem prioridade estrutural ou pista textual automática	UNMAPPED	CORPUS_ONLY	2	7	2	0
0047FA1D	FUN_0047fa1d	5	CORPUS_REMAINDER	sem prioridade estrutural ou pista textual automática	UNMAPPED	CORPUS_ONLY	2	10	2	0
00480A83	FUN_00480a83	5	CORPUS_REMAINDER	sem prioridade estrutural ou pista textual automática	UNMAPPED	CORPUS_ONLY	4	9	4	0
00480C25	FUN_00480c25	5	CORPUS_REMAINDER	sem prioridade estrutural ou pista textual automática	UNMAPPED	CORPUS_ONLY	3	1	3	0
00480C5D	FUN_00480c5d	5	CORPUS_REMAINDER	sem prioridade estrutural ou pista textual automática	UNMAPPED	CORPUS_ONLY	1	0	1	0
0048150A	FUN_0048150a	5	CORPUS_REMAINDER	sem prioridade estrutural ou pista textual automática	UNMAPPED	CORPUS_ONLY	2	10	3	0
004819D5	FUN_004819d5	5	CORPUS_REMAINDER	sem prioridade estrutural ou pista textual automática	UNMAPPED	CORPUS_ONLY	3	2	3	0
00481BD5	FUN_00481bd5	5	CORPUS_REMAINDER	sem prioridade estrutural ou pista textual automática	UNMAPPED	CORPUS_ONLY	1	0	2	0
00481C77	FUN_00481c77	5	CORPUS_REMAINDER	sem prioridade estrutural ou pista textual automática	UNMAPPED	CORPUS_ONLY	1	4	20	0
004825FC	FUN_004825fc	5	CORPUS_REMAINDER	sem prioridade estrutural ou pista textual automática	UNMAPPED	CORPUS_ONLY	1	6	1	0
00482885	FUN_00482885	5	CORPUS_REMAINDER	sem prioridade estrutural ou pista textual automática	UNMAPPED	CORPUS_ONLY	1	1	1	0
004828D8	FUN_004828d8	5	CORPUS_REMAINDER	sem prioridade estrutural ou pista textual automática	UNMAPPED	CORPUS_ONLY	1	0	1	0
00482903	FUN_00482903	5	CORPUS_REMAINDER	sem prioridade estrutural ou pista textual automática	UNMAPPED	CORPUS_ONLY	1	2	1	0
0048297F	FUN_0048297f	5	CORPUS_REMAINDER	sem prioridade estrutural ou pista textual automática	UNMAPPED	CORPUS_ONLY	1	3	1	0
004851BC	FUN_004851bc	5	CORPUS_REMAINDER	sem prioridade estrutural ou pista textual automática	UNMAPPED	CORPUS_ONLY	1	2	1	0
004854ED	FUN_004854ed	5	CORPUS_REMAINDER	sem prioridade estrutural ou pista textual automática	UNMAPPED	CORPUS_ONLY	1	2	1	0
00485664	FUN_00485664	5	CORPUS_REMAINDER	sem prioridade estrutural ou pista textual automática	UNMAPPED	CORPUS_ONLY	1	1	1	0
0048569A	FUN_0048569a	5	CORPUS_REMAINDER	sem prioridade estrutural ou pista textual automática	UNMAPPED	CORPUS_ONLY	1	1	1	0
00485D43	FUN_00485d43	5	CORPUS_REMAINDER	sem prioridade estrutural ou pista textual automática	UNMAPPED	CORPUS_ONLY	1	5	1	0
00486009	FUN_00486009	5	CORPUS_REMAINDER	sem prioridade estrutural ou pista textual automática	UNMAPPED	CORPUS_ONLY	1	8	1	0
004862B6	FUN_004862b6	5	CORPUS_REMAINDER	sem prioridade estrutural ou pista textual automática	UNMAPPED	CORPUS_ONLY	1	5	1	0
004863E2	FUN_004863e2	5	CORPUS_REMAINDER	sem prioridade estrutural ou pista textual automática	UNMAPPED	CORPUS_ONLY	1	0	1	0
00486808	FUN_00486808	5	CORPUS_REMAINDER	sem prioridade estrutural ou pista textual automática	UNMAPPED	CORPUS_ONLY	1	6	1	0
00487B92	FUN_00487b92	5	CORPUS_REMAINDER	sem prioridade estrutural ou pista textual automática	UNMAPPED	CORPUS_ONLY	1	11	1	0
00487E23	FUN_00487e23	5	CORPUS_REMAINDER	sem prioridade estrutural ou pista textual automática	UNMAPPED	CORPUS_ONLY	1	6	1	0
00488267	FUN_00488267	5	CORPUS_REMAINDER	sem prioridade estrutural ou pista textual automática	UNMAPPED	CORPUS_ONLY	1	5	1	0
00488879	FUN_00488879	5	CORPUS_REMAINDER	sem prioridade estrutural ou pista textual automática	UNMAPPED	CORPUS_ONLY	1	8	1	0
00488B52	FUN_00488b52	5	CORPUS_REMAINDER	sem prioridade estrutural ou pista textual automática	UNMAPPED	CORPUS_ONLY	1	3	1	0
00488DD6	FUN_00488dd6	5	CORPUS_REMAINDER	sem prioridade estrutural ou pista textual automática	UNMAPPED	CORPUS_ONLY	1	2	1	0
00488EA9	FUN_00488ea9	5	CORPUS_REMAINDER	sem prioridade estrutural ou pista textual automática	UNMAPPED	CORPUS_ONLY	1	1	1	0
00488F09	FUN_00488f09	5	CORPUS_REMAINDER	sem prioridade estrutural ou pista textual automática	UNMAPPED	CORPUS_ONLY	1	1	1	0
00488F69	FUN_00488f69	5	CORPUS_REMAINDER	sem prioridade estrutural ou pista textual automática	UNMAPPED	CORPUS_ONLY	1	0	1	0
00488FFF	FUN_00488fff	5	CORPUS_REMAINDER	sem prioridade estrutural ou pista textual automática	UNMAPPED	CORPUS_ONLY	1	1	1	0
00489023	FUN_00489023	5	CORPUS_REMAINDER	sem prioridade estrutural ou pista textual automática	UNMAPPED	CORPUS_ONLY	1	2	1	0
004890D5	FUN_004890d5	5	CORPUS_REMAINDER	sem prioridade estrutural ou pista textual automática	UNMAPPED	CORPUS_ONLY	1	1	1	0
004890F9	FUN_004890f9	5	CORPUS_REMAINDER	sem prioridade estrutural ou pista textual automática	UNMAPPED	CORPUS_ONLY	1	5	1	0
00489145	FUN_00489145	5	CORPUS_REMAINDER	sem prioridade estrutural ou pista textual automática	UNMAPPED	CORPUS_ONLY	1	0	1	0
00489192	FUN_00489192	5	CORPUS_REMAINDER	sem prioridade estrutural ou pista textual automática	UNMAPPED	CORPUS_ONLY	1	2	1	0
00489260	FUN_00489260	5	CORPUS_REMAINDER	sem prioridade estrutural ou pista textual automática	UNMAPPED	CORPUS_ONLY	1	1	1	0
00489300	FUN_00489300	5	CORPUS_REMAINDER	sem prioridade estrutural ou pista textual automática	UNMAPPED	CORPUS_ONLY	1	0	1	0
00489407	FUN_00489407	5	CORPUS_REMAINDER	sem prioridade estrutural ou pista textual automática	UNMAPPED	CORPUS_ONLY	1	0	1	0
00489470	FUN_00489470	5	CORPUS_REMAINDER	sem prioridade estrutural ou pista textual automática	UNMAPPED	CORPUS_ONLY	1	4	1	0
00489618	FUN_00489618	5	CORPUS_REMAINDER	sem prioridade estrutural ou pista textual automática	UNMAPPED	CORPUS_ONLY	1	6	1	0
004897BA	FUN_004897ba	5	CORPUS_REMAINDER	sem prioridade estrutural ou pista textual automática	UNMAPPED	CORPUS_ONLY	1	1	1	0
00489882	FUN_00489882	5	CORPUS_REMAINDER	sem prioridade estrutural ou pista textual automática	UNMAPPED	CORPUS_ONLY	1	4	1	0
004927DD	FUN_004927dd	5	CORPUS_REMAINDER	sem prioridade estrutural ou pista textual automática	UNMAPPED	CORPUS_ONLY	1	1	1	0
00492892	FUN_00492892	5	CORPUS_REMAINDER	sem prioridade estrutural ou pista textual automática	UNMAPPED	CORPUS_ONLY	1	0	1	0
004928A4	FUN_004928a4	5	CORPUS_REMAINDER	sem prioridade estrutural ou pista textual automática	UNMAPPED	CORPUS_ONLY	1	0	1	0
004929FE	FUN_004929fe	5	CORPUS_REMAINDER	sem prioridade estrutural ou pista textual automática	UNMAPPED	CORPUS_ONLY	1	1	1	0
00492AA4	FUN_00492aa4	5	CORPUS_REMAINDER	sem prioridade estrutural ou pista textual automática	UNMAPPED	CORPUS_ONLY	1	0	1	0
00492AD6	FUN_00492ad6	5	CORPUS_REMAINDER	sem prioridade estrutural ou pista textual automática	UNMAPPED	CORPUS_ONLY	1	0	1	0
00492BD6	FUN_00492bd6	5	CORPUS_REMAINDER	sem prioridade estrutural ou pista textual automática	UNMAPPED	CORPUS_ONLY	1	1	1	0
00492D55	FUN_00492d55	5	CORPUS_REMAINDER	sem prioridade estrutural ou pista textual automática	UNMAPPED	CORPUS_ONLY	1	1	1	0
0049362C	FUN_0049362c	5	CORPUS_REMAINDER	sem prioridade estrutural ou pista textual automática	UNMAPPED	CORPUS_ONLY	1	7	1	0
00493975	FUN_00493975	5	CORPUS_REMAINDER	sem prioridade estrutural ou pista textual automática	UNMAPPED	CORPUS_ONLY	1	3	1	0
00493A9D	FUN_00493a9d	5	CORPUS_REMAINDER	sem prioridade estrutural ou pista textual automática	UNMAPPED	CORPUS_ONLY	2	0	15	0
00493AA1	FUN_00493aa1	5	CORPUS_REMAINDER	sem prioridade estrutural ou pista textual automática	UNMAPPED	CORPUS_ONLY	1	3	2	0
00493BF0	FUN_00493bf0	5	CORPUS_REMAINDER	sem prioridade estrutural ou pista textual automática	UNMAPPED	CORPUS_ONLY	25	1	79	0
00493C10	FUN_00493c10	5	CORPUS_REMAINDER	sem prioridade estrutural ou pista textual automática	UNMAPPED	CORPUS_ONLY	5	0	11	0
00493C30	FUN_00493c30	5	CORPUS_REMAINDER	sem prioridade estrutural ou pista textual automática	UNMAPPED	CORPUS_ONLY	18	1	30	0
00493C60	FUN_00493c60	5	CORPUS_REMAINDER	sem prioridade estrutural ou pista textual automática	UNMAPPED	CORPUS_ONLY	9	1	10	0
00493CB0	FUN_00493cb0	5	CORPUS_REMAINDER	sem prioridade estrutural ou pista textual automática	UNMAPPED	CORPUS_ONLY	2	0	5	0
00493CD0	FUN_00493cd0	5	CORPUS_REMAINDER	sem prioridade estrutural ou pista textual automática	UNMAPPED	CORPUS_ONLY	1	0	9	0
00493D20	FUN_00493d20	5	CORPUS_REMAINDER	sem prioridade estrutural ou pista textual automática	UNMAPPED	CORPUS_ONLY	8	2	15	0
00493D50	FUN_00493d50	5	CORPUS_REMAINDER	sem prioridade estrutural ou pista textual automática	UNMAPPED	CORPUS_ONLY	19	1	44	0
00493DB0	FUN_00493db0	5	CORPUS_REMAINDER	sem prioridade estrutural ou pista textual automática	UNMAPPED	CORPUS_ONLY	17	1	24	0
00493E10	FUN_00493e10	5	CORPUS_REMAINDER	sem prioridade estrutural ou pista textual automática	UNMAPPED	CORPUS_ONLY	5	1	6	0
00494D83	FUN_00494d83	5	CORPUS_REMAINDER	sem prioridade estrutural ou pista textual automática	UNMAPPED	CORPUS_ONLY	2	0	2	0
00499E99	FUN_00499e99	5	CORPUS_REMAINDER	sem prioridade estrutural ou pista textual automática	UNMAPPED	CORPUS_ONLY	2	0	2	0
00499EA6	FUN_00499ea6	5	CORPUS_REMAINDER	sem prioridade estrutural ou pista textual automática	UNMAPPED	CORPUS_ONLY	1	2	1	0
0049A73A	FUN_0049a73a	5	CORPUS_REMAINDER	sem prioridade estrutural ou pista textual automática	UNMAPPED	CORPUS_ONLY	6	4	6	0
0049ABDE	FUN_0049abde	5	CORPUS_REMAINDER	sem prioridade estrutural ou pista textual automática	UNMAPPED	CORPUS_ONLY	2	1	2	0
0049AC84	FUN_0049ac84	5	CORPUS_REMAINDER	sem prioridade estrutural ou pista textual automática	UNMAPPED	CORPUS_ONLY	4	1	5	0
0049AD62	FUN_0049ad62	5	CORPUS_REMAINDER	sem prioridade estrutural ou pista textual automática	UNMAPPED	CORPUS_ONLY	1	1	1	0
0049BCB8	FUN_0049bcb8	5	CORPUS_REMAINDER	sem prioridade estrutural ou pista textual automática	UNMAPPED	CORPUS_ONLY	4	2	4	0
0049C3C6	FUN_0049c3c6	5	CORPUS_REMAINDER	sem prioridade estrutural ou pista textual automática	UNMAPPED	CORPUS_ONLY	1	1	1	0
0049C70F	FUN_0049c70f	5	CORPUS_REMAINDER	sem prioridade estrutural ou pista textual automática	UNMAPPED	CORPUS_ONLY	22	1	53	0
0049C792	FUN_0049c792	5	CORPUS_REMAINDER	sem prioridade estrutural ou pista textual automática	UNMAPPED	CORPUS_ONLY	1	0	2	0
0049C80B	FUN_0049c80b	5	CORPUS_REMAINDER	sem prioridade estrutural ou pista textual automática	UNMAPPED	CORPUS_ONLY	1	1	2	0
0049CB58	FUN_0049cb58	5	CORPUS_REMAINDER	sem prioridade estrutural ou pista textual automática	UNMAPPED	CORPUS_ONLY	12	1	15	0
0049CF38	FUN_0049cf38	5	CORPUS_REMAINDER	sem prioridade estrutural ou pista textual automática	UNMAPPED	CORPUS_ONLY	5	1	5	0
0049D2B9	FUN_0049d2b9	5	CORPUS_REMAINDER	sem prioridade estrutural ou pista textual automática	UNMAPPED	CORPUS_ONLY	1	2	1	0
0049D6EB	FUN_0049d6eb	5	CORPUS_REMAINDER	sem prioridade estrutural ou pista textual automática	UNMAPPED	CORPUS_ONLY	1	1	2	0
0049DA58	FUN_0049da58	5	CORPUS_REMAINDER	sem prioridade estrutural ou pista textual automática	UNMAPPED	CORPUS_ONLY	3	1	4	0
0049DDBD	FUN_0049ddbd	5	CORPUS_REMAINDER	sem prioridade estrutural ou pista textual automática	UNMAPPED	CORPUS_ONLY	1	1	1	0
0049E1E3	FUN_0049e1e3	5	CORPUS_REMAINDER	sem prioridade estrutural ou pista textual automática	UNMAPPED	CORPUS_ONLY	3	5	7	0
0049E2EF	FUN_0049e2ef	5	CORPUS_REMAINDER	sem prioridade estrutural ou pista textual automática	UNMAPPED	CORPUS_ONLY	1	11	4	0
0049EADA	FUN_0049eada	5	CORPUS_REMAINDER	sem prioridade estrutural ou pista textual automática	UNMAPPED	CORPUS_ONLY	2	8	2	0
0049EC64	FUN_0049ec64	5	CORPUS_REMAINDER	sem prioridade estrutural ou pista textual automática	UNMAPPED	CORPUS_ONLY	1	6	5	0
0049ED58	FUN_0049ed58	5	CORPUS_REMAINDER	sem prioridade estrutural ou pista textual automática	UNMAPPED	CORPUS_ONLY	12	4	14	0
004A218C	FUN_004a218c	5	CORPUS_REMAINDER	sem prioridade estrutural ou pista textual automática	UNMAPPED	CORPUS_ONLY	2	4	4	0
004A24B4	FUN_004a24b4	5	CORPUS_REMAINDER	sem prioridade estrutural ou pista textual automática	UNMAPPED	CORPUS_ONLY	4	1	10	0
004A8940	FUN_004a8940	5	CORPUS_REMAINDER	sem prioridade estrutural ou pista textual automática	UNMAPPED	CORPUS_ONLY	4	0	8	0
004A8A90	FUN_004a8a90	5	CORPUS_REMAINDER	sem prioridade estrutural ou pista textual automática	UNMAPPED	CORPUS_ONLY	1	2	2	0
004A8AFF	FUN_004a8aff	5	CORPUS_REMAINDER	sem prioridade estrutural ou pista textual automática	UNMAPPED	CORPUS_ONLY	1	3	1	0
004AB2BB	FUN_004ab2bb	5	CORPUS_REMAINDER	sem prioridade estrutural ou pista textual automática	UNMAPPED	CORPUS_ONLY	1	1	2	0
004AB7CD	FUN_004ab7cd	5	CORPUS_REMAINDER	sem prioridade estrutural ou pista textual automática	UNMAPPED	CORPUS_ONLY	1	1	1	0
004AC55F	FUN_004ac55f	5	CORPUS_REMAINDER	sem prioridade estrutural ou pista textual automática	UNMAPPED	CORPUS_ONLY	1	2	1	0
004AC81E	FUN_004ac81e	5	CORPUS_REMAINDER	sem prioridade estrutural ou pista textual automática	UNMAPPED	CORPUS_ONLY	1	1	3	0
004AC8C5	FUN_004ac8c5	5	CORPUS_REMAINDER	sem prioridade estrutural ou pista textual automática	UNMAPPED	CORPUS_ONLY	1	0	1	0
004AE5F0	FUN_004ae5f0	5	CORPUS_REMAINDER	sem prioridade estrutural ou pista textual automática	UNMAPPED	CORPUS_ONLY	1	0	1	0
004AE610	FUN_004ae610	5	CORPUS_REMAINDER	sem prioridade estrutural ou pista textual automática	UNMAPPED	CORPUS_ONLY	1	1	1	0
004AE716	FUN_004ae716	5	CORPUS_REMAINDER	sem prioridade estrutural ou pista textual automática	UNMAPPED	CORPUS_ONLY	1	2	1	0
004AE744	FUN_004ae744	5	CORPUS_REMAINDER	sem prioridade estrutural ou pista textual automática	UNMAPPED	CORPUS_ONLY	1	1	1	0
004AE945	FUN_004ae945	5	CORPUS_REMAINDER	sem prioridade estrutural ou pista textual automática	UNMAPPED	CORPUS_ONLY	1	0	1	0
004AF5EB	FUN_004af5eb	5	CORPUS_REMAINDER	sem prioridade estrutural ou pista textual automática	UNMAPPED	CORPUS_ONLY	1	0	1	0
004AF854	FUN_004af854	5	CORPUS_REMAINDER	sem prioridade estrutural ou pista textual automática	UNMAPPED	CORPUS_ONLY	1	1	1	0
004AF910	FUN_004af910	5	CORPUS_REMAINDER	sem prioridade estrutural ou pista textual automática	UNMAPPED	CORPUS_ONLY	1	0	1	0
004AF91B	FUN_004af91b	5	CORPUS_REMAINDER	sem prioridade estrutural ou pista textual automática	UNMAPPED	CORPUS_ONLY	1	1	1	0
004AFA01	FUN_004afa01	5	CORPUS_REMAINDER	sem prioridade estrutural ou pista textual automática	UNMAPPED	CORPUS_ONLY	1	0	1	0
004AFA19	FUN_004afa19	5	CORPUS_REMAINDER	sem prioridade estrutural ou pista textual automática	UNMAPPED	CORPUS_ONLY	1	0	1	0
004AFE59	FUN_004afe59	5	CORPUS_REMAINDER	sem prioridade estrutural ou pista textual automática	UNMAPPED	CORPUS_ONLY	2	2	2	0
004B140A	FUN_004b140a	5	CORPUS_REMAINDER	sem prioridade estrutural ou pista textual automática	UNMAPPED	CORPUS_ONLY	1	3	1	0
004B15CC	FUN_004b15cc	5	CORPUS_REMAINDER	sem prioridade estrutural ou pista textual automática	UNMAPPED	CORPUS_ONLY	1	1	1	0
004B163B	FUN_004b163b	5	CORPUS_REMAINDER	sem prioridade estrutural ou pista textual automática	UNMAPPED	CORPUS_ONLY	1	0	1	0
004B17DD	FUN_004b17dd	5	CORPUS_REMAINDER	sem prioridade estrutural ou pista textual automática	UNMAPPED	CORPUS_ONLY	1	0	1	0
004B17E2	FUN_004b17e2	5	CORPUS_REMAINDER	sem prioridade estrutural ou pista textual automática	UNMAPPED	CORPUS_ONLY	3	7	8	0
004B194C	FUN_004b194c	5	CORPUS_REMAINDER	sem prioridade estrutural ou pista textual automática	UNMAPPED	CORPUS_ONLY	1	0	1	0
004B1ACF	FUN_004b1acf	5	CORPUS_REMAINDER	sem prioridade estrutural ou pista textual automática	UNMAPPED	CORPUS_ONLY	1	0	2	0
004B1BBE	FUN_004b1bbe	5	CORPUS_REMAINDER	sem prioridade estrutural ou pista textual automática	UNMAPPED	CORPUS_ONLY	1	0	1	0
004B1C72	FUN_004b1c72	5	CORPUS_REMAINDER	sem prioridade estrutural ou pista textual automática	UNMAPPED	CORPUS_ONLY	1	2	1	0
004B1CE6	FUN_004b1ce6	5	CORPUS_REMAINDER	sem prioridade estrutural ou pista textual automática	UNMAPPED	CORPUS_ONLY	1	6	4	0
004B1D64	FUN_004b1d64	5	CORPUS_REMAINDER	sem prioridade estrutural ou pista textual automática	UNMAPPED	CORPUS_ONLY	1	6	1	0
004B222B	FUN_004b222b	5	CORPUS_REMAINDER	sem prioridade estrutural ou pista textual automática	UNMAPPED	CORPUS_ONLY	1	4	1	0
004B229E	FUN_004b229e	5	CORPUS_REMAINDER	sem prioridade estrutural ou pista textual automática	UNMAPPED	CORPUS_ONLY	1	4	1	0
004B2340	FUN_004b2340	5	CORPUS_REMAINDER	sem prioridade estrutural ou pista textual automática	UNMAPPED	CORPUS_ONLY	1	4	1	0
004B3A50	FUN_004b3a50	5	CORPUS_REMAINDER	sem prioridade estrutural ou pista textual automática	UNMAPPED	CORPUS_ONLY	3	1	6	0
004B3AA0	FUN_004b3aa0	5	CORPUS_REMAINDER	sem prioridade estrutural ou pista textual automática	UNMAPPED	CORPUS_ONLY	9	1	9	0
004B3D86	FUN_004b3d86	5	CORPUS_REMAINDER	sem prioridade estrutural ou pista textual automática	UNMAPPED	CORPUS_ONLY	2	0	2	0
004B3EB2	FUN_004b3eb2	5	CORPUS_REMAINDER	sem prioridade estrutural ou pista textual automática	UNMAPPED	CORPUS_ONLY	1	2	1	0
004B411C	FUN_004b411c	5	CORPUS_REMAINDER	sem prioridade estrutural ou pista textual automática	UNMAPPED	CORPUS_ONLY	1	5	1	0
004B4455	FUN_004b4455	5	CORPUS_REMAINDER	sem prioridade estrutural ou pista textual automática	UNMAPPED	CORPUS_ONLY	1	6	4	0
004B45A6	FUN_004b45a6	5	CORPUS_REMAINDER	sem prioridade estrutural ou pista textual automática	UNMAPPED	CORPUS_ONLY	1	9	1	0
004B4931	FUN_004b4931	5	CORPUS_REMAINDER	sem prioridade estrutural ou pista textual automática	UNMAPPED	CORPUS_ONLY	1	1	1	0
004B4AC8	FUN_004b4ac8	5	CORPUS_REMAINDER	sem prioridade estrutural ou pista textual automática	UNMAPPED	CORPUS_ONLY	2	2	2	0
004B5BBD	FUN_004b5bbd	5	CORPUS_REMAINDER	sem prioridade estrutural ou pista textual automática	UNMAPPED	CORPUS_ONLY	1	10	1	0
004B5CD8	FUN_004b5cd8	5	CORPUS_REMAINDER	sem prioridade estrutural ou pista textual automática	UNMAPPED	CORPUS_ONLY	1	2	1	0
004B61A6	FUN_004b61a6	5	CORPUS_REMAINDER	sem prioridade estrutural ou pista textual automática	UNMAPPED	CORPUS_ONLY	1	1	1	0
004B61C0	FUN_004b61c0	5	CORPUS_REMAINDER	sem prioridade estrutural ou pista textual automática	UNMAPPED	CORPUS_ONLY	2	1	2	0
004B6220	FUN_004b6220	5	CORPUS_REMAINDER	sem prioridade estrutural ou pista textual automática	UNMAPPED	CORPUS_ONLY	5	1	9	0
004B6270	FUN_004b6270	5	CORPUS_REMAINDER	sem prioridade estrutural ou pista textual automática	UNMAPPED	CORPUS_ONLY	4	1	5	0
004B62A0	FUN_004b62a0	5	CORPUS_REMAINDER	sem prioridade estrutural ou pista textual automática	UNMAPPED	CORPUS_ONLY	3	2	4	0
004B62E0	FUN_004b62e0	5	CORPUS_REMAINDER	sem prioridade estrutural ou pista textual automática	UNMAPPED	CORPUS_ONLY	2	2	6	0
004B6310	FUN_004b6310	5	CORPUS_REMAINDER	sem prioridade estrutural ou pista textual automática	UNMAPPED	CORPUS_ONLY	30	1	47	0
004B6330	FUN_004b6330	5	CORPUS_REMAINDER	sem prioridade estrutural ou pista textual automática	UNMAPPED	CORPUS_ONLY	2	1	3	0
004B6350	operator=	5	CORPUS_REMAINDER	sem prioridade estrutural ou pista textual automática	UNMAPPED	CORPUS_ONLY	3	1	5	0
004B6370	FUN_004b6370	5	CORPUS_REMAINDER	sem prioridade estrutural ou pista textual automática	UNMAPPED	CORPUS_ONLY	2	1	6	0
004B6390	FUN_004b6390	5	CORPUS_REMAINDER	sem prioridade estrutural ou pista textual automática	UNMAPPED	CORPUS_ONLY	1	1	1	0
004B63B0	FUN_004b63b0	5	CORPUS_REMAINDER	sem prioridade estrutural ou pista textual automática	UNMAPPED	CORPUS_ONLY	1	2	5	0
004B6400	FUN_004b6400	5	CORPUS_REMAINDER	sem prioridade estrutural ou pista textual automática	UNMAPPED	CORPUS_ONLY	4	1	11	0
004B6430	FUN_004b6430	5	CORPUS_REMAINDER	sem prioridade estrutural ou pista textual automática	UNMAPPED	CORPUS_ONLY	7	0	13	0
004B6450	FUN_004b6450	5	CORPUS_REMAINDER	sem prioridade estrutural ou pista textual automática	UNMAPPED	CORPUS_ONLY	1	1	1	0
004B6490	FUN_004b6490	5	CORPUS_REMAINDER	sem prioridade estrutural ou pista textual automática	UNMAPPED	CORPUS_ONLY	1	0	1	0
004B64D0	FUN_004b64d0	5	CORPUS_REMAINDER	sem prioridade estrutural ou pista textual automática	UNMAPPED	CORPUS_ONLY	1	2	1	0
004B6540	FUN_004b6540	5	CORPUS_REMAINDER	sem prioridade estrutural ou pista textual automática	UNMAPPED	CORPUS_ONLY	3	0	4	0
004B6560	FUN_004b6560	5	CORPUS_REMAINDER	sem prioridade estrutural ou pista textual automática	UNMAPPED	CORPUS_ONLY	3	0	6	0
004B65A0	FUN_004b65a0	5	CORPUS_REMAINDER	sem prioridade estrutural ou pista textual automática	UNMAPPED	CORPUS_ONLY	2	2	2	0
004B65D0	FUN_004b65d0	5	CORPUS_REMAINDER	sem prioridade estrutural ou pista textual automática	UNMAPPED	CORPUS_ONLY	1	3	1	0
004B6600	FUN_004b6600	5	CORPUS_REMAINDER	sem prioridade estrutural ou pista textual automática	UNMAPPED	CORPUS_ONLY	1	2	1	0
004B6640	FUN_004b6640	5	CORPUS_REMAINDER	sem prioridade estrutural ou pista textual automática	UNMAPPED	CORPUS_ONLY	1	1	1	0
004B6670	FUN_004b6670	5	CORPUS_REMAINDER	sem prioridade estrutural ou pista textual automática	UNMAPPED	CORPUS_ONLY	1	4	1	0
004B66F0	FUN_004b66f0	5	CORPUS_REMAINDER	sem prioridade estrutural ou pista textual automática	UNMAPPED	CORPUS_ONLY	5	1	5	0
004B6710	FUN_004b6710	5	CORPUS_REMAINDER	sem prioridade estrutural ou pista textual automática	UNMAPPED	CORPUS_ONLY	1	4	1	0
004B6790	FUN_004b6790	5	CORPUS_REMAINDER	sem prioridade estrutural ou pista textual automática	UNMAPPED	CORPUS_ONLY	1	1	1	0
004B67B0	FUN_004b67b0	5	CORPUS_REMAINDER	sem prioridade estrutural ou pista textual automática	UNMAPPED	CORPUS_ONLY	1	1	1	0
004B67E0	FUN_004b67e0	5	CORPUS_REMAINDER	sem prioridade estrutural ou pista textual automática	UNMAPPED	CORPUS_ONLY	5	11	5	0
004B6940	assign	5	CORPUS_REMAINDER	sem prioridade estrutural ou pista textual automática	UNMAPPED	CORPUS_ONLY	3	2	3	0
004B6970	FUN_004b6970	5	CORPUS_REMAINDER	sem prioridade estrutural ou pista textual automática	UNMAPPED	CORPUS_ONLY	1	0	1	0
004B6980	FUN_004b6980	5	CORPUS_REMAINDER	sem prioridade estrutural ou pista textual automática	UNMAPPED	CORPUS_ONLY	16	2	18	0
004B6A40	FUN_004b6a40	5	CORPUS_REMAINDER	sem prioridade estrutural ou pista textual automática	UNMAPPED	CORPUS_ONLY	1	2	1	0
004B6A90	FUN_004b6a90	5	CORPUS_REMAINDER	sem prioridade estrutural ou pista textual automática	UNMAPPED	CORPUS_ONLY	1	3	1	0
004B6AE0	FUN_004b6ae0	5	CORPUS_REMAINDER	sem prioridade estrutural ou pista textual automática	UNMAPPED	CORPUS_ONLY	3	1	3	0
004B6B10	FUN_004b6b10	5	CORPUS_REMAINDER	sem prioridade estrutural ou pista textual automática	UNMAPPED	CORPUS_ONLY	3	1	3	0
004B6B30	FUN_004b6b30	5	CORPUS_REMAINDER	sem prioridade estrutural ou pista textual automática	UNMAPPED	CORPUS_ONLY	1	7	1	0
004B6BE0	FUN_004b6be0	5	CORPUS_REMAINDER	sem prioridade estrutural ou pista textual automática	UNMAPPED	CORPUS_ONLY	3	3	3	0
004B6C30	FUN_004b6c30	5	CORPUS_REMAINDER	sem prioridade estrutural ou pista textual automática	UNMAPPED	CORPUS_ONLY	1	5	2	0
004B6CE0	FUN_004b6ce0	5	CORPUS_REMAINDER	sem prioridade estrutural ou pista textual automática	UNMAPPED	CORPUS_ONLY	1	1	1	0
004B6D00	FUN_004b6d00	5	CORPUS_REMAINDER	sem prioridade estrutural ou pista textual automática	UNMAPPED	CORPUS_ONLY	1	0	1	0
004B6D20	FUN_004b6d20	5	CORPUS_REMAINDER	sem prioridade estrutural ou pista textual automática	UNMAPPED	CORPUS_ONLY	8	1	8	0
004B6D60	FUN_004b6d60	5	CORPUS_REMAINDER	sem prioridade estrutural ou pista textual automática	UNMAPPED	CORPUS_ONLY	1	0	1	0
004B6D70	FUN_004b6d70	5	CORPUS_REMAINDER	sem prioridade estrutural ou pista textual automática	UNMAPPED	CORPUS_ONLY	6	6	6	0
004B6EB0	FUN_004b6eb0	5	CORPUS_REMAINDER	sem prioridade estrutural ou pista textual automática	UNMAPPED	CORPUS_ONLY	5	0	11	0
004B7110	FUN_004b7110	5	CORPUS_REMAINDER	sem prioridade estrutural ou pista textual automática	UNMAPPED	CORPUS_ONLY	1	1	1	0
004B7130	FID_conflict:max_size	5	CORPUS_REMAINDER	sem prioridade estrutural ou pista textual automática	UNMAPPED	CORPUS_ONLY	2	1	2	0
004B7170	FUN_004b7170	5	CORPUS_REMAINDER	sem prioridade estrutural ou pista textual automática	UNMAPPED	CORPUS_ONLY	1	3	3	0
004B71F3	FUN_004b71f3	5	CORPUS_REMAINDER	sem prioridade estrutural ou pista textual automática	UNMAPPED	CORPUS_ONLY	1	4	1	0
004B72B0	FUN_004b72b0	5	CORPUS_REMAINDER	sem prioridade estrutural ou pista textual automática	UNMAPPED	CORPUS_ONLY	1	3	1	0
004B7320	FUN_004b7320	5	CORPUS_REMAINDER	sem prioridade estrutural ou pista textual automática	UNMAPPED	CORPUS_ONLY	1	1	4	0
004B7360	FUN_004b7360	5	CORPUS_REMAINDER	sem prioridade estrutural ou pista textual automática	UNMAPPED	CORPUS_ONLY	1	1	2	0
004B73A0	FUN_004b73a0	5	CORPUS_REMAINDER	sem prioridade estrutural ou pista textual automática	UNMAPPED	CORPUS_ONLY	1	1	1	0
004B73C0	FUN_004b73c0	5	CORPUS_REMAINDER	sem prioridade estrutural ou pista textual automática	UNMAPPED	CORPUS_ONLY	2	1	2	0
004B73E0	max_size	5	CORPUS_REMAINDER	sem prioridade estrutural ou pista textual automática	UNMAPPED	CORPUS_ONLY	1	0	1	0
004B7410	FUN_004b7410	5	CORPUS_REMAINDER	sem prioridade estrutural ou pista textual automática	UNMAPPED	CORPUS_ONLY	2	1	2	0
004B7430	FUN_004b7430	5	CORPUS_REMAINDER	sem prioridade estrutural ou pista textual automática	UNMAPPED	CORPUS_ONLY	1	4	5	0
004B74B0	FUN_004b74b0	5	CORPUS_REMAINDER	sem prioridade estrutural ou pista textual automática	UNMAPPED	CORPUS_ONLY	1	0	1	0
004B74C0	FUN_004b74c0	5	CORPUS_REMAINDER	sem prioridade estrutural ou pista textual automática	UNMAPPED	CORPUS_ONLY	1	1	1	0
004B7530	FUN_004b7530	5	CORPUS_REMAINDER	sem prioridade estrutural ou pista textual automática	UNMAPPED	CORPUS_ONLY	1	1	1	0
004B7560	FUN_004b7560	5	CORPUS_REMAINDER	sem prioridade estrutural ou pista textual automática	UNMAPPED	CORPUS_ONLY	1	1	1	0
004B7570	FUN_004b7570	5	CORPUS_REMAINDER	sem prioridade estrutural ou pista textual automática	UNMAPPED	CORPUS_ONLY	1	1	1	0
004B75A0	FUN_004b75a0	5	CORPUS_REMAINDER	sem prioridade estrutural ou pista textual automática	UNMAPPED	CORPUS_ONLY	1	1	1	0
004B75C0	FUN_004b75c0	5	CORPUS_REMAINDER	sem prioridade estrutural ou pista textual automática	UNMAPPED	CORPUS_ONLY	1	2	1	0
004B7630	FUN_004b7630	5	CORPUS_REMAINDER	sem prioridade estrutural ou pista textual automática	UNMAPPED	CORPUS_ONLY	1	0	1	0
004B7640	FUN_004b7640	5	CORPUS_REMAINDER	sem prioridade estrutural ou pista textual automática	UNMAPPED	CORPUS_ONLY	3	1	3	0
004B7690	FUN_004b7690	5	CORPUS_REMAINDER	sem prioridade estrutural ou pista textual automática	UNMAPPED	CORPUS_ONLY	1	2	1	0
004B76C0	FUN_004b76c0	5	CORPUS_REMAINDER	sem prioridade estrutural ou pista textual automática	UNMAPPED	CORPUS_ONLY	1	1	1	0
004B7740	FUN_004b7740	5	CORPUS_REMAINDER	sem prioridade estrutural ou pista textual automática	UNMAPPED	CORPUS_ONLY	1	0	1	0
004B7770	FUN_004b7770	5	CORPUS_REMAINDER	sem prioridade estrutural ou pista textual automática	UNMAPPED	CORPUS_ONLY	1	0	1	0
004B7780	FUN_004b7780	5	CORPUS_REMAINDER	sem prioridade estrutural ou pista textual automática	UNMAPPED	CORPUS_ONLY	1	4	1	0
004B7AB8	FUN_004b7ab8	5	CORPUS_REMAINDER	sem prioridade estrutural ou pista textual automática	UNMAPPED	CORPUS_ONLY	1	4	1	0
004B7CA2	FUN_004b7ca2	5	CORPUS_REMAINDER	sem prioridade estrutural ou pista textual automática	UNMAPPED	CORPUS_ONLY	2	0	2	0
004B8333	FUN_004b8333	5	CORPUS_REMAINDER	sem prioridade estrutural ou pista textual automática	UNMAPPED	CORPUS_ONLY	2	10	2	0
004B8844	FUN_004b8844	5	CORPUS_REMAINDER	sem prioridade estrutural ou pista textual automática	UNMAPPED	CORPUS_ONLY	1	3	1	0
004B8BDE	FUN_004b8bde	5	CORPUS_REMAINDER	sem prioridade estrutural ou pista textual automática	UNMAPPED	CORPUS_ONLY	1	1	1	0
004B8C45	FUN_004b8c45	5	CORPUS_REMAINDER	sem prioridade estrutural ou pista textual automática	UNMAPPED	CORPUS_ONLY	7	0	9	0
004B8D26	FUN_004b8d26	5	CORPUS_REMAINDER	sem prioridade estrutural ou pista textual automática	UNMAPPED	CORPUS_ONLY	1	10	1	0
004B92E0	FUN_004b92e0	5	CORPUS_REMAINDER	sem prioridade estrutural ou pista textual automática	UNMAPPED	CORPUS_ONLY	1	3	1	0
004B9478	FUN_004b9478	5	CORPUS_REMAINDER	sem prioridade estrutural ou pista textual automática	UNMAPPED	CORPUS_ONLY	2	10	2	0
004B9BB9	FUN_004b9bb9	5	CORPUS_REMAINDER	sem prioridade estrutural ou pista textual automática	UNMAPPED	CORPUS_ONLY	2	3	2	0
004B9D99	FUN_004b9d99	5	CORPUS_REMAINDER	sem prioridade estrutural ou pista textual automática	UNMAPPED	CORPUS_ONLY	1	10	1	0
004BA353	FUN_004ba353	5	CORPUS_REMAINDER	sem prioridade estrutural ou pista textual automática	UNMAPPED	CORPUS_ONLY	1	0	1	0
004BA3CA	FUN_004ba3ca	5	CORPUS_REMAINDER	sem prioridade estrutural ou pista textual automática	UNMAPPED	CORPUS_ONLY	1	3	1	0
004BAA4D	FUN_004baa4d	5	CORPUS_REMAINDER	sem prioridade estrutural ou pista textual automática	UNMAPPED	CORPUS_ONLY	1	1	1	0
004BAAE7	FUN_004baae7	5	CORPUS_REMAINDER	sem prioridade estrutural ou pista textual automática	UNMAPPED	CORPUS_ONLY	1	0	1	0
004BAB41	FUN_004bab41	5	CORPUS_REMAINDER	sem prioridade estrutural ou pista textual automática	UNMAPPED	CORPUS_ONLY	2	0	2	0
004BACEB	FUN_004baceb	5	CORPUS_REMAINDER	sem prioridade estrutural ou pista textual automática	UNMAPPED	CORPUS_ONLY	1	0	1	0
004BB06A	FUN_004bb06a	5	CORPUS_REMAINDER	sem prioridade estrutural ou pista textual automática	UNMAPPED	CORPUS_ONLY	1	0	1	0
004BD420	FUN_004bd420	5	CORPUS_REMAINDER	sem prioridade estrutural ou pista textual automática	UNMAPPED	CORPUS_ONLY	17	6	22	0
004BD7D7	FUN_004bd7d7	5	CORPUS_REMAINDER	sem prioridade estrutural ou pista textual automática	UNMAPPED	CORPUS_ONLY	1	1	1	0
004BD906	FUN_004bd906	5	CORPUS_REMAINDER	sem prioridade estrutural ou pista textual automática	UNMAPPED	CORPUS_ONLY	11	1	52	0
004BDA22	FUN_004bda22	5	CORPUS_REMAINDER	sem prioridade estrutural ou pista textual automática	UNMAPPED	CORPUS_ONLY	8	4	11	0
004BE10C	FUN_004be10c	5	CORPUS_REMAINDER	sem prioridade estrutural ou pista textual automática	UNMAPPED	CORPUS_ONLY	8	1	9	0
004BE157	FUN_004be157	5	CORPUS_REMAINDER	sem prioridade estrutural ou pista textual automática	UNMAPPED	CORPUS_ONLY	1	0	1	0
004BE17B	FUN_004be17b	5	CORPUS_REMAINDER	sem prioridade estrutural ou pista textual automática	UNMAPPED	CORPUS_ONLY	2	0	4	0
004BE1A3	FUN_004be1a3	5	CORPUS_REMAINDER	sem prioridade estrutural ou pista textual automática	UNMAPPED	CORPUS_ONLY	3	0	5	0
004BE1CB	FUN_004be1cb	5	CORPUS_REMAINDER	sem prioridade estrutural ou pista textual automática	UNMAPPED	CORPUS_ONLY	1	0	1	0
004BE1EF	FUN_004be1ef	5	CORPUS_REMAINDER	sem prioridade estrutural ou pista textual automática	UNMAPPED	CORPUS_ONLY	9	7	16	0
004BE3CB	FUN_004be3cb	5	CORPUS_REMAINDER	sem prioridade estrutural ou pista textual automática	UNMAPPED	CORPUS_ONLY	1	10	1	0
004C0052	FUN_004c0052	5	CORPUS_REMAINDER	sem prioridade estrutural ou pista textual automática	UNMAPPED	CORPUS_ONLY	1	9	4	0
004C0451	FUN_004c0451	5	CORPUS_REMAINDER	sem prioridade estrutural ou pista textual automática	UNMAPPED	CORPUS_ONLY	1	3	1	0
004C0746	FUN_004c0746	5	CORPUS_REMAINDER	sem prioridade estrutural ou pista textual automática	UNMAPPED	CORPUS_ONLY	4	1	9	0
004C08BB	FUN_004c08bb	5	CORPUS_REMAINDER	sem prioridade estrutural ou pista textual automática	UNMAPPED	CORPUS_ONLY	1	2	3	0
004C097C	FUN_004c097c	5	CORPUS_REMAINDER	sem prioridade estrutural ou pista textual automática	UNMAPPED	CORPUS_ONLY	1	9	1	0
004C151C	FUN_004c151c	5	CORPUS_REMAINDER	sem prioridade estrutural ou pista textual automática	UNMAPPED	CORPUS_ONLY	1	2	2	0
004C159C	FUN_004c159c	5	CORPUS_REMAINDER	sem prioridade estrutural ou pista textual automática	UNMAPPED	CORPUS_ONLY	1	1	1	0
004C15FC	FUN_004c15fc	5	CORPUS_REMAINDER	sem prioridade estrutural ou pista textual automática	UNMAPPED	CORPUS_ONLY	6	1	9	0
004C167B	FUN_004c167b	5	CORPUS_REMAINDER	sem prioridade estrutural ou pista textual automática	UNMAPPED	CORPUS_ONLY	1	0	1	0
004C16CC	FUN_004c16cc	5	CORPUS_REMAINDER	sem prioridade estrutural ou pista textual automática	UNMAPPED	CORPUS_ONLY	2	9	3	0
004C21E8	FUN_004c21e8	5	CORPUS_REMAINDER	sem prioridade estrutural ou pista textual automática	UNMAPPED	CORPUS_ONLY	2	7	3	0
004C3642	FUN_004c3642	5	CORPUS_REMAINDER	sem prioridade estrutural ou pista textual automática	UNMAPPED	CORPUS_ONLY	2	1	18	0
004C3698	FUN_004c3698	5	CORPUS_REMAINDER	sem prioridade estrutural ou pista textual automática	UNMAPPED	CORPUS_ONLY	2	2	3	0
004C372E	FUN_004c372e	5	CORPUS_REMAINDER	sem prioridade estrutural ou pista textual automática	UNMAPPED	CORPUS_ONLY	1	0	1	0
004C37B0	FUN_004c37b0	5	CORPUS_REMAINDER	sem prioridade estrutural ou pista textual automática	UNMAPPED	CORPUS_ONLY	1	0	1	0
004C37C4	FUN_004c37c4	5	CORPUS_REMAINDER	sem prioridade estrutural ou pista textual automática	UNMAPPED	CORPUS_ONLY	1	4	1	0
004C3A1B	FUN_004c3a1b	5	CORPUS_REMAINDER	sem prioridade estrutural ou pista textual automática	UNMAPPED	CORPUS_ONLY	1	6	1	0
004C51FD	FUN_004c51fd	5	CORPUS_REMAINDER	sem prioridade estrutural ou pista textual automática	UNMAPPED	CORPUS_ONLY	1	10	1	0
004C5AE0	FUN_004c5ae0	5	CORPUS_REMAINDER	sem prioridade estrutural ou pista textual automática	UNMAPPED	CORPUS_ONLY	3	2	4	0
004C5B10	FUN_004c5b10	5	CORPUS_REMAINDER	sem prioridade estrutural ou pista textual automática	UNMAPPED	CORPUS_ONLY	3	2	3	0
004C5B40	FUN_004c5b40	5	CORPUS_REMAINDER	sem prioridade estrutural ou pista textual automática	UNMAPPED	CORPUS_ONLY	6	1	13	0
004C5B60	FUN_004c5b60	5	CORPUS_REMAINDER	sem prioridade estrutural ou pista textual automática	UNMAPPED	CORPUS_ONLY	2	1	3	0
004C5B90	FUN_004c5b90	5	CORPUS_REMAINDER	sem prioridade estrutural ou pista textual automática	UNMAPPED	CORPUS_ONLY	4	2	16	0
004C5BD0	FUN_004c5bd0	5	CORPUS_REMAINDER	sem prioridade estrutural ou pista textual automática	UNMAPPED	CORPUS_ONLY	1	0	3	0
004C5C10	FUN_004c5c10	5	CORPUS_REMAINDER	sem prioridade estrutural ou pista textual automática	UNMAPPED	CORPUS_ONLY	1	0	2	0
004C5C70	FUN_004c5c70	5	CORPUS_REMAINDER	sem prioridade estrutural ou pista textual automática	UNMAPPED	CORPUS_ONLY	1	0	1	0
004C64A7	FUN_004c64a7	5	CORPUS_REMAINDER	sem prioridade estrutural ou pista textual automática	UNMAPPED	CORPUS_ONLY	1	1	1	0
004C7320	FUN_004c7320	5	CORPUS_REMAINDER	sem prioridade estrutural ou pista textual automática	UNMAPPED	CORPUS_ONLY	1	4	2	0
004C8C60	FUN_004c8c60	5	CORPUS_REMAINDER	sem prioridade estrutural ou pista textual automática	UNMAPPED	CORPUS_ONLY	14	1	52	0
004C8CC0	FUN_004c8cc0	5	CORPUS_REMAINDER	sem prioridade estrutural ou pista textual automática	UNMAPPED	CORPUS_ONLY	1	0	1	0
004C8CE0	FUN_004c8ce0	5	CORPUS_REMAINDER	sem prioridade estrutural ou pista textual automática	UNMAPPED	CORPUS_ONLY	40	3	40	0
004C8D6C	FUN_004c8d6c	5	CORPUS_REMAINDER	sem prioridade estrutural ou pista textual automática	UNMAPPED	CORPUS_ONLY	90	1	90	0
004C8D88	FUN_004c8d88	5	CORPUS_REMAINDER	sem prioridade estrutural ou pista textual automática	UNMAPPED	CORPUS_ONLY	1	0	1	0
004C8DAA	FUN_004c8daa	5	CORPUS_REMAINDER	sem prioridade estrutural ou pista textual automática	UNMAPPED	CORPUS_ONLY	11	1	11	0
004C8F70	FUN_004c8f70	5	CORPUS_REMAINDER	sem prioridade estrutural ou pista textual automática	UNMAPPED	CORPUS_ONLY	51	6	180	0
004C92E9	FUN_004c92e9	5	CORPUS_REMAINDER	sem prioridade estrutural ou pista textual automática	UNMAPPED	CORPUS_ONLY	1	1	1	0
004C94B1	FUN_004c94b1	5	CORPUS_REMAINDER	sem prioridade estrutural ou pista textual automática	UNMAPPED	CORPUS_ONLY	1	0	1	0
004CB900	FUN_004cb900	5	CORPUS_REMAINDER	sem prioridade estrutural ou pista textual automática	UNMAPPED	CORPUS_ONLY	22	6	36	0
004CBB39	FUN_004cbb39	5	CORPUS_REMAINDER	sem prioridade estrutural ou pista textual automática	UNMAPPED	CORPUS_ONLY	1	1	1	0
004CBB6E	FUN_004cbb6e	5	CORPUS_REMAINDER	sem prioridade estrutural ou pista textual automática	UNMAPPED	CORPUS_ONLY	1	0	1	0
004CCBE0	FUN_004ccbe0	5	CORPUS_REMAINDER	sem prioridade estrutural ou pista textual automática	UNMAPPED	CORPUS_ONLY	3	6	3	0
004CCF32	FUN_004ccf32	5	CORPUS_REMAINDER	sem prioridade estrutural ou pista textual automática	UNMAPPED	CORPUS_ONLY	1	1	1	0
004CCF4E	FUN_004ccf4e	5	CORPUS_REMAINDER	sem prioridade estrutural ou pista textual automática	UNMAPPED	CORPUS_ONLY	1	0	1	0
004CCFED	FUN_004ccfed	5	CORPUS_REMAINDER	sem prioridade estrutural ou pista textual automática	UNMAPPED	CORPUS_ONLY	4	2	4	0
004CD800	FUN_004cd800	5	CORPUS_REMAINDER	sem prioridade estrutural ou pista textual automática	UNMAPPED	CORPUS_ONLY	1	6	2	0
004CDA7D	FUN_004cda7d	5	CORPUS_REMAINDER	sem prioridade estrutural ou pista textual automática	UNMAPPED	CORPUS_ONLY	1	1	1	0
004CDA99	FUN_004cda99	5	CORPUS_REMAINDER	sem prioridade estrutural ou pista textual automática	UNMAPPED	CORPUS_ONLY	1	1	2	0
004CDAD4	FUN_004cdad4	5	CORPUS_REMAINDER	sem prioridade estrutural ou pista textual automática	UNMAPPED	CORPUS_ONLY	1	0	2	0
004CDB05	FUN_004cdb05	5	CORPUS_REMAINDER	sem prioridade estrutural ou pista textual automática	UNMAPPED	CORPUS_ONLY	1	0	1	0
004CE5E0	FUN_004ce5e0	5	CORPUS_REMAINDER	sem prioridade estrutural ou pista textual automática	UNMAPPED	CORPUS_ONLY	2	4	2	0
004CE711	FUN_004ce711	5	CORPUS_REMAINDER	sem prioridade estrutural ou pista textual automática	UNMAPPED	CORPUS_ONLY	1	1	1	0
004CE77D	FUN_004ce77d	5	CORPUS_REMAINDER	sem prioridade estrutural ou pista textual automática	UNMAPPED	CORPUS_ONLY	1	0	1	0
004CF150	FUN_004cf150	5	CORPUS_REMAINDER	sem prioridade estrutural ou pista textual automática	UNMAPPED	CORPUS_ONLY	3	9	7	0
004CF520	FUN_004cf520	5	CORPUS_REMAINDER	sem prioridade estrutural ou pista textual automática	UNMAPPED	CORPUS_ONLY	1	1	1	0
004D0150	FUN_004d0150	5	CORPUS_REMAINDER	sem prioridade estrutural ou pista textual automática	UNMAPPED	CORPUS_ONLY	10	4	14	0
004D01B0	FUN_004d01b0	5	CORPUS_REMAINDER	sem prioridade estrutural ou pista textual automática	UNMAPPED	CORPUS_ONLY	3	9	3	0
004D0497	FUN_004d0497	5	CORPUS_REMAINDER	sem prioridade estrutural ou pista textual automática	UNMAPPED	CORPUS_ONLY	1	1	1	0
004D04B3	FUN_004d04b3	5	CORPUS_REMAINDER	sem prioridade estrutural ou pista textual automática	UNMAPPED	CORPUS_ONLY	1	7	1	0
004D0651	FUN_004d0651	5	CORPUS_REMAINDER	sem prioridade estrutural ou pista textual automática	UNMAPPED	CORPUS_ONLY	1	4	1	0
004D1870	PAGE_INFO	5	CORPUS_REMAINDER	sem prioridade estrutural ou pista textual automática	UNMAPPED	CORPUS_ONLY	1	1	1	0
004D18B0	FUN_004d18b0	5	CORPUS_REMAINDER	sem prioridade estrutural ou pista textual automática	UNMAPPED	CORPUS_ONLY	1	1	1	0
004D1940	FUN_004d1940	5	CORPUS_REMAINDER	sem prioridade estrutural ou pista textual automática	UNMAPPED	CORPUS_ONLY	1	1	3	0
004D1960	FUN_004d1960	5	CORPUS_REMAINDER	sem prioridade estrutural ou pista textual automática	UNMAPPED	CORPUS_ONLY	2	0	2	0
004D19A0	FUN_004d19a0	5	CORPUS_REMAINDER	sem prioridade estrutural ou pista textual automática	UNMAPPED	CORPUS_ONLY	7	10	7	0
004D2154	FUN_004d2154	5	CORPUS_REMAINDER	sem prioridade estrutural ou pista textual automática	UNMAPPED	CORPUS_ONLY	1	1	1	0
004D2230	FUN_004d2230	5	CORPUS_REMAINDER	sem prioridade estrutural ou pista textual automática	UNMAPPED	CORPUS_ONLY	11	2	27	0
004D235B	FUN_004d235b	5	CORPUS_REMAINDER	sem prioridade estrutural ou pista textual automática	UNMAPPED	CORPUS_ONLY	1	1	1	0
004D2DA9	FUN_004d2da9	5	CORPUS_REMAINDER	sem prioridade estrutural ou pista textual automática	UNMAPPED	CORPUS_ONLY	1	0	1	0
004D3BC0	FUN_004d3bc0	5	CORPUS_REMAINDER	sem prioridade estrutural ou pista textual automática	UNMAPPED	CORPUS_ONLY	6	1	7	0
004D3C10	FUN_004d3c10	5	CORPUS_REMAINDER	sem prioridade estrutural ou pista textual automática	UNMAPPED	CORPUS_ONLY	1	0	4	0
004D3C90	FUN_004d3c90	5	CORPUS_REMAINDER	sem prioridade estrutural ou pista textual automática	UNMAPPED	CORPUS_ONLY	5	1	6	0
004D3CD0	FUN_004d3cd0	5	CORPUS_REMAINDER	sem prioridade estrutural ou pista textual automática	UNMAPPED	CORPUS_ONLY	4	1	4	0
004D3CF0	FUN_004d3cf0	5	CORPUS_REMAINDER	sem prioridade estrutural ou pista textual automática	UNMAPPED	CORPUS_ONLY	5	0	6	0
004D4083	FUN_004d4083	5	CORPUS_REMAINDER	sem prioridade estrutural ou pista textual automática	UNMAPPED	CORPUS_ONLY	1	1	1	0
004D40F3	FUN_004d40f3	5	CORPUS_REMAINDER	sem prioridade estrutural ou pista textual automática	UNMAPPED	CORPUS_ONLY	3	0	3	0
004D5369	FUN_004d5369	5	CORPUS_REMAINDER	sem prioridade estrutural ou pista textual automática	UNMAPPED	CORPUS_ONLY	1	1	1	0
004D5480	FUN_004d5480	5	CORPUS_REMAINDER	sem prioridade estrutural ou pista textual automática	UNMAPPED	CORPUS_ONLY	7	7	19	0
004D56EB	FUN_004d56eb	5	CORPUS_REMAINDER	sem prioridade estrutural ou pista textual automática	UNMAPPED	CORPUS_ONLY	1	8	1	0
004D856B	FUN_004d856b	5	CORPUS_REMAINDER	sem prioridade estrutural ou pista textual automática	UNMAPPED	CORPUS_ONLY	1	1	1	0
004D8910	FUN_004d8910	5	CORPUS_REMAINDER	sem prioridade estrutural ou pista textual automática	UNMAPPED	CORPUS_ONLY	1	7	1	0
004D8BA2	FUN_004d8ba2	5	CORPUS_REMAINDER	sem prioridade estrutural ou pista textual automática	UNMAPPED	CORPUS_ONLY	1	1	1	0
004D8EF0	FUN_004d8ef0	5	CORPUS_REMAINDER	sem prioridade estrutural ou pista textual automática	UNMAPPED	CORPUS_ONLY	4	5	9	0
004D9071	FUN_004d9071	5	CORPUS_REMAINDER	sem prioridade estrutural ou pista textual automática	UNMAPPED	CORPUS_ONLY	1	1	1	0
004D97D0	FUN_004d97d0	5	CORPUS_REMAINDER	sem prioridade estrutural ou pista textual automática	UNMAPPED	CORPUS_ONLY	1	6	1	0
004D9B7A	FUN_004d9b7a	5	CORPUS_REMAINDER	sem prioridade estrutural ou pista textual automática	UNMAPPED	CORPUS_ONLY	1	1	1	0
004DC930	FUN_004dc930	5	CORPUS_REMAINDER	sem prioridade estrutural ou pista textual automática	UNMAPPED	CORPUS_ONLY	1	0	1	0
004DC960	FUN_004dc960	5	CORPUS_REMAINDER	sem prioridade estrutural ou pista textual automática	UNMAPPED	CORPUS_ONLY	1	11	1	0
004DCB67	FUN_004dcb67	5	CORPUS_REMAINDER	sem prioridade estrutural ou pista textual automática	UNMAPPED	CORPUS_ONLY	1	1	1	0
004DCDC0	FUN_004dcdc0	5	CORPUS_REMAINDER	sem prioridade estrutural ou pista textual automática	UNMAPPED	CORPUS_ONLY	1	5	1	0
004DD065	FUN_004dd065	5	CORPUS_REMAINDER	sem prioridade estrutural ou pista textual automática	UNMAPPED	CORPUS_ONLY	1	1	1	0
004DDA51	FUN_004dda51	5	CORPUS_REMAINDER	sem prioridade estrutural ou pista textual automática	UNMAPPED	CORPUS_ONLY	1	7	1	0
004DDD2A	FUN_004ddd2a	5	CORPUS_REMAINDER	sem prioridade estrutural ou pista textual automática	UNMAPPED	CORPUS_ONLY	1	1	1	0
004DE30E	FUN_004de30e	5	CORPUS_REMAINDER	sem prioridade estrutural ou pista textual automática	UNMAPPED	CORPUS_ONLY	2	5	3	0
004DE60D	FUN_004de60d	5	CORPUS_REMAINDER	sem prioridade estrutural ou pista textual automática	UNMAPPED	CORPUS_ONLY	1	1	1	0
004DF250	FUN_004df250	5	CORPUS_REMAINDER	sem prioridade estrutural ou pista textual automática	UNMAPPED	CORPUS_ONLY	29	3	58	0
004DF604	FUN_004df604	5	CORPUS_REMAINDER	sem prioridade estrutural ou pista textual automática	UNMAPPED	CORPUS_ONLY	1	2	1	0
004E0990	FUN_004e0990	5	CORPUS_REMAINDER	sem prioridade estrutural ou pista textual automática	UNMAPPED	CORPUS_ONLY	1	2	1	0
004E0A2D	FUN_004e0a2d	5	CORPUS_REMAINDER	sem prioridade estrutural ou pista textual automática	UNMAPPED	CORPUS_ONLY	1	4	1	0
004E11B7	FUN_004e11b7	5	CORPUS_REMAINDER	sem prioridade estrutural ou pista textual automática	UNMAPPED	CORPUS_ONLY	1	1	1	0
004E1A1E	FUN_004e1a1e	5	CORPUS_REMAINDER	sem prioridade estrutural ou pista textual automática	UNMAPPED	CORPUS_ONLY	1	1	1	0
004E2360	FUN_004e2360	5	CORPUS_REMAINDER	sem prioridade estrutural ou pista textual automática	UNMAPPED	CORPUS_ONLY	5	8	6	0
004E2536	FUN_004e2536	5	CORPUS_REMAINDER	sem prioridade estrutural ou pista textual automática	UNMAPPED	CORPUS_ONLY	1	1	1	0
004E2A30	FUN_004e2a30	5	CORPUS_REMAINDER	sem prioridade estrutural ou pista textual automática	UNMAPPED	CORPUS_ONLY	5	8	9	0
004E2D7A	FUN_004e2d7a	5	CORPUS_REMAINDER	sem prioridade estrutural ou pista textual automática	UNMAPPED	CORPUS_ONLY	1	1	1	0
004E3610	FUN_004e3610	5	CORPUS_REMAINDER	sem prioridade estrutural ou pista textual automática	UNMAPPED	CORPUS_ONLY	1	11	1	0
004E3AC1	FUN_004e3ac1	5	CORPUS_REMAINDER	sem prioridade estrutural ou pista textual automática	UNMAPPED	CORPUS_ONLY	1	1	1	0
004E3BA0	FUN_004e3ba0	5	CORPUS_REMAINDER	sem prioridade estrutural ou pista textual automática	UNMAPPED	CORPUS_ONLY	5	11	9	0
004E3E76	FUN_004e3e76	5	CORPUS_REMAINDER	sem prioridade estrutural ou pista textual automática	UNMAPPED	CORPUS_ONLY	1	1	1	0
004E4A10	FUN_004e4a10	5	CORPUS_REMAINDER	sem prioridade estrutural ou pista textual automática	UNMAPPED	CORPUS_ONLY	1	9	3	0
004E4E3C	FUN_004e4e3c	5	CORPUS_REMAINDER	sem prioridade estrutural ou pista textual automática	UNMAPPED	CORPUS_ONLY	1	1	1	0
004E4F20	FUN_004e4f20	5	CORPUS_REMAINDER	sem prioridade estrutural ou pista textual automática	UNMAPPED	CORPUS_ONLY	1	10	1	0
004E51D4	FUN_004e51d4	5	CORPUS_REMAINDER	sem prioridade estrutural ou pista textual automática	UNMAPPED	CORPUS_ONLY	1	1	1	0
004E52B0	FUN_004e52b0	5	CORPUS_REMAINDER	sem prioridade estrutural ou pista textual automática	UNMAPPED	CORPUS_ONLY	1	9	1	0
004E5573	FUN_004e5573	5	CORPUS_REMAINDER	sem prioridade estrutural ou pista textual automática	UNMAPPED	CORPUS_ONLY	1	1	1	0
004E5C33	FUN_004e5c33	5	CORPUS_REMAINDER	sem prioridade estrutural ou pista textual automática	UNMAPPED	CORPUS_ONLY	1	1	1	0
004E5D10	FUN_004e5d10	5	CORPUS_REMAINDER	sem prioridade estrutural ou pista textual automática	UNMAPPED	CORPUS_ONLY	1	10	1	0
004E5F4B	FUN_004e5f4b	5	CORPUS_REMAINDER	sem prioridade estrutural ou pista textual automática	UNMAPPED	CORPUS_ONLY	1	4	1	0
004E6590	FUN_004e6590	5	CORPUS_REMAINDER	sem prioridade estrutural ou pista textual automática	UNMAPPED	CORPUS_ONLY	6	10	8	0
004E74B5	FUN_004e74b5	5	CORPUS_REMAINDER	sem prioridade estrutural ou pista textual automática	UNMAPPED	CORPUS_ONLY	1	1	1	0
004E7610	FUN_004e7610	5	CORPUS_REMAINDER	sem prioridade estrutural ou pista textual automática	UNMAPPED	CORPUS_ONLY	3	11	4	0
004E7ADC	FUN_004e7adc	5	CORPUS_REMAINDER	sem prioridade estrutural ou pista textual automática	UNMAPPED	CORPUS_ONLY	1	10	1	0
004E88A0	FUN_004e88a0	5	CORPUS_REMAINDER	sem prioridade estrutural ou pista textual automática	UNMAPPED	CORPUS_ONLY	1	4	5	0
004E89CD	FUN_004e89cd	5	CORPUS_REMAINDER	sem prioridade estrutural ou pista textual automática	UNMAPPED	CORPUS_ONLY	1	1	1	0
004E89E9	FUN_004e89e9	5	CORPUS_REMAINDER	sem prioridade estrutural ou pista textual automática	UNMAPPED	CORPUS_ONLY	1	0	1	0
004E8A95	FUN_004e8a95	5	CORPUS_REMAINDER	sem prioridade estrutural ou pista textual automática	UNMAPPED	CORPUS_ONLY	2	0	5	0
004EC9A0	FUN_004ec9a0	5	CORPUS_REMAINDER	sem prioridade estrutural ou pista textual automática	UNMAPPED	CORPUS_ONLY	4	9	6	0
004ECCB2	FUN_004eccb2	5	CORPUS_REMAINDER	sem prioridade estrutural ou pista textual automática	UNMAPPED	CORPUS_ONLY	1	1	1	0
004ECD90	FUN_004ecd90	5	CORPUS_REMAINDER	sem prioridade estrutural ou pista textual automática	UNMAPPED	CORPUS_ONLY	2	5	5	0
004ECEB8	FUN_004eceb8	5	CORPUS_REMAINDER	sem prioridade estrutural ou pista textual automática	UNMAPPED	CORPUS_ONLY	1	1	1	0
004ED2A0	FUN_004ed2a0	5	CORPUS_REMAINDER	sem prioridade estrutural ou pista textual automática	UNMAPPED	CORPUS_ONLY	2	7	2	0
004ED7CE	FUN_004ed7ce	5	CORPUS_REMAINDER	sem prioridade estrutural ou pista textual automática	UNMAPPED	CORPUS_ONLY	1	1	1	0
004EDD60	FUN_004edd60	5	CORPUS_REMAINDER	sem prioridade estrutural ou pista textual automática	UNMAPPED	CORPUS_ONLY	2	10	2	0
004EE0B6	FUN_004ee0b6	5	CORPUS_REMAINDER	sem prioridade estrutural ou pista textual automática	UNMAPPED	CORPUS_ONLY	1	1	1	0
004EE190	FUN_004ee190	5	CORPUS_REMAINDER	sem prioridade estrutural ou pista textual automática	UNMAPPED	CORPUS_ONLY	3	11	3	0
004EE652	FUN_004ee652	5	CORPUS_REMAINDER	sem prioridade estrutural ou pista textual automática	UNMAPPED	CORPUS_ONLY	1	1	1	0
004EE730	FUN_004ee730	5	CORPUS_REMAINDER	sem prioridade estrutural ou pista textual automática	UNMAPPED	CORPUS_ONLY	5	5	9	0
004EE85F	FUN_004ee85f	5	CORPUS_REMAINDER	sem prioridade estrutural ou pista textual automática	UNMAPPED	CORPUS_ONLY	1	1	1	0
004EE8CB	FUN_004ee8cb	5	CORPUS_REMAINDER	sem prioridade estrutural ou pista textual automática	UNMAPPED	CORPUS_ONLY	1	0	3	0
004EEF50	FUN_004eef50	5	CORPUS_REMAINDER	sem prioridade estrutural ou pista textual automática	UNMAPPED	CORPUS_ONLY	3	5	3	0
004EF03B	FUN_004ef03b	5	CORPUS_REMAINDER	sem prioridade estrutural ou pista textual automática	UNMAPPED	CORPUS_ONLY	1	1	1	0
004EF840	FUN_004ef840	5	CORPUS_REMAINDER	sem prioridade estrutural ou pista textual automática	UNMAPPED	CORPUS_ONLY	1	4	1	0
004EF8C4	FUN_004ef8c4	5	CORPUS_REMAINDER	sem prioridade estrutural ou pista textual automática	UNMAPPED	CORPUS_ONLY	1	1	1	0
004EF8E0	FUN_004ef8e0	5	CORPUS_REMAINDER	sem prioridade estrutural ou pista textual automática	UNMAPPED	CORPUS_ONLY	2	0	2	0
004EFB89	FUN_004efb89	5	CORPUS_REMAINDER	sem prioridade estrutural ou pista textual automática	UNMAPPED	CORPUS_ONLY	3	0	6	0
004F0C50	FUN_004f0c50	5	CORPUS_REMAINDER	sem prioridade estrutural ou pista textual automática	UNMAPPED	CORPUS_ONLY	2	2	2	0
004F0CE5	FUN_004f0ce5	5	CORPUS_REMAINDER	sem prioridade estrutural ou pista textual automática	UNMAPPED	CORPUS_ONLY	1	1	1	0
004F1530	FUN_004f1530	5	CORPUS_REMAINDER	sem prioridade estrutural ou pista textual automática	UNMAPPED	CORPUS_ONLY	1	1	4	0
004F1582	FUN_004f1582	5	CORPUS_REMAINDER	sem prioridade estrutural ou pista textual automática	UNMAPPED	CORPUS_ONLY	1	1	1	0
004F1960	FUN_004f1960	5	CORPUS_REMAINDER	sem prioridade estrutural ou pista textual automática	UNMAPPED	CORPUS_ONLY	2	2	2	0
004F19BA	FUN_004f19ba	5	CORPUS_REMAINDER	sem prioridade estrutural ou pista textual automática	UNMAPPED	CORPUS_ONLY	1	1	1	0
004F37DA	FUN_004f37da	5	CORPUS_REMAINDER	sem prioridade estrutural ou pista textual automática	UNMAPPED	CORPUS_ONLY	1	1	1	0
004F3A9B	FUN_004f3a9b	5	CORPUS_REMAINDER	sem prioridade estrutural ou pista textual automática	UNMAPPED	CORPUS_ONLY	4	2	4	0
004F3B81	FUN_004f3b81	5	CORPUS_REMAINDER	sem prioridade estrutural ou pista textual automática	UNMAPPED	CORPUS_ONLY	5	1	5	0
004F59B4	FUN_004f59b4	5	CORPUS_REMAINDER	sem prioridade estrutural ou pista textual automática	UNMAPPED	CORPUS_ONLY	1	3	1	0
004F6CDE	FUN_004f6cde	5	CORPUS_REMAINDER	sem prioridade estrutural ou pista textual automática	UNMAPPED	CORPUS_ONLY	1	3	1	0
004F710B	FUN_004f710b	5	CORPUS_REMAINDER	sem prioridade estrutural ou pista textual automática	UNMAPPED	CORPUS_ONLY	2	3	2	0
004F7482	FUN_004f7482	5	CORPUS_REMAINDER	sem prioridade estrutural ou pista textual automática	UNMAPPED	CORPUS_ONLY	2	5	2	0
004F782A	FUN_004f782a	5	CORPUS_REMAINDER	sem prioridade estrutural ou pista textual automática	UNMAPPED	CORPUS_ONLY	1	2	1	0
004F8EBB	FUN_004f8ebb	5	CORPUS_REMAINDER	sem prioridade estrutural ou pista textual automática	UNMAPPED	CORPUS_ONLY	1	2	1	0
004F9334	FUN_004f9334	5	CORPUS_REMAINDER	sem prioridade estrutural ou pista textual automática	UNMAPPED	CORPUS_ONLY	2	6	2	0
004F9946	FUN_004f9946	5	CORPUS_REMAINDER	sem prioridade estrutural ou pista textual automática	UNMAPPED	CORPUS_ONLY	3	3	4	0
004F9A46	FUN_004f9a46	5	CORPUS_REMAINDER	sem prioridade estrutural ou pista textual automática	UNMAPPED	CORPUS_ONLY	2	0	2	0
004F9B6F	FUN_004f9b6f	5	CORPUS_REMAINDER	sem prioridade estrutural ou pista textual automática	UNMAPPED	CORPUS_ONLY	2	0	6	0
004FA508	FUN_004fa508	5	CORPUS_REMAINDER	sem prioridade estrutural ou pista textual automática	UNMAPPED	CORPUS_ONLY	1	0	1	0
004FA8A1	FUN_004fa8a1	5	CORPUS_REMAINDER	sem prioridade estrutural ou pista textual automática	UNMAPPED	CORPUS_ONLY	11	1	15	0
004FA8E3	FUN_004fa8e3	5	CORPUS_REMAINDER	sem prioridade estrutural ou pista textual automática	UNMAPPED	CORPUS_ONLY	1	1	1	0
004FAA02	FUN_004faa02	5	CORPUS_REMAINDER	sem prioridade estrutural ou pista textual automática	UNMAPPED	CORPUS_ONLY	1	0	1	0
004FAAF4	FUN_004faaf4	5	CORPUS_REMAINDER	sem prioridade estrutural ou pista textual automática	UNMAPPED	CORPUS_ONLY	4	0	4	0
004FAB52	FUN_004fab52	5	CORPUS_REMAINDER	sem prioridade estrutural ou pista textual automática	UNMAPPED	CORPUS_ONLY	5	1	5	0
004FAEFF	FUN_004faeff	5	CORPUS_REMAINDER	sem prioridade estrutural ou pista textual automática	UNMAPPED	CORPUS_ONLY	1	1	1	0
004FAF13	FUN_004faf13	5	CORPUS_REMAINDER	sem prioridade estrutural ou pista textual automática	UNMAPPED	CORPUS_ONLY	9	3	12	0
004FF365	FUN_004ff365	5	CORPUS_REMAINDER	sem prioridade estrutural ou pista textual automática	UNMAPPED	CORPUS_ONLY	7	0	7	0
004FF37B	FUN_004ff37b	5	CORPUS_REMAINDER	sem prioridade estrutural ou pista textual automática	UNMAPPED	CORPUS_ONLY	5	0	6	0
004FF388	FUN_004ff388	5	CORPUS_REMAINDER	sem prioridade estrutural ou pista textual automática	UNMAPPED	CORPUS_ONLY	7	0	12	0
004FF3D0	FUN_004ff3d0	5	CORPUS_REMAINDER	sem prioridade estrutural ou pista textual automática	UNMAPPED	CORPUS_ONLY	1	0	1	0
004FFB1C	FUN_004ffb1c	5	CORPUS_REMAINDER	sem prioridade estrutural ou pista textual automática	UNMAPPED	CORPUS_ONLY	1	1	1	0
00500E75	FUN_00500e75	5	CORPUS_REMAINDER	sem prioridade estrutural ou pista textual automática	UNMAPPED	CORPUS_ONLY	1	0	2	0
00500EBE	FUN_00500ebe	5	CORPUS_REMAINDER	sem prioridade estrutural ou pista textual automática	UNMAPPED	CORPUS_ONLY	1	11	1	0
005042C7	FUN_005042c7	5	CORPUS_REMAINDER	sem prioridade estrutural ou pista textual automática	UNMAPPED	CORPUS_ONLY	1	6	1	0
005046CE	FUN_005046ce	5	CORPUS_REMAINDER	sem prioridade estrutural ou pista textual automática	UNMAPPED	CORPUS_ONLY	1	2	1	0
00504748	FUN_00504748	5	CORPUS_REMAINDER	sem prioridade estrutural ou pista textual automática	UNMAPPED	CORPUS_ONLY	2	2	2	0
0050484A	FUN_0050484a	5	CORPUS_REMAINDER	sem prioridade estrutural ou pista textual automática	UNMAPPED	CORPUS_ONLY	1	3	1	0
0050494D	FUN_0050494d	5	CORPUS_REMAINDER	sem prioridade estrutural ou pista textual automática	UNMAPPED	CORPUS_ONLY	1	0	2	0
00510FD3	FUN_00510fd3	5	CORPUS_REMAINDER	sem prioridade estrutural ou pista textual automática	UNMAPPED	CORPUS_ONLY	1	7	1	0
0051148A	FUN_0051148a	5	CORPUS_REMAINDER	sem prioridade estrutural ou pista textual automática	UNMAPPED	CORPUS_ONLY	1	9	1	0
00511EC4	FUN_00511ec4	5	CORPUS_REMAINDER	sem prioridade estrutural ou pista textual automática	UNMAPPED	CORPUS_ONLY	1	9	1	0
00516105	FUN_00516105	5	CORPUS_REMAINDER	sem prioridade estrutural ou pista textual automática	UNMAPPED	CORPUS_ONLY	8	0	12	0
0051A56C	FUN_0051a56c	5	CORPUS_REMAINDER	sem prioridade estrutural ou pista textual automática	UNMAPPED	CORPUS_ONLY	2	8	2	0
0051BB1A	FUN_0051bb1a	5	CORPUS_REMAINDER	sem prioridade estrutural ou pista textual automática	UNMAPPED	CORPUS_ONLY	1	0	79	0
0051D270	FUN_0051d270	5	CORPUS_REMAINDER	sem prioridade estrutural ou pista textual automática	UNMAPPED	CORPUS_ONLY	1	5	3	0
0051D8BF	FUN_0051d8bf	5	CORPUS_REMAINDER	sem prioridade estrutural ou pista textual automática	UNMAPPED	CORPUS_ONLY	1	3	2	0
0051DBA4	FUN_0051dba4	5	CORPUS_REMAINDER	sem prioridade estrutural ou pista textual automática	UNMAPPED	CORPUS_ONLY	20	4	52	0
00520FA4	FUN_00520fa4	5	CORPUS_REMAINDER	sem prioridade estrutural ou pista textual automática	UNMAPPED	CORPUS_ONLY	2	6	2	0
005211BE	FUN_005211be	5	CORPUS_REMAINDER	sem prioridade estrutural ou pista textual automática	UNMAPPED	CORPUS_ONLY	3	3	5	0
00521A90	FUN_00521a90	5	CORPUS_REMAINDER	sem prioridade estrutural ou pista textual automática	UNMAPPED	CORPUS_ONLY	1	8	1	0
00521D53	FUN_00521d53	5	CORPUS_REMAINDER	sem prioridade estrutural ou pista textual automática	UNMAPPED	CORPUS_ONLY	1	6	1	0
00522126	FUN_00522126	5	CORPUS_REMAINDER	sem prioridade estrutural ou pista textual automática	UNMAPPED	CORPUS_ONLY	1	5	1	0
0052236F	FUN_0052236f	5	CORPUS_REMAINDER	sem prioridade estrutural ou pista textual automática	UNMAPPED	CORPUS_ONLY	1	5	1	0
00523533	FUN_00523533	5	CORPUS_REMAINDER	sem prioridade estrutural ou pista textual automática	UNMAPPED	CORPUS_ONLY	1	1	4	0
00523B60	FUN_00523b60	5	CORPUS_REMAINDER	sem prioridade estrutural ou pista textual automática	UNMAPPED	CORPUS_ONLY	1	11	1	0
00524324	FUN_00524324	5	CORPUS_REMAINDER	sem prioridade estrutural ou pista textual automática	UNMAPPED	CORPUS_ONLY	3	0	4	0
0052433D	FUN_0052433d	5	CORPUS_REMAINDER	sem prioridade estrutural ou pista textual automática	UNMAPPED	CORPUS_ONLY	3	3	4	0
00524D01	FUN_00524d01	5	CORPUS_REMAINDER	sem prioridade estrutural ou pista textual automática	UNMAPPED	CORPUS_ONLY	2	0	2	0
00524DED	FUN_00524ded	5	CORPUS_REMAINDER	sem prioridade estrutural ou pista textual automática	UNMAPPED	CORPUS_ONLY	3	6	3	0
00525395	FUN_00525395	5	CORPUS_REMAINDER	sem prioridade estrutural ou pista textual automática	UNMAPPED	CORPUS_ONLY	1	10	1	0
00526140	FUN_00526140	5	CORPUS_REMAINDER	sem prioridade estrutural ou pista textual automática	UNMAPPED	CORPUS_ONLY	2	4	3	0
005266E0	FUN_005266e0	5	CORPUS_REMAINDER	sem prioridade estrutural ou pista textual automática	UNMAPPED	CORPUS_ONLY	1	4	1	0
00526CF4	FUN_00526cf4	5	CORPUS_REMAINDER	sem prioridade estrutural ou pista textual automática	UNMAPPED	CORPUS_ONLY	3	0	3	0
00526F0F	FUN_00526f0f	5	CORPUS_REMAINDER	sem prioridade estrutural ou pista textual automática	UNMAPPED	CORPUS_ONLY	1	0	1	0
00527032	FUN_00527032	5	CORPUS_REMAINDER	sem prioridade estrutural ou pista textual automática	UNMAPPED	CORPUS_ONLY	2	0	3	0
005277A7	FUN_005277a7	5	CORPUS_REMAINDER	sem prioridade estrutural ou pista textual automática	UNMAPPED	CORPUS_ONLY	8	0	10	0
00527848	FUN_00527848	5	CORPUS_REMAINDER	sem prioridade estrutural ou pista textual automática	UNMAPPED	CORPUS_ONLY	5	10	5	0
00527BAF	FUN_00527baf	5	CORPUS_REMAINDER	sem prioridade estrutural ou pista textual automática	UNMAPPED	CORPUS_ONLY	1	1	1	0
00527DD9	FUN_00527dd9	5	CORPUS_REMAINDER	sem prioridade estrutural ou pista textual automática	UNMAPPED	CORPUS_ONLY	1	8	1	0
00528325	FUN_00528325	5	CORPUS_REMAINDER	sem prioridade estrutural ou pista textual automática	UNMAPPED	CORPUS_ONLY	1	1	1	0
005296E8	FUN_005296e8	5	CORPUS_REMAINDER	sem prioridade estrutural ou pista textual automática	UNMAPPED	CORPUS_ONLY	1	9	1	0
00529B07	FUN_00529b07	5	CORPUS_REMAINDER	sem prioridade estrutural ou pista textual automática	UNMAPPED	CORPUS_ONLY	1	5	1	0
0052C5EB	FUN_0052c5eb	5	CORPUS_REMAINDER	sem prioridade estrutural ou pista textual automática	UNMAPPED	CORPUS_ONLY	1	6	1	0
0052CBAA	FUN_0052cbaa	5	CORPUS_REMAINDER	sem prioridade estrutural ou pista textual automática	UNMAPPED	CORPUS_ONLY	1	10	1	0
0052D060	FUN_0052d060	5	CORPUS_REMAINDER	sem prioridade estrutural ou pista textual automática	UNMAPPED	CORPUS_ONLY	1	6	1	0
0052D93D	FUN_0052d93d	5	CORPUS_REMAINDER	sem prioridade estrutural ou pista textual automática	UNMAPPED	CORPUS_ONLY	1	7	1	0
0052DC00	FUN_0052dc00	5	CORPUS_REMAINDER	sem prioridade estrutural ou pista textual automática	UNMAPPED	CORPUS_ONLY	1	2	1	0
0052DC5D	FUN_0052dc5d	5	CORPUS_REMAINDER	sem prioridade estrutural ou pista textual automática	UNMAPPED	CORPUS_ONLY	1	9	1	0
0052E2F6	FUN_0052e2f6	5	CORPUS_REMAINDER	sem prioridade estrutural ou pista textual automática	UNMAPPED	CORPUS_ONLY	1	4	1	0
0052E3C8	FUN_0052e3c8	5	CORPUS_REMAINDER	sem prioridade estrutural ou pista textual automática	UNMAPPED	CORPUS_ONLY	1	8	1	0
0052E684	FUN_0052e684	5	CORPUS_REMAINDER	sem prioridade estrutural ou pista textual automática	UNMAPPED	CORPUS_ONLY	1	0	1	0
0052E6C6	FUN_0052e6c6	5	CORPUS_REMAINDER	sem prioridade estrutural ou pista textual automática	UNMAPPED	CORPUS_ONLY	1	0	1	0
0052E722	FUN_0052e722	5	CORPUS_REMAINDER	sem prioridade estrutural ou pista textual automática	UNMAPPED	CORPUS_ONLY	1	2	1	0
0052E85D	FUN_0052e85d	5	CORPUS_REMAINDER	sem prioridade estrutural ou pista textual automática	UNMAPPED	CORPUS_ONLY	1	9	1	0
0052FAE0	FUN_0052fae0	5	CORPUS_REMAINDER	sem prioridade estrutural ou pista textual automática	UNMAPPED	CORPUS_ONLY	1	1	1	0
0052FB00	FUN_0052fb00	5	CORPUS_REMAINDER	sem prioridade estrutural ou pista textual automática	UNMAPPED	CORPUS_ONLY	2	1	3	0
0052FB40	FUN_0052fb40	5	CORPUS_REMAINDER	sem prioridade estrutural ou pista textual automática	UNMAPPED	CORPUS_ONLY	1	1	2	0
0052FBC0	FUN_0052fbc0	5	CORPUS_REMAINDER	sem prioridade estrutural ou pista textual automática	UNMAPPED	CORPUS_ONLY	1	1	1	0
0052FBF0	FUN_0052fbf0	5	CORPUS_REMAINDER	sem prioridade estrutural ou pista textual automática	UNMAPPED	CORPUS_ONLY	1	0	1	0
0052FC30	FUN_0052fc30	5	CORPUS_REMAINDER	sem prioridade estrutural ou pista textual automática	UNMAPPED	CORPUS_ONLY	1	1	1	0
0052FC70	FUN_0052fc70	5	CORPUS_REMAINDER	sem prioridade estrutural ou pista textual automática	UNMAPPED	CORPUS_ONLY	1	2	1	0
0052FCCA	FUN_0052fcca	5	CORPUS_REMAINDER	sem prioridade estrutural ou pista textual automática	UNMAPPED	CORPUS_ONLY	1	1	1	0
0052FF60	FUN_0052ff60	5	CORPUS_REMAINDER	sem prioridade estrutural ou pista textual automática	UNMAPPED	CORPUS_ONLY	2	4	5	0
00530143	FUN_00530143	5	CORPUS_REMAINDER	sem prioridade estrutural ou pista textual automática	UNMAPPED	CORPUS_ONLY	1	1	1	0
00530FA0	FUN_00530fa0	5	CORPUS_REMAINDER	sem prioridade estrutural ou pista textual automática	UNMAPPED	CORPUS_ONLY	1	4	2	0
00531146	FUN_00531146	5	CORPUS_REMAINDER	sem prioridade estrutural ou pista textual automática	UNMAPPED	CORPUS_ONLY	1	1	1	0
00531970	FUN_00531970	5	CORPUS_REMAINDER	sem prioridade estrutural ou pista textual automática	UNMAPPED	CORPUS_ONLY	1	2	2	0
00531A00	FUN_00531a00	5	CORPUS_REMAINDER	sem prioridade estrutural ou pista textual automática	UNMAPPED	CORPUS_ONLY	1	1	1	0
0053274F	FUN_0053274f	5	CORPUS_REMAINDER	sem prioridade estrutural ou pista textual automática	UNMAPPED	CORPUS_ONLY	1	1	1	0
0053277E	FUN_0053277e	5	CORPUS_REMAINDER	sem prioridade estrutural ou pista textual automática	UNMAPPED	CORPUS_ONLY	2	0	2	0
00532916	FUN_00532916	5	CORPUS_REMAINDER	sem prioridade estrutural ou pista textual automática	UNMAPPED	CORPUS_ONLY	1	0	1	0
00534968	FUN_00534968	5	CORPUS_REMAINDER	sem prioridade estrutural ou pista textual automática	UNMAPPED	CORPUS_ONLY	8	4	12	0
00534A75	FUN_00534a75	5	CORPUS_REMAINDER	sem prioridade estrutural ou pista textual automática	UNMAPPED	CORPUS_ONLY	1	1	1	0
00534EBE	FUN_00534ebe	5	CORPUS_REMAINDER	sem prioridade estrutural ou pista textual automática	UNMAPPED	CORPUS_ONLY	1	6	1	0
00538691	FUN_00538691	5	CORPUS_REMAINDER	sem prioridade estrutural ou pista textual automática	UNMAPPED	CORPUS_ONLY	1	9	5	0
005396DC	FUN_005396dc	5	CORPUS_REMAINDER	sem prioridade estrutural ou pista textual automática	UNMAPPED	CORPUS_ONLY	1	1	5	0
0053976B	FUN_0053976b	5	CORPUS_REMAINDER	sem prioridade estrutural ou pista textual automática	UNMAPPED	CORPUS_ONLY	2	2	10	0
00539820	FUN_00539820	5	CORPUS_REMAINDER	sem prioridade estrutural ou pista textual automática	UNMAPPED	CORPUS_ONLY	1	1	5	0
005399CB	FUN_005399cb	5	CORPUS_REMAINDER	sem prioridade estrutural ou pista textual automática	UNMAPPED	CORPUS_ONLY	4	3	12	0
0053A4DE	FUN_0053a4de	5	CORPUS_REMAINDER	sem prioridade estrutural ou pista textual automática	UNMAPPED	CORPUS_ONLY	1	1	5	0
0053A8B9	FUN_0053a8b9	5	CORPUS_REMAINDER	sem prioridade estrutural ou pista textual automática	UNMAPPED	CORPUS_ONLY	1	1	5	0
0053A9B0	FUN_0053a9b0	5	CORPUS_REMAINDER	sem prioridade estrutural ou pista textual automática	UNMAPPED	CORPUS_ONLY	1	0	1	0
0053AA20	FUN_0053aa20	5	CORPUS_REMAINDER	sem prioridade estrutural ou pista textual automática	UNMAPPED	CORPUS_ONLY	1	2	1	0
0053AAD1	FUN_0053aad1	5	CORPUS_REMAINDER	sem prioridade estrutural ou pista textual automática	UNMAPPED	CORPUS_ONLY	1	1	1	0
0053CD40	FUN_0053cd40	5	CORPUS_REMAINDER	sem prioridade estrutural ou pista textual automática	UNMAPPED	CORPUS_ONLY	1	2	1	0
0053CDA9	FUN_0053cda9	5	CORPUS_REMAINDER	sem prioridade estrutural ou pista textual automática	UNMAPPED	CORPUS_ONLY	1	1	1	0
0053D6C0	FUN_0053d6c0	5	CORPUS_REMAINDER	sem prioridade estrutural ou pista textual automática	UNMAPPED	CORPUS_ONLY	2	3	2	0
0053D710	FUN_0053d710	5	CORPUS_REMAINDER	sem prioridade estrutural ou pista textual automática	UNMAPPED	CORPUS_ONLY	1	3	1	0
0053D86B	FUN_0053d86b	5	CORPUS_REMAINDER	sem prioridade estrutural ou pista textual automática	UNMAPPED	CORPUS_ONLY	1	1	1	0
0053DF40	FUN_0053df40	5	CORPUS_REMAINDER	sem prioridade estrutural ou pista textual automática	UNMAPPED	CORPUS_ONLY	1	4	2	0
0053E1D2	FUN_0053e1d2	5	CORPUS_REMAINDER	sem prioridade estrutural ou pista textual automática	UNMAPPED	CORPUS_ONLY	16	5	19	0
0053E26B	FUN_0053e26b	5	CORPUS_REMAINDER	sem prioridade estrutural ou pista textual automática	UNMAPPED	CORPUS_ONLY	33	2	33	0
0053E314	FUN_0053e314	5	CORPUS_REMAINDER	sem prioridade estrutural ou pista textual automática	UNMAPPED	CORPUS_ONLY	2	0	2	0
0053E324	FUN_0053e324	5	CORPUS_REMAINDER	sem prioridade estrutural ou pista textual automática	UNMAPPED	CORPUS_ONLY	1	2	1	0
0053E435	FUN_0053e435	5	CORPUS_REMAINDER	sem prioridade estrutural ou pista textual automática	UNMAPPED	CORPUS_ONLY	2	1	2	0
0053E47D	FUN_0053e47d	5	CORPUS_REMAINDER	sem prioridade estrutural ou pista textual automática	UNMAPPED	CORPUS_ONLY	9	0	9	0
0053E94B	FUN_0053e94b	5	CORPUS_REMAINDER	sem prioridade estrutural ou pista textual automática	UNMAPPED	CORPUS_ONLY	1	1	1	0
0053E98A	FUN_0053e98a	5	CORPUS_REMAINDER	sem prioridade estrutural ou pista textual automática	UNMAPPED	CORPUS_ONLY	2	0	2	0
0053EA45	FUN_0053ea45	5	CORPUS_REMAINDER	sem prioridade estrutural ou pista textual automática	UNMAPPED	CORPUS_ONLY	1	6	1	0
0053FA66	FUN_0053fa66	5	CORPUS_REMAINDER	sem prioridade estrutural ou pista textual automática	UNMAPPED	CORPUS_ONLY	2	5	2	0
00540EA3	FUN_00540ea3	5	CORPUS_REMAINDER	sem prioridade estrutural ou pista textual automática	UNMAPPED	CORPUS_ONLY	6	3	6	0
00540FB4	FUN_00540fb4	5	CORPUS_REMAINDER	sem prioridade estrutural ou pista textual automática	UNMAPPED	CORPUS_ONLY	1	1	1	0
00545730	FUN_00545730	5	CORPUS_REMAINDER	sem prioridade estrutural ou pista textual automática	UNMAPPED	CORPUS_ONLY	1	1	1	0
005457A4	FUN_005457a4	5	CORPUS_REMAINDER	sem prioridade estrutural ou pista textual automática	UNMAPPED	CORPUS_ONLY	1	1	1	0
00546DDA	FUN_00546dda	5	CORPUS_REMAINDER	sem prioridade estrutural ou pista textual automática	UNMAPPED	CORPUS_ONLY	1	3	1	0
00547240	FUN_00547240	5	CORPUS_REMAINDER	sem prioridade estrutural ou pista textual automática	UNMAPPED	CORPUS_ONLY	1	1	2	0
00547290	FUN_00547290	5	CORPUS_REMAINDER	sem prioridade estrutural ou pista textual automática	UNMAPPED	CORPUS_ONLY	1	3	1	0
00547361	FUN_00547361	5	CORPUS_REMAINDER	sem prioridade estrutural ou pista textual automática	UNMAPPED	CORPUS_ONLY	1	1	1	0
00547890	FUN_00547890	5	CORPUS_REMAINDER	sem prioridade estrutural ou pista textual automática	UNMAPPED	CORPUS_ONLY	4	7	4	0
00547DFC	FUN_00547dfc	5	CORPUS_REMAINDER	sem prioridade estrutural ou pista textual automática	UNMAPPED	CORPUS_ONLY	1	2	1	0
00549BBF	FUN_00549bbf	5	CORPUS_REMAINDER	sem prioridade estrutural ou pista textual automática	UNMAPPED	CORPUS_ONLY	8	1	22	0
00549D60	FUN_00549d60	5	CORPUS_REMAINDER	sem prioridade estrutural ou pista textual automática	UNMAPPED	CORPUS_ONLY	1	2	1	0
00549DBA	FUN_00549dba	5	CORPUS_REMAINDER	sem prioridade estrutural ou pista textual automática	UNMAPPED	CORPUS_ONLY	1	1	1	0
00549DD6	FUN_00549dd6	5	CORPUS_REMAINDER	sem prioridade estrutural ou pista textual automática	UNMAPPED	CORPUS_ONLY	2	1	4	0
0054AB2A	FUN_0054ab2a	5	CORPUS_REMAINDER	sem prioridade estrutural ou pista textual automática	UNMAPPED	CORPUS_ONLY	1	0	1	0
0054AB39	FUN_0054ab39	5	CORPUS_REMAINDER	sem prioridade estrutural ou pista textual automática	UNMAPPED	CORPUS_ONLY	1	0	1	0
0054AB48	FUN_0054ab48	5	CORPUS_REMAINDER	sem prioridade estrutural ou pista textual automática	UNMAPPED	CORPUS_ONLY	1	0	1	0
0054AB57	FUN_0054ab57	5	CORPUS_REMAINDER	sem prioridade estrutural ou pista textual automática	UNMAPPED	CORPUS_ONLY	1	0	1	0
0054AB66	FUN_0054ab66	5	CORPUS_REMAINDER	sem prioridade estrutural ou pista textual automática	UNMAPPED	CORPUS_ONLY	2	0	2	0
0054ABE3	FUN_0054abe3	5	CORPUS_REMAINDER	sem prioridade estrutural ou pista textual automática	UNMAPPED	CORPUS_ONLY	1	1	1	0
0054AC92	FUN_0054ac92	5	CORPUS_REMAINDER	sem prioridade estrutural ou pista textual automática	UNMAPPED	CORPUS_ONLY	1	0	2	0
0054ACE4	FUN_0054ace4	5	CORPUS_REMAINDER	sem prioridade estrutural ou pista textual automática	UNMAPPED	CORPUS_ONLY	1	0	1	0
0054AD41	FUN_0054ad41	5	CORPUS_REMAINDER	sem prioridade estrutural ou pista textual automática	UNMAPPED	CORPUS_ONLY	1	0	1	0
0054AD78	FUN_0054ad78	5	CORPUS_REMAINDER	sem prioridade estrutural ou pista textual automática	UNMAPPED	CORPUS_ONLY	1	0	1	0
0054ADBC	FUN_0054adbc	5	CORPUS_REMAINDER	sem prioridade estrutural ou pista textual automática	UNMAPPED	CORPUS_ONLY	1	2	30	0
0054AFBC	FUN_0054afbc	5	CORPUS_REMAINDER	sem prioridade estrutural ou pista textual automática	UNMAPPED	CORPUS_ONLY	1	1	1	0
0054B140	FUN_0054b140	5	CORPUS_REMAINDER	sem prioridade estrutural ou pista textual automática	UNMAPPED	CORPUS_ONLY	2	1	2	0
0054B14A	FUN_0054b14a	5	CORPUS_REMAINDER	sem prioridade estrutural ou pista textual automática	UNMAPPED	CORPUS_ONLY	1	4	1	0
0054B256	FUN_0054b256	5	CORPUS_REMAINDER	sem prioridade estrutural ou pista textual automática	UNMAPPED	CORPUS_ONLY	1	0	1	0
0054B2AC	FUN_0054b2ac	5	CORPUS_REMAINDER	sem prioridade estrutural ou pista textual automática	UNMAPPED	CORPUS_ONLY	1	0	1	0
0054C799	FUN_0054c799	5	CORPUS_REMAINDER	sem prioridade estrutural ou pista textual automática	UNMAPPED	CORPUS_ONLY	2	0	2	0
0054D4B6	FUN_0054d4b6	5	CORPUS_REMAINDER	sem prioridade estrutural ou pista textual automática	UNMAPPED	CORPUS_ONLY	2	1	3	0
0054DAAC	FUN_0054daac	5	CORPUS_REMAINDER	sem prioridade estrutural ou pista textual automática	UNMAPPED	CORPUS_ONLY	3	1	4	0
0054DD2F	FUN_0054dd2f	5	CORPUS_REMAINDER	sem prioridade estrutural ou pista textual automática	UNMAPPED	CORPUS_ONLY	2	0	2	0
0054DF49	FUN_0054df49	5	CORPUS_REMAINDER	sem prioridade estrutural ou pista textual automática	UNMAPPED	CORPUS_ONLY	5	0	34	0
0054E06C	FUN_0054e06c	5	CORPUS_REMAINDER	sem prioridade estrutural ou pista textual automática	UNMAPPED	CORPUS_ONLY	17	0	64	0
0054E41A	FUN_0054e41a	5	CORPUS_REMAINDER	sem prioridade estrutural ou pista textual automática	UNMAPPED	CORPUS_ONLY	2	0	2	0
0054E75A	FUN_0054e75a	5	CORPUS_REMAINDER	sem prioridade estrutural ou pista textual automática	UNMAPPED	CORPUS_ONLY	1	0	4	0
0054EB20	FUN_0054eb20	5	CORPUS_REMAINDER	sem prioridade estrutural ou pista textual automática	UNMAPPED	CORPUS_ONLY	7	2	38	0
0054EDE8	FUN_0054ede8	5	CORPUS_REMAINDER	sem prioridade estrutural ou pista textual automática	UNMAPPED	CORPUS_ONLY	1	1	1	0
0054EEE7	FUN_0054eee7	5	CORPUS_REMAINDER	sem prioridade estrutural ou pista textual automática	UNMAPPED	CORPUS_ONLY	2	1	3	0
0054F0F2	FUN_0054f0f2	5	CORPUS_REMAINDER	sem prioridade estrutural ou pista textual automática	UNMAPPED	CORPUS_ONLY	1	7	1	0
0054F18B	FUN_0054f18b	5	CORPUS_REMAINDER	sem prioridade estrutural ou pista textual automática	UNMAPPED	CORPUS_ONLY	4	0	4	0
0054F25A	FUN_0054f25a	5	CORPUS_REMAINDER	sem prioridade estrutural ou pista textual automática	UNMAPPED	CORPUS_ONLY	1	3	1	0
0054F2D9	FUN_0054f2d9	5	CORPUS_REMAINDER	sem prioridade estrutural ou pista textual automática	UNMAPPED	CORPUS_ONLY	3	0	3	0
0054F3D9	FUN_0054f3d9	5	CORPUS_REMAINDER	sem prioridade estrutural ou pista textual automática	UNMAPPED	CORPUS_ONLY	4	0	5	0
0054F5B5	FUN_0054f5b5	5	CORPUS_REMAINDER	sem prioridade estrutural ou pista textual automática	UNMAPPED	CORPUS_ONLY	1	5	1	0
0054FC81	FUN_0054fc81	5	CORPUS_REMAINDER	sem prioridade estrutural ou pista textual automática	UNMAPPED	CORPUS_ONLY	7	2	9	0
00552B9A	FUN_00552b9a	5	CORPUS_REMAINDER	sem prioridade estrutural ou pista textual automática	UNMAPPED	CORPUS_ONLY	1	0	2	0
00552D38	FUN_00552d38	5	CORPUS_REMAINDER	sem prioridade estrutural ou pista textual automática	UNMAPPED	CORPUS_ONLY	1	0	1	0
00552E21	FUN_00552e21	5	CORPUS_REMAINDER	sem prioridade estrutural ou pista textual automática	UNMAPPED	CORPUS_ONLY	3	0	4	0
00552F42	FUN_00552f42	5	CORPUS_REMAINDER	sem prioridade estrutural ou pista textual automática	UNMAPPED	CORPUS_ONLY	3	0	6	0
00552FDF	FUN_00552fdf	5	CORPUS_REMAINDER	sem prioridade estrutural ou pista textual automática	UNMAPPED	CORPUS_ONLY	2	0	3	0
00553016	FUN_00553016	5	CORPUS_REMAINDER	sem prioridade estrutural ou pista textual automática	UNMAPPED	CORPUS_ONLY	3	1	6	0
00553464	FUN_00553464	5	CORPUS_REMAINDER	sem prioridade estrutural ou pista textual automática	UNMAPPED	CORPUS_ONLY	2	3	2	0
00553930	FUN_00553930	5	CORPUS_REMAINDER	sem prioridade estrutural ou pista textual automática	UNMAPPED	CORPUS_ONLY	1	3	1	0
005551AF	FUN_005551af	5	CORPUS_REMAINDER	sem prioridade estrutural ou pista textual automática	UNMAPPED	CORPUS_ONLY	1	1	1	0
005554CC	FUN_005554cc	5	CORPUS_REMAINDER	sem prioridade estrutural ou pista textual automática	UNMAPPED	CORPUS_ONLY	4	0	4	0
00555790	FUN_00555790	5	CORPUS_REMAINDER	sem prioridade estrutural ou pista textual automática	UNMAPPED	CORPUS_ONLY	6	0	9	0
00555911	FUN_00555911	5	CORPUS_REMAINDER	sem prioridade estrutural ou pista textual automática	UNMAPPED	CORPUS_ONLY	3	0	3	0
00555AD8	FUN_00555ad8	5	CORPUS_REMAINDER	sem prioridade estrutural ou pista textual automática	UNMAPPED	CORPUS_ONLY	6	1	10	0
005563A0	FUN_005563a0	5	CORPUS_REMAINDER	sem prioridade estrutural ou pista textual automática	UNMAPPED	CORPUS_ONLY	10	0	30	0
00556416	FUN_00556416	5	CORPUS_REMAINDER	sem prioridade estrutural ou pista textual automática	UNMAPPED	CORPUS_ONLY	7	1	13	0
00556927	FUN_00556927	5	CORPUS_REMAINDER	sem prioridade estrutural ou pista textual automática	UNMAPPED	CORPUS_ONLY	2	0	2	0
00557556	FUN_00557556	5	CORPUS_REMAINDER	sem prioridade estrutural ou pista textual automática	UNMAPPED	CORPUS_ONLY	1	1	1	0
0055784D	FUN_0055784d	5	CORPUS_REMAINDER	sem prioridade estrutural ou pista textual automática	UNMAPPED	CORPUS_ONLY	1	3	1	0
00557A41	FUN_00557a41	5	CORPUS_REMAINDER	sem prioridade estrutural ou pista textual automática	UNMAPPED	CORPUS_ONLY	8	5	10	0
00557AFF	FUN_00557aff	5	CORPUS_REMAINDER	sem prioridade estrutural ou pista textual automática	UNMAPPED	CORPUS_ONLY	4	0	5	0
00558290	FUN_00558290	5	CORPUS_REMAINDER	sem prioridade estrutural ou pista textual automática	UNMAPPED	CORPUS_ONLY	3	6	3	0
0055888E	FUN_0055888e	5	CORPUS_REMAINDER	sem prioridade estrutural ou pista textual automática	UNMAPPED	CORPUS_ONLY	1	0	1	0
005588B2	FUN_005588b2	5	CORPUS_REMAINDER	sem prioridade estrutural ou pista textual automática	UNMAPPED	CORPUS_ONLY	3	0	3	0
00559EF5	FUN_00559ef5	5	CORPUS_REMAINDER	sem prioridade estrutural ou pista textual automática	UNMAPPED	CORPUS_ONLY	7	0	15	0
0055A170	FUN_0055a170	5	CORPUS_REMAINDER	sem prioridade estrutural ou pista textual automática	UNMAPPED	CORPUS_ONLY	2	2	2	0
0055A2A3	FUN_0055a2a3	5	CORPUS_REMAINDER	sem prioridade estrutural ou pista textual automática	UNMAPPED	CORPUS_ONLY	1	3	1	0
0055A324	FUN_0055a324	5	CORPUS_REMAINDER	sem prioridade estrutural ou pista textual automática	UNMAPPED	CORPUS_ONLY	1	6	4	0
0055A483	FUN_0055a483	5	CORPUS_REMAINDER	sem prioridade estrutural ou pista textual automática	UNMAPPED	CORPUS_ONLY	1	3	2	0
0055A529	FUN_0055a529	5	CORPUS_REMAINDER	sem prioridade estrutural ou pista textual automática	UNMAPPED	CORPUS_ONLY	1	3	2	0
0055A581	FUN_0055a581	5	CORPUS_REMAINDER	sem prioridade estrutural ou pista textual automática	UNMAPPED	CORPUS_ONLY	1	1	1	0
0055A626	FUN_0055a626	5	CORPUS_REMAINDER	sem prioridade estrutural ou pista textual automática	UNMAPPED	CORPUS_ONLY	3	1	6	0
0055A678	FUN_0055a678	5	CORPUS_REMAINDER	sem prioridade estrutural ou pista textual automática	UNMAPPED	CORPUS_ONLY	2	0	3	0
0055A6BA	FUN_0055a6ba	5	CORPUS_REMAINDER	sem prioridade estrutural ou pista textual automática	UNMAPPED	CORPUS_ONLY	1	1	2	0
0055A709	FUN_0055a709	5	CORPUS_REMAINDER	sem prioridade estrutural ou pista textual automática	UNMAPPED	CORPUS_ONLY	3	0	3	0
0055A74D	FUN_0055a74d	5	CORPUS_REMAINDER	sem prioridade estrutural ou pista textual automática	UNMAPPED	CORPUS_ONLY	1	1	1	0
0055A7B4	FUN_0055a7b4	5	CORPUS_REMAINDER	sem prioridade estrutural ou pista textual automática	UNMAPPED	CORPUS_ONLY	1	1	4	0
0055A815	FUN_0055a815	5	CORPUS_REMAINDER	sem prioridade estrutural ou pista textual automática	UNMAPPED	CORPUS_ONLY	1	1	1	0
0055A99D	FUN_0055a99d	5	CORPUS_REMAINDER	sem prioridade estrutural ou pista textual automática	UNMAPPED	CORPUS_ONLY	1	3	1	0
0055AAD5	FUN_0055aad5	5	CORPUS_REMAINDER	sem prioridade estrutural ou pista textual automática	UNMAPPED	CORPUS_ONLY	1	0	1	0
0055ABA9	FUN_0055aba9	5	CORPUS_REMAINDER	sem prioridade estrutural ou pista textual automática	UNMAPPED	CORPUS_ONLY	1	2	1	0
0055AD65	FUN_0055ad65	5	CORPUS_REMAINDER	sem prioridade estrutural ou pista textual automática	UNMAPPED	CORPUS_ONLY	2	4	2	0
0055ADF6	FUN_0055adf6	5	CORPUS_REMAINDER	sem prioridade estrutural ou pista textual automática	UNMAPPED	CORPUS_ONLY	1	5	1	0
0055B176	FUN_0055b176	5	CORPUS_REMAINDER	sem prioridade estrutural ou pista textual automática	UNMAPPED	CORPUS_ONLY	1	1	1	0
0055B288	FUN_0055b288	5	CORPUS_REMAINDER	sem prioridade estrutural ou pista textual automática	UNMAPPED	CORPUS_ONLY	2	0	2	0
0055B299	FUN_0055b299	5	CORPUS_REMAINDER	sem prioridade estrutural ou pista textual automática	UNMAPPED	CORPUS_ONLY	1	6	1	0
0055B42F	FUN_0055b42f	5	CORPUS_REMAINDER	sem prioridade estrutural ou pista textual automática	UNMAPPED	CORPUS_ONLY	1	8	1	0
0055B530	FUN_0055b530	5	CORPUS_REMAINDER	sem prioridade estrutural ou pista textual automática	UNMAPPED	CORPUS_ONLY	1	2	1	0
0055CF8F	FUN_0055cf8f	5	CORPUS_REMAINDER	sem prioridade estrutural ou pista textual automática	UNMAPPED	CORPUS_ONLY	1	4	1	0
0055F24B	FUN_0055f24b	5	CORPUS_REMAINDER	sem prioridade estrutural ou pista textual automática	UNMAPPED	CORPUS_ONLY	1	1	1	0
0055F3D6	FUN_0055f3d6	5	CORPUS_REMAINDER	sem prioridade estrutural ou pista textual automática	UNMAPPED	CORPUS_ONLY	1	0	1	0
0055FAB2	FUN_0055fab2	5	CORPUS_REMAINDER	sem prioridade estrutural ou pista textual automática	UNMAPPED	CORPUS_ONLY	6	0	7	0
0055FAD6	FUN_0055fad6	5	CORPUS_REMAINDER	sem prioridade estrutural ou pista textual automática	UNMAPPED	CORPUS_ONLY	2	0	2	0
0055FB4B	FUN_0055fb4b	5	CORPUS_REMAINDER	sem prioridade estrutural ou pista textual automática	UNMAPPED	CORPUS_ONLY	1	2	1	0
0055FC9B	FUN_0055fc9b	5	CORPUS_REMAINDER	sem prioridade estrutural ou pista textual automática	UNMAPPED	CORPUS_ONLY	2	0	2	0
0055FCCC	FUN_0055fccc	5	CORPUS_REMAINDER	sem prioridade estrutural ou pista textual automática	UNMAPPED	CORPUS_ONLY	2	6	3	0
0055FDAB	FUN_0055fdab	5	CORPUS_REMAINDER	sem prioridade estrutural ou pista textual automática	UNMAPPED	CORPUS_ONLY	1	8	1	0
0055FE7B	FUN_0055fe7b	5	CORPUS_REMAINDER	sem prioridade estrutural ou pista textual automática	UNMAPPED	CORPUS_ONLY	2	6	3	0
0055FF4E	FUN_0055ff4e	5	CORPUS_REMAINDER	sem prioridade estrutural ou pista textual automática	UNMAPPED	CORPUS_ONLY	2	2	2	0
00560278	FUN_00560278	5	CORPUS_REMAINDER	sem prioridade estrutural ou pista textual automática	UNMAPPED	CORPUS_ONLY	1	1	1	0
005602A0	FUN_005602a0	5	CORPUS_REMAINDER	sem prioridade estrutural ou pista textual automática	UNMAPPED	CORPUS_ONLY	1	1	2	0
00560328	FUN_00560328	5	CORPUS_REMAINDER	sem prioridade estrutural ou pista textual automática	UNMAPPED	CORPUS_ONLY	1	5	1	0
005604CE	FUN_005604ce	5	CORPUS_REMAINDER	sem prioridade estrutural ou pista textual automática	UNMAPPED	CORPUS_ONLY	1	4	1	0
00560554	FUN_00560554	5	CORPUS_REMAINDER	sem prioridade estrutural ou pista textual automática	UNMAPPED	CORPUS_ONLY	1	2	1	0
00560838	FUN_00560838	5	CORPUS_REMAINDER	sem prioridade estrutural ou pista textual automática	UNMAPPED	CORPUS_ONLY	1	11	1	0
00560EAB	FUN_00560eab	5	CORPUS_REMAINDER	sem prioridade estrutural ou pista textual automática	UNMAPPED	CORPUS_ONLY	6	1	9	0
00560EEB	FUN_00560eeb	5	CORPUS_REMAINDER	sem prioridade estrutural ou pista textual automática	UNMAPPED	CORPUS_ONLY	1	2	2	0
00560F07	FUN_00560f07	5	CORPUS_REMAINDER	sem prioridade estrutural ou pista textual automática	UNMAPPED	CORPUS_ONLY	2	4	2	0
00560F73	FUN_00560f73	5	CORPUS_REMAINDER	sem prioridade estrutural ou pista textual automática	UNMAPPED	CORPUS_ONLY	6	0	11	0
00560FAD	thunk_FUN_00560fa0	5	CORPUS_REMAINDER	sem prioridade estrutural ou pista textual automática	UNMAPPED	CORPUS_ONLY	1	0	1	0
00560FB3	FUN_00560fb3	5	CORPUS_REMAINDER	sem prioridade estrutural ou pista textual automática	UNMAPPED	CORPUS_ONLY	1	2	1	0
0056106B	FUN_0056106b	5	CORPUS_REMAINDER	sem prioridade estrutural ou pista textual automática	UNMAPPED	CORPUS_ONLY	1	2	1	0
00561144	FUN_00561144	5	CORPUS_REMAINDER	sem prioridade estrutural ou pista textual automática	UNMAPPED	CORPUS_ONLY	1	2	1	0
005611EA	thunk_FUN_005611dd	5	CORPUS_REMAINDER	sem prioridade estrutural ou pista textual automática	UNMAPPED	CORPUS_ONLY	11	0	15	0
005612C8	FUN_005612c8	5	CORPUS_REMAINDER	sem prioridade estrutural ou pista textual automática	UNMAPPED	CORPUS_ONLY	1	2	1	0
005613C3	FUN_005613c3	5	CORPUS_REMAINDER	sem prioridade estrutural ou pista textual automática	UNMAPPED	CORPUS_ONLY	1	2	1	0
0056145C	thunk_FUN_0056144f	5	CORPUS_REMAINDER	sem prioridade estrutural ou pista textual automática	UNMAPPED	CORPUS_ONLY	3	0	22	0
0056146F	thunk_FUN_00561462	5	CORPUS_REMAINDER	sem prioridade estrutural ou pista textual automática	UNMAPPED	CORPUS_ONLY	12	0	26	0
005614F9	thunk_FUN_005614e8	5	CORPUS_REMAINDER	sem prioridade estrutural ou pista textual automática	UNMAPPED	CORPUS_ONLY	3	0	3	0
00561715	FUN_00561715	5	CORPUS_REMAINDER	sem prioridade estrutural ou pista textual automática	UNMAPPED	CORPUS_ONLY	1	2	1	0
00561832	FUN_00561832	5	CORPUS_REMAINDER	sem prioridade estrutural ou pista textual automática	UNMAPPED	CORPUS_ONLY	1	2	1	0
00561A68	thunk_FUN_00561a5b	5	CORPUS_REMAINDER	sem prioridade estrutural ou pista textual automática	UNMAPPED	CORPUS_ONLY	24	0	83	0
00561CB1	thunk_FUN_00561ca4	5	CORPUS_REMAINDER	sem prioridade estrutural ou pista textual automática	UNMAPPED	CORPUS_ONLY	5	0	6	0
00561D31	thunk_FUN_00561d24	5	CORPUS_REMAINDER	sem prioridade estrutural ou pista textual automática	UNMAPPED	CORPUS_ONLY	1	0	1	0
00561F7A	thunk_FUN_00561f6d	5	CORPUS_REMAINDER	sem prioridade estrutural ou pista textual automática	UNMAPPED	CORPUS_ONLY	3	0	3	0
0056230D	FUN_0056230d	5	CORPUS_REMAINDER	sem prioridade estrutural ou pista textual automática	UNMAPPED	CORPUS_ONLY	1	2	2	0
0056233B	thunk_FUN_0056230d	5	CORPUS_REMAINDER	sem prioridade estrutural ou pista textual automática	UNMAPPED	CORPUS_ONLY	16	0	23	0
0056239D	FUN_0056239d	5	CORPUS_REMAINDER	sem prioridade estrutural ou pista textual automática	UNMAPPED	CORPUS_ONLY	1	2	2	0
005623CB	thunk_FUN_0056239d	5	CORPUS_REMAINDER	sem prioridade estrutural ou pista textual automática	UNMAPPED	CORPUS_ONLY	19	0	36	0
0056242D	FUN_0056242d	5	CORPUS_REMAINDER	sem prioridade estrutural ou pista textual automática	UNMAPPED	CORPUS_ONLY	1	2	2	0
00562449	thunk_FUN_0056242d	5	CORPUS_REMAINDER	sem prioridade estrutural ou pista textual automática	UNMAPPED	CORPUS_ONLY	2	0	3	0
005624C9	FUN_005624c9	5	CORPUS_REMAINDER	sem prioridade estrutural ou pista textual automática	UNMAPPED	CORPUS_ONLY	1	2	2	0
005624E5	thunk_FUN_005624c9	5	CORPUS_REMAINDER	sem prioridade estrutural ou pista textual automática	UNMAPPED	CORPUS_ONLY	3	0	4	0
00562566	FUN_00562566	5	CORPUS_REMAINDER	sem prioridade estrutural ou pista textual automática	UNMAPPED	CORPUS_ONLY	1	2	2	0
00562582	thunk_FUN_00562566	5	CORPUS_REMAINDER	sem prioridade estrutural ou pista textual automática	UNMAPPED	CORPUS_ONLY	1	0	1	0
00562604	FUN_00562604	5	CORPUS_REMAINDER	sem prioridade estrutural ou pista textual automática	UNMAPPED	CORPUS_ONLY	1	2	2	0
00562624	thunk_FUN_00562604	5	CORPUS_REMAINDER	sem prioridade estrutural ou pista textual automática	UNMAPPED	CORPUS_ONLY	2	0	2	0
00562739	thunk_FUN_0056272c	5	CORPUS_REMAINDER	sem prioridade estrutural ou pista textual automática	UNMAPPED	CORPUS_ONLY	6	0	10	0
00562821	FUN_00562821	5	CORPUS_REMAINDER	sem prioridade estrutural ou pista textual automática	UNMAPPED	CORPUS_ONLY	1	2	2	0
0056284F	thunk_FUN_00562821	5	CORPUS_REMAINDER	sem prioridade estrutural ou pista textual automática	UNMAPPED	CORPUS_ONLY	14	0	32	0
00562866	thunk_FUN_00562855	5	CORPUS_REMAINDER	sem prioridade estrutural ou pista textual automática	UNMAPPED	CORPUS_ONLY	1	0	1	0
00562979	FUN_00562979	5	CORPUS_REMAINDER	sem prioridade estrutural ou pista textual automática	UNMAPPED	CORPUS_ONLY	2	0	3	0
00562ADE	thunk_FUN_00562ad1	5	CORPUS_REMAINDER	sem prioridade estrutural ou pista textual automática	UNMAPPED	CORPUS_ONLY	2	0	6	0
00562C18	FUN_00562c18	5	CORPUS_REMAINDER	sem prioridade estrutural ou pista textual automática	UNMAPPED	CORPUS_ONLY	1	2	1	0
00562C94	FUN_00562c94	5	CORPUS_REMAINDER	sem prioridade estrutural ou pista textual automática	UNMAPPED	CORPUS_ONLY	1	2	2	0
00562CC2	thunk_FUN_00562c94	5	CORPUS_REMAINDER	sem prioridade estrutural ou pista textual automática	UNMAPPED	CORPUS_ONLY	1	0	1	0
005630FC	FUN_005630fc	5	CORPUS_REMAINDER	sem prioridade estrutural ou pista textual automática	UNMAPPED	CORPUS_ONLY	1	2	2	0
00563120	thunk_FUN_005630fc	5	CORPUS_REMAINDER	sem prioridade estrutural ou pista textual automática	UNMAPPED	CORPUS_ONLY	4	0	11	0
00563209	FUN_00563209	5	CORPUS_REMAINDER	sem prioridade estrutural ou pista textual automática	UNMAPPED	CORPUS_ONLY	1	2	1	0
00563362	thunk_FUN_00563355	5	CORPUS_REMAINDER	sem prioridade estrutural ou pista textual automática	UNMAPPED	CORPUS_ONLY	2	0	2	0
005640D2	FUN_005640d2	5	CORPUS_REMAINDER	sem prioridade estrutural ou pista textual automática	UNMAPPED	CORPUS_ONLY	3	1	3	0
0056478D	FUN_0056478d	5	CORPUS_REMAINDER	sem prioridade estrutural ou pista textual automática	UNMAPPED	CORPUS_ONLY	1	2	1	0
005647E0	FUN_005647e0	5	CORPUS_REMAINDER	sem prioridade estrutural ou pista textual automática	UNMAPPED	CORPUS_ONLY	1	0	1	0
005649C7	FUN_005649c7	5	CORPUS_REMAINDER	sem prioridade estrutural ou pista textual automática	UNMAPPED	CORPUS_ONLY	7	1	30	0
00564A94	FUN_00564a94	5	CORPUS_REMAINDER	sem prioridade estrutural ou pista textual automática	UNMAPPED	CORPUS_ONLY	3	0	4	0
00564AAD	FUN_00564aad	5	CORPUS_REMAINDER	sem prioridade estrutural ou pista textual automática	UNMAPPED	CORPUS_ONLY	6	2	7	0
00564B06	FUN_00564b06	5	CORPUS_REMAINDER	sem prioridade estrutural ou pista textual automática	UNMAPPED	CORPUS_ONLY	1	2	2	0
00564B22	FUN_00564b22	5	CORPUS_REMAINDER	sem prioridade estrutural ou pista textual automática	UNMAPPED	CORPUS_ONLY	1	1	1	0
00564BE5	FUN_00564be5	5	CORPUS_REMAINDER	sem prioridade estrutural ou pista textual automática	UNMAPPED	CORPUS_ONLY	2	1	2	0
005652FB	FUN_005652fb	5	CORPUS_REMAINDER	sem prioridade estrutural ou pista textual automática	UNMAPPED	CORPUS_ONLY	1	1	1	0
00565621	FUN_00565621	5	CORPUS_REMAINDER	sem prioridade estrutural ou pista textual automática	UNMAPPED	CORPUS_ONLY	1	10	1	0
00565891	FUN_00565891	5	CORPUS_REMAINDER	sem prioridade estrutural ou pista textual automática	UNMAPPED	CORPUS_ONLY	1	1	1	0
00565D38	FUN_00565d38	5	CORPUS_REMAINDER	sem prioridade estrutural ou pista textual automática	UNMAPPED	CORPUS_ONLY	1	3	1	0
005665A3	FUN_005665a3	5	CORPUS_REMAINDER	sem prioridade estrutural ou pista textual automática	UNMAPPED	CORPUS_ONLY	1	3	1	0
005668E4	FUN_005668e4	5	CORPUS_REMAINDER	sem prioridade estrutural ou pista textual automática	UNMAPPED	CORPUS_ONLY	1	2	1	0
00566E55	FUN_00566e55	5	CORPUS_REMAINDER	sem prioridade estrutural ou pista textual automática	UNMAPPED	CORPUS_ONLY	1	1	1	0
00566E85	FUN_00566e85	5	CORPUS_REMAINDER	sem prioridade estrutural ou pista textual automática	UNMAPPED	CORPUS_ONLY	1	10	1	0
0056705A	FUN_0056705a	5	CORPUS_REMAINDER	sem prioridade estrutural ou pista textual automática	UNMAPPED	CORPUS_ONLY	3	0	3	0
00567064	FUN_00567064	5	CORPUS_REMAINDER	sem prioridade estrutural ou pista textual automática	UNMAPPED	CORPUS_ONLY	4	0	6	0
00567098	FUN_00567098	5	CORPUS_REMAINDER	sem prioridade estrutural ou pista textual automática	UNMAPPED	CORPUS_ONLY	2	3	5	0
00567355	FUN_00567355	5	CORPUS_REMAINDER	sem prioridade estrutural ou pista textual automática	UNMAPPED	CORPUS_ONLY	2	2	2	0
005673A1	FUN_005673a1	5	CORPUS_REMAINDER	sem prioridade estrutural ou pista textual automática	UNMAPPED	CORPUS_ONLY	1	7	1	0
00567815	FUN_00567815	5	CORPUS_REMAINDER	sem prioridade estrutural ou pista textual automática	UNMAPPED	CORPUS_ONLY	1	0	1	0
005679A3	FUN_005679a3	5	CORPUS_REMAINDER	sem prioridade estrutural ou pista textual automática	UNMAPPED	CORPUS_ONLY	1	0	2	0
00567AC9	FUN_00567ac9	5	CORPUS_REMAINDER	sem prioridade estrutural ou pista textual automática	UNMAPPED	CORPUS_ONLY	1	1	1	0
00567CF8	FUN_00567cf8	5	CORPUS_REMAINDER	sem prioridade estrutural ou pista textual automática	UNMAPPED	CORPUS_ONLY	1	1	1	0
00567D30	FUN_00567d30	5	CORPUS_REMAINDER	sem prioridade estrutural ou pista textual automática	UNMAPPED	CORPUS_ONLY	1	1	1	0
00567D5F	FUN_00567d5f	5	CORPUS_REMAINDER	sem prioridade estrutural ou pista textual automática	UNMAPPED	CORPUS_ONLY	1	1	1	0
00567D90	FUN_00567d90	5	CORPUS_REMAINDER	sem prioridade estrutural ou pista textual automática	UNMAPPED	CORPUS_ONLY	1	0	1	0
00567EE0	FUN_00567ee0	5	CORPUS_REMAINDER	sem prioridade estrutural ou pista textual automática	UNMAPPED	CORPUS_ONLY	1	0	1	0
00568004	FUN_00568004	5	CORPUS_REMAINDER	sem prioridade estrutural ou pista textual automática	UNMAPPED	CORPUS_ONLY	1	0	1	0
00568153	FUN_00568153	5	CORPUS_REMAINDER	sem prioridade estrutural ou pista textual automática	UNMAPPED	CORPUS_ONLY	1	0	1	0
005682A6	FUN_005682a6	5	CORPUS_REMAINDER	sem prioridade estrutural ou pista textual automática	UNMAPPED	CORPUS_ONLY	1	0	1	0
005683E5	FUN_005683e5	5	CORPUS_REMAINDER	sem prioridade estrutural ou pista textual automática	UNMAPPED	CORPUS_ONLY	1	0	1	0
00568480	FUN_00568480	5	CORPUS_REMAINDER	sem prioridade estrutural ou pista textual automática	UNMAPPED	CORPUS_ONLY	1	0	1	0
005685CC	FUN_005685cc	5	CORPUS_REMAINDER	sem prioridade estrutural ou pista textual automática	UNMAPPED	CORPUS_ONLY	1	0	1	0
005686ED	FUN_005686ed	5	CORPUS_REMAINDER	sem prioridade estrutural ou pista textual automática	UNMAPPED	CORPUS_ONLY	1	0	1	0
00568839	FUN_00568839	5	CORPUS_REMAINDER	sem prioridade estrutural ou pista textual automática	UNMAPPED	CORPUS_ONLY	1	0	1	0
00568978	FUN_00568978	5	CORPUS_REMAINDER	sem prioridade estrutural ou pista textual automática	UNMAPPED	CORPUS_ONLY	1	1	1	0
00568AB0	FUN_00568ab0	5	CORPUS_REMAINDER	sem prioridade estrutural ou pista textual automática	UNMAPPED	CORPUS_ONLY	1	4	1	0
00568BA1	FUN_00568ba1	5	CORPUS_REMAINDER	sem prioridade estrutural ou pista textual automática	UNMAPPED	CORPUS_ONLY	1	4	1	0
00568DA3	FUN_00568da3	5	CORPUS_REMAINDER	sem prioridade estrutural ou pista textual automática	UNMAPPED	CORPUS_ONLY	1	4	1	0
005693CA	FUN_005693ca	5	CORPUS_REMAINDER	sem prioridade estrutural ou pista textual automática	UNMAPPED	CORPUS_ONLY	1	4	1	0
0056995C	FUN_0056995c	5	CORPUS_REMAINDER	sem prioridade estrutural ou pista textual automática	UNMAPPED	CORPUS_ONLY	1	5	1	0
00569D42	FUN_00569d42	5	CORPUS_REMAINDER	sem prioridade estrutural ou pista textual automática	UNMAPPED	CORPUS_ONLY	1	5	1	0
0056A473	FUN_0056a473	5	CORPUS_REMAINDER	sem prioridade estrutural ou pista textual automática	UNMAPPED	CORPUS_ONLY	1	7	1	0
0056A92F	FUN_0056a92f	5	CORPUS_REMAINDER	sem prioridade estrutural ou pista textual automática	UNMAPPED	CORPUS_ONLY	3	0	3	0
0056A93F	FUN_0056a93f	5	CORPUS_REMAINDER	sem prioridade estrutural ou pista textual automática	UNMAPPED	CORPUS_ONLY	1	0	2	0
0056A9A8	FUN_0056a9a8	5	CORPUS_REMAINDER	sem prioridade estrutural ou pista textual automática	UNMAPPED	CORPUS_ONLY	2	0	2	0
0056A9AE	FUN_0056a9ae	5	CORPUS_REMAINDER	sem prioridade estrutural ou pista textual automática	UNMAPPED	CORPUS_ONLY	1	0	2	0
0056A9C4	FUN_0056a9c4	5	CORPUS_REMAINDER	sem prioridade estrutural ou pista textual automática	UNMAPPED	CORPUS_ONLY	4	0	4	0
0056A9C9	FUN_0056a9c9	5	CORPUS_REMAINDER	sem prioridade estrutural ou pista textual automática	UNMAPPED	CORPUS_ONLY	3	2	3	0
0056ADDC	thunk_FUN_0056a9ae	5	CORPUS_REMAINDER	sem prioridade estrutural ou pista textual automática	UNMAPPED	CORPUS_ONLY	2	0	2	0
0056ADE1	FUN_0056ade1	5	CORPUS_REMAINDER	sem prioridade estrutural ou pista textual automática	UNMAPPED	CORPUS_ONLY	2	2	2	0
0056B13C	FUN_0056b13c	5	CORPUS_REMAINDER	sem prioridade estrutural ou pista textual automática	UNMAPPED	CORPUS_ONLY	6	1	7	0
0056B152	FUN_0056b152	5	CORPUS_REMAINDER	sem prioridade estrutural ou pista textual automática	UNMAPPED	CORPUS_ONLY	33	0	33	0
0056B449	FUN_0056b449	5	CORPUS_REMAINDER	sem prioridade estrutural ou pista textual automática	UNMAPPED	CORPUS_ONLY	1	3	2	0
0056B906	FUN_0056b906	5	CORPUS_REMAINDER	sem prioridade estrutural ou pista textual automática	UNMAPPED	CORPUS_ONLY	32	1	32	0
0056BB6E	FUN_0056bb6e	5	CORPUS_REMAINDER	sem prioridade estrutural ou pista textual automática	UNMAPPED	CORPUS_ONLY	1	3	1	0
0056BCB5	FUN_0056bcb5	5	CORPUS_REMAINDER	sem prioridade estrutural ou pista textual automática	UNMAPPED	CORPUS_ONLY	28	0	30	0
0056EC35	FUN_0056ec35	5	CORPUS_REMAINDER	sem prioridade estrutural ou pista textual automática	UNMAPPED	CORPUS_ONLY	2	4	2	0
0056ED2D	FUN_0056ed2d	5	CORPUS_REMAINDER	sem prioridade estrutural ou pista textual automática	UNMAPPED	CORPUS_ONLY	1	1	1	0
0056ED49	FUN_0056ed49	5	CORPUS_REMAINDER	sem prioridade estrutural ou pista textual automática	UNMAPPED	CORPUS_ONLY	2	0	2	0
0056EF35	FUN_0056ef35	5	CORPUS_REMAINDER	sem prioridade estrutural ou pista textual automática	UNMAPPED	CORPUS_ONLY	1	1	1	0
0056EF51	FUN_0056ef51	5	CORPUS_REMAINDER	sem prioridade estrutural ou pista textual automática	UNMAPPED	CORPUS_ONLY	1	1	1	0
0056EF6D	FUN_0056ef6d	5	CORPUS_REMAINDER	sem prioridade estrutural ou pista textual automática	UNMAPPED	CORPUS_ONLY	1	1	1	0
0056EF89	FUN_0056ef89	5	CORPUS_REMAINDER	sem prioridade estrutural ou pista textual automática	UNMAPPED	CORPUS_ONLY	1	1	2	0
0056F276	FUN_0056f276	5	CORPUS_REMAINDER	sem prioridade estrutural ou pista textual automática	UNMAPPED	CORPUS_ONLY	1	1	1	0
0056F292	FUN_0056f292	5	CORPUS_REMAINDER	sem prioridade estrutural ou pista textual automática	UNMAPPED	CORPUS_ONLY	1	1	1	0
0056F2AE	FUN_0056f2ae	5	CORPUS_REMAINDER	sem prioridade estrutural ou pista textual automática	UNMAPPED	CORPUS_ONLY	1	1	1	0
0056F2CA	FUN_0056f2ca	5	CORPUS_REMAINDER	sem prioridade estrutural ou pista textual automática	UNMAPPED	CORPUS_ONLY	1	1	1	0
0056F2E6	FUN_0056f2e6	5	CORPUS_REMAINDER	sem prioridade estrutural ou pista textual automática	UNMAPPED	CORPUS_ONLY	1	1	1	0
0056F38F	FUN_0056f38f	5	CORPUS_REMAINDER	sem prioridade estrutural ou pista textual automática	UNMAPPED	CORPUS_ONLY	1	1	1	0
0056F41A	FUN_0056f41a	5	CORPUS_REMAINDER	sem prioridade estrutural ou pista textual automática	UNMAPPED	CORPUS_ONLY	5	1	5	0
0056F60C	FUN_0056f60c	5	CORPUS_REMAINDER	sem prioridade estrutural ou pista textual automática	UNMAPPED	CORPUS_ONLY	1	1	1	0
0056F628	FUN_0056f628	5	CORPUS_REMAINDER	sem prioridade estrutural ou pista textual automática	UNMAPPED	CORPUS_ONLY	1	1	1	0
0056F644	FUN_0056f644	5	CORPUS_REMAINDER	sem prioridade estrutural ou pista textual automática	UNMAPPED	CORPUS_ONLY	1	1	1	0
0056F660	FUN_0056f660	5	CORPUS_REMAINDER	sem prioridade estrutural ou pista textual automática	UNMAPPED	CORPUS_ONLY	1	1	1	0
0056F698	FUN_0056f698	5	CORPUS_REMAINDER	sem prioridade estrutural ou pista textual automática	UNMAPPED	CORPUS_ONLY	1	1	1	0
0056F6B4	FUN_0056f6b4	5	CORPUS_REMAINDER	sem prioridade estrutural ou pista textual automática	UNMAPPED	CORPUS_ONLY	1	1	1	0
0056F7D1	FUN_0056f7d1	5	CORPUS_REMAINDER	sem prioridade estrutural ou pista textual automática	UNMAPPED	CORPUS_ONLY	1	1	1	0
0056F7ED	thunk_FUN_0056b13c	5	CORPUS_REMAINDER	sem prioridade estrutural ou pista textual automática	UNMAPPED	CORPUS_ONLY	1	0	1	0
0056F7F2	FUN_0056f7f2	5	CORPUS_REMAINDER	sem prioridade estrutural ou pista textual automática	UNMAPPED	CORPUS_ONLY	1	1	1	0
0056F80E	FUN_0056f80e	5	CORPUS_REMAINDER	sem prioridade estrutural ou pista textual automática	UNMAPPED	CORPUS_ONLY	1	1	1	0
0056F82A	FUN_0056f82a	5	CORPUS_REMAINDER	sem prioridade estrutural ou pista textual automática	UNMAPPED	CORPUS_ONLY	1	1	1	0
0056F846	FUN_0056f846	5	CORPUS_REMAINDER	sem prioridade estrutural ou pista textual automática	UNMAPPED	CORPUS_ONLY	1	1	1	0
0056F862	FUN_0056f862	5	CORPUS_REMAINDER	sem prioridade estrutural ou pista textual automática	UNMAPPED	CORPUS_ONLY	1	1	1	0
0056F87E	FUN_0056f87e	5	CORPUS_REMAINDER	sem prioridade estrutural ou pista textual automática	UNMAPPED	CORPUS_ONLY	1	1	1	0
0056F89A	FUN_0056f89a	5	CORPUS_REMAINDER	sem prioridade estrutural ou pista textual automática	UNMAPPED	CORPUS_ONLY	1	1	1	0
0056FB5F	FUN_0056fb5f	5	CORPUS_REMAINDER	sem prioridade estrutural ou pista textual automática	UNMAPPED	CORPUS_ONLY	1	1	1	0
0056FB7B	FUN_0056fb7b	5	CORPUS_REMAINDER	sem prioridade estrutural ou pista textual automática	UNMAPPED	CORPUS_ONLY	1	1	1	0
0056FB97	FUN_0056fb97	5	CORPUS_REMAINDER	sem prioridade estrutural ou pista textual automática	UNMAPPED	CORPUS_ONLY	1	1	1	0
0056FBB3	FUN_0056fbb3	5	CORPUS_REMAINDER	sem prioridade estrutural ou pista textual automática	UNMAPPED	CORPUS_ONLY	1	1	1	0
0056FBCF	FUN_0056fbcf	5	CORPUS_REMAINDER	sem prioridade estrutural ou pista textual automática	UNMAPPED	CORPUS_ONLY	1	1	1	0
0056FBEB	FUN_0056fbeb	5	CORPUS_REMAINDER	sem prioridade estrutural ou pista textual automática	UNMAPPED	CORPUS_ONLY	1	1	1	0
0056FC07	FUN_0056fc07	5	CORPUS_REMAINDER	sem prioridade estrutural ou pista textual automática	UNMAPPED	CORPUS_ONLY	1	1	1	0
0056FC1F	thunk_FUN_0056b449	5	CORPUS_REMAINDER	sem prioridade estrutural ou pista textual automática	UNMAPPED	CORPUS_ONLY	1	0	1	0
0056FC24	FUN_0056fc24	5	CORPUS_REMAINDER	sem prioridade estrutural ou pista textual automática	UNMAPPED	CORPUS_ONLY	1	1	1	0
0056FC3C	FUN_0056fc3c	5	CORPUS_REMAINDER	sem prioridade estrutural ou pista textual automática	UNMAPPED	CORPUS_ONLY	1	1	1	0
0056FC54	FUN_0056fc54	5	CORPUS_REMAINDER	sem prioridade estrutural ou pista textual automática	UNMAPPED	CORPUS_ONLY	1	1	1	0
0056FC6C	FUN_0056fc6c	5	CORPUS_REMAINDER	sem prioridade estrutural ou pista textual automática	UNMAPPED	CORPUS_ONLY	1	1	1	0
0056FCE9	FUN_0056fce9	5	CORPUS_REMAINDER	sem prioridade estrutural ou pista textual automática	UNMAPPED	CORPUS_ONLY	1	1	1	0
0056FD01	FUN_0056fd01	5	CORPUS_REMAINDER	sem prioridade estrutural ou pista textual automática	UNMAPPED	CORPUS_ONLY	1	1	1	0
005704AD	thunk_FUN_0056fca0	5	CORPUS_REMAINDER	sem prioridade estrutural ou pista textual automática	UNMAPPED	CORPUS_ONLY	1	0	1	0
005704B2	FUN_005704b2	5	CORPUS_REMAINDER	sem prioridade estrutural ou pista textual automática	UNMAPPED	CORPUS_ONLY	1	0	1	0
0057058E	FUN_0057058e	5	CORPUS_REMAINDER	sem prioridade estrutural ou pista textual automática	UNMAPPED	CORPUS_ONLY	1	2	1	0
005705CF	FUN_005705cf	5	CORPUS_REMAINDER	sem prioridade estrutural ou pista textual automática	UNMAPPED	CORPUS_ONLY	2	1	2	0
005705DA	FUN_005705da	5	CORPUS_REMAINDER	sem prioridade estrutural ou pista textual automática	UNMAPPED	CORPUS_ONLY	1	0	1	0
00570627	FUN_00570627	5	CORPUS_REMAINDER	sem prioridade estrutural ou pista textual automática	UNMAPPED	CORPUS_ONLY	1	0	1	0
00571073	FUN_00571073	5	CORPUS_REMAINDER	sem prioridade estrutural ou pista textual automática	UNMAPPED	CORPUS_ONLY	1	0	1	0
005710ED	FUN_005710ed	5	CORPUS_REMAINDER	sem prioridade estrutural ou pista textual automática	UNMAPPED	CORPUS_ONLY	1	0	1	0
005711AB	FUN_005711ab	5	CORPUS_REMAINDER	sem prioridade estrutural ou pista textual automática	UNMAPPED	CORPUS_ONLY	1	0	1	0
005711E3	FUN_005711e3	5	CORPUS_REMAINDER	sem prioridade estrutural ou pista textual automática	UNMAPPED	CORPUS_ONLY	1	2	2	0
00571229	FUN_00571229	5	CORPUS_REMAINDER	sem prioridade estrutural ou pista textual automática	UNMAPPED	CORPUS_ONLY	1	0	1	0
00571288	FUN_00571288	5	CORPUS_REMAINDER	sem prioridade estrutural ou pista textual automática	UNMAPPED	CORPUS_ONLY	1	4	3	0
00571438	FUN_00571438	5	CORPUS_REMAINDER	sem prioridade estrutural ou pista textual automática	UNMAPPED	CORPUS_ONLY	1	1	1	0
0057150A	FUN_0057150a	5	CORPUS_REMAINDER	sem prioridade estrutural ou pista textual automática	UNMAPPED	CORPUS_ONLY	1	0	1	0
00571522	FUN_00571522	5	CORPUS_REMAINDER	sem prioridade estrutural ou pista textual automática	UNMAPPED	CORPUS_ONLY	1	4	1	0
005715E2	thunk_FUN_00578e73	5	CORPUS_REMAINDER	sem prioridade estrutural ou pista textual automática	UNMAPPED	CORPUS_ONLY	1	0	1	0
005715E7	FUN_005715e7	5	CORPUS_REMAINDER	sem prioridade estrutural ou pista textual automática	UNMAPPED	CORPUS_ONLY	1	0	1	0
0057175A	FUN_0057175a	5	CORPUS_REMAINDER	sem prioridade estrutural ou pista textual automática	UNMAPPED	CORPUS_ONLY	1	1	1	0
005717F4	FUN_005717f4	5	CORPUS_REMAINDER	sem prioridade estrutural ou pista textual automática	UNMAPPED	CORPUS_ONLY	1	1	1	0
0057189B	FUN_0057189b	5	CORPUS_REMAINDER	sem prioridade estrutural ou pista textual automática	UNMAPPED	CORPUS_ONLY	1	2	1	0
005718FE	FUN_005718fe	5	CORPUS_REMAINDER	sem prioridade estrutural ou pista textual automática	UNMAPPED	CORPUS_ONLY	1	0	1	0
005719A7	FUN_005719a7	5	CORPUS_REMAINDER	sem prioridade estrutural ou pista textual automática	UNMAPPED	CORPUS_ONLY	1	0	2	0
00571A2B	FUN_00571a2b	5	CORPUS_REMAINDER	sem prioridade estrutural ou pista textual automática	UNMAPPED	CORPUS_ONLY	1	2	1	0
00572C64	FUN_00572c64	5	CORPUS_REMAINDER	sem prioridade estrutural ou pista textual automática	UNMAPPED	CORPUS_ONLY	1	0	3	0
0057312C	FUN_0057312c	5	CORPUS_REMAINDER	sem prioridade estrutural ou pista textual automática	UNMAPPED	CORPUS_ONLY	1	0	1	0
00573156	FUN_00573156	5	CORPUS_REMAINDER	sem prioridade estrutural ou pista textual automática	UNMAPPED	CORPUS_ONLY	1	1	1	0
005732E4	FUN_005732e4	5	CORPUS_REMAINDER	sem prioridade estrutural ou pista textual automática	UNMAPPED	CORPUS_ONLY	1	0	1	0
00573330	FUN_00573330	5	CORPUS_REMAINDER	sem prioridade estrutural ou pista textual automática	UNMAPPED	CORPUS_ONLY	2	0	2	0
005733B7	FUN_005733b7	5	CORPUS_REMAINDER	sem prioridade estrutural ou pista textual automática	UNMAPPED	CORPUS_ONLY	1	0	1	0
005733D1	FUN_005733d1	5	CORPUS_REMAINDER	sem prioridade estrutural ou pista textual automática	UNMAPPED	CORPUS_ONLY	14	1	34	0
005733EF	FUN_005733ef	5	CORPUS_REMAINDER	sem prioridade estrutural ou pista textual automática	UNMAPPED	CORPUS_ONLY	10	0	21	0
00573404	FUN_00573404	5	CORPUS_REMAINDER	sem prioridade estrutural ou pista textual automática	UNMAPPED	CORPUS_ONLY	3	2	3	0
00573429	FUN_00573429	5	CORPUS_REMAINDER	sem prioridade estrutural ou pista textual automática	UNMAPPED	CORPUS_ONLY	1	2	1	0
0057344E	FUN_0057344e	5	CORPUS_REMAINDER	sem prioridade estrutural ou pista textual automática	UNMAPPED	CORPUS_ONLY	1	9	1	0
005736C4	FUN_005736c4	5	CORPUS_REMAINDER	sem prioridade estrutural ou pista textual automática	UNMAPPED	CORPUS_ONLY	1	2	1	0
00573A8B	FUN_00573a8b	5	CORPUS_REMAINDER	sem prioridade estrutural ou pista textual automática	UNMAPPED	CORPUS_ONLY	1	2	1	0
00573AD8	FUN_00573ad8	5	CORPUS_REMAINDER	sem prioridade estrutural ou pista textual automática	UNMAPPED	CORPUS_ONLY	1	4	1	0
00573BFB	FUN_00573bfb	5	CORPUS_REMAINDER	sem prioridade estrutural ou pista textual automática	UNMAPPED	CORPUS_ONLY	1	2	1	0
00573C7C	FUN_00573c7c	5	CORPUS_REMAINDER	sem prioridade estrutural ou pista textual automática	UNMAPPED	CORPUS_ONLY	1	0	3	0
00573C96	FUN_00573c96	5	CORPUS_REMAINDER	sem prioridade estrutural ou pista textual automática	UNMAPPED	CORPUS_ONLY	1	0	1	0
00573CAC	FUN_00573cac	5	CORPUS_REMAINDER	sem prioridade estrutural ou pista textual automática	UNMAPPED	CORPUS_ONLY	1	0	1	0
00573CC2	FUN_00573cc2	5	CORPUS_REMAINDER	sem prioridade estrutural ou pista textual automática	UNMAPPED	CORPUS_ONLY	1	0	1	0
00573CEB	FUN_00573ceb	5	CORPUS_REMAINDER	sem prioridade estrutural ou pista textual automática	UNMAPPED	CORPUS_ONLY	1	0	1	0
00573DE7	FUN_00573de7	5	CORPUS_REMAINDER	sem prioridade estrutural ou pista textual automática	UNMAPPED	CORPUS_ONLY	1	0	1	0
00573E1A	FUN_00573e1a	5	CORPUS_REMAINDER	sem prioridade estrutural ou pista textual automática	UNMAPPED	CORPUS_ONLY	1	0	1	0
00573E81	FUN_00573e81	5	CORPUS_REMAINDER	sem prioridade estrutural ou pista textual automática	UNMAPPED	CORPUS_ONLY	1	0	1	0
00573E8A	FUN_00573e8a	5	CORPUS_REMAINDER	sem prioridade estrutural ou pista textual automática	UNMAPPED	CORPUS_ONLY	1	0	1	0
00573E9C	FUN_00573e9c	5	CORPUS_REMAINDER	sem prioridade estrutural ou pista textual automática	UNMAPPED	CORPUS_ONLY	1	0	1	0
00573EB5	FUN_00573eb5	5	CORPUS_REMAINDER	sem prioridade estrutural ou pista textual automática	UNMAPPED	CORPUS_ONLY	1	0	1	0
00573ECE	FUN_00573ece	5	CORPUS_REMAINDER	sem prioridade estrutural ou pista textual automática	UNMAPPED	CORPUS_ONLY	1	0	1	0
00573F1B	FUN_00573f1b	5	CORPUS_REMAINDER	sem prioridade estrutural ou pista textual automática	UNMAPPED	CORPUS_ONLY	1	0	1	0
00573F48	FUN_00573f48	5	CORPUS_REMAINDER	sem prioridade estrutural ou pista textual automática	UNMAPPED	CORPUS_ONLY	1	0	1	0
00574007	FUN_00574007	5	CORPUS_REMAINDER	sem prioridade estrutural ou pista textual automática	UNMAPPED	CORPUS_ONLY	1	0	1	0
0057403D	FUN_0057403d	5	CORPUS_REMAINDER	sem prioridade estrutural ou pista textual automática	UNMAPPED	CORPUS_ONLY	1	0	2	0
00574046	FUN_00574046	5	CORPUS_REMAINDER	sem prioridade estrutural ou pista textual automática	UNMAPPED	CORPUS_ONLY	1	0	1	0
00574131	FUN_00574131	5	CORPUS_REMAINDER	sem prioridade estrutural ou pista textual automática	UNMAPPED	CORPUS_ONLY	1	0	1	0
00574241	FUN_00574241	5	CORPUS_REMAINDER	sem prioridade estrutural ou pista textual automática	UNMAPPED	CORPUS_ONLY	1	0	1	0
005743B8	FUN_005743b8	5	CORPUS_REMAINDER	sem prioridade estrutural ou pista textual automática	UNMAPPED	CORPUS_ONLY	1	0	1	0
005743FC	FUN_005743fc	5	CORPUS_REMAINDER	sem prioridade estrutural ou pista textual automática	UNMAPPED	CORPUS_ONLY	1	0	1	0
00574634	FUN_00574634	5	CORPUS_REMAINDER	sem prioridade estrutural ou pista textual automática	UNMAPPED	CORPUS_ONLY	1	0	1	0
00574982	FUN_00574982	5	CORPUS_REMAINDER	sem prioridade estrutural ou pista textual automática	UNMAPPED	CORPUS_ONLY	1	0	1	0
00574B8A	FUN_00574b8a	5	CORPUS_REMAINDER	sem prioridade estrutural ou pista textual automática	UNMAPPED	CORPUS_ONLY	1	0	1	0
00574EDC	FUN_00574edc	5	CORPUS_REMAINDER	sem prioridade estrutural ou pista textual automática	UNMAPPED	CORPUS_ONLY	1	0	1	0
00574FEA	FUN_00574fea	5	CORPUS_REMAINDER	sem prioridade estrutural ou pista textual automática	UNMAPPED	CORPUS_ONLY	1	3	1	0
005752F3	FUN_005752f3	5	CORPUS_REMAINDER	sem prioridade estrutural ou pista textual automática	UNMAPPED	CORPUS_ONLY	1	1	1	0
00575406	FUN_00575406	5	CORPUS_REMAINDER	sem prioridade estrutural ou pista textual automática	UNMAPPED	CORPUS_ONLY	1	11	1	0
005755BE	FUN_005755be	5	CORPUS_REMAINDER	sem prioridade estrutural ou pista textual automática	UNMAPPED	CORPUS_ONLY	2	0	2	0
0057567A	FUN_0057567a	5	CORPUS_REMAINDER	sem prioridade estrutural ou pista textual automática	UNMAPPED	CORPUS_ONLY	1	0	1	0
0057569E	FUN_0057569e	5	CORPUS_REMAINDER	sem prioridade estrutural ou pista textual automática	UNMAPPED	CORPUS_ONLY	2	0	2	0
005756B9	FUN_005756b9	5	CORPUS_REMAINDER	sem prioridade estrutural ou pista textual automática	UNMAPPED	CORPUS_ONLY	1	2	1	0
005756F2	FUN_005756f2	5	CORPUS_REMAINDER	sem prioridade estrutural ou pista textual automática	UNMAPPED	CORPUS_ONLY	1	0	1	0
00575739	FUN_00575739	5	CORPUS_REMAINDER	sem prioridade estrutural ou pista textual automática	UNMAPPED	CORPUS_ONLY	5	1	6	0
00575761	FUN_00575761	5	CORPUS_REMAINDER	sem prioridade estrutural ou pista textual automática	UNMAPPED	CORPUS_ONLY	2	1	2	0
005757A0	FUN_005757a0	5	CORPUS_REMAINDER	sem prioridade estrutural ou pista textual automática	UNMAPPED	CORPUS_ONLY	2	0	3	0
005757E8	FUN_005757e8	5	CORPUS_REMAINDER	sem prioridade estrutural ou pista textual automática	UNMAPPED	CORPUS_ONLY	1	1	1	0
0057583B	thunk_FUN_00579a25	5	CORPUS_REMAINDER	sem prioridade estrutural ou pista textual automática	UNMAPPED	CORPUS_ONLY	1	0	1	0
00575840	FUN_00575840	5	CORPUS_REMAINDER	sem prioridade estrutural ou pista textual automática	UNMAPPED	CORPUS_ONLY	3	1	3	0
00575858	FUN_00575858	5	CORPUS_REMAINDER	sem prioridade estrutural ou pista textual automática	UNMAPPED	CORPUS_ONLY	1	1	1	0
00575897	FUN_00575897	5	CORPUS_REMAINDER	sem prioridade estrutural ou pista textual automática	UNMAPPED	CORPUS_ONLY	1	0	2	0
005758A5	FUN_005758a5	5	CORPUS_REMAINDER	sem prioridade estrutural ou pista textual automática	UNMAPPED	CORPUS_ONLY	1	1	1	0
005758CB	FUN_005758cb	5	CORPUS_REMAINDER	sem prioridade estrutural ou pista textual automática	UNMAPPED	CORPUS_ONLY	2	0	4	0
00575995	FUN_00575995	5	CORPUS_REMAINDER	sem prioridade estrutural ou pista textual automática	UNMAPPED	CORPUS_ONLY	2	0	2	0
005759E8	FUN_005759e8	5	CORPUS_REMAINDER	sem prioridade estrutural ou pista textual automática	UNMAPPED	CORPUS_ONLY	1	1	2	0
00575AE2	FUN_00575ae2	5	CORPUS_REMAINDER	sem prioridade estrutural ou pista textual automática	UNMAPPED	CORPUS_ONLY	1	1	1	0
00575DE7	FUN_00575de7	5	CORPUS_REMAINDER	sem prioridade estrutural ou pista textual automática	UNMAPPED	CORPUS_ONLY	1	1	1	0
00576352	FUN_00576352	5	CORPUS_REMAINDER	sem prioridade estrutural ou pista textual automática	UNMAPPED	CORPUS_ONLY	2	4	3	0
00576B56	FUN_00576b56	5	CORPUS_REMAINDER	sem prioridade estrutural ou pista textual automática	UNMAPPED	CORPUS_ONLY	2	1	2	0
00576E6B	FUN_00576e6b	5	CORPUS_REMAINDER	sem prioridade estrutural ou pista textual automática	UNMAPPED	CORPUS_ONLY	1	2	1	0
00576F7F	FUN_00576f7f	5	CORPUS_REMAINDER	sem prioridade estrutural ou pista textual automática	UNMAPPED	CORPUS_ONLY	1	3	1	0
00577480	FUN_00577480	5	CORPUS_REMAINDER	sem prioridade estrutural ou pista textual automática	UNMAPPED	CORPUS_ONLY	1	0	1	0
00577590	FUN_00577590	5	CORPUS_REMAINDER	sem prioridade estrutural ou pista textual automática	UNMAPPED	CORPUS_ONLY	1	0	1	0
005776A0	FUN_005776a0	5	CORPUS_REMAINDER	sem prioridade estrutural ou pista textual automática	UNMAPPED	CORPUS_ONLY	1	0	1	0
00577773	FUN_00577773	5	CORPUS_REMAINDER	sem prioridade estrutural ou pista textual automática	UNMAPPED	CORPUS_ONLY	1	1	1	0
00577DF5	FUN_00577df5	5	CORPUS_REMAINDER	sem prioridade estrutural ou pista textual automática	UNMAPPED	CORPUS_ONLY	1	0	1	0
00577E31	FUN_00577e31	5	CORPUS_REMAINDER	sem prioridade estrutural ou pista textual automática	UNMAPPED	CORPUS_ONLY	3	0	15	0
00577E41	FUN_00577e41	5	CORPUS_REMAINDER	sem prioridade estrutural ou pista textual automática	UNMAPPED	CORPUS_ONLY	3	0	4	0
00577E59	FUN_00577e59	5	CORPUS_REMAINDER	sem prioridade estrutural ou pista textual automática	UNMAPPED	CORPUS_ONLY	4	0	4	0
00577EC2	FUN_00577ec2	5	CORPUS_REMAINDER	sem prioridade estrutural ou pista textual automática	UNMAPPED	CORPUS_ONLY	7	0	8	0
00577EDD	FUN_00577edd	5	CORPUS_REMAINDER	sem prioridade estrutural ou pista textual automática	UNMAPPED	CORPUS_ONLY	1	0	1	0
005780CA	FUN_005780ca	5	CORPUS_REMAINDER	sem prioridade estrutural ou pista textual automática	UNMAPPED	CORPUS_ONLY	1	1	1	0
00578240	FUN_00578240	5	CORPUS_REMAINDER	sem prioridade estrutural ou pista textual automática	UNMAPPED	CORPUS_ONLY	1	0	1	0
005783E7	FUN_005783e7	5	CORPUS_REMAINDER	sem prioridade estrutural ou pista textual automática	UNMAPPED	CORPUS_ONLY	1	0	1	0
00578428	FUN_00578428	5	CORPUS_REMAINDER	sem prioridade estrutural ou pista textual automática	UNMAPPED	CORPUS_ONLY	2	0	4	0
0057843D	FUN_0057843d	5	CORPUS_REMAINDER	sem prioridade estrutural ou pista textual automática	UNMAPPED	CORPUS_ONLY	4	2	4	0
00578539	FUN_00578539	5	CORPUS_REMAINDER	sem prioridade estrutural ou pista textual automática	UNMAPPED	CORPUS_ONLY	2	2	2	0
005785C7	FUN_005785c7	5	CORPUS_REMAINDER	sem prioridade estrutural ou pista textual automática	UNMAPPED	CORPUS_ONLY	1	2	1	0
00578659	FUN_00578659	5	CORPUS_REMAINDER	sem prioridade estrutural ou pista textual automática	UNMAPPED	CORPUS_ONLY	1	2	1	0
00578938	FUN_00578938	5	CORPUS_REMAINDER	sem prioridade estrutural ou pista textual automática	UNMAPPED	CORPUS_ONLY	1	0	2	0
005789C0	FUN_005789c0	5	CORPUS_REMAINDER	sem prioridade estrutural ou pista textual automática	UNMAPPED	CORPUS_ONLY	1	0	2	0
00578C8C	FUN_00578c8c	5	CORPUS_REMAINDER	sem prioridade estrutural ou pista textual automática	UNMAPPED	CORPUS_ONLY	1	1	1	0
00578D9D	FUN_00578d9d	5	CORPUS_REMAINDER	sem prioridade estrutural ou pista textual automática	UNMAPPED	CORPUS_ONLY	1	3	1	0
00578E51	FUN_00578e51	5	CORPUS_REMAINDER	sem prioridade estrutural ou pista textual automática	UNMAPPED	CORPUS_ONLY	2	0	2	0
00578E73	FUN_00578e73	5	CORPUS_REMAINDER	sem prioridade estrutural ou pista textual automática	UNMAPPED	CORPUS_ONLY	1	0	2	0
00578E8E	FUN_00578e8e	5	CORPUS_REMAINDER	sem prioridade estrutural ou pista textual automática	UNMAPPED	CORPUS_ONLY	1	0	1	0
00578EAA	FUN_00578eaa	5	CORPUS_REMAINDER	sem prioridade estrutural ou pista textual automática	UNMAPPED	CORPUS_ONLY	1	0	1	0
00578EC6	FUN_00578ec6	5	CORPUS_REMAINDER	sem prioridade estrutural ou pista textual automática	UNMAPPED	CORPUS_ONLY	2	0	2	0
00578F37	FUN_00578f37	5	CORPUS_REMAINDER	sem prioridade estrutural ou pista textual automática	UNMAPPED	CORPUS_ONLY	1	2	1	0
00579126	FUN_00579126	5	CORPUS_REMAINDER	sem prioridade estrutural ou pista textual automática	UNMAPPED	CORPUS_ONLY	1	0	1	0
00579490	FUN_00579490	5	CORPUS_REMAINDER	sem prioridade estrutural ou pista textual automática	UNMAPPED	CORPUS_ONLY	1	1	1	0
005794C0	FUN_005794c0	5	CORPUS_REMAINDER	sem prioridade estrutural ou pista textual automática	UNMAPPED	CORPUS_ONLY	2	1	2	0
005794FF	FUN_005794ff	5	CORPUS_REMAINDER	sem prioridade estrutural ou pista textual automática	UNMAPPED	CORPUS_ONLY	2	1	2	0
0057953D	FUN_0057953d	5	CORPUS_REMAINDER	sem prioridade estrutural ou pista textual automática	UNMAPPED	CORPUS_ONLY	1	4	1	0
00579622	FUN_00579622	5	CORPUS_REMAINDER	sem prioridade estrutural ou pista textual automática	UNMAPPED	CORPUS_ONLY	1	1	1	0
005799A0	FUN_005799a0	5	CORPUS_REMAINDER	sem prioridade estrutural ou pista textual automática	UNMAPPED	CORPUS_ONLY	2	1	2	0
005799E2	FUN_005799e2	5	CORPUS_REMAINDER	sem prioridade estrutural ou pista textual automática	UNMAPPED	CORPUS_ONLY	2	1	4	0
005799EF	FUN_005799ef	5	CORPUS_REMAINDER	sem prioridade estrutural ou pista textual automática	UNMAPPED	CORPUS_ONLY	5	2	9	0
00579A25	FUN_00579a25	5	CORPUS_REMAINDER	sem prioridade estrutural ou pista textual automática	UNMAPPED	CORPUS_ONLY	2	1	11	0
00579A3E	FUN_00579a3e	5	CORPUS_REMAINDER	sem prioridade estrutural ou pista textual automática	UNMAPPED	CORPUS_ONLY	1	0	1	0
00579A61	FUN_00579a61	5	CORPUS_REMAINDER	sem prioridade estrutural ou pista textual automática	UNMAPPED	CORPUS_ONLY	2	0	2	0
00579A92	FUN_00579a92	5	CORPUS_REMAINDER	sem prioridade estrutural ou pista textual automática	UNMAPPED	CORPUS_ONLY	6	0	7	0
00579AB5	FUN_00579ab5	5	CORPUS_REMAINDER	sem prioridade estrutural ou pista textual automática	UNMAPPED	CORPUS_ONLY	9	2	14	0
00579ACF	FUN_00579acf	5	CORPUS_REMAINDER	sem prioridade estrutural ou pista textual automática	UNMAPPED	CORPUS_ONLY	1	2	1	0
00579B2D	FUN_00579b2d	5	CORPUS_REMAINDER	sem prioridade estrutural ou pista textual automática	UNMAPPED	CORPUS_ONLY	1	1	1	0
00579B8F	FUN_00579b8f	5	CORPUS_REMAINDER	sem prioridade estrutural ou pista textual automática	UNMAPPED	CORPUS_ONLY	1	0	4	0
00579DA5	FUN_00579da5	5	CORPUS_REMAINDER	sem prioridade estrutural ou pista textual automática	UNMAPPED	CORPUS_ONLY	1	0	1	0
0057A06E	FUN_0057a06e	5	CORPUS_REMAINDER	sem prioridade estrutural ou pista textual automática	UNMAPPED	CORPUS_ONLY	1	1	1	0
0057A1E9	FUN_0057a1e9	5	CORPUS_REMAINDER	sem prioridade estrutural ou pista textual automática	UNMAPPED	CORPUS_ONLY	2	3	2	0
0057A385	FUN_0057a385	5	CORPUS_REMAINDER	sem prioridade estrutural ou pista textual automática	UNMAPPED	CORPUS_ONLY	9	4	14	0
0057A607	FUN_0057a607	5	CORPUS_REMAINDER	sem prioridade estrutural ou pista textual automática	UNMAPPED	CORPUS_ONLY	1	6	1	0
0057A77B	FUN_0057a77b	5	CORPUS_REMAINDER	sem prioridade estrutural ou pista textual automática	UNMAPPED	CORPUS_ONLY	1	6	1	0
0057A886	FUN_0057a886	5	CORPUS_REMAINDER	sem prioridade estrutural ou pista textual automática	UNMAPPED	CORPUS_ONLY	1	5	1	0
0057A975	FUN_0057a975	5	CORPUS_REMAINDER	sem prioridade estrutural ou pista textual automática	UNMAPPED	CORPUS_ONLY	1	6	1	0
0057AB2C	FUN_0057ab2c	5	CORPUS_REMAINDER	sem prioridade estrutural ou pista textual automática	UNMAPPED	CORPUS_ONLY	1	3	1	0
0057AD9A	FUN_0057ad9a	5	CORPUS_REMAINDER	sem prioridade estrutural ou pista textual automática	UNMAPPED	CORPUS_ONLY	2	0	2	0
0057E06B	FUN_0057e06b	5	CORPUS_REMAINDER	sem prioridade estrutural ou pista textual automática	UNMAPPED	CORPUS_ONLY	2	2	6	0
0057F592	FUN_0057f592	5	CORPUS_REMAINDER	sem prioridade estrutural ou pista textual automática	UNMAPPED	CORPUS_ONLY	1	0	1	0
00582230	FUN_00582230	5	CORPUS_REMAINDER	sem prioridade estrutural ou pista textual automática	UNMAPPED	CORPUS_ONLY	1	0	1	0
0058290A	FUN_0058290a	5	CORPUS_REMAINDER	sem prioridade estrutural ou pista textual automática	UNMAPPED	CORPUS_ONLY	1	0	8	0
00582D32	FUN_00582d32	5	CORPUS_REMAINDER	sem prioridade estrutural ou pista textual automática	UNMAPPED	CORPUS_ONLY	2	0	2	0
00582FC0	FUN_00582fc0	5	CORPUS_REMAINDER	sem prioridade estrutural ou pista textual automática	UNMAPPED	CORPUS_ONLY	3	0	4	0
0058304B	FUN_0058304b	5	CORPUS_REMAINDER	sem prioridade estrutural ou pista textual automática	UNMAPPED	CORPUS_ONLY	3	0	12	0
005840CA	FUN_005840ca	5	CORPUS_REMAINDER	sem prioridade estrutural ou pista textual automática	UNMAPPED	CORPUS_ONLY	3	1	3	0
005840D5	FUN_005840d5	5	CORPUS_REMAINDER	sem prioridade estrutural ou pista textual automática	UNMAPPED	CORPUS_ONLY	1	0	1	0
005840DA	FUN_005840da	5	CORPUS_REMAINDER	sem prioridade estrutural ou pista textual automática	UNMAPPED	CORPUS_ONLY	1	0	2	0
005840EE	FUN_005840ee	5	CORPUS_REMAINDER	sem prioridade estrutural ou pista textual automática	UNMAPPED	CORPUS_ONLY	3	0	3	0
005840F1	FUN_005840f1	5	CORPUS_REMAINDER	sem prioridade estrutural ou pista textual automática	UNMAPPED	CORPUS_ONLY	1	0	1	0
005842CA	FUN_005842ca	5	CORPUS_REMAINDER	sem prioridade estrutural ou pista textual automática	UNMAPPED	CORPUS_ONLY	1	0	1	0
0058439E	FUN_0058439e	5	CORPUS_REMAINDER	sem prioridade estrutural ou pista textual automática	UNMAPPED	CORPUS_ONLY	1	0	1	0
0058462F	FUN_0058462f	5	CORPUS_REMAINDER	sem prioridade estrutural ou pista textual automática	UNMAPPED	CORPUS_ONLY	1	1	1	0
00584702	FUN_00584702	5	CORPUS_REMAINDER	sem prioridade estrutural ou pista textual automática	UNMAPPED	CORPUS_ONLY	2	0	3	0
00584C33	FUN_00584c33	5	CORPUS_REMAINDER	sem prioridade estrutural ou pista textual automática	UNMAPPED	CORPUS_ONLY	1	0	1	0
0058526E	FUN_0058526e	5	CORPUS_REMAINDER	sem prioridade estrutural ou pista textual automática	UNMAPPED	CORPUS_ONLY	1	1	1	0
00585366	FUN_00585366	5	CORPUS_REMAINDER	sem prioridade estrutural ou pista textual automática	UNMAPPED	CORPUS_ONLY	2	0	4	0
00585510	FUN_00585510	5	CORPUS_REMAINDER	sem prioridade estrutural ou pista textual automática	UNMAPPED	CORPUS_ONLY	6	0	19	0
005855FA	FUN_005855fa	5	CORPUS_REMAINDER	sem prioridade estrutural ou pista textual automática	UNMAPPED	CORPUS_ONLY	4	1	6	0
005856E4	FUN_005856e4	5	CORPUS_REMAINDER	sem prioridade estrutural ou pista textual automática	UNMAPPED	CORPUS_ONLY	1	0	1	0
00585C3E	FUN_00585c3e	5	CORPUS_REMAINDER	sem prioridade estrutural ou pista textual automática	UNMAPPED	CORPUS_ONLY	1	0	1	0
00585C78	FUN_00585c78	5	CORPUS_REMAINDER	sem prioridade estrutural ou pista textual automática	UNMAPPED	CORPUS_ONLY	4	0	4	0
005867EC	FUN_005867ec	5	CORPUS_REMAINDER	sem prioridade estrutural ou pista textual automática	UNMAPPED	CORPUS_ONLY	1	0	1	0
00586A04	FUN_00586a04	5	CORPUS_REMAINDER	sem prioridade estrutural ou pista textual automática	UNMAPPED	CORPUS_ONLY	1	0	1	0
00586C9F	FUN_00586c9f	5	CORPUS_REMAINDER	sem prioridade estrutural ou pista textual automática	UNMAPPED	CORPUS_ONLY	1	1	1	0
0058715E	FUN_0058715e	5	CORPUS_REMAINDER	sem prioridade estrutural ou pista textual automática	UNMAPPED	CORPUS_ONLY	1	1	1	0
0058731F	FUN_0058731f	5	CORPUS_REMAINDER	sem prioridade estrutural ou pista textual automática	UNMAPPED	CORPUS_ONLY	1	0	1	0
00587590	FUN_00587590	5	CORPUS_REMAINDER	sem prioridade estrutural ou pista textual automática	UNMAPPED	CORPUS_ONLY	1	0	1	0
005878EA	FUN_005878ea	5	CORPUS_REMAINDER	sem prioridade estrutural ou pista textual automática	UNMAPPED	CORPUS_ONLY	1	1	1	0
00587A0B	FUN_00587a0b	5	CORPUS_REMAINDER	sem prioridade estrutural ou pista textual automática	UNMAPPED	CORPUS_ONLY	1	0	1	0
00587EE3	FUN_00587ee3	5	CORPUS_REMAINDER	sem prioridade estrutural ou pista textual automática	UNMAPPED	CORPUS_ONLY	1	1	1	0
00587FC4	FUN_00587fc4	5	CORPUS_REMAINDER	sem prioridade estrutural ou pista textual automática	UNMAPPED	CORPUS_ONLY	2	0	3	0
005882FC	FUN_005882fc	5	CORPUS_REMAINDER	sem prioridade estrutural ou pista textual automática	UNMAPPED	CORPUS_ONLY	1	1	1	0
0058844F	FUN_0058844f	5	CORPUS_REMAINDER	sem prioridade estrutural ou pista textual automática	UNMAPPED	CORPUS_ONLY	1	0	1	0
00588614	FUN_00588614	5	CORPUS_REMAINDER	sem prioridade estrutural ou pista textual automática	UNMAPPED	CORPUS_ONLY	1	0	1	0
00588794	FUN_00588794	5	CORPUS_REMAINDER	sem prioridade estrutural ou pista textual automática	UNMAPPED	CORPUS_ONLY	1	0	1	0
005888AE	FUN_005888ae	5	CORPUS_REMAINDER	sem prioridade estrutural ou pista textual automática	UNMAPPED	CORPUS_ONLY	2	2	2	0
00588C95	FUN_00588c95	5	CORPUS_REMAINDER	sem prioridade estrutural ou pista textual automática	UNMAPPED	CORPUS_ONLY	2	0	2	0
00588E58	FUN_00588e58	5	CORPUS_REMAINDER	sem prioridade estrutural ou pista textual automática	UNMAPPED	CORPUS_ONLY	1	1	1	0
00588F6B	FUN_00588f6b	5	CORPUS_REMAINDER	sem prioridade estrutural ou pista textual automática	UNMAPPED	CORPUS_ONLY	1	0	1	0
00589036	FUN_00589036	5	CORPUS_REMAINDER	sem prioridade estrutural ou pista textual automática	UNMAPPED	CORPUS_ONLY	1	1	1	0
00589163	FUN_00589163	5	CORPUS_REMAINDER	sem prioridade estrutural ou pista textual automática	UNMAPPED	CORPUS_ONLY	2	0	2	0
0058928E	FUN_0058928e	5	CORPUS_REMAINDER	sem prioridade estrutural ou pista textual automática	UNMAPPED	CORPUS_ONLY	1	0	1	0
005897D6	FUN_005897d6	5	CORPUS_REMAINDER	sem prioridade estrutural ou pista textual automática	UNMAPPED	CORPUS_ONLY	2	0	2	0
005898EA	FUN_005898ea	5	CORPUS_REMAINDER	sem prioridade estrutural ou pista textual automática	UNMAPPED	CORPUS_ONLY	1	3	1	0
00589971	FUN_00589971	5	CORPUS_REMAINDER	sem prioridade estrutural ou pista textual automática	UNMAPPED	CORPUS_ONLY	4	1	4	0
005899DC	FUN_005899dc	5	CORPUS_REMAINDER	sem prioridade estrutural ou pista textual automática	UNMAPPED	CORPUS_ONLY	1	1	1	0
00589A69	FUN_00589a69	5	CORPUS_REMAINDER	sem prioridade estrutural ou pista textual automática	UNMAPPED	CORPUS_ONLY	1	7	1	0
0058A204	FUN_0058a204	5	CORPUS_REMAINDER	sem prioridade estrutural ou pista textual automática	UNMAPPED	CORPUS_ONLY	1	1	1	0
0058A351	FUN_0058a351	5	CORPUS_REMAINDER	sem prioridade estrutural ou pista textual automática	UNMAPPED	CORPUS_ONLY	1	1	1	0
0058A361	FUN_0058a361	5	CORPUS_REMAINDER	sem prioridade estrutural ou pista textual automática	UNMAPPED	CORPUS_ONLY	2	1	3	0
0058A880	FUN_0058a880	5	CORPUS_REMAINDER	sem prioridade estrutural ou pista textual automática	UNMAPPED	CORPUS_ONLY	1	0	1	0
0058A980	FUN_0058a980	5	CORPUS_REMAINDER	sem prioridade estrutural ou pista textual automática	UNMAPPED	CORPUS_ONLY	3	0	6	0
0058AF60	FUN_0058af60	5	CORPUS_REMAINDER	sem prioridade estrutural ou pista textual automática	UNMAPPED	CORPUS_ONLY	4	0	14	0
0058B060	FUN_0058b060	5	CORPUS_REMAINDER	sem prioridade estrutural ou pista textual automática	UNMAPPED	CORPUS_ONLY	3	0	7	0
0058BDA1	FUN_0058bda1	5	CORPUS_REMAINDER	sem prioridade estrutural ou pista textual automática	UNMAPPED	CORPUS_ONLY	1	0	2	0
0058BDD5	FUN_0058bdd5	5	CORPUS_REMAINDER	sem prioridade estrutural ou pista textual automática	UNMAPPED	CORPUS_ONLY	1	2	1	0
0058C339	FUN_0058c339	5	CORPUS_REMAINDER	sem prioridade estrutural ou pista textual automática	UNMAPPED	CORPUS_ONLY	2	0	2	0
0058C34A	FUN_0058c34a	5	CORPUS_REMAINDER	sem prioridade estrutural ou pista textual automática	UNMAPPED	CORPUS_ONLY	2	0	3	0
0058C6CF	FUN_0058c6cf	5	CORPUS_REMAINDER	sem prioridade estrutural ou pista textual automática	UNMAPPED	CORPUS_ONLY	1	1	1	0
0058C74E	FUN_0058c74e	5	CORPUS_REMAINDER	sem prioridade estrutural ou pista textual automática	UNMAPPED	CORPUS_ONLY	1	1	1	0
0058C851	FUN_0058c851	5	CORPUS_REMAINDER	sem prioridade estrutural ou pista textual automática	UNMAPPED	CORPUS_ONLY	1	0	1	0
0058C880	FUN_0058c880	5	CORPUS_REMAINDER	sem prioridade estrutural ou pista textual automática	UNMAPPED	CORPUS_ONLY	2	0	8	0
0058C995	FUN_0058c995	5	CORPUS_REMAINDER	sem prioridade estrutural ou pista textual automática	UNMAPPED	CORPUS_ONLY	1	0	1	0
0058CDF7	FUN_0058cdf7	5	CORPUS_REMAINDER	sem prioridade estrutural ou pista textual automática	UNMAPPED	CORPUS_ONLY	1	0	1	0
0058D4AF	FUN_0058d4af	5	CORPUS_REMAINDER	sem prioridade estrutural ou pista textual automática	UNMAPPED	CORPUS_ONLY	1	0	1	0
0058D80A	FUN_0058d80a	5	CORPUS_REMAINDER	sem prioridade estrutural ou pista textual automática	UNMAPPED	CORPUS_ONLY	1	0	1	0
0058E5DD	FUN_0058e5dd	5	CORPUS_REMAINDER	sem prioridade estrutural ou pista textual automática	UNMAPPED	CORPUS_ONLY	1	0	1	0
0058E89E	ImmAssociateContext	5	CORPUS_REMAINDER	sem prioridade estrutural ou pista textual automática	UNMAPPED	CORPUS_ONLY	2	0	2	0
0058E8B0	ImmGetConversionStatus	5	CORPUS_REMAINDER	sem prioridade estrutural ou pista textual automática	UNMAPPED	CORPUS_ONLY	3	0	3	0
0058E8B6	ImmGetContext	5	CORPUS_REMAINDER	sem prioridade estrutural ou pista textual automática	UNMAPPED	CORPUS_ONLY	7	0	7	0
0058E8BC	ImmSetConversionStatus	5	CORPUS_REMAINDER	sem prioridade estrutural ou pista textual automática	UNMAPPED	CORPUS_ONLY	2	0	2	0
0058E8C2	ImmGetOpenStatus	5	CORPUS_REMAINDER	sem prioridade estrutural ou pista textual automática	UNMAPPED	CORPUS_ONLY	1	0	1	0
0058E8C8	ImmSetOpenStatus	5	CORPUS_REMAINDER	sem prioridade estrutural ou pista textual automática	UNMAPPED	CORPUS_ONLY	1	0	1	0
0058E8CE	ImmGetCompositionStringA	5	CORPUS_REMAINDER	sem prioridade estrutural ou pista textual automática	UNMAPPED	CORPUS_ONLY	1	0	1	0
0058E8D4	ImmGetCandidateListA	5	CORPUS_REMAINDER	sem prioridade estrutural ou pista textual automática	UNMAPPED	CORPUS_ONLY	1	0	2	0
0058E9BA	htons	5	CORPUS_REMAINDER	sem prioridade estrutural ou pista textual automática	UNMAPPED	CORPUS_ONLY	5	0	13	0
0058E9C0	gethostname	5	CORPUS_REMAINDER	sem prioridade estrutural ou pista textual automática	UNMAPPED	CORPUS_ONLY	1	0	1	0
0058E9DE	inet_addr	5	CORPUS_REMAINDER	sem prioridade estrutural ou pista textual automática	UNMAPPED	CORPUS_ONLY	4	0	4	0
0058E9EA	FUN_0058e9ea	5	CORPUS_REMAINDER	sem prioridade estrutural ou pista textual automática	UNMAPPED	CORPUS_ONLY	1	3	1	0
0058EA01	FUN_0058ea01	5	CORPUS_REMAINDER	sem prioridade estrutural ou pista textual automática	UNMAPPED	CORPUS_ONLY	4	0	4	0
0058EA02	FUN_0058ea02	5	CORPUS_REMAINDER	sem prioridade estrutural ou pista textual automática	UNMAPPED	CORPUS_ONLY	1	0	1	0
0058EA45	FUN_0058ea45	5	CORPUS_REMAINDER	sem prioridade estrutural ou pista textual automática	UNMAPPED	CORPUS_ONLY	1	0	1	0
0058EA79	FUN_0058ea79	5	CORPUS_REMAINDER	sem prioridade estrutural ou pista textual automática	UNMAPPED	CORPUS_ONLY	2	0	2	0
0058EA80	FUN_0058ea80	5	CORPUS_REMAINDER	sem prioridade estrutural ou pista textual automática	UNMAPPED	CORPUS_ONLY	1	0	1	0
0058EA87	FUN_0058ea87	5	CORPUS_REMAINDER	sem prioridade estrutural ou pista textual automática	UNMAPPED	CORPUS_ONLY	2	1	2	0
0058EB0C	FUN_0058eb0c	5	CORPUS_REMAINDER	sem prioridade estrutural ou pista textual automática	UNMAPPED	CORPUS_ONLY	1	1	1	0
0058EB85	FUN_0058eb85	5	CORPUS_REMAINDER	sem prioridade estrutural ou pista textual automática	UNMAPPED	CORPUS_ONLY	1	1	1	0
0058ECB0	FUN_0058ecb0	5	CORPUS_REMAINDER	sem prioridade estrutural ou pista textual automática	UNMAPPED	CORPUS_ONLY	2	1	2	0
0058EDD6	__abnormal_termination	5	CORPUS_REMAINDER	sem prioridade estrutural ou pista textual automática	UNMAPPED	CORPUS_ONLY	1	0	1	0
0058EE02	FUN_0058ee02	5	CORPUS_REMAINDER	sem prioridade estrutural ou pista textual automática	UNMAPPED	CORPUS_ONLY	2	0	3	0
0058EE20	FUN_0058ee20	5	CORPUS_REMAINDER	sem prioridade estrutural ou pista textual automática	UNMAPPED	CORPUS_ONLY	54	0	95	0
0058EE30	FUN_0058ee30	5	CORPUS_REMAINDER	sem prioridade estrutural ou pista textual automática	UNMAPPED	CORPUS_ONLY	18	0	62	0
0058F1F0	__ftol	5	CORPUS_REMAINDER	sem prioridade estrutural ou pista textual automática	UNMAPPED	CORPUS_ONLY	206	0	1400	0
0058F220	FUN_0058f220	5	CORPUS_REMAINDER	sem prioridade estrutural ou pista textual automática	UNMAPPED	CORPUS_ONLY	104	0	292	0
0058F62C	FUN_0058f62c	5	CORPUS_REMAINDER	sem prioridade estrutural ou pista textual automática	UNMAPPED	CORPUS_ONLY	65	3	91	0
0058F6A9	FUN_0058f6a9	5	CORPUS_REMAINDER	sem prioridade estrutural ou pista textual automática	UNMAPPED	CORPUS_ONLY	8	5	45	0
0058F6E5	FUN_0058f6e5	5	CORPUS_REMAINDER	sem prioridade estrutural ou pista textual automática	UNMAPPED	CORPUS_ONLY	1	3	1	0
0058F716	FUN_0058f716	5	CORPUS_REMAINDER	sem prioridade estrutural ou pista textual automática	UNMAPPED	CORPUS_ONLY	67	1	87	0
0058F730	FUN_0058f730	5	CORPUS_REMAINDER	sem prioridade estrutural ou pista textual automática	UNMAPPED	CORPUS_ONLY	19	0	21	0
0058F7BC	FUN_0058f7bc	5	CORPUS_REMAINDER	sem prioridade estrutural ou pista textual automática	UNMAPPED	CORPUS_ONLY	1	5	1	0
0058F83F	FUN_0058f83f	5	CORPUS_REMAINDER	sem prioridade estrutural ou pista textual automática	UNMAPPED	CORPUS_ONLY	9	5	9	0
0058F8C9	FUN_0058f8c9	5	CORPUS_REMAINDER	sem prioridade estrutural ou pista textual automática	UNMAPPED	CORPUS_ONLY	13	5	42	0
0058F92E	FUN_0058f92e	5	CORPUS_REMAINDER	sem prioridade estrutural ou pista textual automática	UNMAPPED	CORPUS_ONLY	2	6	2	0
0058FE04	FUN_0058fe04	5	CORPUS_REMAINDER	sem prioridade estrutural ou pista textual automática	UNMAPPED	CORPUS_ONLY	2	1	3	0
0058FE0D	FUN_0058fe0d	5	CORPUS_REMAINDER	sem prioridade estrutural ou pista textual automática	UNMAPPED	CORPUS_ONLY	1	3	1	0
0058FEDC	FUN_0058fedc	5	CORPUS_REMAINDER	sem prioridade estrutural ou pista textual automática	UNMAPPED	CORPUS_ONLY	1	6	1	0
0058FF43	FUN_0058ff43	5	CORPUS_REMAINDER	sem prioridade estrutural ou pista textual automática	UNMAPPED	CORPUS_ONLY	1	1	1	0
0058FFA2	FUN_0058ffa2	5	CORPUS_REMAINDER	sem prioridade estrutural ou pista textual automática	UNMAPPED	CORPUS_ONLY	1	1	1	0
00590042	FUN_00590042	5	CORPUS_REMAINDER	sem prioridade estrutural ou pista textual automática	UNMAPPED	CORPUS_ONLY	1	1	1	0
0059009A	FUN_0059009a	5	CORPUS_REMAINDER	sem prioridade estrutural ou pista textual automática	UNMAPPED	CORPUS_ONLY	1	1	1	0
005900C1	FUN_005900c1	5	CORPUS_REMAINDER	sem prioridade estrutural ou pista textual automática	UNMAPPED	CORPUS_ONLY	1	1	1	0
005900F0	FUN_005900f0	5	CORPUS_REMAINDER	sem prioridade estrutural ou pista textual automática	UNMAPPED	CORPUS_ONLY	1	2	1	0
00590244	FUN_00590244	5	CORPUS_REMAINDER	sem prioridade estrutural ou pista textual automática	UNMAPPED	CORPUS_ONLY	1	1	1	0
00590292	FUN_00590292	5	CORPUS_REMAINDER	sem prioridade estrutural ou pista textual automática	UNMAPPED	CORPUS_ONLY	2	0	4	0
00590340	FUN_00590340	5	CORPUS_REMAINDER	sem prioridade estrutural ou pista textual automática	UNMAPPED	CORPUS_ONLY	4	1	5	0
005903AA	FUN_005903aa	5	CORPUS_REMAINDER	sem prioridade estrutural ou pista textual automática	UNMAPPED	CORPUS_ONLY	1	1	1	0
005903C2	FUN_005903c2	5	CORPUS_REMAINDER	sem prioridade estrutural ou pista textual automática	UNMAPPED	CORPUS_ONLY	6	1	7	0
0059042A	FUN_0059042a	5	CORPUS_REMAINDER	sem prioridade estrutural ou pista textual automática	UNMAPPED	CORPUS_ONLY	1	1	1	0
00590442	FUN_00590442	5	CORPUS_REMAINDER	sem prioridade estrutural ou pista textual automática	UNMAPPED	CORPUS_ONLY	2	0	2	0
005904B6	FUN_005904b6	5	CORPUS_REMAINDER	sem prioridade estrutural ou pista textual automática	UNMAPPED	CORPUS_ONLY	9	3	36	0
005904E5	FUN_005904e5	5	CORPUS_REMAINDER	sem prioridade estrutural ou pista textual automática	UNMAPPED	CORPUS_ONLY	1	4	1	0
005905EF	FUN_005905ef	5	CORPUS_REMAINDER	sem prioridade estrutural ou pista textual automática	UNMAPPED	CORPUS_ONLY	1	2	1	0
00590962	FUN_00590962	5	CORPUS_REMAINDER	sem prioridade estrutural ou pista textual automática	UNMAPPED	CORPUS_ONLY	1	1	1	0
005909D2	FUN_005909d2	5	CORPUS_REMAINDER	sem prioridade estrutural ou pista textual automática	UNMAPPED	CORPUS_ONLY	31	2	62	0
00590A06	FUN_00590a06	5	CORPUS_REMAINDER	sem prioridade estrutural ou pista textual automática	UNMAPPED	CORPUS_ONLY	23	3	30	0
00590A68	FUN_00590a68	5	CORPUS_REMAINDER	sem prioridade estrutural ou pista textual automática	UNMAPPED	CORPUS_ONLY	12	3	56	0
00590A95	FUN_00590a95	5	CORPUS_REMAINDER	sem prioridade estrutural ou pista textual automática	UNMAPPED	CORPUS_ONLY	2	2	2	0
00590AE5	FUN_00590ae5	5	CORPUS_REMAINDER	sem prioridade estrutural ou pista textual automática	UNMAPPED	CORPUS_ONLY	3	7	3	0
00590B78	FUN_00590b78	5	CORPUS_REMAINDER	sem prioridade estrutural ou pista textual automática	UNMAPPED	CORPUS_ONLY	5	5	7	0
00590BDD	FUN_00590bdd	5	CORPUS_REMAINDER	sem prioridade estrutural ou pista textual automática	UNMAPPED	CORPUS_ONLY	2	6	2	0
00590D68	FUN_00590d68	5	CORPUS_REMAINDER	sem prioridade estrutural ou pista textual automática	UNMAPPED	CORPUS_ONLY	26	3	56	0
00590D97	FUN_00590d97	5	CORPUS_REMAINDER	sem prioridade estrutural ou pista textual automática	UNMAPPED	CORPUS_ONLY	1	3	1	0
00591014	FUN_00591014	5	CORPUS_REMAINDER	sem prioridade estrutural ou pista textual automática	UNMAPPED	CORPUS_ONLY	2	1	3	0
0059101D	FUN_0059101d	5	CORPUS_REMAINDER	sem prioridade estrutural ou pista textual automática	UNMAPPED	CORPUS_ONLY	1	3	1	0
005910B0	FUN_005910b0	5	CORPUS_REMAINDER	sem prioridade estrutural ou pista textual automática	UNMAPPED	CORPUS_ONLY	2	1	2	0
005910C4	FUN_005910c4	5	CORPUS_REMAINDER	sem prioridade estrutural ou pista textual automática	UNMAPPED	CORPUS_ONLY	2	0	4	0
005910CF	FUN_005910cf	5	CORPUS_REMAINDER	sem prioridade estrutural ou pista textual automática	UNMAPPED	CORPUS_ONLY	2	1	4	0
0059115A	FUN_0059115a	5	CORPUS_REMAINDER	sem prioridade estrutural ou pista textual automática	UNMAPPED	CORPUS_ONLY	4	1	7	0
00591165	FUN_00591165	5	CORPUS_REMAINDER	sem prioridade estrutural ou pista textual automática	UNMAPPED	CORPUS_ONLY	1	2	1	0
00591258	FUN_00591258	5	CORPUS_REMAINDER	sem prioridade estrutural ou pista textual automática	UNMAPPED	CORPUS_ONLY	2	1	3	0
00591280	FUN_00591280	5	CORPUS_REMAINDER	sem prioridade estrutural ou pista textual automática	UNMAPPED	CORPUS_ONLY	1	1	2	0
005912AD	FUN_005912ad	5	CORPUS_REMAINDER	sem prioridade estrutural ou pista textual automática	UNMAPPED	CORPUS_ONLY	3	1	5	0
005912D5	FUN_005912d5	5	CORPUS_REMAINDER	sem prioridade estrutural ou pista textual automática	UNMAPPED	CORPUS_ONLY	1	1	1	0
00591303	FUN_00591303	5	CORPUS_REMAINDER	sem prioridade estrutural ou pista textual automática	UNMAPPED	CORPUS_ONLY	1	4	4	0
00591494	FUN_00591494	5	CORPUS_REMAINDER	sem prioridade estrutural ou pista textual automática	UNMAPPED	CORPUS_ONLY	1	3	1	0
00591614	FUN_00591614	5	CORPUS_REMAINDER	sem prioridade estrutural ou pista textual automática	UNMAPPED	CORPUS_ONLY	3	1	3	0
005916BA	FUN_005916ba	5	CORPUS_REMAINDER	sem prioridade estrutural ou pista textual automática	UNMAPPED	CORPUS_ONLY	5	8	7	0
00591753	FUN_00591753	5	CORPUS_REMAINDER	sem prioridade estrutural ou pista textual automática	UNMAPPED	CORPUS_ONLY	1	1	1	0
005917DC	FUN_005917dc	5	CORPUS_REMAINDER	sem prioridade estrutural ou pista textual automática	UNMAPPED	CORPUS_ONLY	1	1	1	0
005917F7	FUN_005917f7	5	CORPUS_REMAINDER	sem prioridade estrutural ou pista textual automática	UNMAPPED	CORPUS_ONLY	3	3	4	0
00591822	FUN_00591822	5	CORPUS_REMAINDER	sem prioridade estrutural ou pista textual automática	UNMAPPED	CORPUS_ONLY	1	5	2	0
00591863	FUN_00591863	5	CORPUS_REMAINDER	sem prioridade estrutural ou pista textual automática	UNMAPPED	CORPUS_ONLY	1	3	1	0
005918BB	FUN_005918bb	5	CORPUS_REMAINDER	sem prioridade estrutural ou pista textual automática	UNMAPPED	CORPUS_ONLY	1	3	1	0
005918DD	FUN_005918dd	5	CORPUS_REMAINDER	sem prioridade estrutural ou pista textual automática	UNMAPPED	CORPUS_ONLY	2	2	2	0
00591A3E	FUN_00591a3e	5	CORPUS_REMAINDER	sem prioridade estrutural ou pista textual automática	UNMAPPED	CORPUS_ONLY	2	3	2	0
00591A6A	FUN_00591a6a	5	CORPUS_REMAINDER	sem prioridade estrutural ou pista textual automática	UNMAPPED	CORPUS_ONLY	1	4	1	0
00591BB3	FUN_00591bb3	5	CORPUS_REMAINDER	sem prioridade estrutural ou pista textual automática	UNMAPPED	CORPUS_ONLY	9	2	9	0
00591BE2	FUN_00591be2	5	CORPUS_REMAINDER	sem prioridade estrutural ou pista textual automática	UNMAPPED	CORPUS_ONLY	3	2	3	0
00591C05	FUN_00591c05	5	CORPUS_REMAINDER	sem prioridade estrutural ou pista textual automática	UNMAPPED	CORPUS_ONLY	10	2	10	0
00591C34	FUN_00591c34	5	CORPUS_REMAINDER	sem prioridade estrutural ou pista textual automática	UNMAPPED	CORPUS_ONLY	3	2	3	0
00591C57	FUN_00591c57	5	CORPUS_REMAINDER	sem prioridade estrutural ou pista textual automática	UNMAPPED	CORPUS_ONLY	1	4	1	0
00591C86	FUN_00591c86	5	CORPUS_REMAINDER	sem prioridade estrutural ou pista textual automática	UNMAPPED	CORPUS_ONLY	2	2	3	0
00591CB4	FUN_00591cb4	5	CORPUS_REMAINDER	sem prioridade estrutural ou pista textual automática	UNMAPPED	CORPUS_ONLY	5	1	5	0
00591D19	FUN_00591d19	5	CORPUS_REMAINDER	sem prioridade estrutural ou pista textual automática	UNMAPPED	CORPUS_ONLY	1	5	1	0
00591DBD	FUN_00591dbd	5	CORPUS_REMAINDER	sem prioridade estrutural ou pista textual automática	UNMAPPED	CORPUS_ONLY	1	2	1	0
00591F0B	FUN_00591f0b	5	CORPUS_REMAINDER	sem prioridade estrutural ou pista textual automática	UNMAPPED	CORPUS_ONLY	1	4	1	0
00591F89	FUN_00591f89	5	CORPUS_REMAINDER	sem prioridade estrutural ou pista textual automática	UNMAPPED	CORPUS_ONLY	5	1	5	0
00591FD0	FUN_00591fd0	5	CORPUS_REMAINDER	sem prioridade estrutural ou pista textual automática	UNMAPPED	CORPUS_ONLY	5	0	6	0
00592310	FUN_00592310	5	CORPUS_REMAINDER	sem prioridade estrutural ou pista textual automática	UNMAPPED	CORPUS_ONLY	1	1	1	0
005923DC	FUN_005923dc	5	CORPUS_REMAINDER	sem prioridade estrutural ou pista textual automática	UNMAPPED	CORPUS_ONLY	2	3	3	0
0059268C	FUN_0059268c	5	CORPUS_REMAINDER	sem prioridade estrutural ou pista textual automática	UNMAPPED	CORPUS_ONLY	1	2	1	0
005926B9	FUN_005926b9	5	CORPUS_REMAINDER	sem prioridade estrutural ou pista textual automática	UNMAPPED	CORPUS_ONLY	3	1	4	0
005926DB	FUN_005926db	5	CORPUS_REMAINDER	sem prioridade estrutural ou pista textual automática	UNMAPPED	CORPUS_ONLY	2	6	2	0
00592780	FUN_00592780	5	CORPUS_REMAINDER	sem prioridade estrutural ou pista textual automática	UNMAPPED	CORPUS_ONLY	2	1	2	0
00592789	FUN_00592789	5	CORPUS_REMAINDER	sem prioridade estrutural ou pista textual automática	UNMAPPED	CORPUS_ONLY	2	1	2	0
00592792	FUN_00592792	5	CORPUS_REMAINDER	sem prioridade estrutural ou pista textual automática	UNMAPPED	CORPUS_ONLY	2	0	4	0
005928D9	FUN_005928d9	5	CORPUS_REMAINDER	sem prioridade estrutural ou pista textual automática	UNMAPPED	CORPUS_ONLY	1	3	2	0
00592900	FUN_00592900	5	CORPUS_REMAINDER	sem prioridade estrutural ou pista textual automática	UNMAPPED	CORPUS_ONLY	27	0	27	0
005929FF	FUN_005929ff	5	CORPUS_REMAINDER	sem prioridade estrutural ou pista textual automática	UNMAPPED	CORPUS_ONLY	1	1	1	0
00592A91	FUN_00592a91	5	CORPUS_REMAINDER	sem prioridade estrutural ou pista textual automática	UNMAPPED	CORPUS_ONLY	1	2	1	0
00592AC6	FUN_00592ac6	5	CORPUS_REMAINDER	sem prioridade estrutural ou pista textual automática	UNMAPPED	CORPUS_ONLY	1	1	1	0
00592ADC	FUN_00592adc	5	CORPUS_REMAINDER	sem prioridade estrutural ou pista textual automática	UNMAPPED	CORPUS_ONLY	1	0	1	0
00592B6E	FUN_00592b6e	5	CORPUS_REMAINDER	sem prioridade estrutural ou pista textual automática	UNMAPPED	CORPUS_ONLY	1	0	1	0
00592C74	__setjmp3	5	CORPUS_REMAINDER	sem prioridade estrutural ou pista textual automática	UNMAPPED	CORPUS_ONLY	3	0	3	0
00592CF0	FUN_00592cf0	5	CORPUS_REMAINDER	sem prioridade estrutural ou pista textual automática	UNMAPPED	CORPUS_ONLY	2	1	4	0
00592F0D	FUN_00592f0d	5	CORPUS_REMAINDER	sem prioridade estrutural ou pista textual automática	UNMAPPED	CORPUS_ONLY	2	5	2	0
00592FE0	__aullshr	5	CORPUS_REMAINDER	sem prioridade estrutural ou pista textual automática	UNMAPPED	CORPUS_ONLY	1	0	1	0
00592FFF	FUN_00592fff	5	CORPUS_REMAINDER	sem prioridade estrutural ou pista textual automática	UNMAPPED	CORPUS_ONLY	1	1	1	0
00593011	FUN_00593011	5	CORPUS_REMAINDER	sem prioridade estrutural ou pista textual automática	UNMAPPED	CORPUS_ONLY	1	0	1	0
0059304F	FUN_0059304f	5	CORPUS_REMAINDER	sem prioridade estrutural ou pista textual automática	UNMAPPED	CORPUS_ONLY	1	3	1	0
00593176	FUN_00593176	5	CORPUS_REMAINDER	sem prioridade estrutural ou pista textual automática	UNMAPPED	CORPUS_ONLY	1	3	1	0
005931D7	FUN_005931d7	5	CORPUS_REMAINDER	sem prioridade estrutural ou pista textual automática	UNMAPPED	CORPUS_ONLY	2	2	2	0
00593299	FUN_00593299	5	CORPUS_REMAINDER	sem prioridade estrutural ou pista textual automática	UNMAPPED	CORPUS_ONLY	1	3	1	0
005932EE	FUN_005932ee	5	CORPUS_REMAINDER	sem prioridade estrutural ou pista textual automática	UNMAPPED	CORPUS_ONLY	2	2	2	0
00593395	FUN_00593395	5	CORPUS_REMAINDER	sem prioridade estrutural ou pista textual automática	UNMAPPED	CORPUS_ONLY	1	4	1	0
00593479	FUN_00593479	5	CORPUS_REMAINDER	sem prioridade estrutural ou pista textual automática	UNMAPPED	CORPUS_ONLY	2	2	4	0
0059349E	FUN_0059349e	5	CORPUS_REMAINDER	sem prioridade estrutural ou pista textual automática	UNMAPPED	CORPUS_ONLY	3	3	3	0
00593539	FUN_00593539	5	CORPUS_REMAINDER	sem prioridade estrutural ou pista textual automática	UNMAPPED	CORPUS_ONLY	1	9	1	0
005936EC	FUN_005936ec	5	CORPUS_REMAINDER	sem prioridade estrutural ou pista textual automática	UNMAPPED	CORPUS_ONLY	1	4	1	0
00593796	FUN_00593796	5	CORPUS_REMAINDER	sem prioridade estrutural ou pista textual automática	UNMAPPED	CORPUS_ONLY	1	1	1	0
005937F3	FUN_005937f3	5	CORPUS_REMAINDER	sem prioridade estrutural ou pista textual automática	UNMAPPED	CORPUS_ONLY	2	2	2	0
00593891	FUN_00593891	5	CORPUS_REMAINDER	sem prioridade estrutural ou pista textual automática	UNMAPPED	CORPUS_ONLY	2	5	2	0
0059390C	FUN_0059390c	5	CORPUS_REMAINDER	sem prioridade estrutural ou pista textual automática	UNMAPPED	CORPUS_ONLY	1	3	1	0
005939D9	FUN_005939d9	5	CORPUS_REMAINDER	sem prioridade estrutural ou pista textual automática	UNMAPPED	CORPUS_ONLY	1	3	1	0
00593A51	FUN_00593a51	5	CORPUS_REMAINDER	sem prioridade estrutural ou pista textual automática	UNMAPPED	CORPUS_ONLY	1	8	1	0
00593C15	FUN_00593c15	5	CORPUS_REMAINDER	sem prioridade estrutural ou pista textual automática	UNMAPPED	CORPUS_ONLY	2	1	2	0
00593C7C	FUN_00593c7c	5	CORPUS_REMAINDER	sem prioridade estrutural ou pista textual automática	UNMAPPED	CORPUS_ONLY	1	0	4	0
00593CEC	FUN_00593cec	5	CORPUS_REMAINDER	sem prioridade estrutural ou pista textual automática	UNMAPPED	CORPUS_ONLY	1	6	1	0
00593D40	FUN_00593d40	5	CORPUS_REMAINDER	sem prioridade estrutural ou pista textual automática	UNMAPPED	CORPUS_ONLY	3	0	3	0
00593DBA	FUN_00593dba	5	CORPUS_REMAINDER	sem prioridade estrutural ou pista textual automática	UNMAPPED	CORPUS_ONLY	2	3	2	0
00593E5A	FUN_00593e5a	5	CORPUS_REMAINDER	sem prioridade estrutural ou pista textual automática	UNMAPPED	CORPUS_ONLY	3	2	4	0
00593EBB	FUN_00593ebb	5	CORPUS_REMAINDER	sem prioridade estrutural ou pista textual automática	UNMAPPED	CORPUS_ONLY	5	1	8	0
00593F11	FUN_00593f11	5	CORPUS_REMAINDER	sem prioridade estrutural ou pista textual automática	UNMAPPED	CORPUS_ONLY	5	4	5	0
005947C7	FUN_005947c7	5	CORPUS_REMAINDER	sem prioridade estrutural ou pista textual automática	UNMAPPED	CORPUS_ONLY	3	1	4	0
005947FC	FUN_005947fc	5	CORPUS_REMAINDER	sem prioridade estrutural ou pista textual automática	UNMAPPED	CORPUS_ONLY	1	1	3	0
0059482D	FUN_0059482d	5	CORPUS_REMAINDER	sem prioridade estrutural ou pista textual automática	UNMAPPED	CORPUS_ONLY	1	1	3	0
00594865	FUN_00594865	5	CORPUS_REMAINDER	sem prioridade estrutural ou pista textual automática	UNMAPPED	CORPUS_ONLY	1	0	10	0
00594872	FUN_00594872	5	CORPUS_REMAINDER	sem prioridade estrutural ou pista textual automática	UNMAPPED	CORPUS_ONLY	1	0	1	0
00594882	FUN_00594882	5	CORPUS_REMAINDER	sem prioridade estrutural ou pista textual automática	UNMAPPED	CORPUS_ONLY	1	0	1	0
005948BB	FUN_005948bb	5	CORPUS_REMAINDER	sem prioridade estrutural ou pista textual automática	UNMAPPED	CORPUS_ONLY	2	2	2	0
00594948	FUN_00594948	5	CORPUS_REMAINDER	sem prioridade estrutural ou pista textual automática	UNMAPPED	CORPUS_ONLY	2	1	2	0
00594972	FUN_00594972	5	CORPUS_REMAINDER	sem prioridade estrutural ou pista textual automática	UNMAPPED	CORPUS_ONLY	1	1	1	0
00594BAA	FUN_00594baa	5	CORPUS_REMAINDER	sem prioridade estrutural ou pista textual automática	UNMAPPED	CORPUS_ONLY	10	2	10	0
00594C1D	FUN_00594c1d	5	CORPUS_REMAINDER	sem prioridade estrutural ou pista textual automática	UNMAPPED	CORPUS_ONLY	29	1	45	0
00594C26	FUN_00594c26	5	CORPUS_REMAINDER	sem prioridade estrutural ou pista textual automática	UNMAPPED	CORPUS_ONLY	16	1	21	0
00594D52	FUN_00594d52	5	CORPUS_REMAINDER	sem prioridade estrutural ou pista textual automática	UNMAPPED	CORPUS_ONLY	1	3	1	0
00594DCE	FUN_00594dce	5	CORPUS_REMAINDER	sem prioridade estrutural ou pista textual automática	UNMAPPED	CORPUS_ONLY	1	3	1	0
00594E4D	FUN_00594e4d	5	CORPUS_REMAINDER	sem prioridade estrutural ou pista textual automática	UNMAPPED	CORPUS_ONLY	4	2	7	0
00594EEE	FUN_00594eee	5	CORPUS_REMAINDER	sem prioridade estrutural ou pista textual automática	UNMAPPED	CORPUS_ONLY	7	1	7	0
005950CC	FUN_005950cc	5	CORPUS_REMAINDER	sem prioridade estrutural ou pista textual automática	UNMAPPED	CORPUS_ONLY	3	5	5	0
00595131	FUN_00595131	5	CORPUS_REMAINDER	sem prioridade estrutural ou pista textual automática	UNMAPPED	CORPUS_ONLY	6	5	12	0
005951A4	FUN_005951a4	5	CORPUS_REMAINDER	sem prioridade estrutural ou pista textual automática	UNMAPPED	CORPUS_ONLY	1	10	1	0
005952D0	__trandisp1	5	CORPUS_REMAINDER	sem prioridade estrutural ou pista textual automática	UNMAPPED	CORPUS_ONLY	2	0	2	0
00595337	__trandisp2	5	CORPUS_REMAINDER	sem prioridade estrutural ou pista textual automática	UNMAPPED	CORPUS_ONLY	2	0	2	0
005954B5	FUN_005954b5	5	CORPUS_REMAINDER	sem prioridade estrutural ou pista textual automática	UNMAPPED	CORPUS_ONLY	3	0	3	0
005954CC	FUN_005954cc	5	CORPUS_REMAINDER	sem prioridade estrutural ou pista textual automática	UNMAPPED	CORPUS_ONLY	4	0	4	0
005954E5	__fload_withFB	5	CORPUS_REMAINDER	sem prioridade estrutural ou pista textual automática	UNMAPPED	CORPUS_ONLY	4	0	6	0
00595528	FUN_00595528	5	CORPUS_REMAINDER	sem prioridade estrutural ou pista textual automática	UNMAPPED	CORPUS_ONLY	4	0	4	0
0059554B	__math_exit	5	CORPUS_REMAINDER	sem prioridade estrutural ou pista textual automática	UNMAPPED	CORPUS_ONLY	4	1	4	0
00595647	__startOneArgErrorHandling	5	CORPUS_REMAINDER	sem prioridade estrutural ou pista textual automática	UNMAPPED	CORPUS_ONLY	5	1	5	0
00595683	FUN_00595683	5	CORPUS_REMAINDER	sem prioridade estrutural ou pista textual automática	UNMAPPED	CORPUS_ONLY	3	0	5	0
005956CB	FUN_005956cb	5	CORPUS_REMAINDER	sem prioridade estrutural ou pista textual automática	UNMAPPED	CORPUS_ONLY	1	9	1	0
00595870	FUN_00595870	5	CORPUS_REMAINDER	sem prioridade estrutural ou pista textual automática	UNMAPPED	CORPUS_ONLY	1	1	1	0
005958B8	FUN_005958b8	5	CORPUS_REMAINDER	sem prioridade estrutural ou pista textual automática	UNMAPPED	CORPUS_ONLY	3	0	4	0
00595C0C	FUN_00595c0c	5	CORPUS_REMAINDER	sem prioridade estrutural ou pista textual automática	UNMAPPED	CORPUS_ONLY	3	2	3	0
00595FC6	FUN_00595fc6	5	CORPUS_REMAINDER	sem prioridade estrutural ou pista textual automática	UNMAPPED	CORPUS_ONLY	1	1	1	0
005960C1	FUN_005960c1	5	CORPUS_REMAINDER	sem prioridade estrutural ou pista textual automática	UNMAPPED	CORPUS_ONLY	1	0	1	0
00596613	FUN_00596613	5	CORPUS_REMAINDER	sem prioridade estrutural ou pista textual automática	UNMAPPED	CORPUS_ONLY	3	0	3	0
0059666A	FUN_0059666a	5	CORPUS_REMAINDER	sem prioridade estrutural ou pista textual automática	UNMAPPED	CORPUS_ONLY	2	1	3	0
005966AF	FUN_005966af	5	CORPUS_REMAINDER	sem prioridade estrutural ou pista textual automática	UNMAPPED	CORPUS_ONLY	3	4	3	0
005968B7	FUN_005968b7	5	CORPUS_REMAINDER	sem prioridade estrutural ou pista textual automática	UNMAPPED	CORPUS_ONLY	1	0	2	0
005969DB	FUN_005969db	5	CORPUS_REMAINDER	sem prioridade estrutural ou pista textual automática	UNMAPPED	CORPUS_ONLY	1	0	1	0
00596B0E	FUN_00596b0e	5	CORPUS_REMAINDER	sem prioridade estrutural ou pista textual automática	UNMAPPED	CORPUS_ONLY	36	1	46	0
00596C04	FUN_00596c04	5	CORPUS_REMAINDER	sem prioridade estrutural ou pista textual automática	UNMAPPED	CORPUS_ONLY	1	4	4	0
00596D99	FUN_00596d99	5	CORPUS_REMAINDER	sem prioridade estrutural ou pista textual automática	UNMAPPED	CORPUS_ONLY	1	3	1	0
00596E0B	FUN_00596e0b	5	CORPUS_REMAINDER	sem prioridade estrutural ou pista textual automática	UNMAPPED	CORPUS_ONLY	3	2	6	0
00596ECD	FUN_00596ecd	5	CORPUS_REMAINDER	sem prioridade estrutural ou pista textual automática	UNMAPPED	CORPUS_ONLY	1	7	1	0
00596F72	FUN_00596f72	5	CORPUS_REMAINDER	sem prioridade estrutural ou pista textual automática	UNMAPPED	CORPUS_ONLY	1	2	1	0
00596FB5	FUN_00596fb5	5	CORPUS_REMAINDER	sem prioridade estrutural ou pista textual automática	UNMAPPED	CORPUS_ONLY	1	1	1	0
00597030	FUN_00597030	5	CORPUS_REMAINDER	sem prioridade estrutural ou pista textual automática	UNMAPPED	CORPUS_ONLY	1	3	2	0
005970C5	FUN_005970c5	5	CORPUS_REMAINDER	sem prioridade estrutural ou pista textual automática	UNMAPPED	CORPUS_ONLY	2	11	2	0
00597AEA	FUN_00597aea	5	CORPUS_REMAINDER	sem prioridade estrutural ou pista textual automática	UNMAPPED	CORPUS_ONLY	1	1	2	0
00597B21	FUN_00597b21	5	CORPUS_REMAINDER	sem prioridade estrutural ou pista textual automática	UNMAPPED	CORPUS_ONLY	2	1	18	0
00597B3B	FUN_00597b3b	5	CORPUS_REMAINDER	sem prioridade estrutural ou pista textual automática	UNMAPPED	CORPUS_ONLY	1	1	10	0
00597B52	FUN_00597b52	5	CORPUS_REMAINDER	sem prioridade estrutural ou pista textual automática	UNMAPPED	CORPUS_ONLY	1	2	2	0
00597B76	FUN_00597b76	5	CORPUS_REMAINDER	sem prioridade estrutural ou pista textual automática	UNMAPPED	CORPUS_ONLY	3	2	3	0
00597C52	FUN_00597c52	5	CORPUS_REMAINDER	sem prioridade estrutural ou pista textual automática	UNMAPPED	CORPUS_ONLY	1	3	1	0
00597D90	FUN_00597d90	5	CORPUS_REMAINDER	sem prioridade estrutural ou pista textual automática	UNMAPPED	CORPUS_ONLY	1	0	1	0
00597EFB	__ctrandisp2	5	CORPUS_REMAINDER	sem prioridade estrutural ou pista textual automática	UNMAPPED	CORPUS_ONLY	1	3	1	0
00597F43	FUN_00597f43	5	CORPUS_REMAINDER	sem prioridade estrutural ou pista textual automática	UNMAPPED	CORPUS_ONLY	2	0	2	0
00597F4A	FUN_00597f4a	5	CORPUS_REMAINDER	sem prioridade estrutural ou pista textual automática	UNMAPPED	CORPUS_ONLY	2	1	2	0
0059807B	__ctrandisp1	5	CORPUS_REMAINDER	sem prioridade estrutural ou pista textual automática	UNMAPPED	CORPUS_ONLY	1	3	1	0
005980AE	__fload	5	CORPUS_REMAINDER	sem prioridade estrutural ou pista textual automática	UNMAPPED	CORPUS_ONLY	2	0	3	0
005980EA	FUN_005980ea	5	CORPUS_REMAINDER	sem prioridade estrutural ou pista textual automática	UNMAPPED	CORPUS_ONLY	13	1	29	0
00598160	__allmul	5	CORPUS_REMAINDER	sem prioridade estrutural ou pista textual automática	UNMAPPED	CORPUS_ONLY	2	0	2	0
00598194	FUN_00598194	5	CORPUS_REMAINDER	sem prioridade estrutural ou pista textual automática	UNMAPPED	CORPUS_ONLY	2	3	2	0
005981E8	FUN_005981e8	5	CORPUS_REMAINDER	sem prioridade estrutural ou pista textual automática	UNMAPPED	CORPUS_ONLY	2	6	2	0
00598280	FUN_00598280	5	CORPUS_REMAINDER	sem prioridade estrutural ou pista textual automática	UNMAPPED	CORPUS_ONLY	2	3	2	0
00598533	FUN_00598533	5	CORPUS_REMAINDER	sem prioridade estrutural ou pista textual automática	UNMAPPED	CORPUS_ONLY	2	2	2	0
0059874A	FUN_0059874a	5	CORPUS_REMAINDER	sem prioridade estrutural ou pista textual automática	UNMAPPED	CORPUS_ONLY	2	4	2	0
005987D2	FUN_005987d2	5	CORPUS_REMAINDER	sem prioridade estrutural ou pista textual automática	UNMAPPED	CORPUS_ONLY	3	1	4	0
005987FA	FUN_005987fa	5	CORPUS_REMAINDER	sem prioridade estrutural ou pista textual automática	UNMAPPED	CORPUS_ONLY	1	0	1	0
0059881F	FUN_0059881f	5	CORPUS_REMAINDER	sem prioridade estrutural ou pista textual automática	UNMAPPED	CORPUS_ONLY	1	0	1	0
0059884C	FUN_0059884c	5	CORPUS_REMAINDER	sem prioridade estrutural ou pista textual automática	UNMAPPED	CORPUS_ONLY	1	0	2	0
00598875	FUN_00598875	5	CORPUS_REMAINDER	sem prioridade estrutural ou pista textual automática	UNMAPPED	CORPUS_ONLY	3	0	3	0
005988CF	FUN_005988cf	5	CORPUS_REMAINDER	sem prioridade estrutural ou pista textual automática	UNMAPPED	CORPUS_ONLY	1	1	1	0
00598990	FUN_00598990	5	CORPUS_REMAINDER	sem prioridade estrutural ou pista textual automática	UNMAPPED	CORPUS_ONLY	1	0	1	0
0059899E	FUN_0059899e	5	CORPUS_REMAINDER	sem prioridade estrutural ou pista textual automática	UNMAPPED	CORPUS_ONLY	1	0	1	0
005989D0	FUN_005989d0	5	CORPUS_REMAINDER	sem prioridade estrutural ou pista textual automática	UNMAPPED	CORPUS_ONLY	1	0	5	0
00598A26	FUN_00598a26	5	CORPUS_REMAINDER	sem prioridade estrutural ou pista textual automática	UNMAPPED	CORPUS_ONLY	2	3	2	0
00598CDB	FUN_00598cdb	5	CORPUS_REMAINDER	sem prioridade estrutural ou pista textual automática	UNMAPPED	CORPUS_ONLY	2	3	3	0
00598CFC	FUN_00598cfc	5	CORPUS_REMAINDER	sem prioridade estrutural ou pista textual automática	UNMAPPED	CORPUS_ONLY	1	1	1	0
00598EA8	FUN_00598ea8	5	CORPUS_REMAINDER	sem prioridade estrutural ou pista textual automática	UNMAPPED	CORPUS_ONLY	1	0	4	0
00598FE8	FUN_00598fe8	5	CORPUS_REMAINDER	sem prioridade estrutural ou pista textual automática	UNMAPPED	CORPUS_ONLY	1	2	3	0
005992FE	FUN_005992fe	5	CORPUS_REMAINDER	sem prioridade estrutural ou pista textual automática	UNMAPPED	CORPUS_ONLY	1	1	1	0
0059944C	FUN_0059944c	5	CORPUS_REMAINDER	sem prioridade estrutural ou pista textual automática	UNMAPPED	CORPUS_ONLY	1	1	1	0
005994A2	FUN_005994a2	5	CORPUS_REMAINDER	sem prioridade estrutural ou pista textual automática	UNMAPPED	CORPUS_ONLY	1	6	2	0
0059950C	FUN_0059950c	5	CORPUS_REMAINDER	sem prioridade estrutural ou pista textual automática	UNMAPPED	CORPUS_ONLY	1	1	1	0
00599587	FUN_00599587	5	CORPUS_REMAINDER	sem prioridade estrutural ou pista textual automática	UNMAPPED	CORPUS_ONLY	1	1	1	0
00599797	FUN_00599797	5	CORPUS_REMAINDER	sem prioridade estrutural ou pista textual automática	UNMAPPED	CORPUS_ONLY	1	7	1	0
00599944	FUN_00599944	5	CORPUS_REMAINDER	sem prioridade estrutural ou pista textual automática	UNMAPPED	CORPUS_ONLY	1	0	1	0
0059998E	FUN_0059998e	5	CORPUS_REMAINDER	sem prioridade estrutural ou pista textual automática	UNMAPPED	CORPUS_ONLY	1	0	2	0
005999C1	FUN_005999c1	5	CORPUS_REMAINDER	sem prioridade estrutural ou pista textual automática	UNMAPPED	CORPUS_ONLY	1	0	1	0
005999EA	FUN_005999ea	5	CORPUS_REMAINDER	sem prioridade estrutural ou pista textual automática	UNMAPPED	CORPUS_ONLY	1	3	1	0
00599B6F	FUN_00599b6f	5	CORPUS_REMAINDER	sem prioridade estrutural ou pista textual automática	UNMAPPED	CORPUS_ONLY	3	1	3	0
00599B8B	FUN_00599b8b	5	CORPUS_REMAINDER	sem prioridade estrutural ou pista textual automática	UNMAPPED	CORPUS_ONLY	1	2	1	0
00599D35	FUN_00599d35	5	CORPUS_REMAINDER	sem prioridade estrutural ou pista textual automática	UNMAPPED	CORPUS_ONLY	1	0	2	0
00599EE9	FUN_00599ee9	5	CORPUS_REMAINDER	sem prioridade estrutural ou pista textual automática	UNMAPPED	CORPUS_ONLY	1	8	1	0
0059A01B	FUN_0059a01b	5	CORPUS_REMAINDER	sem prioridade estrutural ou pista textual automática	UNMAPPED	CORPUS_ONLY	2	1	2	0
0059A1A7	FUN_0059a1a7	5	CORPUS_REMAINDER	sem prioridade estrutural ou pista textual automática	UNMAPPED	CORPUS_ONLY	1	5	1	0
0059A329	FUN_0059a329	5	CORPUS_REMAINDER	sem prioridade estrutural ou pista textual automática	UNMAPPED	CORPUS_ONLY	1	0	1	0
0059A378	FUN_0059a378	5	CORPUS_REMAINDER	sem prioridade estrutural ou pista textual automática	UNMAPPED	CORPUS_ONLY	1	0	1	0
0059A50D	FUN_0059a50d	5	CORPUS_REMAINDER	sem prioridade estrutural ou pista textual automática	UNMAPPED	CORPUS_ONLY	1	2	1	0
0059A5C0	FUN_0059a5c0	5	CORPUS_REMAINDER	sem prioridade estrutural ou pista textual automática	UNMAPPED	CORPUS_ONLY	1	0	1	0
0059A5FA	FUN_0059a5fa	5	CORPUS_REMAINDER	sem prioridade estrutural ou pista textual automática	UNMAPPED	CORPUS_ONLY	1	5	1	0
0059A669	FUN_0059a669	5	CORPUS_REMAINDER	sem prioridade estrutural ou pista textual automática	UNMAPPED	CORPUS_ONLY	3	2	5	0
0059A734	FUN_0059a734	5	CORPUS_REMAINDER	sem prioridade estrutural ou pista textual automática	UNMAPPED	CORPUS_ONLY	1	0	1	0
0059A77D	FUN_0059a77d	5	CORPUS_REMAINDER	sem prioridade estrutural ou pista textual automática	UNMAPPED	CORPUS_ONLY	1	1	1	0
0059A7D3	FUN_0059a7d3	5	CORPUS_REMAINDER	sem prioridade estrutural ou pista textual automática	UNMAPPED	CORPUS_ONLY	1	2	2	0
0059A85F	FUN_0059a85f	5	CORPUS_REMAINDER	sem prioridade estrutural ou pista textual automática	UNMAPPED	CORPUS_ONLY	1	0	2	0
0059A87A	FUN_0059a87a	5	CORPUS_REMAINDER	sem prioridade estrutural ou pista textual automática	UNMAPPED	CORPUS_ONLY	1	0	3	0
0059A886	FUN_0059a886	5	CORPUS_REMAINDER	sem prioridade estrutural ou pista textual automática	UNMAPPED	CORPUS_ONLY	1	0	1	0
0059A8A1	FUN_0059a8a1	5	CORPUS_REMAINDER	sem prioridade estrutural ou pista textual automática	UNMAPPED	CORPUS_ONLY	1	0	4	0
0059A92E	FUN_0059a92e	5	CORPUS_REMAINDER	sem prioridade estrutural ou pista textual automática	UNMAPPED	CORPUS_ONLY	2	5	2	0
0059AA9A	FUN_0059aa9a	5	CORPUS_REMAINDER	sem prioridade estrutural ou pista textual automática	UNMAPPED	CORPUS_ONLY	1	1	1	0
0059AAB0	FUN_0059aab0	5	CORPUS_REMAINDER	sem prioridade estrutural ou pista textual automática	UNMAPPED	CORPUS_ONLY	1	1	1	0
0059AAC6	FUN_0059aac6	5	CORPUS_REMAINDER	sem prioridade estrutural ou pista textual automática	UNMAPPED	CORPUS_ONLY	1	2	1	0
0059AAF3	FUN_0059aaf3	5	CORPUS_REMAINDER	sem prioridade estrutural ou pista textual automática	UNMAPPED	CORPUS_ONLY	1	2	1	0
0059AB20	FUN_0059ab20	5	CORPUS_REMAINDER	sem prioridade estrutural ou pista textual automática	UNMAPPED	CORPUS_ONLY	3	2	3	0
0059AB97	FUN_0059ab97	5	CORPUS_REMAINDER	sem prioridade estrutural ou pista textual automática	UNMAPPED	CORPUS_ONLY	3	3	3	0
0059ABF3	FUN_0059abf3	5	CORPUS_REMAINDER	sem prioridade estrutural ou pista textual automática	UNMAPPED	CORPUS_ONLY	1	0	1	0
0059AD16	FUN_0059ad16	5	CORPUS_REMAINDER	sem prioridade estrutural ou pista textual automática	UNMAPPED	CORPUS_ONLY	2	1	5	0
0059AD32	FUN_0059ad32	5	CORPUS_REMAINDER	sem prioridade estrutural ou pista textual automática	UNMAPPED	CORPUS_ONLY	1	1	4	0
0059AD4E	FUN_0059ad4e	5	CORPUS_REMAINDER	sem prioridade estrutural ou pista textual automática	UNMAPPED	CORPUS_ONLY	2	1	2	0
0059AD66	FUN_0059ad66	5	CORPUS_REMAINDER	sem prioridade estrutural ou pista textual automática	UNMAPPED	CORPUS_ONLY	1	3	1	0
0059AD7D	FUN_0059ad7d	5	CORPUS_REMAINDER	sem prioridade estrutural ou pista textual automática	UNMAPPED	CORPUS_ONLY	3	1	3	0
0059ADC1	FUN_0059adc1	5	CORPUS_REMAINDER	sem prioridade estrutural ou pista textual automática	UNMAPPED	CORPUS_ONLY	2	0	2	0
0059ADEA	FUN_0059adea	5	CORPUS_REMAINDER	sem prioridade estrutural ou pista textual automática	UNMAPPED	CORPUS_ONLY	1	5	2	0
0059AE43	FUN_0059ae43	5	CORPUS_REMAINDER	sem prioridade estrutural ou pista textual automática	UNMAPPED	CORPUS_ONLY	1	2	1	0
0059AEB0	__aulldiv	5	CORPUS_REMAINDER	sem prioridade estrutural ou pista textual automática	UNMAPPED	CORPUS_ONLY	1	0	1	0
0059AF20	__aullrem	5	CORPUS_REMAINDER	sem prioridade estrutural ou pista textual automática	UNMAPPED	CORPUS_ONLY	1	0	1	0
0059AF95	FUN_0059af95	5	CORPUS_REMAINDER	sem prioridade estrutural ou pista textual automática	UNMAPPED	CORPUS_ONLY	1	1	2	0
0059AFF6	FUN_0059aff6	5	CORPUS_REMAINDER	sem prioridade estrutural ou pista textual automática	UNMAPPED	CORPUS_ONLY	2	5	2	0
0059B0C6	FUN_0059b0c6	5	CORPUS_REMAINDER	sem prioridade estrutural ou pista textual automática	UNMAPPED	CORPUS_ONLY	1	1	1	0
0059B0DD	FUN_0059b0dd	5	CORPUS_REMAINDER	sem prioridade estrutural ou pista textual automática	UNMAPPED	CORPUS_ONLY	1	3	1	0
0059B2E2	FUN_0059b2e2	5	CORPUS_REMAINDER	sem prioridade estrutural ou pista textual automática	UNMAPPED	CORPUS_ONLY	6	6	9	0
0059B506	FUN_0059b506	5	CORPUS_REMAINDER	sem prioridade estrutural ou pista textual automática	UNMAPPED	CORPUS_ONLY	2	0	3	0
0059B540	FUN_0059b540	5	CORPUS_REMAINDER	sem prioridade estrutural ou pista textual automática	UNMAPPED	CORPUS_ONLY	1	3	1	0
0059B637	FUN_0059b637	5	CORPUS_REMAINDER	sem prioridade estrutural ou pista textual automática	UNMAPPED	CORPUS_ONLY	1	3	1	0
0059B65E	FUN_0059b65e	5	CORPUS_REMAINDER	sem prioridade estrutural ou pista textual automática	UNMAPPED	CORPUS_ONLY	1	7	1	0
0059B733	FUN_0059b733	5	CORPUS_REMAINDER	sem prioridade estrutural ou pista textual automática	UNMAPPED	CORPUS_ONLY	1	1	1	0
0059B76A	FUN_0059b76a	5	CORPUS_REMAINDER	sem prioridade estrutural ou pista textual automática	UNMAPPED	CORPUS_ONLY	2	5	2	0
0059B7D9	FUN_0059b7d9	5	CORPUS_REMAINDER	sem prioridade estrutural ou pista textual automática	UNMAPPED	CORPUS_ONLY	1	2	1	0
0059B8A5	FUN_0059b8a5	5	CORPUS_REMAINDER	sem prioridade estrutural ou pista textual automática	UNMAPPED	CORPUS_ONLY	1	5	1	0
0059B902	FUN_0059b902	5	CORPUS_REMAINDER	sem prioridade estrutural ou pista textual automática	UNMAPPED	CORPUS_ONLY	1	2	1	0
0059B9D0	__allshl	5	CORPUS_REMAINDER	sem prioridade estrutural ou pista textual automática	UNMAPPED	CORPUS_ONLY	1	0	2	0
0059B9EF	FUN_0059b9ef	5	CORPUS_REMAINDER	sem prioridade estrutural ou pista textual automática	UNMAPPED	CORPUS_ONLY	1	1	1	0
0059BA5D	FUN_0059ba5d	5	CORPUS_REMAINDER	sem prioridade estrutural ou pista textual automática	UNMAPPED	CORPUS_ONLY	2	5	2	0
0059BBA6	FUN_0059bba6	5	CORPUS_REMAINDER	sem prioridade estrutural ou pista textual automática	UNMAPPED	CORPUS_ONLY	1	3	1	0
0059C9BB	FUN_0059c9bb	5	CORPUS_REMAINDER	sem prioridade estrutural ou pista textual automática	UNMAPPED	CORPUS_ONLY	1	1	1	0
0059C9CC	FUN_0059c9cc	5	CORPUS_REMAINDER	sem prioridade estrutural ou pista textual automática	UNMAPPED	CORPUS_ONLY	1	0	1	0
0059CB91	FUN_0059cb91	5	CORPUS_REMAINDER	sem prioridade estrutural ou pista textual automática	UNMAPPED	CORPUS_ONLY	3	0	7	0
0059CC10	FUN_0059cc10	5	CORPUS_REMAINDER	sem prioridade estrutural ou pista textual automática	UNMAPPED	CORPUS_ONLY	3	0	9	0
0059CC3E	FUN_0059cc3e	5	CORPUS_REMAINDER	sem prioridade estrutural ou pista textual automática	UNMAPPED	CORPUS_ONLY	2	0	2	0
0059CC6B	FUN_0059cc6b	5	CORPUS_REMAINDER	sem prioridade estrutural ou pista textual automática	UNMAPPED	CORPUS_ONLY	1	2	1	0
0059CD32	FUN_0059cd32	5	CORPUS_REMAINDER	sem prioridade estrutural ou pista textual automática	UNMAPPED	CORPUS_ONLY	2	3	2	0
0059D203	FUN_0059d203	5	CORPUS_REMAINDER	sem prioridade estrutural ou pista textual automática	UNMAPPED	CORPUS_ONLY	1	6	1	0
0059D4D5	FUN_0059d4d5	5	CORPUS_REMAINDER	sem prioridade estrutural ou pista textual automática	UNMAPPED	CORPUS_ONLY	2	3	2	0
0059D543	FUN_0059d543	5	CORPUS_REMAINDER	sem prioridade estrutural ou pista textual automática	UNMAPPED	CORPUS_ONLY	2	3	2	0
0059D763	FUN_0059d763	5	CORPUS_REMAINDER	sem prioridade estrutural ou pista textual automática	UNMAPPED	CORPUS_ONLY	2	1	2	0
0059D7DF	FUN_0059d7df	5	CORPUS_REMAINDER	sem prioridade estrutural ou pista textual automática	UNMAPPED	CORPUS_ONLY	1	6	1	0
0059DA5C	FUN_0059da5c	5	CORPUS_REMAINDER	sem prioridade estrutural ou pista textual automática	UNMAPPED	CORPUS_ONLY	1	10	1	0
0059DBE3	FUN_0059dbe3	5	CORPUS_REMAINDER	sem prioridade estrutural ou pista textual automática	UNMAPPED	CORPUS_ONLY	1	1	1	0
0059DCA2	GetTcpTable	5	CORPUS_REMAINDER	sem prioridade estrutural ou pista textual automática	UNMAPPED	CORPUS_ONLY	1	0	2	0
0059DCA8	GetAdaptersInfo	5	CORPUS_REMAINDER	sem prioridade estrutural ou pista textual automática	UNMAPPED	CORPUS_ONLY	2	0	4	0
0059E2A0	FUN_0059e2a0	5	CORPUS_REMAINDER	sem prioridade estrutural ou pista textual automática	UNMAPPED	CORPUS_ONLY	4	6	4	0
0059E2FA	FUN_0059e2fa	5	CORPUS_REMAINDER	sem prioridade estrutural ou pista textual automática	UNMAPPED	CORPUS_ONLY	2	4	2	0
0059E388	FUN_0059e388	5	CORPUS_REMAINDER	sem prioridade estrutural ou pista textual automática	UNMAPPED	CORPUS_ONLY	1	3	1	0
0059E3E1	FUN_0059e3e1	5	CORPUS_REMAINDER	sem prioridade estrutural ou pista textual automática	UNMAPPED	CORPUS_ONLY	3	4	3	0
0059E4B4	FUN_0059e4b4	5	CORPUS_REMAINDER	sem prioridade estrutural ou pista textual automática	UNMAPPED	CORPUS_ONLY	1	1	1	0
0059E4CC	FUN_0059e4cc	5	CORPUS_REMAINDER	sem prioridade estrutural ou pista textual automática	UNMAPPED	CORPUS_ONLY	3	6	3	0
0059E59C	FUN_0059e59c	5	CORPUS_REMAINDER	sem prioridade estrutural ou pista textual automática	UNMAPPED	CORPUS_ONLY	1	1	1	0
0059E5F8	RtlUnwind	5	CORPUS_REMAINDER	sem prioridade estrutural ou pista textual automática	UNMAPPED	CORPUS_ONLY	2	0	2	0
0059E5FE	FUN_0059e5fe	5	CORPUS_REMAINDER	sem prioridade estrutural ou pista textual automática	UNMAPPED	CORPUS_ONLY	4	8	6	0
0059E74E	FUN_0059e74e	5	CORPUS_REMAINDER	sem prioridade estrutural ou pista textual automática	UNMAPPED	CORPUS_ONLY	1	3	1	0
0059E78B	FUN_0059e78b	5	CORPUS_REMAINDER	sem prioridade estrutural ou pista textual automática	UNMAPPED	CORPUS_ONLY	1	3	1	0
0059E7F8	FUN_0059e7f8	5	CORPUS_REMAINDER	sem prioridade estrutural ou pista textual automática	UNMAPPED	CORPUS_ONLY	1	3	1	0
005A2FC2	FUN_005a2fc2	5	CORPUS_REMAINDER	sem prioridade estrutural ou pista textual automática	UNMAPPED	CORPUS_ONLY	1	0	3	0
013C0000	FUN_013c0000	5	CORPUS_REMAINDER	sem prioridade estrutural ou pista textual automática	UNMAPPED	CORPUS_ONLY	1	1	1	0
013C0207	FUN_013c0207	5	CORPUS_REMAINDER	sem prioridade estrutural ou pista textual automática	UNMAPPED	CORPUS_ONLY	1	1	1	0
013C0800	FUN_013c0800	5	CORPUS_REMAINDER	sem prioridade estrutural ou pista textual automática	UNMAPPED	CORPUS_ONLY	1	1	1	0
013C0900	FUN_013c0900	5	CORPUS_REMAINDER	sem prioridade estrutural ou pista textual automática	UNMAPPED	CORPUS_ONLY	1	0	1	0
013C0A00	FUN_013c0a00	5	CORPUS_REMAINDER	sem prioridade estrutural ou pista textual automática	UNMAPPED	CORPUS_ONLY	1	0	1	0
013C0B00	FUN_013c0b00	5	CORPUS_REMAINDER	sem prioridade estrutural ou pista textual automática	UNMAPPED	CORPUS_ONLY	1	1	1	0
013C0C60	FUN_013c0c60	5	CORPUS_REMAINDER	sem prioridade estrutural ou pista textual automática	UNMAPPED	CORPUS_ONLY	1	0	1	0
013C0C80	FUN_013c0c80	5	CORPUS_REMAINDER	sem prioridade estrutural ou pista textual automática	UNMAPPED	CORPUS_ONLY	1	0	1	0
013C0CC6	FUN_013c0cc6	5	CORPUS_REMAINDER	sem prioridade estrutural ou pista textual automática	UNMAPPED	CORPUS_ONLY	1	0	1	0
013C0CE4	FUN_013c0ce4	5	CORPUS_REMAINDER	sem prioridade estrutural ou pista textual automática	UNMAPPED	CORPUS_ONLY	1	0	1	0
013C0D02	FUN_013c0d02	5	CORPUS_REMAINDER	sem prioridade estrutural ou pista textual automática	UNMAPPED	CORPUS_ONLY	1	0	1	0
013C0D20	FUN_013c0d20	5	CORPUS_REMAINDER	sem prioridade estrutural ou pista textual automática	UNMAPPED	CORPUS_ONLY	1	0	1	0
013C0D3E	FUN_013c0d3e	5	CORPUS_REMAINDER	sem prioridade estrutural ou pista textual automática	UNMAPPED	CORPUS_ONLY	1	0	1	0
013C0D5C	FUN_013c0d5c	5	CORPUS_REMAINDER	sem prioridade estrutural ou pista textual automática	UNMAPPED	CORPUS_ONLY	1	0	1	0
013C0D7A	FUN_013c0d7a	5	CORPUS_REMAINDER	sem prioridade estrutural ou pista textual automática	UNMAPPED	CORPUS_ONLY	1	0	1	0
013C0D98	FUN_013c0d98	5	CORPUS_REMAINDER	sem prioridade estrutural ou pista textual automática	UNMAPPED	CORPUS_ONLY	1	0	1	0
013C0DB6	FUN_013c0db6	5	CORPUS_REMAINDER	sem prioridade estrutural ou pista textual automática	UNMAPPED	CORPUS_ONLY	1	0	1	0
013C0DD1	FUN_013c0dd1	5	CORPUS_REMAINDER	sem prioridade estrutural ou pista textual automática	UNMAPPED	CORPUS_ONLY	1	0	1	0
013C0DEB	FUN_013c0deb	5	CORPUS_REMAINDER	sem prioridade estrutural ou pista textual automática	UNMAPPED	CORPUS_ONLY	1	0	1	0
013C0E06	FUN_013c0e06	5	CORPUS_REMAINDER	sem prioridade estrutural ou pista textual automática	UNMAPPED	CORPUS_ONLY	1	0	1	0
013C0E24	FUN_013c0e24	5	CORPUS_REMAINDER	sem prioridade estrutural ou pista textual automática	UNMAPPED	CORPUS_ONLY	1	0	1	0
013C0E3F	FUN_013c0e3f	5	CORPUS_REMAINDER	sem prioridade estrutural ou pista textual automática	UNMAPPED	CORPUS_ONLY	1	0	1	0
013C0E5A	FUN_013c0e5a	5	CORPUS_REMAINDER	sem prioridade estrutural ou pista textual automática	UNMAPPED	CORPUS_ONLY	1	0	1	0
013C0E75	FUN_013c0e75	5	CORPUS_REMAINDER	sem prioridade estrutural ou pista textual automática	UNMAPPED	CORPUS_ONLY	1	0	1	0
013C0E90	FUN_013c0e90	5	CORPUS_REMAINDER	sem prioridade estrutural ou pista textual automática	UNMAPPED	CORPUS_ONLY	1	0	1	0
013C0EAE	FUN_013c0eae	5	CORPUS_REMAINDER	sem prioridade estrutural ou pista textual automática	UNMAPPED	CORPUS_ONLY	1	0	1	0
013C0EC9	FUN_013c0ec9	5	CORPUS_REMAINDER	sem prioridade estrutural ou pista textual automática	UNMAPPED	CORPUS_ONLY	1	0	1	0
013C0EE7	FUN_013c0ee7	5	CORPUS_REMAINDER	sem prioridade estrutural ou pista textual automática	UNMAPPED	CORPUS_ONLY	1	0	1	0
013C0F05	FUN_013c0f05	5	CORPUS_REMAINDER	sem prioridade estrutural ou pista textual automática	UNMAPPED	CORPUS_ONLY	1	0	1	0
013C0F23	FUN_013c0f23	5	CORPUS_REMAINDER	sem prioridade estrutural ou pista textual automática	UNMAPPED	CORPUS_ONLY	1	0	1	0
013C0F3E	FUN_013c0f3e	5	CORPUS_REMAINDER	sem prioridade estrutural ou pista textual automática	UNMAPPED	CORPUS_ONLY	1	0	1	0
013C0F59	FUN_013c0f59	5	CORPUS_REMAINDER	sem prioridade estrutural ou pista textual automática	UNMAPPED	CORPUS_ONLY	1	0	1	0
013C0F74	FUN_013c0f74	5	CORPUS_REMAINDER	sem prioridade estrutural ou pista textual automática	UNMAPPED	CORPUS_ONLY	1	0	1	0
013C0F8F	FUN_013c0f8f	5	CORPUS_REMAINDER	sem prioridade estrutural ou pista textual automática	UNMAPPED	CORPUS_ONLY	1	0	1	0
013C0FA9	FUN_013c0fa9	5	CORPUS_REMAINDER	sem prioridade estrutural ou pista textual automática	UNMAPPED	CORPUS_ONLY	1	0	1	0
013C2000	FUN_013c2000	5	CORPUS_REMAINDER	sem prioridade estrutural ou pista textual automática	UNMAPPED	CORPUS_ONLY	1	1	1	0
013C2100	FUN_013c2100	5	CORPUS_REMAINDER	sem prioridade estrutural ou pista textual automática	UNMAPPED	CORPUS_ONLY	1	4	1	0
013C2680	FUN_013c2680	5	CORPUS_REMAINDER	sem prioridade estrutural ou pista textual automática	UNMAPPED	CORPUS_ONLY	1	1	1	0
013C6100	FUN_013c6100	5	CORPUS_REMAINDER	sem prioridade estrutural ou pista textual automática	UNMAPPED	CORPUS_ONLY	1	1	1	0
013D2000	FUN_013d2000	5	CORPUS_REMAINDER	sem prioridade estrutural ou pista textual automática	UNMAPPED	CORPUS_ONLY	1	1	1	0
013D2200	FUN_013d2200	5	CORPUS_REMAINDER	sem prioridade estrutural ou pista textual automática	UNMAPPED	CORPUS_ONLY	1	1	1	0
013D3000	FUN_013d3000	5	CORPUS_REMAINDER	sem prioridade estrutural ou pista textual automática	UNMAPPED	CORPUS_ONLY	1	1	1	0
013D3800	FUN_013d3800	5	CORPUS_REMAINDER	sem prioridade estrutural ou pista textual automática	UNMAPPED	CORPUS_ONLY	1	1	1	0
013D3A00	FUN_013d3a00	5	CORPUS_REMAINDER	sem prioridade estrutural ou pista textual automática	UNMAPPED	CORPUS_ONLY	1	1	1	0
013D3C00	FUN_013d3c00	5	CORPUS_REMAINDER	sem prioridade estrutural ou pista textual automática	UNMAPPED	CORPUS_ONLY	1	1	1	0
013D4000	FUN_013d4000	5	CORPUS_REMAINDER	sem prioridade estrutural ou pista textual automática	UNMAPPED	CORPUS_ONLY	1	2	1	0
013D43FB	FUN_013d43fb	5	CORPUS_REMAINDER	sem prioridade estrutural ou pista textual automática	UNMAPPED	CORPUS_ONLY	1	0	6	0
013D5000	FUN_013d5000	5	CORPUS_REMAINDER	sem prioridade estrutural ou pista textual automática	UNMAPPED	CORPUS_ONLY	1	2	1	0
013E2000	FUN_013e2000	5	CORPUS_REMAINDER	sem prioridade estrutural ou pista textual automática	UNMAPPED	CORPUS_ONLY	1	1	1	0
